<?xml version="1.0" encoding="UTF-8" standalone="no" ?>
<COLLADA version="1.4.1" xmlns="http://www.collada.org/2005/11/COLLADASchema">

  <asset>
    <contributor>
      <authoring_tool>ONSHAPE BY PTC INC, 1.192</authoring_tool>
    </contributor>
    <created>2025-01-20T10:25:03</created>
    <modified>2025-01-20T10:25:03</modified>
    <unit meter="1" name="meters"/>
    <up_axis>Z_UP</up_axis>
  </asset>

  <library_materials>
    <material id="ID10" name="ID10">
      <instance_effect url="#ID10-fx"/>
    </material>
    <material id="ID11" name="ID11">
      <instance_effect url="#ID11-fx"/>
    </material>
  </library_materials>

  <library_effects>
    <effect id="ID10-fx" name="ID10">
      <profile_COMMON>
        <technique sid="COMMON">
          <lambert>
            <diffuse>
              <color sid="diffuse">0.258824 0.247059 0.247059 1</color>
            </diffuse>
            <transparent opaque="A_ONE">
              <color sid="transparent">1 1 1 1</color>
            </transparent>
            <transparency>
              <float sid="transparency">1</float>
            </transparency>
          </lambert>
        </technique>
        <extra>
          <technique profile="OTHER">
            <double_sided>1</double_sided>
          </technique>
        </extra>
      </profile_COMMON>
    </effect>
    <effect id="ID11-fx" name="ID11">
      <profile_COMMON>
        <technique sid="COMMON">
          <lambert>
            <diffuse>
              <color sid="diffuse">1 1 1 1</color>
            </diffuse>
            <transparent opaque="A_ONE">
              <color sid="transparent">1 1 1 1</color>
            </transparent>
            <transparency>
              <float sid="transparency">1</float>
            </transparency>
          </lambert>
        </technique>
        <extra>
          <technique profile="OTHER">
            <double_sided>1</double_sided>
          </technique>
        </extra>
      </profile_COMMON>
    </effect>
  </library_effects>

  <library_geometries>
    <geometry id="ID4">
      <mesh>
        <source id="ID5">
          <float_array count="16944" id="ID6">0.0017 0.005 -0.00407511 0.0017 0.005 0.0277999 0.0048 0.005 -0.00407511 0.0048 0.005 -0.0359501 0.0048 0.005 0.0277999 0.0017 0.005 0.0596749 0.0017 0.005 0.0915499 0.0048 0.005 0.0596749 0.0017 0.005 0.123425 0.0048 0.005 0.0915499 0.0048 0.005 0.123425 0.0017 0.005 -0.0359501 0.0017 0.005 -0.0678251 0.0048 0.005 -0.0678251 0.0048 0.005 -0.0997001 0.0017 0.005 -0.0997001 0.0048 0.005 -0.131575 0.0017 0.005 -0.131575 0.0015 0.0042 -0.00407511 0.0015 0.0042 0.0277999 0.0015 0.0048 -0.00407511 0.0015 0.0048 -0.0359501 0.0015 0.0048 0.0277999 0.0015 0.0042 0.0596749 0.0015 0.0042 0.0915499 0.0015 0.0048 0.0596749 0.0015 0.0042 0.123425 0.0015 0.0048 0.0915499 0.0015 0.0048 0.123425 0.0015 0.0042 -0.0359501 0.0015 0.0042 -0.0678251 0.0015 0.0048 -0.0678251 0.0015 0.0048 -0.0997001 0.0015 0.0042 -0.0997001 0.0015 0.0048 -0.131575 0.0015 0.0042 -0.131575 -0.0015 0.0048 0.0277999 -0.0015 0.0042 -0.00407511 -0.0015 0.0048 -0.00407511 -0.0015 0.0048 0.0596749 -0.0015 0.0042 0.0277999 -0.0015 0.0042 0.0596749 -0.0015 0.0048 0.0915499 -0.0015 0.0048 0.123425 -0.0015 0.0042 0.0915499 -0.0015 0.0042 0.123425 -0.0015 0.0042 -0.0359501 -0.0015 0.0042 -0.0678251 -0.0015 0.0048 -0.0359501 -0.0015 0.0042 -0.0997001 -0.0015 0.0048 -0.0678251 -0.0015 0.0048 -0.0997001 -0.0015 0.0042 -0.131575 -0.0015 0.0048 -0.131575 -0.005 0.0017 -0.00407511 -0.005 0.0017 0.0277999 -0.005 0.0048 -0.00407511 -0.005 0.0048 -0.0359501 -0.005 0.0048 0.0277999 -0.005 0.0017 0.0596749 -0.005 0.0017 0.0915499 -0.005 0.0048 0.0596749 -0.005 0.0017 0.123425 -0.005 0.0048 0.0915499 -0.005 0.0048 0.123425 -0.005 0.0017 -0.0359501 -0.005 0.0017 -0.0678251 -0.005 0.0048 -0.0678251 -0.005 0.0048 -0.0997001 -0.005 0.0017 -0.0997001 -0.005 0.0048 -0.131575 -0.005 0.0017 -0.131575 -0.0042 0.0015 0.0277999 -0.0048 0.0015 -0.00407511 -0.0042 0.0015 -0.00407511 -0.0042 0.0015 0.0596749 -0.0048 0.0015 0.0277999 -0.0048 0.0015 0.0596749 -0.0042 0.0015 0.0915499 -0.0042 0.0015 0.123425 -0.0048 0.0015 0.0915499 -0.0048 0.0015 0.123425 -0.0048 0.0015 -0.0359501 -0.0048 0.0015 -0.0678251 -0.0042 0.0015 -0.0359501 -0.0048 0.0015 -0.0997001 -0.0042 0.0015 -0.0678251 -0.0042 0.0015 -0.0997001 -0.0048 0.0015 -0.131575 -0.0042 0.0015 -0.131575 -0.0048 -0.0015 -0.00407511 -0.0048 -0.0015 0.0277999 -0.0042 -0.0015 -0.00407511 -0.0042 -0.0015 -0.0359501 -0.0042 -0.0015 0.0277999 -0.0048 -0.0015 0.0596749 -0.0048 -0.0015 0.0915499 -0.0042 -0.0015 0.0596749 -0.0048 -0.0015 0.123425 -0.0042 -0.0015 0.0915499 -0.0042 -0.0015 0.123425 -0.0048 -0.0015 -0.0359501 -0.0048 -0.0015 -0.0678251 -0.0042 -0.0015 -0.0678251 -0.0042 -0.0015 -0.0997001 -0.0048 -0.0015 -0.0997001 -0.0042 -0.0015 -0.131575 -0.0048 -0.0015 -0.131575 -0.0017 -0.005 0.0277999 -0.0048 -0.005 -0.00407511 -0.0017 -0.005 -0.00407511 -0.0017 -0.005 0.0596749 -0.0048 -0.005 0.0277999 -0.0048 -0.005 0.0596749 -0.0017 -0.005 0.0915499 -0.0017 -0.005 0.123425 -0.0048 -0.005 0.0915499 -0.0048 -0.005 0.123425 -0.0048 -0.005 -0.0359501 -0.0048 -0.005 -0.0678251 -0.0017 -0.005 -0.0359501 -0.0048 -0.005 -0.0997001 -0.0017 -0.005 -0.0678251 -0.0017 -0.005 -0.0997001 -0.0048 -0.005 -0.131575 -0.0017 -0.005 -0.131575 0.005 -0.0017 0.0277999 0.005 -0.0048 -0.00407511 0.005 -0.0017 -0.00407511 0.005 -0.0017 0.0596749 0.005 -0.0048 0.0277999 0.005 -0.0048 0.0596749 0.005 -0.0017 0.0915499 0.005 -0.0017 0.123425 0.005 -0.0048 0.0915499 0.005 -0.0048 0.123425 0.005 -0.0048 -0.0359501 0.005 -0.0048 -0.0678251 0.005 -0.0017 -0.0359501 0.005 -0.0048 -0.0997001 0.005 -0.0017 -0.0678251 0.005 -0.0017 -0.0997001 0.005 -0.0048 -0.131575 0.005 -0.0017 -0.131575 0.005 0.0048 -0.0359501 0.00499754 0.00483129 -0.0678251 0.00499754 0.00483129 -0.0359501 0.0049782 0.0048908 0.0277999 0.00499021 0.0048618 0.0596749 0.00499021 0.0048618 0.0277999 0.0049618 0.00491756 0.0277999 0.0049618 0.00491756 -0.00407511 0.00494142 0.00494142 -0.00407511 0.00491756 0.0049618 0.123425 0.0048908 0.0049782 0.0915499 0.0048908 0.0049782 0.123425 0.0048618 0.00499021 0.0915499 0.00483129 0.00499754 0.0915499 0.0048618 0.00499021 0.123425 0.00494142 0.00494142 0.0277999 0.0049618 0.00491756 0.0596749 0.00491756 0.0049618 0.0915499 0.00491756 0.0049618 0.0596749 0.0048908 0.0049782 0.0596749 0.00483129 0.00499754 0.123425 0.0048 0.005 0.123425 0.0048 0.005 0.0915499 0.005 0.0048 -0.00407511 0.00499021 0.0048618 -0.00407511 0.00499754 0.00483129 -0.00407511 0.00499021 0.0048618 -0.0359501 0.00499754 0.00483129 0.0277999 0.005 0.0048 0.0277999 0.00499021 0.0048618 -0.0678251 0.00499754 0.00483129 0.0596749 0.005 0.0048 0.0596749 0.005 0.0048 0.0915499 0.00499754 0.00483129 0.0915499 0.005 0.0048 0.123425 0.005 0.0048 -0.0678251 0.005 0.0048 -0.0997001 0.00499754 0.00483129 -0.0997001 0.00499754 0.00483129 -0.131575 0.00494142 0.00494142 -0.0678251 0.00494142 0.00494142 -0.0359501 0.0049618 0.00491756 -0.0359501 0.00499021 0.0048618 -0.131575 0.0049782 0.0048908 -0.0359501 0.0049782 0.0048908 -0.00407511 0.005 0.0048 -0.131575 0.0049782 0.0048908 0.0596749 0.0048618 0.00499021 -0.131575 0.00483129 0.00499754 -0.131575 0.0048618 0.00499021 -0.0997001 0.0048 0.005 -0.0997001 0.0048 0.005 -0.0678251 0.00483129 0.00499754 -0.0678251 0.0048908 0.0049782 -0.0997001 0.00483129 0.00499754 -0.0997001 0.0048 0.005 -0.131575 0.0049782 0.0048908 -0.131575 0.00499021 0.0048618 -0.0997001 0.0049782 0.0048908 -0.0997001 0.0049618 0.00491756 -0.131575 0.00499754 0.00483129 0.123425 0.00499021 0.0048618 0.0915499 0.00494142 0.00494142 -0.131575 0.0049618 0.00491756 -0.0997001 0.00491756 0.0049618 -0.131575 0.00491756 0.0049618 -0.0997001 0.00494142 0.00494142 -0.0997001 0.0049782 0.0048908 -0.0678251 0.00499021 0.0048618 0.123425 0.0049782 0.0048908 0.0915499 0.0049618 0.00491756 -0.0678251 0.0049782 0.0048908 0.123425 0.0049618 0.00491756 0.0915499 0.0048908 0.0049782 -0.131575 0.0048908 0.0049782 -0.0359501 0.0048618 0.00499021 -0.0359501 0.0048908 0.0049782 -0.00407511 0.00491756 0.0049618 0.0277999 0.00494142 0.00494142 0.0596749 0.0049618 0.00491756 0.123425 0.00494142 0.00494142 0.0915499 0.00491756 0.0049618 -0.0359501 0.00491756 0.0049618 -0.0678251 0.00491756 0.0049618 -0.00407511 0.00494142 0.00494142 0.123425 0.0048908 0.0049782 -0.0678251 0.0048908 0.0049782 0.0277999 0.0048618 0.00499021 -0.00407511 0.0048618 0.00499021 -0.0678251 0.0048618 0.00499021 0.0277999 0.0048618 0.00499021 0.0596749 0.00483129 0.00499754 0.0596749 0.00483129 0.00499754 -0.0359501 0.00483129 0.00499754 -0.00407511 0.00483129 0.00499754 0.0277999 0.0048 0.005 -0.0359501 0.0048 0.005 -0.00407511 0.0048 0.005 0.0277999 0.0048 0.005 0.0596749 0.0017 0.005 -0.0359501 0.00166871 0.00499754 -0.0678251 0.00166871 0.00499754 -0.0359501 0.0016092 0.0049782 0.0277999 0.0016382 0.00499021 0.0596749 0.0016382 0.00499021 0.0277999 0.00158244 0.0049618 0.0277999 0.00158244 0.0049618 -0.00407511 0.00155858 0.00494142 -0.00407511 0.0015382 0.00491756 0.123425 0.0015218 0.0048908 0.0915499 0.0015218 0.0048908 0.123425 0.00150979 0.0048618 0.0915499 0.00150246 0.00483129 0.0915499 0.00150979 0.0048618 0.123425 0.00155858 0.00494142 0.0277999 0.00158244 0.0049618 0.0596749 0.0015382 0.00491756 0.0915499 0.0015382 0.00491756 0.0596749 0.0015218 0.0048908 0.0596749 0.00150246 0.00483129 0.123425 0.0015 0.0048 0.123425 0.0015 0.0048 0.0915499 0.0017 0.005 -0.00407511 0.0016382 0.00499021 -0.00407511 0.00166871 0.00499754 -0.00407511 0.0016382 0.00499021 -0.0359501 0.00166871 0.00499754 0.0277999 0.0017 0.005 0.0277999 0.0016382 0.00499021 -0.0678251 0.00166871 0.00499754 0.0596749 0.0017 0.005 0.0596749 0.0017 0.005 0.0915499 0.00166871 0.00499754 0.0915499 0.0017 0.005 0.123425 0.0017 0.005 -0.0678251 0.0017 0.005 -0.0997001 0.00166871 0.00499754 -0.0997001 0.00166871 0.00499754 -0.131575 0.00155858 0.00494142 -0.0678251 0.00155858 0.00494142 -0.0359501 0.00158244 0.0049618 -0.0359501 0.0016382 0.00499021 -0.131575 0.0016092 0.0049782 -0.0359501 0.0016092 0.0049782 -0.00407511 0.0017 0.005 -0.131575 0.0016092 0.0049782 0.0596749 0.00150979 0.0048618 -0.131575 0.00150246 0.00483129 -0.131575 0.00150979 0.0048618 -0.0997001 0.0015 0.0048 -0.0997001 0.0015 0.0048 -0.0678251 0.00150246 0.00483129 -0.0678251 0.0015218 0.0048908 -0.0997001 0.00150246 0.00483129 -0.0997001 0.0015 0.0048 -0.131575 0.0016092 0.0049782 -0.131575 0.0016382 0.00499021 -0.0997001 0.0016092 0.0049782 -0.0997001 0.00158244 0.0049618 -0.131575 0.00166871 0.00499754 0.123425 0.0016382 0.00499021 0.0915499 0.00155858 0.00494142 -0.131575 0.00158244 0.0049618 -0.0997001 0.0015382 0.00491756 -0.131575 0.0015382 0.00491756 -0.0997001 0.00155858 0.00494142 -0.0997001 0.0016092 0.0049782 -0.0678251 0.0016382 0.00499021 0.123425 0.0016092 0.0049782 0.0915499 0.00158244 0.0049618 -0.0678251 0.0016092 0.0049782 0.123425 0.00158244 0.0049618 0.0915499 0.0015218 0.0048908 -0.131575 0.0015218 0.0048908 -0.0359501 0.00150979 0.0048618 -0.0359501 0.0015218 0.0048908 -0.00407511 0.0015382 0.00491756 0.0277999 0.00155858 0.00494142 0.0596749 0.00158244 0.0049618 0.123425 0.00155858 0.00494142 0.0915499 0.0015382 0.00491756 -0.0359501 0.0015382 0.00491756 -0.0678251 0.0015382 0.00491756 -0.00407511 0.00155858 0.00494142 0.123425 0.0015218 0.0048908 -0.0678251 0.0015218 0.0048908 0.0277999 0.00150979 0.0048618 -0.00407511 0.00150979 0.0048618 -0.0678251 0.00150979 0.0048618 0.0277999 0.00150979 0.0048618 0.0596749 0.00150246 0.00483129 0.0596749 0.00150246 0.00483129 -0.0359501 0.00150246 0.00483129 -0.00407511 0.00150246 0.00483129 0.0277999 0.0015 0.0048 -0.0359501 0.0015 0.0048 -0.00407511 0.0015 0.0048 0.0277999 0.0015 0.0048 0.0596749 0.0015 0.0042 -0.0359501 0.00150246 0.00416871 -0.0678251 0.00150246 0.00416871 -0.0359501 0.0015218 0.0041092 0.0277999 0.00150979 0.0041382 0.0596749 0.00150979 0.0041382 0.0277999 0.0015382 0.00408244 0.0277999 0.0015382 0.00408244 -0.00407511 0.00155858 0.00405858 -0.00407511 0.00158244 0.0040382 0.123425 0.0016092 0.0040218 0.0915499 0.0016092 0.0040218 0.123425 0.0016382 0.00400979 0.0915499 0.00166871 0.00400246 0.0915499 0.0016382 0.00400979 0.123425 0.00155858 0.00405858 0.0277999 0.0015382 0.00408244 0.0596749 0.00158244 0.0040382 0.0915499 0.00158244 0.0040382 0.0596749 0.0016092 0.0040218 0.0596749 0.00166871 0.00400246 0.123425 0.0017 0.004 0.123425 0.0017 0.004 0.0915499 0.0015 0.0042 -0.00407511 0.00150979 0.0041382 -0.00407511 0.00150246 0.00416871 -0.00407511 0.00150979 0.0041382 -0.0359501 0.00150246 0.00416871 0.0277999 0.0015 0.0042 0.0277999 0.00150979 0.0041382 -0.0678251 0.00150246 0.00416871 0.0596749 0.0015 0.0042 0.0596749 0.0015 0.0042 0.0915499 0.00150246 0.00416871 0.0915499 0.0015 0.0042 0.123425 0.0015 0.0042 -0.0678251 0.0015 0.0042 -0.0997001 0.00150246 0.00416871 -0.0997001 0.00150246 0.00416871 -0.131575 0.00155858 0.00405858 -0.0678251 0.00155858 0.00405858 -0.0359501 0.0015382 0.00408244 -0.0359501 0.00150979 0.0041382 -0.131575 0.0015218 0.0041092 -0.0359501 0.0015218 0.0041092 -0.00407511 0.0015 0.0042 -0.131575 0.0015218 0.0041092 0.0596749 0.0016382 0.00400979 -0.131575 0.00166871 0.00400246 -0.131575 0.0016382 0.00400979 -0.0997001 0.0017 0.004 -0.0997001 0.0017 0.004 -0.0678251 0.00166871 0.00400246 -0.0678251 0.0016092 0.0040218 -0.0997001 0.00166871 0.00400246 -0.0997001 0.0017 0.004 -0.131575 0.0015218 0.0041092 -0.131575 0.00150979 0.0041382 -0.0997001 0.0015218 0.0041092 -0.0997001 0.0015382 0.00408244 -0.131575 0.00150246 0.00416871 0.123425 0.00150979 0.0041382 0.0915499 0.00155858 0.00405858 -0.131575 0.0015382 0.00408244 -0.0997001 0.00158244 0.0040382 -0.131575 0.00158244 0.0040382 -0.0997001 0.00155858 0.00405858 -0.0997001 0.0015218 0.0041092 -0.0678251 0.00150979 0.0041382 0.123425 0.0015218 0.0041092 0.0915499 0.0015382 0.00408244 -0.0678251 0.0015218 0.0041092 0.123425 0.0015382 0.00408244 0.0915499 0.0016092 0.0040218 -0.131575 0.0016092 0.0040218 -0.0359501 0.0016382 0.00400979 -0.0359501 0.0016092 0.0040218 -0.00407511 0.00158244 0.0040382 0.0277999 0.00155858 0.00405858 0.0596749 0.0015382 0.00408244 0.123425 0.00155858 0.00405858 0.0915499 0.00158244 0.0040382 -0.0359501 0.00158244 0.0040382 -0.0678251 0.00158244 0.0040382 -0.00407511 0.00155858 0.00405858 0.123425 0.0016092 0.0040218 -0.0678251 0.0016092 0.0040218 0.0277999 0.0016382 0.00400979 -0.00407511 0.0016382 0.00400979 -0.0678251 0.0016382 0.00400979 0.0277999 0.0016382 0.00400979 0.0596749 0.00166871 0.00400246 0.0596749 0.00166871 0.00400246 -0.0359501 0.00166871 0.00400246 -0.00407511 0.00166871 0.00400246 0.0277999 0.0017 0.004 -0.0359501 0.0017 0.004 -0.00407511 0.0017 0.004 0.0277999 0.0017 0.004 0.0596749 0.00275934 0.004 0.0141392 0.0017 0.004 0.0277999 0.0017 0.004 -0.00407511 0.00275934 0.004 0.0505677 0.0017 0.004 0.0596749 0.0017 0.004 0.0915499 0.00275934 0.004 0.0869963 0.00275934 0.004 0.123425 0.0017 0.004 0.123425 0.00275934 0.004 -0.0222894 0.0017 0.004 -0.0359501 0.00275934 0.004 -0.058718 0.0017 0.004 -0.0678251 0.00275934 0.004 -0.0951465 0.0017 0.004 -0.0997001 0.0017 0.004 -0.131575 0.00275934 0.004 -0.131575 0.00293417 0.00370286 0.0141392 0.00294829 0.00373443 -0.0222894 0.00293417 0.00370286 -0.0222894 0.00289081 0.00364928 -0.058718 0.00291481 0.00367419 -0.058718 0.00291481 0.00367419 -0.0951465 0.00291336 0.00367241 -0.131575 0.00289081 0.00364928 -0.0951465 0.00293189 0.00369887 -0.131575 0.00293417 0.00370286 -0.0951465 0.00275934 0.004 -0.058718 0.00275934 0.004 -0.0951465 0.00279381 0.00399701 -0.058718 0.00289081 0.00364928 -0.0222894 0.00291481 0.00367419 -0.0222894 0.00295591 0.00383688 -0.0222894 0.00295933 0.00380246 0.0141392 0.00295591 0.00383688 0.0141392 0.00289081 0.00364928 -0.131575 0.00293172 0.00390142 0.0141392 0.00293172 0.00390142 -0.0222894 0.00294662 0.0038702 0.0141392 0.00295676 0.00376797 -0.0222894 0.00295676 0.00376797 0.0141392 0.00295933 0.00380246 -0.0222894 0.00294662 0.0038702 -0.0222894 0.00291167 0.0039296 0.0141392 0.00291167 0.0039296 -0.0222894 0.00282284 0.00398965 0.123425 0.00279154 0.00399739 0.123425 0.00279381 0.00399701 0.0869963 0.00294662 0.0038702 0.0505677 0.00287977 0.00395967 -0.131575 0.00288706 0.00395391 -0.0951465 0.00285863 0.00397361 -0.0951465 0.00293172 0.00390142 0.0505677 0.00282723 0.00398812 -0.058718 0.00279381 0.00399701 -0.0951465 0.00282723 0.00398812 -0.0222894 0.00285863 0.00397361 -0.0222894 0.00285863 0.00397361 0.0141392 0.00279154 0.00399739 -0.131575 0.00275934 0.004 -0.131575 0.00282723 0.00398812 0.0869963 0.00285863 0.00397361 0.0869963 0.00285252 0.00397697 0.123425 0.00290389 0.00393822 -0.131575 0.00291167 0.0039296 -0.0951465 0.00282723 0.00398812 0.0141392 0.00275934 0.004 0.123425 0.00275934 0.004 0.0869963 0.00291167 0.0039296 0.0505677 0.00288706 0.00395391 0.0141392 0.00294829 0.00373443 0.0141392 0.00293417 0.00370286 0.0505677 0.00291481 0.00367419 0.0141392 0.00289081 0.00364928 0.0141392 0.00291481 0.00367419 0.0505677 0.00289081 0.00364928 0.0505677 0.00289081 0.00364928 0.0869963 0.00291481 0.00367419 0.0869963 0.00289081 0.00364928 0.123425 0.00291336 0.00367241 0.123425 0.00294592 0.00372796 -0.131575 0.00294829 0.00373443 -0.0951465 0.00293417 0.00370286 -0.058718 0.00293417 0.00370286 0.0869963 0.00293189 0.00369887 0.123425 0.00295508 0.00375893 -0.131575 0.00295676 0.00376797 -0.0951465 0.00294829 0.00373443 -0.058718 0.00294829 0.00373443 0.0869963 0.00294829 0.00373443 0.0505677 0.00294592 0.00372796 0.123425 0.00295914 0.00379097 -0.131575 0.00295933 0.00380246 -0.0951465 0.00295676 0.00376797 -0.058718 0.00295676 0.00376797 0.0869963 0.00295676 0.00376797 0.0505677 0.00295508 0.00375893 0.123425 0.00295799 0.00382325 -0.131575 0.00295591 0.00383688 -0.0951465 0.00295933 0.00380246 -0.058718 0.00295933 0.00380246 0.0869963 0.00295933 0.00380246 0.0505677 0.00295914 0.00379097 0.123425 0.00295165 0.00385491 -0.131575 0.00294662 0.0038702 -0.0951465 0.00295591 0.00383688 -0.058718 0.00295591 0.00383688 0.0869963 0.00295591 0.00383688 0.0505677 0.00295799 0.00382325 0.123425 0.00294031 0.00388515 -0.131575 0.00293172 0.00390142 -0.0951465 0.00294662 0.0038702 -0.058718 0.00295165 0.00385491 0.123425 0.00294662 0.0038702 0.0869963 0.00292425 0.00391316 -0.131575 0.00293172 0.00390142 -0.058718 0.00294031 0.00388515 0.123425 0.00293172 0.00390142 0.0869963 0.00282723 0.00398812 -0.0951465 0.00285252 0.00397697 -0.131575 0.00291167 0.0039296 -0.058718 0.00288706 0.00395391 -0.0222894 0.00292425 0.00391316 0.123425 0.00291167 0.0039296 0.0869963 0.00288706 0.00395391 -0.058718 0.00290389 0.00393822 0.123425 0.00288706 0.00395391 0.0869963 0.00288706 0.00395391 0.0505677 0.00285863 0.00397361 -0.058718 0.00287977 0.00395967 0.123425 0.00285863 0.00397361 0.0505677 0.00282284 0.00398965 -0.131575 0.00279381 0.00399701 0.0505677 0.00282723 0.00398812 0.0505677 0.00279381 0.00399701 0.0141392 0.00279381 0.00399701 -0.0222894 0.00275934 0.004 -0.0222894 0.00275934 0.004 0.0141392 0.00275934 0.004 0.0505677 0.00289081 0.00364928 -0.0222894 0.0010565 0.00204928 -0.00407511 0.00289081 0.00364928 0.0141392 0.0010565 0.00204928 -0.0359501 0.00289081 0.00364928 0.0505677 0.0010565 0.00204928 0.0277999 0.0010565 0.00204928 0.0596749 0.00289081 0.00364928 0.0869963 0.0010565 0.00204928 0.0915499 0.0010565 0.00204928 0.123425 0.00289081 0.00364928 0.123425 0.00289081 0.00364928 -0.058718 0.00289081 0.00364928 -0.0951465 0.0010565 0.00204928 -0.0678251 0.00289081 0.00364928 -0.131575 0.0010565 0.00204928 -0.0997001 0.0010565 0.00204928 -0.131575 0.00100847 0.00201824 -0.0997001 0.00100847 0.00201824 -0.131575 0.000981628 0.00200818 -0.0997001 0.0010336 0.00203203 -0.131575 0.0010336 0.00203203 -0.0997001 0.0010565 0.00204928 -0.131575 0.0010336 0.00203203 -0.0678251 0.0010565 0.00204928 -0.0678251 0.0010565 0.00204928 -0.0997001 0.000953623 0.00200205 -0.0678251 0.000953623 0.00200205 -0.0997001 0.00092503 0.002 -0.0678251 0.000981628 0.00200818 -0.131575 0.000953623 0.00200205 -0.131575 0.00092503 0.002 -0.131575 0.00092503 0.002 -0.0997001 0.00092503 0.002 -0.00407511 0.000953623 0.00200205 -0.0359501 0.00092503 0.002 -0.0359501 0.000953623 0.00200205 -0.00407511 0.00092503 0.002 0.0277999 0.000981628 0.00200818 0.0596749 0.000953623 0.00200205 0.0915499 0.000981628 0.00200818 0.0915499 0.000953623 0.00200205 0.0277999 0.00100847 0.00201824 0.0915499 0.00100847 0.00201824 0.123425 0.0010336 0.00203203 0.0915499 0.0010336 0.00203203 0.123425 0.00092503 0.002 0.0596749 0.00100847 0.00201824 0.0277999 0.00100847 0.00201824 0.0596749 0.0010565 0.00204928 0.0915499 0.0010565 0.00204928 0.123425 0.00092503 0.002 0.0915499 0.000953623 0.00200205 0.0596749 0.00092503 0.002 0.123425 0.000981628 0.00200818 -0.0359501 0.000981628 0.00200818 -0.0678251 0.000981628 0.00200818 -0.00407511 0.000981628 0.00200818 0.0277999 0.000953623 0.00200205 0.123425 0.00100847 0.00201824 -0.0359501 0.00100847 0.00201824 -0.00407511 0.00100847 0.00201824 -0.0678251 0.000981628 0.00200818 0.123425 0.0010336 0.00203203 -0.0359501 0.0010336 0.00203203 -0.00407511 0.0010336 0.00203203 0.0277999 0.0010336 0.00203203 0.0596749 0.0010565 0.00204928 -0.0359501 0.0010565 0.00204928 -0.00407511 0.0010565 0.00204928 0.0277999 0.0010565 0.00204928 0.0596749 -0.00092503 0.002 -0.00407511 -0.00092503 0.002 0.0277999 0.00092503 0.002 -0.00407511 0.00092503 0.002 -0.0359501 0.00092503 0.002 0.0277999 -0.00092503 0.002 0.0596749 -0.00092503 0.002 0.0915499 0.00092503 0.002 0.0596749 -0.00092503 0.002 0.123425 0.00092503 0.002 0.0915499 0.00092503 0.002 0.123425 -0.00092503 0.002 -0.0359501 -0.00092503 0.002 -0.0678251 0.00092503 0.002 -0.0678251 0.00092503 0.002 -0.0997001 -0.00092503 0.002 -0.0997001 0.00092503 0.002 -0.131575 -0.00092503 0.002 -0.131575 -0.000981628 0.00200818 -0.0997001 -0.000981628 0.00200818 -0.131575 -0.00100847 0.00201824 -0.0997001 -0.000953623 0.00200205 -0.131575 -0.000953623 0.00200205 -0.0997001 -0.00092503 0.002 -0.131575 -0.000953623 0.00200205 -0.0678251 -0.00092503 0.002 -0.0678251 -0.00092503 0.002 -0.0997001 -0.0010336 0.00203203 -0.0678251 -0.0010336 0.00203203 -0.0997001 -0.0010565 0.00204928 -0.0678251 -0.00100847 0.00201824 -0.131575 -0.0010336 0.00203203 -0.131575 -0.0010565 0.00204928 -0.131575 -0.0010565 0.00204928 -0.0997001 -0.0010565 0.00204928 -0.00407511 -0.0010336 0.00203203 -0.0359501 -0.0010565 0.00204928 -0.0359501 -0.0010336 0.00203203 -0.00407511 -0.0010565 0.00204928 0.0277999 -0.00100847 0.00201824 0.0596749 -0.0010336 0.00203203 0.0915499 -0.00100847 0.00201824 0.0915499 -0.0010336 0.00203203 0.0277999 -0.000981628 0.00200818 0.0915499 -0.000981628 0.00200818 0.123425 -0.000953623 0.00200205 0.0915499 -0.000953623 0.00200205 0.123425 -0.0010565 0.00204928 0.0596749 -0.000981628 0.00200818 0.0277999 -0.000981628 0.00200818 0.0596749 -0.00092503 0.002 0.0915499 -0.00092503 0.002 0.123425 -0.0010565 0.00204928 0.0915499 -0.0010336 0.00203203 0.0596749 -0.0010565 0.00204928 0.123425 -0.00100847 0.00201824 -0.0359501 -0.00100847 0.00201824 -0.0678251 -0.00100847 0.00201824 -0.00407511 -0.00100847 0.00201824 0.0277999 -0.0010336 0.00203203 0.123425 -0.000981628 0.00200818 -0.0359501 -0.000981628 0.00200818 -0.00407511 -0.000981628 0.00200818 -0.0678251 -0.00100847 0.00201824 0.123425 -0.000953623 0.00200205 -0.0359501 -0.000953623 0.00200205 -0.00407511 -0.000953623 0.00200205 0.0277999 -0.000953623 0.00200205 0.0596749 -0.00092503 0.002 -0.0359501 -0.00092503 0.002 -0.00407511 -0.00092503 0.002 0.0277999 -0.00092503 0.002 0.0596749 -0.00289081 0.00364928 0.0141392 -0.0010565 0.00204928 0.0277999 -0.0010565 0.00204928 -0.00407511 -0.00289081 0.00364928 0.0505677 -0.0010565 0.00204928 0.0596749 -0.0010565 0.00204928 0.0915499 -0.00289081 0.00364928 0.0869963 -0.00289081 0.00364928 0.123425 -0.0010565 0.00204928 0.123425 -0.00289081 0.00364928 -0.0222894 -0.0010565 0.00204928 -0.0359501 -0.00289081 0.00364928 -0.058718 -0.0010565 0.00204928 -0.0678251 -0.00289081 0.00364928 -0.0951465 -0.0010565 0.00204928 -0.0997001 -0.0010565 0.00204928 -0.131575 -0.00289081 0.00364928 -0.131575 -0.00282723 0.00398812 0.0141392 -0.00285863 0.00397361 -0.0222894 -0.00282723 0.00398812 -0.0222894 -0.00275934 0.004 -0.058718 -0.00279381 0.00399701 -0.058718 -0.00279381 0.00399701 -0.0951465 -0.00279154 0.00399739 -0.131575 -0.00275934 0.004 -0.0951465 -0.00282289 0.00398963 -0.131575 -0.00282723 0.00398812 -0.0951465 -0.00289081 0.00364928 -0.058718 -0.00289081 0.00364928 -0.0951465 -0.00291481 0.00367419 -0.058718 -0.00275934 0.004 -0.0222894 -0.00279381 0.00399701 -0.0222894 -0.00293172 0.00390142 -0.0222894 -0.00291167 0.0039296 0.0141392 -0.00293172 0.00390142 0.0141392 -0.00275934 0.004 -0.131575 -0.00295591 0.00383688 0.0141392 -0.00295591 0.00383688 -0.0222894 -0.00294662 0.0038702 0.0141392 -0.00288706 0.00395391 -0.0222894 -0.00288706 0.00395391 0.0141392 -0.00291167 0.0039296 -0.0222894 -0.00294662 0.0038702 -0.0222894 -0.00295933 0.00380246 0.0141392 -0.00295933 0.00380246 -0.0222894 -0.00293186 0.00369882 0.123425 -0.00291336 0.00367241 0.123425 -0.00291481 0.00367419 0.0869963 -0.00294662 0.0038702 0.0505677 -0.00295506 0.00375883 -0.131575 -0.00295676 0.00376797 -0.0951465 -0.00294829 0.00373443 -0.0951465 -0.00295591 0.00383688 0.0505677 -0.00293417 0.00370286 -0.058718 -0.00291481 0.00367419 -0.0951465 -0.00293417 0.00370286 -0.0222894 -0.00294829 0.00373443 -0.0222894 -0.00294829 0.00373443 0.0141392 -0.00291336 0.00367241 -0.131575 -0.00289081 0.00364928 -0.131575 -0.00293417 0.00370286 0.0869963 -0.00294829 0.00373443 0.0869963 -0.00294588 0.00372788 0.123425 -0.00295913 0.00379086 -0.131575 -0.00295933 0.00380246 -0.0951465 -0.00293417 0.00370286 0.0141392 -0.00289081 0.00364928 0.123425 -0.00289081 0.00364928 0.0869963 -0.00295933 0.00380246 0.0505677 -0.00295676 0.00376797 0.0141392 -0.00285863 0.00397361 0.0141392 -0.00282723 0.00398812 0.0505677 -0.00279381 0.00399701 0.0141392 -0.00275934 0.004 0.0141392 -0.00279381 0.00399701 0.0505677 -0.00275934 0.004 0.0505677 -0.00275934 0.004 0.0869963 -0.00279381 0.00399701 0.0869963 -0.00275934 0.004 0.123425 -0.00279154 0.00399739 0.123425 -0.00285259 0.00397693 -0.131575 -0.00285863 0.00397361 -0.0951465 -0.00282723 0.00398812 -0.058718 -0.00282723 0.00398812 0.0869963 -0.00282289 0.00398963 0.123425 -0.00287985 0.00395961 -0.131575 -0.00288706 0.00395391 -0.0951465 -0.00285863 0.00397361 -0.058718 -0.00285863 0.00397361 0.0869963 -0.00285863 0.00397361 0.0505677 -0.00285259 0.00397693 0.123425 -0.00290397 0.00393814 -0.131575 -0.00291167 0.0039296 -0.0951465 -0.00288706 0.00395391 -0.058718 -0.00288706 0.00395391 0.0869963 -0.00288706 0.00395391 0.0505677 -0.00287985 0.00395961 0.123425 -0.00292432 0.00391306 -0.131575 -0.00293172 0.00390142 -0.0951465 -0.00291167 0.0039296 -0.058718 -0.00291167 0.0039296 0.0869963 -0.00291167 0.0039296 0.0505677 -0.00290397 0.00393814 0.123425 -0.00294037 0.00388503 -0.131575 -0.00294662 0.0038702 -0.0951465 -0.00293172 0.00390142 -0.058718 -0.00293172 0.00390142 0.0869963 -0.00293172 0.00390142 0.0505677 -0.00292432 0.00391306 0.123425 -0.00295169 0.00385479 -0.131575 -0.00295591 0.00383688 -0.0951465 -0.00294662 0.0038702 -0.058718 -0.00294037 0.00388503 0.123425 -0.00294662 0.0038702 0.0869963 -0.002958 0.00382312 -0.131575 -0.00295591 0.00383688 -0.058718 -0.00295169 0.00385479 0.123425 -0.00295591 0.00383688 0.0869963 -0.00293417 0.00370286 -0.0951465 -0.00294588 0.00372788 -0.131575 -0.00295933 0.00380246 -0.058718 -0.00295676 0.00376797 -0.0222894 -0.002958 0.00382312 0.123425 -0.00295933 0.00380246 0.0869963 -0.00295676 0.00376797 -0.058718 -0.00295913 0.00379086 0.123425 -0.00295676 0.00376797 0.0869963 -0.00295676 0.00376797 0.0505677 -0.00294829 0.00373443 -0.058718 -0.00295506 0.00375883 0.123425 -0.00294829 0.00373443 0.0505677 -0.00293186 0.00369882 -0.131575 -0.00291481 0.00367419 0.0505677 -0.00293417 0.00370286 0.0505677 -0.00291481 0.00367419 0.0141392 -0.00291481 0.00367419 -0.0222894 -0.00289081 0.00364928 -0.0222894 -0.00289081 0.00364928 0.0141392 -0.00289081 0.00364928 0.0505677 -0.0017 0.004 -0.00407511 -0.00275934 0.004 0.0141392 -0.00275934 0.004 -0.0222894 -0.0017 0.004 0.0277999 -0.00275934 0.004 0.0505677 -0.00275934 0.004 0.0869963 -0.0017 0.004 0.0596749 -0.0017 0.004 0.123425 -0.0017 0.004 0.0915499 -0.00275934 0.004 0.123425 -0.0017 0.004 -0.0359501 -0.00275934 0.004 -0.058718 -0.0017 0.004 -0.0678251 -0.00275934 0.004 -0.0951465 -0.0017 0.004 -0.0997001 -0.00275934 0.004 -0.131575 -0.0017 0.004 -0.131575 -0.0017 0.004 -0.0359501 -0.00166871 0.00400246 -0.0678251 -0.00166871 0.00400246 -0.0359501 -0.0016092 0.0040218 0.0277999 -0.0016382 0.00400979 0.0596749 -0.0016382 0.00400979 0.0277999 -0.00158244 0.0040382 0.0277999 -0.00158244 0.0040382 -0.00407511 -0.00155858 0.00405858 -0.00407511 -0.0015382 0.00408244 0.123425 -0.0015218 0.0041092 0.0915499 -0.0015218 0.0041092 0.123425 -0.00150979 0.0041382 0.0915499 -0.00150246 0.00416871 0.0915499 -0.00150979 0.0041382 0.123425 -0.00155858 0.00405858 0.0277999 -0.00158244 0.0040382 0.0596749 -0.0015382 0.00408244 0.0915499 -0.0015382 0.00408244 0.0596749 -0.0015218 0.0041092 0.0596749 -0.00150246 0.00416871 0.123425 -0.0015 0.0042 0.123425 -0.0015 0.0042 0.0915499 -0.0017 0.004 -0.00407511 -0.0016382 0.00400979 -0.00407511 -0.00166871 0.00400246 -0.00407511 -0.0016382 0.00400979 -0.0359501 -0.00166871 0.00400246 0.0277999 -0.0017 0.004 0.0277999 -0.0016382 0.00400979 -0.0678251 -0.00166871 0.00400246 0.0596749 -0.0017 0.004 0.0596749 -0.0017 0.004 0.0915499 -0.00166871 0.00400246 0.0915499 -0.0017 0.004 0.123425 -0.0017 0.004 -0.0678251 -0.0017 0.004 -0.0997001 -0.00166871 0.00400246 -0.0997001 -0.00166871 0.00400246 -0.131575 -0.00155858 0.00405858 -0.0678251 -0.00155858 0.00405858 -0.0359501 -0.00158244 0.0040382 -0.0359501 -0.0016382 0.00400979 -0.131575 -0.0016092 0.0040218 -0.0359501 -0.0016092 0.0040218 -0.00407511 -0.0017 0.004 -0.131575 -0.0016092 0.0040218 0.0596749 -0.00150979 0.0041382 -0.131575 -0.00150246 0.00416871 -0.131575 -0.00150979 0.0041382 -0.0997001 -0.0015 0.0042 -0.0997001 -0.0015 0.0042 -0.0678251 -0.00150246 0.00416871 -0.0678251 -0.0015218 0.0041092 -0.0997001 -0.00150246 0.00416871 -0.0997001 -0.0015 0.0042 -0.131575 -0.0016092 0.0040218 -0.131575 -0.0016382 0.00400979 -0.0997001 -0.0016092 0.0040218 -0.0997001 -0.00158244 0.0040382 -0.131575 -0.00166871 0.00400246 0.123425 -0.0016382 0.00400979 0.0915499 -0.00155858 0.00405858 -0.131575 -0.00158244 0.0040382 -0.0997001 -0.0015382 0.00408244 -0.131575 -0.0015382 0.00408244 -0.0997001 -0.00155858 0.00405858 -0.0997001 -0.0016092 0.0040218 -0.0678251 -0.0016382 0.00400979 0.123425 -0.0016092 0.0040218 0.0915499 -0.00158244 0.0040382 -0.0678251 -0.0016092 0.0040218 0.123425 -0.00158244 0.0040382 0.0915499 -0.0015218 0.0041092 -0.131575 -0.0015218 0.0041092 -0.0359501 -0.00150979 0.0041382 -0.0359501 -0.0015218 0.0041092 -0.00407511 -0.0015382 0.00408244 0.0277999 -0.00155858 0.00405858 0.0596749 -0.00158244 0.0040382 0.123425 -0.00155858 0.00405858 0.0915499 -0.0015382 0.00408244 -0.0359501 -0.0015382 0.00408244 -0.0678251 -0.0015382 0.00408244 -0.00407511 -0.00155858 0.00405858 0.123425 -0.0015218 0.0041092 -0.0678251 -0.0015218 0.0041092 0.0277999 -0.00150979 0.0041382 -0.00407511 -0.00150979 0.0041382 -0.0678251 -0.00150979 0.0041382 0.0277999 -0.00150979 0.0041382 0.0596749 -0.00150246 0.00416871 0.0596749 -0.00150246 0.00416871 -0.0359501 -0.00150246 0.00416871 -0.00407511 -0.00150246 0.00416871 0.0277999 -0.0015 0.0042 -0.0359501 -0.0015 0.0042 -0.00407511 -0.0015 0.0042 0.0277999 -0.0015 0.0042 0.0596749 -0.0015 0.0048 -0.0359501 -0.00150246 0.00483129 -0.0678251 -0.00150246 0.00483129 -0.0359501 -0.0015218 0.0048908 0.0277999 -0.00150979 0.0048618 0.0596749 -0.00150979 0.0048618 0.0277999 -0.0015382 0.00491756 0.0277999 -0.0015382 0.00491756 -0.00407511 -0.00155858 0.00494142 -0.00407511 -0.00158244 0.0049618 0.123425 -0.0016092 0.0049782 0.0915499 -0.0016092 0.0049782 0.123425 -0.0016382 0.00499021 0.0915499 -0.00166871 0.00499754 0.0915499 -0.0016382 0.00499021 0.123425 -0.00155858 0.00494142 0.0277999 -0.0015382 0.00491756 0.0596749 -0.00158244 0.0049618 0.0915499 -0.00158244 0.0049618 0.0596749 -0.0016092 0.0049782 0.0596749 -0.00166871 0.00499754 0.123425 -0.0017 0.005 0.123425 -0.0017 0.005 0.0915499 -0.0015 0.0048 -0.00407511 -0.00150979 0.0048618 -0.00407511 -0.00150246 0.00483129 -0.00407511 -0.00150979 0.0048618 -0.0359501 -0.00150246 0.00483129 0.0277999 -0.0015 0.0048 0.0277999 -0.00150979 0.0048618 -0.0678251 -0.00150246 0.00483129 0.0596749 -0.0015 0.0048 0.0596749 -0.0015 0.0048 0.0915499 -0.00150246 0.00483129 0.0915499 -0.0015 0.0048 0.123425 -0.0015 0.0048 -0.0678251 -0.0015 0.0048 -0.0997001 -0.00150246 0.00483129 -0.0997001 -0.00150246 0.00483129 -0.131575 -0.00155858 0.00494142 -0.0678251 -0.00155858 0.00494142 -0.0359501 -0.0015382 0.00491756 -0.0359501 -0.00150979 0.0048618 -0.131575 -0.0015218 0.0048908 -0.0359501 -0.0015218 0.0048908 -0.00407511 -0.0015 0.0048 -0.131575 -0.0015218 0.0048908 0.0596749 -0.0016382 0.00499021 -0.131575 -0.00166871 0.00499754 -0.131575 -0.0016382 0.00499021 -0.0997001 -0.0017 0.005 -0.0997001 -0.0017 0.005 -0.0678251 -0.00166871 0.00499754 -0.0678251 -0.0016092 0.0049782 -0.0997001 -0.00166871 0.00499754 -0.0997001 -0.0017 0.005 -0.131575 -0.0015218 0.0048908 -0.131575 -0.00150979 0.0048618 -0.0997001 -0.0015218 0.0048908 -0.0997001 -0.0015382 0.00491756 -0.131575 -0.00150246 0.00483129 0.123425 -0.00150979 0.0048618 0.0915499 -0.00155858 0.00494142 -0.131575 -0.0015382 0.00491756 -0.0997001 -0.00158244 0.0049618 -0.131575 -0.00158244 0.0049618 -0.0997001 -0.00155858 0.00494142 -0.0997001 -0.0015218 0.0048908 -0.0678251 -0.00150979 0.0048618 0.123425 -0.0015218 0.0048908 0.0915499 -0.0015382 0.00491756 -0.0678251 -0.0015218 0.0048908 0.123425 -0.0015382 0.00491756 0.0915499 -0.0016092 0.0049782 -0.131575 -0.0016092 0.0049782 -0.0359501 -0.0016382 0.00499021 -0.0359501 -0.0016092 0.0049782 -0.00407511 -0.00158244 0.0049618 0.0277999 -0.00155858 0.00494142 0.0596749 -0.0015382 0.00491756 0.123425 -0.00155858 0.00494142 0.0915499 -0.00158244 0.0049618 -0.0359501 -0.00158244 0.0049618 -0.0678251 -0.00158244 0.0049618 -0.00407511 -0.00155858 0.00494142 0.123425 -0.0016092 0.0049782 -0.0678251 -0.0016092 0.0049782 0.0277999 -0.0016382 0.00499021 -0.00407511 -0.0016382 0.00499021 -0.0678251 -0.0016382 0.00499021 0.0277999 -0.0016382 0.00499021 0.0596749 -0.00166871 0.00499754 0.0596749 -0.00166871 0.00499754 -0.0359501 -0.00166871 0.00499754 -0.00407511 -0.00166871 0.00499754 0.0277999 -0.0017 0.005 -0.0359501 -0.0017 0.005 -0.00407511 -0.0017 0.005 0.0277999 -0.0017 0.005 0.0596749 -0.0048 0.005 -0.00407511 -0.0048 0.005 0.0277999 -0.0017 0.005 -0.00407511 -0.0017 0.005 -0.0359501 -0.0017 0.005 0.0277999 -0.0048 0.005 0.0596749 -0.0048 0.005 0.0915499 -0.0017 0.005 0.0596749 -0.0048 0.005 0.123425 -0.0017 0.005 0.0915499 -0.0017 0.005 0.123425 -0.0048 0.005 -0.0359501 -0.0048 0.005 -0.0678251 -0.0017 0.005 -0.0678251 -0.0017 0.005 -0.0997001 -0.0048 0.005 -0.0997001 -0.0017 0.005 -0.131575 -0.0048 0.005 -0.131575 -0.0048 0.005 -0.0359501 -0.00483129 0.00499754 -0.0678251 -0.00483129 0.00499754 -0.0359501 -0.0048908 0.0049782 0.0277999 -0.0048618 0.00499021 0.0596749 -0.0048618 0.00499021 0.0277999 -0.00491756 0.0049618 0.0277999 -0.00491756 0.0049618 -0.00407511 -0.00494142 0.00494142 -0.00407511 -0.0049618 0.00491756 0.123425 -0.0049782 0.0048908 0.0915499 -0.0049782 0.0048908 0.123425 -0.00499021 0.0048618 0.0915499 -0.00499754 0.00483129 0.0915499 -0.00499021 0.0048618 0.123425 -0.00494142 0.00494142 0.0277999 -0.00491756 0.0049618 0.0596749 -0.0049618 0.00491756 0.0915499 -0.0049618 0.00491756 0.0596749 -0.0049782 0.0048908 0.0596749 -0.00499754 0.00483129 0.123425 -0.005 0.0048 0.123425 -0.005 0.0048 0.0915499 -0.0048 0.005 -0.00407511 -0.0048618 0.00499021 -0.00407511 -0.00483129 0.00499754 -0.00407511 -0.0048618 0.00499021 -0.0359501 -0.00483129 0.00499754 0.0277999 -0.0048 0.005 0.0277999 -0.0048618 0.00499021 -0.0678251 -0.00483129 0.00499754 0.0596749 -0.0048 0.005 0.0596749 -0.0048 0.005 0.0915499 -0.00483129 0.00499754 0.0915499 -0.0048 0.005 0.123425 -0.0048 0.005 -0.0678251 -0.0048 0.005 -0.0997001 -0.00483129 0.00499754 -0.0997001 -0.00483129 0.00499754 -0.131575 -0.00494142 0.00494142 -0.0678251 -0.00494142 0.00494142 -0.0359501 -0.00491756 0.0049618 -0.0359501 -0.0048618 0.00499021 -0.131575 -0.0048908 0.0049782 -0.0359501 -0.0048908 0.0049782 -0.00407511 -0.0048 0.005 -0.131575 -0.0048908 0.0049782 0.0596749 -0.00499021 0.0048618 -0.131575 -0.00499754 0.00483129 -0.131575 -0.00499021 0.0048618 -0.0997001 -0.005 0.0048 -0.0997001 -0.005 0.0048 -0.0678251 -0.00499754 0.00483129 -0.0678251 -0.0049782 0.0048908 -0.0997001 -0.00499754 0.00483129 -0.0997001 -0.005 0.0048 -0.131575 -0.0048908 0.0049782 -0.131575 -0.0048618 0.00499021 -0.0997001 -0.0048908 0.0049782 -0.0997001 -0.00491756 0.0049618 -0.131575 -0.00483129 0.00499754 0.123425 -0.0048618 0.00499021 0.0915499 -0.00494142 0.00494142 -0.131575 -0.00491756 0.0049618 -0.0997001 -0.0049618 0.00491756 -0.131575 -0.0049618 0.00491756 -0.0997001 -0.00494142 0.00494142 -0.0997001 -0.0048908 0.0049782 -0.0678251 -0.0048618 0.00499021 0.123425 -0.0048908 0.0049782 0.0915499 -0.00491756 0.0049618 -0.0678251 -0.0048908 0.0049782 0.123425 -0.00491756 0.0049618 0.0915499 -0.0049782 0.0048908 -0.131575 -0.0049782 0.0048908 -0.0359501 -0.00499021 0.0048618 -0.0359501 -0.0049782 0.0048908 -0.00407511 -0.0049618 0.00491756 0.0277999 -0.00494142 0.00494142 0.0596749 -0.00491756 0.0049618 0.123425 -0.00494142 0.00494142 0.0915499 -0.0049618 0.00491756 -0.0359501 -0.0049618 0.00491756 -0.0678251 -0.0049618 0.00491756 -0.00407511 -0.00494142 0.00494142 0.123425 -0.0049782 0.0048908 -0.0678251 -0.0049782 0.0048908 0.0277999 -0.00499021 0.0048618 -0.00407511 -0.00499021 0.0048618 -0.0678251 -0.00499021 0.0048618 0.0277999 -0.00499021 0.0048618 0.0596749 -0.00499754 0.00483129 0.0596749 -0.00499754 0.00483129 -0.0359501 -0.00499754 0.00483129 -0.00407511 -0.00499754 0.00483129 0.0277999 -0.005 0.0048 -0.0359501 -0.005 0.0048 -0.00407511 -0.005 0.0048 0.0277999 -0.005 0.0048 0.0596749 -0.005 0.0017 -0.0359501 -0.00499754 0.00166871 -0.0678251 -0.00499754 0.00166871 -0.0359501 -0.0049782 0.0016092 0.0277999 -0.00499021 0.0016382 0.0596749 -0.00499021 0.0016382 0.0277999 -0.0049618 0.00158244 0.0277999 -0.0049618 0.00158244 -0.00407511 -0.00494142 0.00155858 -0.00407511 -0.00491756 0.0015382 0.123425 -0.0048908 0.0015218 0.0915499 -0.0048908 0.0015218 0.123425 -0.0048618 0.00150979 0.0915499 -0.00483129 0.00150246 0.0915499 -0.0048618 0.00150979 0.123425 -0.00494142 0.00155858 0.0277999 -0.0049618 0.00158244 0.0596749 -0.00491756 0.0015382 0.0915499 -0.00491756 0.0015382 0.0596749 -0.0048908 0.0015218 0.0596749 -0.00483129 0.00150246 0.123425 -0.0048 0.0015 0.123425 -0.0048 0.0015 0.0915499 -0.005 0.0017 -0.00407511 -0.00499021 0.0016382 -0.00407511 -0.00499754 0.00166871 -0.00407511 -0.00499021 0.0016382 -0.0359501 -0.00499754 0.00166871 0.0277999 -0.005 0.0017 0.0277999 -0.00499021 0.0016382 -0.0678251 -0.00499754 0.00166871 0.0596749 -0.005 0.0017 0.0596749 -0.005 0.0017 0.0915499 -0.00499754 0.00166871 0.0915499 -0.005 0.0017 0.123425 -0.005 0.0017 -0.0678251 -0.005 0.0017 -0.0997001 -0.00499754 0.00166871 -0.0997001 -0.00499754 0.00166871 -0.131575 -0.00494142 0.00155858 -0.0678251 -0.00494142 0.00155858 -0.0359501 -0.0049618 0.00158244 -0.0359501 -0.00499021 0.0016382 -0.131575 -0.0049782 0.0016092 -0.0359501 -0.0049782 0.0016092 -0.00407511 -0.005 0.0017 -0.131575 -0.0049782 0.0016092 0.0596749 -0.0048618 0.00150979 -0.131575 -0.00483129 0.00150246 -0.131575 -0.0048618 0.00150979 -0.0997001 -0.0048 0.0015 -0.0997001 -0.0048 0.0015 -0.0678251 -0.00483129 0.00150246 -0.0678251 -0.0048908 0.0015218 -0.0997001 -0.00483129 0.00150246 -0.0997001 -0.0048 0.0015 -0.131575 -0.0049782 0.0016092 -0.131575 -0.00499021 0.0016382 -0.0997001 -0.0049782 0.0016092 -0.0997001 -0.0049618 0.00158244 -0.131575 -0.00499754 0.00166871 0.123425 -0.00499021 0.0016382 0.0915499 -0.00494142 0.00155858 -0.131575 -0.0049618 0.00158244 -0.0997001 -0.00491756 0.0015382 -0.131575 -0.00491756 0.0015382 -0.0997001 -0.00494142 0.00155858 -0.0997001 -0.0049782 0.0016092 -0.0678251 -0.00499021 0.0016382 0.123425 -0.0049782 0.0016092 0.0915499 -0.0049618 0.00158244 -0.0678251 -0.0049782 0.0016092 0.123425 -0.0049618 0.00158244 0.0915499 -0.0048908 0.0015218 -0.131575 -0.0048908 0.0015218 -0.0359501 -0.0048618 0.00150979 -0.0359501 -0.0048908 0.0015218 -0.00407511 -0.00491756 0.0015382 0.0277999 -0.00494142 0.00155858 0.0596749 -0.0049618 0.00158244 0.123425 -0.00494142 0.00155858 0.0915499 -0.00491756 0.0015382 -0.0359501 -0.00491756 0.0015382 -0.0678251 -0.00491756 0.0015382 -0.00407511 -0.00494142 0.00155858 0.123425 -0.0048908 0.0015218 -0.0678251 -0.0048908 0.0015218 0.0277999 -0.0048618 0.00150979 -0.00407511 -0.0048618 0.00150979 -0.0678251 -0.0048618 0.00150979 0.0277999 -0.0048618 0.00150979 0.0596749 -0.00483129 0.00150246 0.0596749 -0.00483129 0.00150246 -0.0359501 -0.00483129 0.00150246 -0.00407511 -0.00483129 0.00150246 0.0277999 -0.0048 0.0015 -0.0359501 -0.0048 0.0015 -0.00407511 -0.0048 0.0015 0.0277999 -0.0048 0.0015 0.0596749 -0.0042 0.0015 -0.0359501 -0.00416871 0.00150246 -0.0678251 -0.00416871 0.00150246 -0.0359501 -0.0041092 0.0015218 0.0277999 -0.0041382 0.00150979 0.0596749 -0.0041382 0.00150979 0.0277999 -0.00408244 0.0015382 0.0277999 -0.00408244 0.0015382 -0.00407511 -0.00405858 0.00155858 -0.00407511 -0.0040382 0.00158244 0.123425 -0.0040218 0.0016092 0.0915499 -0.0040218 0.0016092 0.123425 -0.00400979 0.0016382 0.0915499 -0.00400246 0.00166871 0.0915499 -0.00400979 0.0016382 0.123425 -0.00405858 0.00155858 0.0277999 -0.00408244 0.0015382 0.0596749 -0.0040382 0.00158244 0.0915499 -0.0040382 0.00158244 0.0596749 -0.0040218 0.0016092 0.0596749 -0.00400246 0.00166871 0.123425 -0.004 0.0017 0.123425 -0.004 0.0017 0.0915499 -0.0042 0.0015 -0.00407511 -0.0041382 0.00150979 -0.00407511 -0.00416871 0.00150246 -0.00407511 -0.0041382 0.00150979 -0.0359501 -0.00416871 0.00150246 0.0277999 -0.0042 0.0015 0.0277999 -0.0041382 0.00150979 -0.0678251 -0.00416871 0.00150246 0.0596749 -0.0042 0.0015 0.0596749 -0.0042 0.0015 0.0915499 -0.00416871 0.00150246 0.0915499 -0.0042 0.0015 0.123425 -0.0042 0.0015 -0.0678251 -0.0042 0.0015 -0.0997001 -0.00416871 0.00150246 -0.0997001 -0.00416871 0.00150246 -0.131575 -0.00405858 0.00155858 -0.0678251 -0.00405858 0.00155858 -0.0359501 -0.00408244 0.0015382 -0.0359501 -0.0041382 0.00150979 -0.131575 -0.0041092 0.0015218 -0.0359501 -0.0041092 0.0015218 -0.00407511 -0.0042 0.0015 -0.131575 -0.0041092 0.0015218 0.0596749 -0.00400979 0.0016382 -0.131575 -0.00400246 0.00166871 -0.131575 -0.00400979 0.0016382 -0.0997001 -0.004 0.0017 -0.0997001 -0.004 0.0017 -0.0678251 -0.00400246 0.00166871 -0.0678251 -0.0040218 0.0016092 -0.0997001 -0.00400246 0.00166871 -0.0997001 -0.004 0.0017 -0.131575 -0.0041092 0.0015218 -0.131575 -0.0041382 0.00150979 -0.0997001 -0.0041092 0.0015218 -0.0997001 -0.00408244 0.0015382 -0.131575 -0.00416871 0.00150246 0.123425 -0.0041382 0.00150979 0.0915499 -0.00405858 0.00155858 -0.131575 -0.00408244 0.0015382 -0.0997001 -0.0040382 0.00158244 -0.131575 -0.0040382 0.00158244 -0.0997001 -0.00405858 0.00155858 -0.0997001 -0.0041092 0.0015218 -0.0678251 -0.0041382 0.00150979 0.123425 -0.0041092 0.0015218 0.0915499 -0.00408244 0.0015382 -0.0678251 -0.0041092 0.0015218 0.123425 -0.00408244 0.0015382 0.0915499 -0.0040218 0.0016092 -0.131575 -0.0040218 0.0016092 -0.0359501 -0.00400979 0.0016382 -0.0359501 -0.0040218 0.0016092 -0.00407511 -0.0040382 0.00158244 0.0277999 -0.00405858 0.00155858 0.0596749 -0.00408244 0.0015382 0.123425 -0.00405858 0.00155858 0.0915499 -0.0040382 0.00158244 -0.0359501 -0.0040382 0.00158244 -0.0678251 -0.0040382 0.00158244 -0.00407511 -0.00405858 0.00155858 0.123425 -0.0040218 0.0016092 -0.0678251 -0.0040218 0.0016092 0.0277999 -0.00400979 0.0016382 -0.00407511 -0.00400979 0.0016382 -0.0678251 -0.00400979 0.0016382 0.0277999 -0.00400979 0.0016382 0.0596749 -0.00400246 0.00166871 0.0596749 -0.00400246 0.00166871 -0.0359501 -0.00400246 0.00166871 -0.00407511 -0.00400246 0.00166871 0.0277999 -0.004 0.0017 -0.0359501 -0.004 0.0017 -0.00407511 -0.004 0.0017 0.0277999 -0.004 0.0017 0.0596749 -0.004 0.00275934 0.0141392 -0.004 0.0017 0.0277999 -0.004 0.0017 -0.00407511 -0.004 0.00275934 0.0505677 -0.004 0.0017 0.0596749 -0.004 0.0017 0.0915499 -0.004 0.00275934 0.0869963 -0.004 0.00275934 0.123425 -0.004 0.0017 0.123425 -0.004 0.00275934 -0.0222894 -0.004 0.0017 -0.0359501 -0.004 0.00275934 -0.058718 -0.004 0.0017 -0.0678251 -0.004 0.00275934 -0.0951465 -0.004 0.0017 -0.0997001 -0.004 0.0017 -0.131575 -0.004 0.00275934 -0.131575 -0.00370286 0.00293417 0.0141392 -0.00373443 0.00294829 -0.0222894 -0.00370286 0.00293417 -0.0222894 -0.00364928 0.00289081 -0.058718 -0.00367419 0.00291481 -0.058718 -0.00367419 0.00291481 -0.0951465 -0.00367241 0.00291336 -0.131575 -0.00364928 0.00289081 -0.0951465 -0.00369887 0.00293189 -0.131575 -0.00370286 0.00293417 -0.0951465 -0.004 0.00275934 -0.058718 -0.004 0.00275934 -0.0951465 -0.00399701 0.00279381 -0.058718 -0.00364928 0.00289081 -0.0222894 -0.00367419 0.00291481 -0.0222894 -0.00383688 0.00295591 -0.0222894 -0.00380246 0.00295933 0.0141392 -0.00383688 0.00295591 0.0141392 -0.00364928 0.00289081 -0.131575 -0.00390142 0.00293172 0.0141392 -0.00390142 0.00293172 -0.0222894 -0.0038702 0.00294662 0.0141392 -0.00376797 0.00295676 -0.0222894 -0.00376797 0.00295676 0.0141392 -0.00380246 0.00295933 -0.0222894 -0.0038702 0.00294662 -0.0222894 -0.0039296 0.00291167 0.0141392 -0.0039296 0.00291167 -0.0222894 -0.00398965 0.00282284 0.123425 -0.00399739 0.00279154 0.123425 -0.00399701 0.00279381 0.0869963 -0.0038702 0.00294662 0.0505677 -0.00395967 0.00287977 -0.131575 -0.00395391 0.00288706 -0.0951465 -0.00397361 0.00285863 -0.0951465 -0.00390142 0.00293172 0.0505677 -0.00398812 0.00282723 -0.058718 -0.00399701 0.00279381 -0.0951465 -0.00398812 0.00282723 -0.0222894 -0.00397361 0.00285863 -0.0222894 -0.00397361 0.00285863 0.0141392 -0.00399739 0.00279154 -0.131575 -0.004 0.00275934 -0.131575 -0.00398812 0.00282723 0.0869963 -0.00397361 0.00285863 0.0869963 -0.00397697 0.00285252 0.123425 -0.00393822 0.00290389 -0.131575 -0.0039296 0.00291167 -0.0951465 -0.00398812 0.00282723 0.0141392 -0.004 0.00275934 0.123425 -0.004 0.00275934 0.0869963 -0.0039296 0.00291167 0.0505677 -0.00395391 0.00288706 0.0141392 -0.00373443 0.00294829 0.0141392 -0.00370286 0.00293417 0.0505677 -0.00367419 0.00291481 0.0141392 -0.00364928 0.00289081 0.0141392 -0.00367419 0.00291481 0.0505677 -0.00364928 0.00289081 0.0505677 -0.00364928 0.00289081 0.0869963 -0.00367419 0.00291481 0.0869963 -0.00364928 0.00289081 0.123425 -0.00367241 0.00291336 0.123425 -0.00372796 0.00294592 -0.131575 -0.00373443 0.00294829 -0.0951465 -0.00370286 0.00293417 -0.058718 -0.00370286 0.00293417 0.0869963 -0.00369887 0.00293189 0.123425 -0.00375893 0.00295508 -0.131575 -0.00376797 0.00295676 -0.0951465 -0.00373443 0.00294829 -0.058718 -0.00373443 0.00294829 0.0869963 -0.00373443 0.00294829 0.0505677 -0.00372796 0.00294592 0.123425 -0.00379097 0.00295914 -0.131575 -0.00380246 0.00295933 -0.0951465 -0.00376797 0.00295676 -0.058718 -0.00376797 0.00295676 0.0869963 -0.00376797 0.00295676 0.0505677 -0.00375893 0.00295508 0.123425 -0.00382325 0.00295799 -0.131575 -0.00383688 0.00295591 -0.0951465 -0.00380246 0.00295933 -0.058718 -0.00380246 0.00295933 0.0869963 -0.00380246 0.00295933 0.0505677 -0.00379097 0.00295914 0.123425 -0.00385491 0.00295165 -0.131575 -0.0038702 0.00294662 -0.0951465 -0.00383688 0.00295591 -0.058718 -0.00383688 0.00295591 0.0869963 -0.00383688 0.00295591 0.0505677 -0.00382325 0.00295799 0.123425 -0.00388515 0.00294031 -0.131575 -0.00390142 0.00293172 -0.0951465 -0.0038702 0.00294662 -0.058718 -0.00385491 0.00295165 0.123425 -0.0038702 0.00294662 0.0869963 -0.00391316 0.00292425 -0.131575 -0.00390142 0.00293172 -0.058718 -0.00388515 0.00294031 0.123425 -0.00390142 0.00293172 0.0869963 -0.00398812 0.00282723 -0.0951465 -0.00397697 0.00285252 -0.131575 -0.0039296 0.00291167 -0.058718 -0.00395391 0.00288706 -0.0222894 -0.00391316 0.00292425 0.123425 -0.0039296 0.00291167 0.0869963 -0.00395391 0.00288706 -0.058718 -0.00393822 0.00290389 0.123425 -0.00395391 0.00288706 0.0869963 -0.00395391 0.00288706 0.0505677 -0.00397361 0.00285863 -0.058718 -0.00395967 0.00287977 0.123425 -0.00397361 0.00285863 0.0505677 -0.00398965 0.00282284 -0.131575 -0.00399701 0.00279381 0.0505677 -0.00398812 0.00282723 0.0505677 -0.00399701 0.00279381 0.0141392 -0.00399701 0.00279381 -0.0222894 -0.004 0.00275934 -0.0222894 -0.004 0.00275934 0.0141392 -0.004 0.00275934 0.0505677 -0.00364928 0.00289081 -0.0222894 -0.00204928 0.0010565 -0.00407511 -0.00364928 0.00289081 0.0141392 -0.00204928 0.0010565 -0.0359501 -0.00364928 0.00289081 0.0505677 -0.00204928 0.0010565 0.0277999 -0.00204928 0.0010565 0.0596749 -0.00364928 0.00289081 0.0869963 -0.00204928 0.0010565 0.0915499 -0.00204928 0.0010565 0.123425 -0.00364928 0.00289081 0.123425 -0.00364928 0.00289081 -0.058718 -0.00364928 0.00289081 -0.0951465 -0.00204928 0.0010565 -0.0678251 -0.00364928 0.00289081 -0.131575 -0.00204928 0.0010565 -0.0997001 -0.00204928 0.0010565 -0.131575 -0.00201824 0.00100847 -0.0997001 -0.00201824 0.00100847 -0.131575 -0.00200818 0.000981628 -0.0997001 -0.00203203 0.0010336 -0.131575 -0.00203203 0.0010336 -0.0997001 -0.00204928 0.0010565 -0.131575 -0.00203203 0.0010336 -0.0678251 -0.00204928 0.0010565 -0.0678251 -0.00204928 0.0010565 -0.0997001 -0.00200205 0.000953623 -0.0678251 -0.00200205 0.000953623 -0.0997001 -0.002 0.00092503 -0.0678251 -0.00200818 0.000981628 -0.131575 -0.00200205 0.000953623 -0.131575 -0.002 0.00092503 -0.131575 -0.002 0.00092503 -0.0997001 -0.002 0.00092503 -0.00407511 -0.00200205 0.000953623 -0.0359501 -0.002 0.00092503 -0.0359501 -0.00200205 0.000953623 -0.00407511 -0.002 0.00092503 0.0277999 -0.00200818 0.000981628 0.0596749 -0.00200205 0.000953623 0.0915499 -0.00200818 0.000981628 0.0915499 -0.00200205 0.000953623 0.0277999 -0.00201824 0.00100847 0.0915499 -0.00201824 0.00100847 0.123425 -0.00203203 0.0010336 0.0915499 -0.00203203 0.0010336 0.123425 -0.002 0.00092503 0.0596749 -0.00201824 0.00100847 0.0277999 -0.00201824 0.00100847 0.0596749 -0.00204928 0.0010565 0.0915499 -0.00204928 0.0010565 0.123425 -0.002 0.00092503 0.0915499 -0.00200205 0.000953623 0.0596749 -0.002 0.00092503 0.123425 -0.00200818 0.000981628 -0.0359501 -0.00200818 0.000981628 -0.0678251 -0.00200818 0.000981628 -0.00407511 -0.00200818 0.000981628 0.0277999 -0.00200205 0.000953623 0.123425 -0.00201824 0.00100847 -0.0359501 -0.00201824 0.00100847 -0.00407511 -0.00201824 0.00100847 -0.0678251 -0.00200818 0.000981628 0.123425 -0.00203203 0.0010336 -0.0359501 -0.00203203 0.0010336 -0.00407511 -0.00203203 0.0010336 0.0277999 -0.00203203 0.0010336 0.0596749 -0.00204928 0.0010565 -0.0359501 -0.00204928 0.0010565 -0.00407511 -0.00204928 0.0010565 0.0277999 -0.00204928 0.0010565 0.0596749 -0.002 -0.00092503 0.0277999 -0.002 0.00092503 0.0277999 -0.002 0.00092503 -0.00407511 -0.002 0.00092503 -0.0359501 -0.002 -0.00092503 -0.00407511 -0.002 -0.00092503 0.0596749 -0.002 0.00092503 0.0596749 -0.002 0.00092503 0.0915499 -0.002 -0.00092503 0.0915499 -0.002 -0.00092503 0.123425 -0.002 0.00092503 0.123425 -0.002 -0.00092503 -0.0359501 -0.002 -0.00092503 -0.0678251 -0.002 0.00092503 -0.0678251 -0.002 0.00092503 -0.0997001 -0.002 -0.00092503 -0.0997001 -0.002 0.00092503 -0.131575 -0.002 -0.00092503 -0.131575 -0.00200818 -0.000981628 -0.0997001 -0.00200818 -0.000981628 -0.131575 -0.00201824 -0.00100847 -0.0997001 -0.00200205 -0.000953623 -0.131575 -0.00200205 -0.000953623 -0.0997001 -0.002 -0.00092503 -0.131575 -0.00200205 -0.000953623 -0.0678251 -0.002 -0.00092503 -0.0678251 -0.002 -0.00092503 -0.0997001 -0.00203203 -0.0010336 -0.0678251 -0.00203203 -0.0010336 -0.0997001 -0.00204928 -0.0010565 -0.0678251 -0.00201824 -0.00100847 -0.131575 -0.00203203 -0.0010336 -0.131575 -0.00204928 -0.0010565 -0.131575 -0.00204928 -0.0010565 -0.0997001 -0.00204928 -0.0010565 -0.00407511 -0.00203203 -0.0010336 -0.0359501 -0.00204928 -0.0010565 -0.0359501 -0.00203203 -0.0010336 -0.00407511 -0.00204928 -0.0010565 0.0277999 -0.00201824 -0.00100847 0.0596749 -0.00203203 -0.0010336 0.0915499 -0.00201824 -0.00100847 0.0915499 -0.00203203 -0.0010336 0.0277999 -0.00200818 -0.000981628 0.0915499 -0.00200818 -0.000981628 0.123425 -0.00200205 -0.000953623 0.0915499 -0.00200205 -0.000953623 0.123425 -0.00204928 -0.0010565 0.0596749 -0.00200818 -0.000981628 0.0277999 -0.00200818 -0.000981628 0.0596749 -0.002 -0.00092503 0.0915499 -0.002 -0.00092503 0.123425 -0.00204928 -0.0010565 0.0915499 -0.00203203 -0.0010336 0.0596749 -0.00204928 -0.0010565 0.123425 -0.00201824 -0.00100847 -0.0359501 -0.00201824 -0.00100847 -0.0678251 -0.00201824 -0.00100847 -0.00407511 -0.00201824 -0.00100847 0.0277999 -0.00203203 -0.0010336 0.123425 -0.00200818 -0.000981628 -0.0359501 -0.00200818 -0.000981628 -0.00407511 -0.00200818 -0.000981628 -0.0678251 -0.00201824 -0.00100847 0.123425 -0.00200205 -0.000953623 -0.0359501 -0.00200205 -0.000953623 -0.00407511 -0.00200205 -0.000953623 0.0277999 -0.00200205 -0.000953623 0.0596749 -0.002 -0.00092503 -0.0359501 -0.002 -0.00092503 -0.00407511 -0.002 -0.00092503 0.0277999 -0.002 -0.00092503 0.0596749 -0.00204928 -0.0010565 -0.00407511 -0.00364928 -0.00289081 0.0141392 -0.00204928 -0.0010565 0.0277999 -0.00364928 -0.00289081 -0.0222894 -0.00204928 -0.0010565 0.0596749 -0.00364928 -0.00289081 0.0505677 -0.00364928 -0.00289081 0.0869963 -0.00204928 -0.0010565 0.0915499 -0.00364928 -0.00289081 0.123425 -0.00204928 -0.0010565 0.123425 -0.00204928 -0.0010565 -0.0359501 -0.00204928 -0.0010565 -0.0678251 -0.00364928 -0.00289081 -0.058718 -0.00204928 -0.0010565 -0.0997001 -0.00364928 -0.00289081 -0.0951465 -0.00204928 -0.0010565 -0.131575 -0.00364928 -0.00289081 -0.131575 -0.00398812 -0.00282723 0.0141392 -0.00397361 -0.00285863 -0.0222894 -0.00398812 -0.00282723 -0.0222894 -0.004 -0.00275934 -0.058718 -0.00399701 -0.00279381 -0.058718 -0.00399701 -0.00279381 -0.0951465 -0.00399739 -0.00279154 -0.131575 -0.004 -0.00275934 -0.0951465 -0.00398963 -0.00282289 -0.131575 -0.00398812 -0.00282723 -0.0951465 -0.00364928 -0.00289081 -0.058718 -0.00364928 -0.00289081 -0.0951465 -0.00367419 -0.00291481 -0.058718 -0.004 -0.00275934 -0.0222894 -0.00399701 -0.00279381 -0.0222894 -0.00390142 -0.00293172 -0.0222894 -0.0039296 -0.00291167 0.0141392 -0.00390142 -0.00293172 0.0141392 -0.004 -0.00275934 -0.131575 -0.00383688 -0.00295591 0.0141392 -0.00383688 -0.00295591 -0.0222894 -0.0038702 -0.00294662 0.0141392 -0.00395391 -0.00288706 -0.0222894 -0.00395391 -0.00288706 0.0141392 -0.0039296 -0.00291167 -0.0222894 -0.0038702 -0.00294662 -0.0222894 -0.00380246 -0.00295933 0.0141392 -0.00380246 -0.00295933 -0.0222894 -0.00369882 -0.00293186 0.123425 -0.00367241 -0.00291336 0.123425 -0.00367419 -0.00291481 0.0869963 -0.0038702 -0.00294662 0.0505677 -0.00375883 -0.00295506 -0.131575 -0.00376797 -0.00295676 -0.0951465 -0.00373443 -0.00294829 -0.0951465 -0.00383688 -0.00295591 0.0505677 -0.00370286 -0.00293417 -0.058718 -0.00367419 -0.00291481 -0.0951465 -0.00370286 -0.00293417 -0.0222894 -0.00373443 -0.00294829 -0.0222894 -0.00373443 -0.00294829 0.0141392 -0.00367241 -0.00291336 -0.131575 -0.00364928 -0.00289081 -0.131575 -0.00370286 -0.00293417 0.0869963 -0.00373443 -0.00294829 0.0869963 -0.00372788 -0.00294588 0.123425 -0.00379086 -0.00295913 -0.131575 -0.00380246 -0.00295933 -0.0951465 -0.00370286 -0.00293417 0.0141392 -0.00364928 -0.00289081 0.123425 -0.00364928 -0.00289081 0.0869963 -0.00380246 -0.00295933 0.0505677 -0.00376797 -0.00295676 0.0141392 -0.00397361 -0.00285863 0.0141392 -0.00398812 -0.00282723 0.0505677 -0.00399701 -0.00279381 0.0141392 -0.004 -0.00275934 0.0141392 -0.00399701 -0.00279381 0.0505677 -0.004 -0.00275934 0.0505677 -0.004 -0.00275934 0.0869963 -0.00399701 -0.00279381 0.0869963 -0.004 -0.00275934 0.123425 -0.00399739 -0.00279154 0.123425 -0.00397693 -0.00285259 -0.131575 -0.00397361 -0.00285863 -0.0951465 -0.00398812 -0.00282723 -0.058718 -0.00398812 -0.00282723 0.0869963 -0.00398963 -0.00282289 0.123425 -0.00395961 -0.00287985 -0.131575 -0.00395391 -0.00288706 -0.0951465 -0.00397361 -0.00285863 -0.058718 -0.00397361 -0.00285863 0.0869963 -0.00397361 -0.00285863 0.0505677 -0.00397693 -0.00285259 0.123425 -0.00393814 -0.00290397 -0.131575 -0.0039296 -0.00291167 -0.0951465 -0.00395391 -0.00288706 -0.058718 -0.00395391 -0.00288706 0.0869963 -0.00395391 -0.00288706 0.0505677 -0.00395961 -0.00287985 0.123425 -0.00391306 -0.00292432 -0.131575 -0.00390142 -0.00293172 -0.0951465 -0.0039296 -0.00291167 -0.058718 -0.0039296 -0.00291167 0.0869963 -0.0039296 -0.00291167 0.0505677 -0.00393814 -0.00290397 0.123425 -0.00388503 -0.00294037 -0.131575 -0.0038702 -0.00294662 -0.0951465 -0.00390142 -0.00293172 -0.058718 -0.00390142 -0.00293172 0.0869963 -0.00390142 -0.00293172 0.0505677 -0.00391306 -0.00292432 0.123425 -0.00385479 -0.00295169 -0.131575 -0.00383688 -0.00295591 -0.0951465 -0.0038702 -0.00294662 -0.058718 -0.00388503 -0.00294037 0.123425 -0.0038702 -0.00294662 0.0869963 -0.00382312 -0.002958 -0.131575 -0.00383688 -0.00295591 -0.058718 -0.00385479 -0.00295169 0.123425 -0.00383688 -0.00295591 0.0869963 -0.00370286 -0.00293417 -0.0951465 -0.00372788 -0.00294588 -0.131575 -0.00380246 -0.00295933 -0.058718 -0.00376797 -0.00295676 -0.0222894 -0.00382312 -0.002958 0.123425 -0.00380246 -0.00295933 0.0869963 -0.00376797 -0.00295676 -0.058718 -0.00379086 -0.00295913 0.123425 -0.00376797 -0.00295676 0.0869963 -0.00376797 -0.00295676 0.0505677 -0.00373443 -0.00294829 -0.058718 -0.00375883 -0.00295506 0.123425 -0.00373443 -0.00294829 0.0505677 -0.00369882 -0.00293186 -0.131575 -0.00367419 -0.00291481 0.0505677 -0.00370286 -0.00293417 0.0505677 -0.00367419 -0.00291481 0.0141392 -0.00367419 -0.00291481 -0.0222894 -0.00364928 -0.00289081 -0.0222894 -0.00364928 -0.00289081 0.0141392 -0.00364928 -0.00289081 0.0505677 -0.004 -0.0017 -0.00407511 -0.004 -0.00275934 0.0141392 -0.004 -0.00275934 -0.0222894 -0.004 -0.0017 0.0277999 -0.004 -0.00275934 0.0505677 -0.004 -0.00275934 0.0869963 -0.004 -0.0017 0.0596749 -0.004 -0.0017 0.123425 -0.004 -0.0017 0.0915499 -0.004 -0.00275934 0.123425 -0.004 -0.0017 -0.0359501 -0.004 -0.00275934 -0.058718 -0.004 -0.0017 -0.0678251 -0.004 -0.00275934 -0.0951465 -0.004 -0.0017 -0.0997001 -0.004 -0.00275934 -0.131575 -0.004 -0.0017 -0.131575 -0.004 -0.0017 -0.0359501 -0.00400246 -0.00166871 -0.0678251 -0.00400246 -0.00166871 -0.0359501 -0.0040218 -0.0016092 0.0277999 -0.00400979 -0.0016382 0.0596749 -0.00400979 -0.0016382 0.0277999 -0.0040382 -0.00158244 0.0277999 -0.0040382 -0.00158244 -0.00407511 -0.00405858 -0.00155858 -0.00407511 -0.00408244 -0.0015382 0.123425 -0.0041092 -0.0015218 0.0915499 -0.0041092 -0.0015218 0.123425 -0.0041382 -0.00150979 0.0915499 -0.00416871 -0.00150246 0.0915499 -0.0041382 -0.00150979 0.123425 -0.00405858 -0.00155858 0.0277999 -0.0040382 -0.00158244 0.0596749 -0.00408244 -0.0015382 0.0915499 -0.00408244 -0.0015382 0.0596749 -0.0041092 -0.0015218 0.0596749 -0.00416871 -0.00150246 0.123425 -0.0042 -0.0015 0.123425 -0.0042 -0.0015 0.0915499 -0.004 -0.0017 -0.00407511 -0.00400979 -0.0016382 -0.00407511 -0.00400246 -0.00166871 -0.00407511 -0.00400979 -0.0016382 -0.0359501 -0.00400246 -0.00166871 0.0277999 -0.004 -0.0017 0.0277999 -0.00400979 -0.0016382 -0.0678251 -0.00400246 -0.00166871 0.0596749 -0.004 -0.0017 0.0596749 -0.004 -0.0017 0.0915499 -0.00400246 -0.00166871 0.0915499 -0.004 -0.0017 0.123425 -0.004 -0.0017 -0.0678251 -0.004 -0.0017 -0.0997001 -0.00400246 -0.00166871 -0.0997001 -0.00400246 -0.00166871 -0.131575 -0.00405858 -0.00155858 -0.0678251 -0.00405858 -0.00155858 -0.0359501 -0.0040382 -0.00158244 -0.0359501 -0.00400979 -0.0016382 -0.131575 -0.0040218 -0.0016092 -0.0359501 -0.0040218 -0.0016092 -0.00407511 -0.004 -0.0017 -0.131575 -0.0040218 -0.0016092 0.0596749 -0.0041382 -0.00150979 -0.131575 -0.00416871 -0.00150246 -0.131575 -0.0041382 -0.00150979 -0.0997001 -0.0042 -0.0015 -0.0997001 -0.0042 -0.0015 -0.0678251 -0.00416871 -0.00150246 -0.0678251 -0.0041092 -0.0015218 -0.0997001 -0.00416871 -0.00150246 -0.0997001 -0.0042 -0.0015 -0.131575 -0.0040218 -0.0016092 -0.131575 -0.00400979 -0.0016382 -0.0997001 -0.0040218 -0.0016092 -0.0997001 -0.0040382 -0.00158244 -0.131575 -0.00400246 -0.00166871 0.123425 -0.00400979 -0.0016382 0.0915499 -0.00405858 -0.00155858 -0.131575 -0.0040382 -0.00158244 -0.0997001 -0.00408244 -0.0015382 -0.131575 -0.00408244 -0.0015382 -0.0997001 -0.00405858 -0.00155858 -0.0997001 -0.0040218 -0.0016092 -0.0678251 -0.00400979 -0.0016382 0.123425 -0.0040218 -0.0016092 0.0915499 -0.0040382 -0.00158244 -0.0678251 -0.0040218 -0.0016092 0.123425 -0.0040382 -0.00158244 0.0915499 -0.0041092 -0.0015218 -0.131575 -0.0041092 -0.0015218 -0.0359501 -0.0041382 -0.00150979 -0.0359501 -0.0041092 -0.0015218 -0.00407511 -0.00408244 -0.0015382 0.0277999 -0.00405858 -0.00155858 0.0596749 -0.0040382 -0.00158244 0.123425 -0.00405858 -0.00155858 0.0915499 -0.00408244 -0.0015382 -0.0359501 -0.00408244 -0.0015382 -0.0678251 -0.00408244 -0.0015382 -0.00407511 -0.00405858 -0.00155858 0.123425 -0.0041092 -0.0015218 -0.0678251 -0.0041092 -0.0015218 0.0277999 -0.0041382 -0.00150979 -0.00407511 -0.0041382 -0.00150979 -0.0678251 -0.0041382 -0.00150979 0.0277999 -0.0041382 -0.00150979 0.0596749 -0.00416871 -0.00150246 0.0596749 -0.00416871 -0.00150246 -0.0359501 -0.00416871 -0.00150246 -0.00407511 -0.00416871 -0.00150246 0.0277999 -0.0042 -0.0015 -0.0359501 -0.0042 -0.0015 -0.00407511 -0.0042 -0.0015 0.0277999 -0.0042 -0.0015 0.0596749 -0.0048 -0.0015 -0.0359501 -0.00483129 -0.00150246 -0.0678251 -0.00483129 -0.00150246 -0.0359501 -0.0048908 -0.0015218 0.0277999 -0.0048618 -0.00150979 0.0596749 -0.0048618 -0.00150979 0.0277999 -0.00491756 -0.0015382 0.0277999 -0.00491756 -0.0015382 -0.00407511 -0.00494142 -0.00155858 -0.00407511 -0.0049618 -0.00158244 0.123425 -0.0049782 -0.0016092 0.0915499 -0.0049782 -0.0016092 0.123425 -0.00499021 -0.0016382 0.0915499 -0.00499754 -0.00166871 0.0915499 -0.00499021 -0.0016382 0.123425 -0.00494142 -0.00155858 0.0277999 -0.00491756 -0.0015382 0.0596749 -0.0049618 -0.00158244 0.0915499 -0.0049618 -0.00158244 0.0596749 -0.0049782 -0.0016092 0.0596749 -0.00499754 -0.00166871 0.123425 -0.005 -0.0017 0.123425 -0.005 -0.0017 0.0915499 -0.0048 -0.0015 -0.00407511 -0.0048618 -0.00150979 -0.00407511 -0.00483129 -0.00150246 -0.00407511 -0.0048618 -0.00150979 -0.0359501 -0.00483129 -0.00150246 0.0277999 -0.0048 -0.0015 0.0277999 -0.0048618 -0.00150979 -0.0678251 -0.00483129 -0.00150246 0.0596749 -0.0048 -0.0015 0.0596749 -0.0048 -0.0015 0.0915499 -0.00483129 -0.00150246 0.0915499 -0.0048 -0.0015 0.123425 -0.0048 -0.0015 -0.0678251 -0.0048 -0.0015 -0.0997001 -0.00483129 -0.00150246 -0.0997001 -0.00483129 -0.00150246 -0.131575 -0.00494142 -0.00155858 -0.0678251 -0.00494142 -0.00155858 -0.0359501 -0.00491756 -0.0015382 -0.0359501 -0.0048618 -0.00150979 -0.131575 -0.0048908 -0.0015218 -0.0359501 -0.0048908 -0.0015218 -0.00407511 -0.0048 -0.0015 -0.131575 -0.0048908 -0.0015218 0.0596749 -0.00499021 -0.0016382 -0.131575 -0.00499754 -0.00166871 -0.131575 -0.00499021 -0.0016382 -0.0997001 -0.005 -0.0017 -0.0997001 -0.005 -0.0017 -0.0678251 -0.00499754 -0.00166871 -0.0678251 -0.0049782 -0.0016092 -0.0997001 -0.00499754 -0.00166871 -0.0997001 -0.005 -0.0017 -0.131575 -0.0048908 -0.0015218 -0.131575 -0.0048618 -0.00150979 -0.0997001 -0.0048908 -0.0015218 -0.0997001 -0.00491756 -0.0015382 -0.131575 -0.00483129 -0.00150246 0.123425 -0.0048618 -0.00150979 0.0915499 -0.00494142 -0.00155858 -0.131575 -0.00491756 -0.0015382 -0.0997001 -0.0049618 -0.00158244 -0.131575 -0.0049618 -0.00158244 -0.0997001 -0.00494142 -0.00155858 -0.0997001 -0.0048908 -0.0015218 -0.0678251 -0.0048618 -0.00150979 0.123425 -0.0048908 -0.0015218 0.0915499 -0.00491756 -0.0015382 -0.0678251 -0.0048908 -0.0015218 0.123425 -0.00491756 -0.0015382 0.0915499 -0.0049782 -0.0016092 -0.131575 -0.0049782 -0.0016092 -0.0359501 -0.00499021 -0.0016382 -0.0359501 -0.0049782 -0.0016092 -0.00407511 -0.0049618 -0.00158244 0.0277999 -0.00494142 -0.00155858 0.0596749 -0.00491756 -0.0015382 0.123425 -0.00494142 -0.00155858 0.0915499 -0.0049618 -0.00158244 -0.0359501 -0.0049618 -0.00158244 -0.0678251 -0.0049618 -0.00158244 -0.00407511 -0.00494142 -0.00155858 0.123425 -0.0049782 -0.0016092 -0.0678251 -0.0049782 -0.0016092 0.0277999 -0.00499021 -0.0016382 -0.00407511 -0.00499021 -0.0016382 -0.0678251 -0.00499021 -0.0016382 0.0277999 -0.00499021 -0.0016382 0.0596749 -0.00499754 -0.00166871 0.0596749 -0.00499754 -0.00166871 -0.0359501 -0.00499754 -0.00166871 -0.00407511 -0.00499754 -0.00166871 0.0277999 -0.005 -0.0017 -0.0359501 -0.005 -0.0017 -0.00407511 -0.005 -0.0017 0.0277999 -0.005 -0.0017 0.0596749 -0.005 -0.0048 -0.00407511 -0.005 -0.0048 0.0277999 -0.005 -0.0017 -0.00407511 -0.005 -0.0017 -0.0359501 -0.005 -0.0017 0.0277999 -0.005 -0.0048 0.0596749 -0.005 -0.0048 0.0915499 -0.005 -0.0017 0.0596749 -0.005 -0.0048 0.123425 -0.005 -0.0017 0.0915499 -0.005 -0.0017 0.123425 -0.005 -0.0048 -0.0359501 -0.005 -0.0048 -0.0678251 -0.005 -0.0017 -0.0678251 -0.005 -0.0017 -0.0997001 -0.005 -0.0048 -0.0997001 -0.005 -0.0017 -0.131575 -0.005 -0.0048 -0.131575 -0.005 -0.0048 -0.0359501 -0.00499754 -0.00483129 -0.0678251 -0.00499754 -0.00483129 -0.0359501 -0.0049782 -0.0048908 0.0277999 -0.00499021 -0.0048618 0.0596749 -0.00499021 -0.0048618 0.0277999 -0.0049618 -0.00491756 0.0277999 -0.0049618 -0.00491756 -0.00407511 -0.00494142 -0.00494142 -0.00407511 -0.00491756 -0.0049618 0.123425 -0.0048908 -0.0049782 0.0915499 -0.0048908 -0.0049782 0.123425 -0.0048618 -0.00499021 0.0915499 -0.00483129 -0.00499754 0.0915499 -0.0048618 -0.00499021 0.123425 -0.00494142 -0.00494142 0.0277999 -0.0049618 -0.00491756 0.0596749 -0.00491756 -0.0049618 0.0915499 -0.00491756 -0.0049618 0.0596749 -0.0048908 -0.0049782 0.0596749 -0.00483129 -0.00499754 0.123425 -0.0048 -0.005 0.123425 -0.0048 -0.005 0.0915499 -0.005 -0.0048 -0.00407511 -0.00499021 -0.0048618 -0.00407511 -0.00499754 -0.00483129 -0.00407511 -0.00499021 -0.0048618 -0.0359501 -0.00499754 -0.00483129 0.0277999 -0.005 -0.0048 0.0277999 -0.00499021 -0.0048618 -0.0678251 -0.00499754 -0.00483129 0.0596749 -0.005 -0.0048 0.0596749 -0.005 -0.0048 0.0915499 -0.00499754 -0.00483129 0.0915499 -0.005 -0.0048 0.123425 -0.005 -0.0048 -0.0678251 -0.005 -0.0048 -0.0997001 -0.00499754 -0.00483129 -0.0997001 -0.00499754 -0.00483129 -0.131575 -0.00494142 -0.00494142 -0.0678251 -0.00494142 -0.00494142 -0.0359501 -0.0049618 -0.00491756 -0.0359501 -0.00499021 -0.0048618 -0.131575 -0.0049782 -0.0048908 -0.0359501 -0.0049782 -0.0048908 -0.00407511 -0.005 -0.0048 -0.131575 -0.0049782 -0.0048908 0.0596749 -0.0048618 -0.00499021 -0.131575 -0.00483129 -0.00499754 -0.131575 -0.0048618 -0.00499021 -0.0997001 -0.0048 -0.005 -0.0997001 -0.0048 -0.005 -0.0678251 -0.00483129 -0.00499754 -0.0678251 -0.0048908 -0.0049782 -0.0997001 -0.00483129 -0.00499754 -0.0997001 -0.0048 -0.005 -0.131575 -0.0049782 -0.0048908 -0.131575 -0.00499021 -0.0048618 -0.0997001 -0.0049782 -0.0048908 -0.0997001 -0.0049618 -0.00491756 -0.131575 -0.00499754 -0.00483129 0.123425 -0.00499021 -0.0048618 0.0915499 -0.00494142 -0.00494142 -0.131575 -0.0049618 -0.00491756 -0.0997001 -0.00491756 -0.0049618 -0.131575 -0.00491756 -0.0049618 -0.0997001 -0.00494142 -0.00494142 -0.0997001 -0.0049782 -0.0048908 -0.0678251 -0.00499021 -0.0048618 0.123425 -0.0049782 -0.0048908 0.0915499 -0.0049618 -0.00491756 -0.0678251 -0.0049782 -0.0048908 0.123425 -0.0049618 -0.00491756 0.0915499 -0.0048908 -0.0049782 -0.131575 -0.0048908 -0.0049782 -0.0359501 -0.0048618 -0.00499021 -0.0359501 -0.0048908 -0.0049782 -0.00407511 -0.00491756 -0.0049618 0.0277999 -0.00494142 -0.00494142 0.0596749 -0.0049618 -0.00491756 0.123425 -0.00494142 -0.00494142 0.0915499 -0.00491756 -0.0049618 -0.0359501 -0.00491756 -0.0049618 -0.0678251 -0.00491756 -0.0049618 -0.00407511 -0.00494142 -0.00494142 0.123425 -0.0048908 -0.0049782 -0.0678251 -0.0048908 -0.0049782 0.0277999 -0.0048618 -0.00499021 -0.00407511 -0.0048618 -0.00499021 -0.0678251 -0.0048618 -0.00499021 0.0277999 -0.0048618 -0.00499021 0.0596749 -0.00483129 -0.00499754 0.0596749 -0.00483129 -0.00499754 -0.0359501 -0.00483129 -0.00499754 -0.00407511 -0.00483129 -0.00499754 0.0277999 -0.0048 -0.005 -0.0359501 -0.0048 -0.005 -0.00407511 -0.0048 -0.005 0.0277999 -0.0048 -0.005 0.0596749 -0.0017 -0.005 -0.0359501 -0.00166871 -0.00499754 -0.0678251 -0.00166871 -0.00499754 -0.0359501 -0.0016092 -0.0049782 0.0277999 -0.0016382 -0.00499021 0.0596749 -0.0016382 -0.00499021 0.0277999 -0.00158244 -0.0049618 0.0277999 -0.00158244 -0.0049618 -0.00407511 -0.00155858 -0.00494142 -0.00407511 -0.0015382 -0.00491756 0.123425 -0.0015218 -0.0048908 0.0915499 -0.0015218 -0.0048908 0.123425 -0.00150979 -0.0048618 0.0915499 -0.00150246 -0.00483129 0.0915499 -0.00150979 -0.0048618 0.123425 -0.00155858 -0.00494142 0.0277999 -0.00158244 -0.0049618 0.0596749 -0.0015382 -0.00491756 0.0915499 -0.0015382 -0.00491756 0.0596749 -0.0015218 -0.0048908 0.0596749 -0.00150246 -0.00483129 0.123425 -0.0015 -0.0048 0.123425 -0.0015 -0.0048 0.0915499 -0.0017 -0.005 -0.00407511 -0.0016382 -0.00499021 -0.00407511 -0.00166871 -0.00499754 -0.00407511 -0.0016382 -0.00499021 -0.0359501 -0.00166871 -0.00499754 0.0277999 -0.0017 -0.005 0.0277999 -0.0016382 -0.00499021 -0.0678251 -0.00166871 -0.00499754 0.0596749 -0.0017 -0.005 0.0596749 -0.0017 -0.005 0.0915499 -0.00166871 -0.00499754 0.0915499 -0.0017 -0.005 0.123425 -0.0017 -0.005 -0.0678251 -0.0017 -0.005 -0.0997001 -0.00166871 -0.00499754 -0.0997001 -0.00166871 -0.00499754 -0.131575 -0.00155858 -0.00494142 -0.0678251 -0.00155858 -0.00494142 -0.0359501 -0.00158244 -0.0049618 -0.0359501 -0.0016382 -0.00499021 -0.131575 -0.0016092 -0.0049782 -0.0359501 -0.0016092 -0.0049782 -0.00407511 -0.0017 -0.005 -0.131575 -0.0016092 -0.0049782 0.0596749 -0.00150979 -0.0048618 -0.131575 -0.00150246 -0.00483129 -0.131575 -0.00150979 -0.0048618 -0.0997001 -0.0015 -0.0048 -0.0997001 -0.0015 -0.0048 -0.0678251 -0.00150246 -0.00483129 -0.0678251 -0.0015218 -0.0048908 -0.0997001 -0.00150246 -0.00483129 -0.0997001 -0.0015 -0.0048 -0.131575 -0.0016092 -0.0049782 -0.131575 -0.0016382 -0.00499021 -0.0997001 -0.0016092 -0.0049782 -0.0997001 -0.00158244 -0.0049618 -0.131575 -0.00166871 -0.00499754 0.123425 -0.0016382 -0.00499021 0.0915499 -0.00155858 -0.00494142 -0.131575 -0.00158244 -0.0049618 -0.0997001 -0.0015382 -0.00491756 -0.131575 -0.0015382 -0.00491756 -0.0997001 -0.00155858 -0.00494142 -0.0997001 -0.0016092 -0.0049782 -0.0678251 -0.0016382 -0.00499021 0.123425 -0.0016092 -0.0049782 0.0915499 -0.00158244 -0.0049618 -0.0678251 -0.0016092 -0.0049782 0.123425 -0.00158244 -0.0049618 0.0915499 -0.0015218 -0.0048908 -0.131575 -0.0015218 -0.0048908 -0.0359501 -0.00150979 -0.0048618 -0.0359501 -0.0015218 -0.0048908 -0.00407511 -0.0015382 -0.00491756 0.0277999 -0.00155858 -0.00494142 0.0596749 -0.00158244 -0.0049618 0.123425 -0.00155858 -0.00494142 0.0915499 -0.0015382 -0.00491756 -0.0359501 -0.0015382 -0.00491756 -0.0678251 -0.0015382 -0.00491756 -0.00407511 -0.00155858 -0.00494142 0.123425 -0.0015218 -0.0048908 -0.0678251 -0.0015218 -0.0048908 0.0277999 -0.00150979 -0.0048618 -0.00407511 -0.00150979 -0.0048618 -0.0678251 -0.00150979 -0.0048618 0.0277999 -0.00150979 -0.0048618 0.0596749 -0.00150246 -0.00483129 0.0596749 -0.00150246 -0.00483129 -0.0359501 -0.00150246 -0.00483129 -0.00407511 -0.00150246 -0.00483129 0.0277999 -0.0015 -0.0048 -0.0359501 -0.0015 -0.0048 -0.00407511 -0.0015 -0.0048 0.0277999 -0.0015 -0.0048 0.0596749 -0.0015 -0.0042 0.0277999 -0.0015 -0.0048 -0.00407511 -0.0015 -0.0042 -0.00407511 -0.0015 -0.0042 0.0596749 -0.0015 -0.0048 0.0277999 -0.0015 -0.0048 0.0596749 -0.0015 -0.0042 0.0915499 -0.0015 -0.0042 0.123425 -0.0015 -0.0048 0.0915499 -0.0015 -0.0048 0.123425 -0.0015 -0.0048 -0.0359501 -0.0015 -0.0048 -0.0678251 -0.0015 -0.0042 -0.0359501 -0.0015 -0.0048 -0.0997001 -0.0015 -0.0042 -0.0678251 -0.0015 -0.0042 -0.0997001 -0.0015 -0.0048 -0.131575 -0.0015 -0.0042 -0.131575 -0.0015 -0.0042 -0.0359501 -0.00150246 -0.00416871 -0.0678251 -0.00150246 -0.00416871 -0.0359501 -0.0015218 -0.0041092 0.0277999 -0.00150979 -0.0041382 0.0596749 -0.00150979 -0.0041382 0.0277999 -0.0015382 -0.00408244 0.0277999 -0.0015382 -0.00408244 -0.00407511 -0.00155858 -0.00405858 -0.00407511 -0.00158244 -0.0040382 0.123425 -0.0016092 -0.0040218 0.0915499 -0.0016092 -0.0040218 0.123425 -0.0016382 -0.00400979 0.0915499 -0.00166871 -0.00400246 0.0915499 -0.0016382 -0.00400979 0.123425 -0.00155858 -0.00405858 0.0277999 -0.0015382 -0.00408244 0.0596749 -0.00158244 -0.0040382 0.0915499 -0.00158244 -0.0040382 0.0596749 -0.0016092 -0.0040218 0.0596749 -0.00166871 -0.00400246 0.123425 -0.0017 -0.004 0.123425 -0.0017 -0.004 0.0915499 -0.0015 -0.0042 -0.00407511 -0.00150979 -0.0041382 -0.00407511 -0.00150246 -0.00416871 -0.00407511 -0.00150979 -0.0041382 -0.0359501 -0.00150246 -0.00416871 0.0277999 -0.0015 -0.0042 0.0277999 -0.00150979 -0.0041382 -0.0678251 -0.00150246 -0.00416871 0.0596749 -0.0015 -0.0042 0.0596749 -0.0015 -0.0042 0.0915499 -0.00150246 -0.00416871 0.0915499 -0.0015 -0.0042 0.123425 -0.0015 -0.0042 -0.0678251 -0.0015 -0.0042 -0.0997001 -0.00150246 -0.00416871 -0.0997001 -0.00150246 -0.00416871 -0.131575 -0.00155858 -0.00405858 -0.0678251 -0.00155858 -0.00405858 -0.0359501 -0.0015382 -0.00408244 -0.0359501 -0.00150979 -0.0041382 -0.131575 -0.0015218 -0.0041092 -0.0359501 -0.0015218 -0.0041092 -0.00407511 -0.0015 -0.0042 -0.131575 -0.0015218 -0.0041092 0.0596749 -0.0016382 -0.00400979 -0.131575 -0.00166871 -0.00400246 -0.131575 -0.0016382 -0.00400979 -0.0997001 -0.0017 -0.004 -0.0997001 -0.0017 -0.004 -0.0678251 -0.00166871 -0.00400246 -0.0678251 -0.0016092 -0.0040218 -0.0997001 -0.00166871 -0.00400246 -0.0997001 -0.0017 -0.004 -0.131575 -0.0015218 -0.0041092 -0.131575 -0.00150979 -0.0041382 -0.0997001 -0.0015218 -0.0041092 -0.0997001 -0.0015382 -0.00408244 -0.131575 -0.00150246 -0.00416871 0.123425 -0.00150979 -0.0041382 0.0915499 -0.00155858 -0.00405858 -0.131575 -0.0015382 -0.00408244 -0.0997001 -0.00158244 -0.0040382 -0.131575 -0.00158244 -0.0040382 -0.0997001 -0.00155858 -0.00405858 -0.0997001 -0.0015218 -0.0041092 -0.0678251 -0.00150979 -0.0041382 0.123425 -0.0015218 -0.0041092 0.0915499 -0.0015382 -0.00408244 -0.0678251 -0.0015218 -0.0041092 0.123425 -0.0015382 -0.00408244 0.0915499 -0.0016092 -0.0040218 -0.131575 -0.0016092 -0.0040218 -0.0359501 -0.0016382 -0.00400979 -0.0359501 -0.0016092 -0.0040218 -0.00407511 -0.00158244 -0.0040382 0.0277999 -0.00155858 -0.00405858 0.0596749 -0.0015382 -0.00408244 0.123425 -0.00155858 -0.00405858 0.0915499 -0.00158244 -0.0040382 -0.0359501 -0.00158244 -0.0040382 -0.0678251 -0.00158244 -0.0040382 -0.00407511 -0.00155858 -0.00405858 0.123425 -0.0016092 -0.0040218 -0.0678251 -0.0016092 -0.0040218 0.0277999 -0.0016382 -0.00400979 -0.00407511 -0.0016382 -0.00400979 -0.0678251 -0.0016382 -0.00400979 0.0277999 -0.0016382 -0.00400979 0.0596749 -0.00166871 -0.00400246 0.0596749 -0.00166871 -0.00400246 -0.0359501 -0.00166871 -0.00400246 -0.00407511 -0.00166871 -0.00400246 0.0277999 -0.0017 -0.004 -0.0359501 -0.0017 -0.004 -0.00407511 -0.0017 -0.004 0.0277999 -0.0017 -0.004 0.0596749 -0.0017 -0.004 -0.00407511 -0.00275934 -0.004 0.0141392 -0.0017 -0.004 0.0277999 -0.00275934 -0.004 -0.0222894 -0.0017 -0.004 0.0596749 -0.00275934 -0.004 0.0505677 -0.00275934 -0.004 0.0869963 -0.0017 -0.004 0.0915499 -0.00275934 -0.004 0.123425 -0.0017 -0.004 0.123425 -0.0017 -0.004 -0.0359501 -0.0017 -0.004 -0.0678251 -0.00275934 -0.004 -0.058718 -0.0017 -0.004 -0.0997001 -0.00275934 -0.004 -0.0951465 -0.0017 -0.004 -0.131575 -0.00275934 -0.004 -0.131575 -0.00293417 -0.00370286 0.0141392 -0.00294829 -0.00373443 -0.0222894 -0.00293417 -0.00370286 -0.0222894 -0.00289081 -0.00364928 -0.058718 -0.00291481 -0.00367419 -0.058718 -0.00291481 -0.00367419 -0.0951465 -0.00291336 -0.00367241 -0.131575 -0.00289081 -0.00364928 -0.0951465 -0.00293189 -0.00369887 -0.131575 -0.00293417 -0.00370286 -0.0951465 -0.00275934 -0.004 -0.058718 -0.00275934 -0.004 -0.0951465 -0.00279381 -0.00399701 -0.058718 -0.00289081 -0.00364928 -0.0222894 -0.00291481 -0.00367419 -0.0222894 -0.00295591 -0.00383688 -0.0222894 -0.00295933 -0.00380246 0.0141392 -0.00295591 -0.00383688 0.0141392 -0.00289081 -0.00364928 -0.131575 -0.00293172 -0.00390142 0.0141392 -0.00293172 -0.00390142 -0.0222894 -0.00294662 -0.0038702 0.0141392 -0.00295676 -0.00376797 -0.0222894 -0.00295676 -0.00376797 0.0141392 -0.00295933 -0.00380246 -0.0222894 -0.00294662 -0.0038702 -0.0222894 -0.00291167 -0.0039296 0.0141392 -0.00291167 -0.0039296 -0.0222894 -0.00282284 -0.00398965 0.123425 -0.00279154 -0.00399739 0.123425 -0.00279381 -0.00399701 0.0869963 -0.00294662 -0.0038702 0.0505677 -0.00287977 -0.00395967 -0.131575 -0.00288706 -0.00395391 -0.0951465 -0.00285863 -0.00397361 -0.0951465 -0.00293172 -0.00390142 0.0505677 -0.00282723 -0.00398812 -0.058718 -0.00279381 -0.00399701 -0.0951465 -0.00282723 -0.00398812 -0.0222894 -0.00285863 -0.00397361 -0.0222894 -0.00285863 -0.00397361 0.0141392 -0.00279154 -0.00399739 -0.131575 -0.00275934 -0.004 -0.131575 -0.00282723 -0.00398812 0.0869963 -0.00285863 -0.00397361 0.0869963 -0.00285252 -0.00397697 0.123425 -0.00290389 -0.00393822 -0.131575 -0.00291167 -0.0039296 -0.0951465 -0.00282723 -0.00398812 0.0141392 -0.00275934 -0.004 0.123425 -0.00275934 -0.004 0.0869963 -0.00291167 -0.0039296 0.0505677 -0.00288706 -0.00395391 0.0141392 -0.00294829 -0.00373443 0.0141392 -0.00293417 -0.00370286 0.0505677 -0.00291481 -0.00367419 0.0141392 -0.00289081 -0.00364928 0.0141392 -0.00291481 -0.00367419 0.0505677 -0.00289081 -0.00364928 0.0505677 -0.00289081 -0.00364928 0.0869963 -0.00291481 -0.00367419 0.0869963 -0.00289081 -0.00364928 0.123425 -0.00291336 -0.00367241 0.123425 -0.00294592 -0.00372796 -0.131575 -0.00294829 -0.00373443 -0.0951465 -0.00293417 -0.00370286 -0.058718 -0.00293417 -0.00370286 0.0869963 -0.00293189 -0.00369887 0.123425 -0.00295508 -0.00375893 -0.131575 -0.00295676 -0.00376797 -0.0951465 -0.00294829 -0.00373443 -0.058718 -0.00294829 -0.00373443 0.0869963 -0.00294829 -0.00373443 0.0505677 -0.00294592 -0.00372796 0.123425 -0.00295914 -0.00379097 -0.131575 -0.00295933 -0.00380246 -0.0951465 -0.00295676 -0.00376797 -0.058718 -0.00295676 -0.00376797 0.0869963 -0.00295676 -0.00376797 0.0505677 -0.00295508 -0.00375893 0.123425 -0.00295799 -0.00382325 -0.131575 -0.00295591 -0.00383688 -0.0951465 -0.00295933 -0.00380246 -0.058718 -0.00295933 -0.00380246 0.0869963 -0.00295933 -0.00380246 0.0505677 -0.00295914 -0.00379097 0.123425 -0.00295165 -0.00385491 -0.131575 -0.00294662 -0.0038702 -0.0951465 -0.00295591 -0.00383688 -0.058718 -0.00295591 -0.00383688 0.0869963 -0.00295591 -0.00383688 0.0505677 -0.00295799 -0.00382325 0.123425 -0.00294031 -0.00388515 -0.131575 -0.00293172 -0.00390142 -0.0951465 -0.00294662 -0.0038702 -0.058718 -0.00295165 -0.00385491 0.123425 -0.00294662 -0.0038702 0.0869963 -0.00292425 -0.00391316 -0.131575 -0.00293172 -0.00390142 -0.058718 -0.00294031 -0.00388515 0.123425 -0.00293172 -0.00390142 0.0869963 -0.00282723 -0.00398812 -0.0951465 -0.00285252 -0.00397697 -0.131575 -0.00291167 -0.0039296 -0.058718 -0.00288706 -0.00395391 -0.0222894 -0.00292425 -0.00391316 0.123425 -0.00291167 -0.0039296 0.0869963 -0.00288706 -0.00395391 -0.058718 -0.00290389 -0.00393822 0.123425 -0.00288706 -0.00395391 0.0869963 -0.00288706 -0.00395391 0.0505677 -0.00285863 -0.00397361 -0.058718 -0.00287977 -0.00395967 0.123425 -0.00285863 -0.00397361 0.0505677 -0.00282284 -0.00398965 -0.131575 -0.00279381 -0.00399701 0.0505677 -0.00282723 -0.00398812 0.0505677 -0.00279381 -0.00399701 0.0141392 -0.00279381 -0.00399701 -0.0222894 -0.00275934 -0.004 -0.0222894 -0.00275934 -0.004 0.0141392 -0.00275934 -0.004 0.0505677 -0.0010565 -0.00204928 -0.00407511 -0.00289081 -0.00364928 0.0141392 -0.00289081 -0.00364928 -0.0222894 -0.0010565 -0.00204928 0.0277999 -0.00289081 -0.00364928 0.0505677 -0.00289081 -0.00364928 0.0869963 -0.0010565 -0.00204928 0.0596749 -0.0010565 -0.00204928 0.123425 -0.0010565 -0.00204928 0.0915499 -0.00289081 -0.00364928 0.123425 -0.0010565 -0.00204928 -0.0359501 -0.00289081 -0.00364928 -0.058718 -0.0010565 -0.00204928 -0.0678251 -0.00289081 -0.00364928 -0.0951465 -0.0010565 -0.00204928 -0.0997001 -0.00289081 -0.00364928 -0.131575 -0.0010565 -0.00204928 -0.131575 -0.00100847 -0.00201824 -0.0997001 -0.00100847 -0.00201824 -0.131575 -0.000981628 -0.00200818 -0.0997001 -0.0010336 -0.00203203 -0.131575 -0.0010336 -0.00203203 -0.0997001 -0.0010565 -0.00204928 -0.131575 -0.0010336 -0.00203203 -0.0678251 -0.0010565 -0.00204928 -0.0678251 -0.0010565 -0.00204928 -0.0997001 -0.000953623 -0.00200205 -0.0678251 -0.000953623 -0.00200205 -0.0997001 -0.00092503 -0.002 -0.0678251 -0.000981628 -0.00200818 -0.131575 -0.000953623 -0.00200205 -0.131575 -0.00092503 -0.002 -0.131575 -0.00092503 -0.002 -0.0997001 -0.00092503 -0.002 -0.00407511 -0.000953623 -0.00200205 -0.0359501 -0.00092503 -0.002 -0.0359501 -0.000953623 -0.00200205 -0.00407511 -0.00092503 -0.002 0.0277999 -0.000981628 -0.00200818 0.0596749 -0.000953623 -0.00200205 0.0915499 -0.000981628 -0.00200818 0.0915499 -0.000953623 -0.00200205 0.0277999 -0.00100847 -0.00201824 0.0915499 -0.00100847 -0.00201824 0.123425 -0.0010336 -0.00203203 0.0915499 -0.0010336 -0.00203203 0.123425 -0.00092503 -0.002 0.0596749 -0.00100847 -0.00201824 0.0277999 -0.00100847 -0.00201824 0.0596749 -0.0010565 -0.00204928 0.0915499 -0.0010565 -0.00204928 0.123425 -0.00092503 -0.002 0.0915499 -0.000953623 -0.00200205 0.0596749 -0.00092503 -0.002 0.123425 -0.000981628 -0.00200818 -0.0359501 -0.000981628 -0.00200818 -0.0678251 -0.000981628 -0.00200818 -0.00407511 -0.000981628 -0.00200818 0.0277999 -0.000953623 -0.00200205 0.123425 -0.00100847 -0.00201824 -0.0359501 -0.00100847 -0.00201824 -0.00407511 -0.00100847 -0.00201824 -0.0678251 -0.000981628 -0.00200818 0.123425 -0.0010336 -0.00203203 -0.0359501 -0.0010336 -0.00203203 -0.00407511 -0.0010336 -0.00203203 0.0277999 -0.0010336 -0.00203203 0.0596749 -0.0010565 -0.00204928 -0.0359501 -0.0010565 -0.00204928 -0.00407511 -0.0010565 -0.00204928 0.0277999 -0.0010565 -0.00204928 0.0596749 0.00092503 -0.002 0.0277999 -0.00092503 -0.002 -0.00407511 0.00092503 -0.002 -0.00407511 0.00092503 -0.002 0.0596749 -0.00092503 -0.002 0.0277999 -0.00092503 -0.002 0.0596749 0.00092503 -0.002 0.0915499 0.00092503 -0.002 0.123425 -0.00092503 -0.002 0.0915499 -0.00092503 -0.002 0.123425 -0.00092503 -0.002 -0.0359501 -0.00092503 -0.002 -0.0678251 0.00092503 -0.002 -0.0359501 -0.00092503 -0.002 -0.0997001 0.00092503 -0.002 -0.0678251 0.00092503 -0.002 -0.0997001 -0.00092503 -0.002 -0.131575 0.00092503 -0.002 -0.131575 0.000981628 -0.00200818 -0.0997001 0.000981628 -0.00200818 -0.131575 0.00100847 -0.00201824 -0.0997001 0.000953623 -0.00200205 -0.131575 0.000953623 -0.00200205 -0.0997001 0.00092503 -0.002 -0.131575 0.000953623 -0.00200205 -0.0678251 0.00092503 -0.002 -0.0678251 0.00092503 -0.002 -0.0997001 0.0010336 -0.00203203 -0.0678251 0.0010336 -0.00203203 -0.0997001 0.0010565 -0.00204928 -0.0678251 0.00100847 -0.00201824 -0.131575 0.0010336 -0.00203203 -0.131575 0.0010565 -0.00204928 -0.131575 0.0010565 -0.00204928 -0.0997001 0.0010565 -0.00204928 -0.00407511 0.0010336 -0.00203203 -0.0359501 0.0010565 -0.00204928 -0.0359501 0.0010336 -0.00203203 -0.00407511 0.0010565 -0.00204928 0.0277999 0.00100847 -0.00201824 0.0596749 0.0010336 -0.00203203 0.0915499 0.00100847 -0.00201824 0.0915499 0.0010336 -0.00203203 0.0277999 0.000981628 -0.00200818 0.0915499 0.000981628 -0.00200818 0.123425 0.000953623 -0.00200205 0.0915499 0.000953623 -0.00200205 0.123425 0.0010565 -0.00204928 0.0596749 0.000981628 -0.00200818 0.0277999 0.000981628 -0.00200818 0.0596749 0.00092503 -0.002 0.0915499 0.00092503 -0.002 0.123425 0.0010565 -0.00204928 0.0915499 0.0010336 -0.00203203 0.0596749 0.0010565 -0.00204928 0.123425 0.00100847 -0.00201824 -0.0359501 0.00100847 -0.00201824 -0.0678251 0.00100847 -0.00201824 -0.00407511 0.00100847 -0.00201824 0.0277999 0.0010336 -0.00203203 0.123425 0.000981628 -0.00200818 -0.0359501 0.000981628 -0.00200818 -0.00407511 0.000981628 -0.00200818 -0.0678251 0.00100847 -0.00201824 0.123425 0.000953623 -0.00200205 -0.0359501 0.000953623 -0.00200205 -0.00407511 0.000953623 -0.00200205 0.0277999 0.000953623 -0.00200205 0.0596749 0.00092503 -0.002 -0.0359501 0.00092503 -0.002 -0.00407511 0.00092503 -0.002 0.0277999 0.00092503 -0.002 0.0596749 0.0010565 -0.00204928 -0.00407511 0.00289081 -0.00364928 0.0141392 0.0010565 -0.00204928 0.0277999 0.00289081 -0.00364928 -0.0222894 0.0010565 -0.00204928 0.0596749 0.00289081 -0.00364928 0.0505677 0.00289081 -0.00364928 0.0869963 0.0010565 -0.00204928 0.0915499 0.00289081 -0.00364928 0.123425 0.0010565 -0.00204928 0.123425 0.0010565 -0.00204928 -0.0359501 0.0010565 -0.00204928 -0.0678251 0.00289081 -0.00364928 -0.058718 0.0010565 -0.00204928 -0.0997001 0.00289081 -0.00364928 -0.0951465 0.0010565 -0.00204928 -0.131575 0.00289081 -0.00364928 -0.131575 0.00282723 -0.00398812 0.0141392 0.00285863 -0.00397361 -0.0222894 0.00282723 -0.00398812 -0.0222894 0.00275934 -0.004 -0.058718 0.00279381 -0.00399701 -0.058718 0.00279381 -0.00399701 -0.0951465 0.00279154 -0.00399739 -0.131575 0.00275934 -0.004 -0.0951465 0.00282289 -0.00398963 -0.131575 0.00282723 -0.00398812 -0.0951465 0.00289081 -0.00364928 -0.058718 0.00289081 -0.00364928 -0.0951465 0.00291481 -0.00367419 -0.058718 0.00275934 -0.004 -0.0222894 0.00279381 -0.00399701 -0.0222894 0.00293172 -0.00390142 -0.0222894 0.00291167 -0.0039296 0.0141392 0.00293172 -0.00390142 0.0141392 0.00275934 -0.004 -0.131575 0.00295591 -0.00383688 0.0141392 0.00295591 -0.00383688 -0.0222894 0.00294662 -0.0038702 0.0141392 0.00288706 -0.00395391 -0.0222894 0.00288706 -0.00395391 0.0141392 0.00291167 -0.0039296 -0.0222894 0.00294662 -0.0038702 -0.0222894 0.00295933 -0.00380246 0.0141392 0.00295933 -0.00380246 -0.0222894 0.00293186 -0.00369882 0.123425 0.00291336 -0.00367241 0.123425 0.00291481 -0.00367419 0.0869963 0.00294662 -0.0038702 0.0505677 0.00295506 -0.00375883 -0.131575 0.00295676 -0.00376797 -0.0951465 0.00294829 -0.00373443 -0.0951465 0.00295591 -0.00383688 0.0505677 0.00293417 -0.00370286 -0.058718 0.00291481 -0.00367419 -0.0951465 0.00293417 -0.00370286 -0.0222894 0.00294829 -0.00373443 -0.0222894 0.00294829 -0.00373443 0.0141392 0.00291336 -0.00367241 -0.131575 0.00289081 -0.00364928 -0.131575 0.00293417 -0.00370286 0.0869963 0.00294829 -0.00373443 0.0869963 0.00294588 -0.00372788 0.123425 0.00295913 -0.00379086 -0.131575 0.00295933 -0.00380246 -0.0951465 0.00293417 -0.00370286 0.0141392 0.00289081 -0.00364928 0.123425 0.00289081 -0.00364928 0.0869963 0.00295933 -0.00380246 0.0505677 0.00295676 -0.00376797 0.0141392 0.00285863 -0.00397361 0.0141392 0.00282723 -0.00398812 0.0505677 0.00279381 -0.00399701 0.0141392 0.00275934 -0.004 0.0141392 0.00279381 -0.00399701 0.0505677 0.00275934 -0.004 0.0505677 0.00275934 -0.004 0.0869963 0.00279381 -0.00399701 0.0869963 0.00275934 -0.004 0.123425 0.00279154 -0.00399739 0.123425 0.00285259 -0.00397693 -0.131575 0.00285863 -0.00397361 -0.0951465 0.00282723 -0.00398812 -0.058718 0.00282723 -0.00398812 0.0869963 0.00282289 -0.00398963 0.123425 0.00287985 -0.00395961 -0.131575 0.00288706 -0.00395391 -0.0951465 0.00285863 -0.00397361 -0.058718 0.00285863 -0.00397361 0.0869963 0.00285863 -0.00397361 0.0505677 0.00285259 -0.00397693 0.123425 0.00290397 -0.00393814 -0.131575 0.00291167 -0.0039296 -0.0951465 0.00288706 -0.00395391 -0.058718 0.00288706 -0.00395391 0.0869963 0.00288706 -0.00395391 0.0505677 0.00287985 -0.00395961 0.123425 0.00292432 -0.00391306 -0.131575 0.00293172 -0.00390142 -0.0951465 0.00291167 -0.0039296 -0.058718 0.00291167 -0.0039296 0.0869963 0.00291167 -0.0039296 0.0505677 0.00290397 -0.00393814 0.123425 0.00294037 -0.00388503 -0.131575 0.00294662 -0.0038702 -0.0951465 0.00293172 -0.00390142 -0.058718 0.00293172 -0.00390142 0.0869963 0.00293172 -0.00390142 0.0505677 0.00292432 -0.00391306 0.123425 0.00295169 -0.00385479 -0.131575 0.00295591 -0.00383688 -0.0951465 0.00294662 -0.0038702 -0.058718 0.00294037 -0.00388503 0.123425 0.00294662 -0.0038702 0.0869963 0.002958 -0.00382312 -0.131575 0.00295591 -0.00383688 -0.058718 0.00295169 -0.00385479 0.123425 0.00295591 -0.00383688 0.0869963 0.00293417 -0.00370286 -0.0951465 0.00294588 -0.00372788 -0.131575 0.00295933 -0.00380246 -0.058718 0.00295676 -0.00376797 -0.0222894 0.002958 -0.00382312 0.123425 0.00295933 -0.00380246 0.0869963 0.00295676 -0.00376797 -0.058718 0.00295913 -0.00379086 0.123425 0.00295676 -0.00376797 0.0869963 0.00295676 -0.00376797 0.0505677 0.00294829 -0.00373443 -0.058718 0.00295506 -0.00375883 0.123425 0.00294829 -0.00373443 0.0505677 0.00293186 -0.00369882 -0.131575 0.00291481 -0.00367419 0.0505677 0.00293417 -0.00370286 0.0505677 0.00291481 -0.00367419 0.0141392 0.00291481 -0.00367419 -0.0222894 0.00289081 -0.00364928 -0.0222894 0.00289081 -0.00364928 0.0141392 0.00289081 -0.00364928 0.0505677 0.00275934 -0.004 -0.0222894 0.0017 -0.004 -0.00407511 0.00275934 -0.004 0.0141392 0.0017 -0.004 -0.0359501 0.00275934 -0.004 0.0505677 0.0017 -0.004 0.0277999 0.0017 -0.004 0.0596749 0.00275934 -0.004 0.0869963 0.0017 -0.004 0.0915499 0.0017 -0.004 0.123425 0.00275934 -0.004 0.123425 0.00275934 -0.004 -0.058718 0.00275934 -0.004 -0.0951465 0.0017 -0.004 -0.0678251 0.00275934 -0.004 -0.131575 0.0017 -0.004 -0.0997001 0.0017 -0.004 -0.131575 0.0017 -0.004 -0.0359501 0.00166871 -0.00400246 -0.0678251 0.00166871 -0.00400246 -0.0359501 0.0016092 -0.0040218 0.0277999 0.0016382 -0.00400979 0.0596749 0.0016382 -0.00400979 0.0277999 0.00158244 -0.0040382 0.0277999 0.00158244 -0.0040382 -0.00407511 0.00155858 -0.00405858 -0.00407511 0.0015382 -0.00408244 0.123425 0.0015218 -0.0041092 0.0915499 0.0015218 -0.0041092 0.123425 0.00150979 -0.0041382 0.0915499 0.00150246 -0.00416871 0.0915499 0.00150979 -0.0041382 0.123425 0.00155858 -0.00405858 0.0277999 0.00158244 -0.0040382 0.0596749 0.0015382 -0.00408244 0.0915499 0.0015382 -0.00408244 0.0596749 0.0015218 -0.0041092 0.0596749 0.00150246 -0.00416871 0.123425 0.0015 -0.0042 0.123425 0.0015 -0.0042 0.0915499 0.0017 -0.004 -0.00407511 0.0016382 -0.00400979 -0.00407511 0.00166871 -0.00400246 -0.00407511 0.0016382 -0.00400979 -0.0359501 0.00166871 -0.00400246 0.0277999 0.0017 -0.004 0.0277999 0.0016382 -0.00400979 -0.0678251 0.00166871 -0.00400246 0.0596749 0.0017 -0.004 0.0596749 0.0017 -0.004 0.0915499 0.00166871 -0.00400246 0.0915499 0.0017 -0.004 0.123425 0.0017 -0.004 -0.0678251 0.0017 -0.004 -0.0997001 0.00166871 -0.00400246 -0.0997001 0.00166871 -0.00400246 -0.131575 0.00155858 -0.00405858 -0.0678251 0.00155858 -0.00405858 -0.0359501 0.00158244 -0.0040382 -0.0359501 0.0016382 -0.00400979 -0.131575 0.0016092 -0.0040218 -0.0359501 0.0016092 -0.0040218 -0.00407511 0.0017 -0.004 -0.131575 0.0016092 -0.0040218 0.0596749 0.00150979 -0.0041382 -0.131575 0.00150246 -0.00416871 -0.131575 0.00150979 -0.0041382 -0.0997001 0.0015 -0.0042 -0.0997001 0.0015 -0.0042 -0.0678251 0.00150246 -0.00416871 -0.0678251 0.0015218 -0.0041092 -0.0997001 0.00150246 -0.00416871 -0.0997001 0.0015 -0.0042 -0.131575 0.0016092 -0.0040218 -0.131575 0.0016382 -0.00400979 -0.0997001 0.0016092 -0.0040218 -0.0997001 0.00158244 -0.0040382 -0.131575 0.00166871 -0.00400246 0.123425 0.0016382 -0.00400979 0.0915499 0.00155858 -0.00405858 -0.131575 0.00158244 -0.0040382 -0.0997001 0.0015382 -0.00408244 -0.131575 0.0015382 -0.00408244 -0.0997001 0.00155858 -0.00405858 -0.0997001 0.0016092 -0.0040218 -0.0678251 0.0016382 -0.00400979 0.123425 0.0016092 -0.0040218 0.0915499 0.00158244 -0.0040382 -0.0678251 0.0016092 -0.0040218 0.123425 0.00158244 -0.0040382 0.0915499 0.0015218 -0.0041092 -0.131575 0.0015218 -0.0041092 -0.0359501 0.00150979 -0.0041382 -0.0359501 0.0015218 -0.0041092 -0.00407511 0.0015382 -0.00408244 0.0277999 0.00155858 -0.00405858 0.0596749 0.00158244 -0.0040382 0.123425 0.00155858 -0.00405858 0.0915499 0.0015382 -0.00408244 -0.0359501 0.0015382 -0.00408244 -0.0678251 0.0015382 -0.00408244 -0.00407511 0.00155858 -0.00405858 0.123425 0.0015218 -0.0041092 -0.0678251 0.0015218 -0.0041092 0.0277999 0.00150979 -0.0041382 -0.00407511 0.00150979 -0.0041382 -0.0678251 0.00150979 -0.0041382 0.0277999 0.00150979 -0.0041382 0.0596749 0.00150246 -0.00416871 0.0596749 0.00150246 -0.00416871 -0.0359501 0.00150246 -0.00416871 -0.00407511 0.00150246 -0.00416871 0.0277999 0.0015 -0.0042 -0.0359501 0.0015 -0.0042 -0.00407511 0.0015 -0.0042 0.0277999 0.0015 -0.0042 0.0596749 0.0015 -0.0048 -0.00407511 0.0015 -0.0048 0.0277999 0.0015 -0.0042 -0.00407511 0.0015 -0.0042 -0.0359501 0.0015 -0.0042 0.0277999 0.0015 -0.0048 0.0596749 0.0015 -0.0048 0.0915499 0.0015 -0.0042 0.0596749 0.0015 -0.0048 0.123425 0.0015 -0.0042 0.0915499 0.0015 -0.0042 0.123425 0.0015 -0.0048 -0.0359501 0.0015 -0.0048 -0.0678251 0.0015 -0.0042 -0.0678251 0.0015 -0.0042 -0.0997001 0.0015 -0.0048 -0.0997001 0.0015 -0.0042 -0.131575 0.0015 -0.0048 -0.131575 0.0015 -0.0048 -0.0359501 0.00150246 -0.00483129 -0.0678251 0.00150246 -0.00483129 -0.0359501 0.0015218 -0.0048908 0.0277999 0.00150979 -0.0048618 0.0596749 0.00150979 -0.0048618 0.0277999 0.0015382 -0.00491756 0.0277999 0.0015382 -0.00491756 -0.00407511 0.00155858 -0.00494142 -0.00407511 0.00158244 -0.0049618 0.123425 0.0016092 -0.0049782 0.0915499 0.0016092 -0.0049782 0.123425 0.0016382 -0.00499021 0.0915499 0.00166871 -0.00499754 0.0915499 0.0016382 -0.00499021 0.123425 0.00155858 -0.00494142 0.0277999 0.0015382 -0.00491756 0.0596749 0.00158244 -0.0049618 0.0915499 0.00158244 -0.0049618 0.0596749 0.0016092 -0.0049782 0.0596749 0.00166871 -0.00499754 0.123425 0.0017 -0.005 0.123425 0.0017 -0.005 0.0915499 0.0015 -0.0048 -0.00407511 0.00150979 -0.0048618 -0.00407511 0.00150246 -0.00483129 -0.00407511 0.00150979 -0.0048618 -0.0359501 0.00150246 -0.00483129 0.0277999 0.0015 -0.0048 0.0277999 0.00150979 -0.0048618 -0.0678251 0.00150246 -0.00483129 0.0596749 0.0015 -0.0048 0.0596749 0.0015 -0.0048 0.0915499 0.00150246 -0.00483129 0.0915499 0.0015 -0.0048 0.123425 0.0015 -0.0048 -0.0678251 0.0015 -0.0048 -0.0997001 0.00150246 -0.00483129 -0.0997001 0.00150246 -0.00483129 -0.131575 0.00155858 -0.00494142 -0.0678251 0.00155858 -0.00494142 -0.0359501 0.0015382 -0.00491756 -0.0359501 0.00150979 -0.0048618 -0.131575 0.0015218 -0.0048908 -0.0359501 0.0015218 -0.0048908 -0.00407511 0.0015 -0.0048 -0.131575 0.0015218 -0.0048908 0.0596749 0.0016382 -0.00499021 -0.131575 0.00166871 -0.00499754 -0.131575 0.0016382 -0.00499021 -0.0997001 0.0017 -0.005 -0.0997001 0.0017 -0.005 -0.0678251 0.00166871 -0.00499754 -0.0678251 0.0016092 -0.0049782 -0.0997001 0.00166871 -0.00499754 -0.0997001 0.0017 -0.005 -0.131575 0.0015218 -0.0048908 -0.131575 0.00150979 -0.0048618 -0.0997001 0.0015218 -0.0048908 -0.0997001 0.0015382 -0.00491756 -0.131575 0.00150246 -0.00483129 0.123425 0.00150979 -0.0048618 0.0915499 0.00155858 -0.00494142 -0.131575 0.0015382 -0.00491756 -0.0997001 0.00158244 -0.0049618 -0.131575 0.00158244 -0.0049618 -0.0997001 0.00155858 -0.00494142 -0.0997001 0.0015218 -0.0048908 -0.0678251 0.00150979 -0.0048618 0.123425 0.0015218 -0.0048908 0.0915499 0.0015382 -0.00491756 -0.0678251 0.0015218 -0.0048908 0.123425 0.0015382 -0.00491756 0.0915499 0.0016092 -0.0049782 -0.131575 0.0016092 -0.0049782 -0.0359501 0.0016382 -0.00499021 -0.0359501 0.0016092 -0.0049782 -0.00407511 0.00158244 -0.0049618 0.0277999 0.00155858 -0.00494142 0.0596749 0.0015382 -0.00491756 0.123425 0.00155858 -0.00494142 0.0915499 0.00158244 -0.0049618 -0.0359501 0.00158244 -0.0049618 -0.0678251 0.00158244 -0.0049618 -0.00407511 0.00155858 -0.00494142 0.123425 0.0016092 -0.0049782 -0.0678251 0.0016092 -0.0049782 0.0277999 0.0016382 -0.00499021 -0.00407511 0.0016382 -0.00499021 -0.0678251 0.0016382 -0.00499021 0.0277999 0.0016382 -0.00499021 0.0596749 0.00166871 -0.00499754 0.0596749 0.00166871 -0.00499754 -0.0359501 0.00166871 -0.00499754 -0.00407511 0.00166871 -0.00499754 0.0277999 0.0017 -0.005 -0.0359501 0.0017 -0.005 -0.00407511 0.0017 -0.005 0.0277999 0.0017 -0.005 0.0596749 0.0048 -0.005 0.0277999 0.0017 -0.005 -0.00407511 0.0048 -0.005 -0.00407511 0.0048 -0.005 0.0596749 0.0017 -0.005 0.0277999 0.0017 -0.005 0.0596749 0.0048 -0.005 0.0915499 0.0048 -0.005 0.123425 0.0017 -0.005 0.0915499 0.0017 -0.005 0.123425 0.0017 -0.005 -0.0359501 0.0017 -0.005 -0.0678251 0.0048 -0.005 -0.0359501 0.0017 -0.005 -0.0997001 0.0048 -0.005 -0.0678251 0.0048 -0.005 -0.0997001 0.0017 -0.005 -0.131575 0.0048 -0.005 -0.131575 0.0048 -0.005 -0.0359501 0.00483129 -0.00499754 -0.0678251 0.00483129 -0.00499754 -0.0359501 0.0048908 -0.0049782 0.0277999 0.0048618 -0.00499021 0.0596749 0.0048618 -0.00499021 0.0277999 0.00491756 -0.0049618 0.0277999 0.00491756 -0.0049618 -0.00407511 0.00494142 -0.00494142 -0.00407511 0.0049618 -0.00491756 0.123425 0.0049782 -0.0048908 0.0915499 0.0049782 -0.0048908 0.123425 0.00499021 -0.0048618 0.0915499 0.00499754 -0.00483129 0.0915499 0.00499021 -0.0048618 0.123425 0.00494142 -0.00494142 0.0277999 0.00491756 -0.0049618 0.0596749 0.0049618 -0.00491756 0.0915499 0.0049618 -0.00491756 0.0596749 0.0049782 -0.0048908 0.0596749 0.00499754 -0.00483129 0.123425 0.005 -0.0048 0.123425 0.005 -0.0048 0.0915499 0.0048 -0.005 -0.00407511 0.0048618 -0.00499021 -0.00407511 0.00483129 -0.00499754 -0.00407511 0.0048618 -0.00499021 -0.0359501 0.00483129 -0.00499754 0.0277999 0.0048 -0.005 0.0277999 0.0048618 -0.00499021 -0.0678251 0.00483129 -0.00499754 0.0596749 0.0048 -0.005 0.0596749 0.0048 -0.005 0.0915499 0.00483129 -0.00499754 0.0915499 0.0048 -0.005 0.123425 0.0048 -0.005 -0.0678251 0.0048 -0.005 -0.0997001 0.00483129 -0.00499754 -0.0997001 0.00483129 -0.00499754 -0.131575 0.00494142 -0.00494142 -0.0678251 0.00494142 -0.00494142 -0.0359501 0.00491756 -0.0049618 -0.0359501 0.0048618 -0.00499021 -0.131575 0.0048908 -0.0049782 -0.0359501 0.0048908 -0.0049782 -0.00407511 0.0048 -0.005 -0.131575 0.0048908 -0.0049782 0.0596749 0.00499021 -0.0048618 -0.131575 0.00499754 -0.00483129 -0.131575 0.00499021 -0.0048618 -0.0997001 0.005 -0.0048 -0.0997001 0.005 -0.0048 -0.0678251 0.00499754 -0.00483129 -0.0678251 0.0049782 -0.0048908 -0.0997001 0.00499754 -0.00483129 -0.0997001 0.005 -0.0048 -0.131575 0.0048908 -0.0049782 -0.131575 0.0048618 -0.00499021 -0.0997001 0.0048908 -0.0049782 -0.0997001 0.00491756 -0.0049618 -0.131575 0.00483129 -0.00499754 0.123425 0.0048618 -0.00499021 0.0915499 0.00494142 -0.00494142 -0.131575 0.00491756 -0.0049618 -0.0997001 0.0049618 -0.00491756 -0.131575 0.0049618 -0.00491756 -0.0997001 0.00494142 -0.00494142 -0.0997001 0.0048908 -0.0049782 -0.0678251 0.0048618 -0.00499021 0.123425 0.0048908 -0.0049782 0.0915499 0.00491756 -0.0049618 -0.0678251 0.0048908 -0.0049782 0.123425 0.00491756 -0.0049618 0.0915499 0.0049782 -0.0048908 -0.131575 0.0049782 -0.0048908 -0.0359501 0.00499021 -0.0048618 -0.0359501 0.0049782 -0.0048908 -0.00407511 0.0049618 -0.00491756 0.0277999 0.00494142 -0.00494142 0.0596749 0.00491756 -0.0049618 0.123425 0.00494142 -0.00494142 0.0915499 0.0049618 -0.00491756 -0.0359501 0.0049618 -0.00491756 -0.0678251 0.0049618 -0.00491756 -0.00407511 0.00494142 -0.00494142 0.123425 0.0049782 -0.0048908 -0.0678251 0.0049782 -0.0048908 0.0277999 0.00499021 -0.0048618 -0.00407511 0.00499021 -0.0048618 -0.0678251 0.00499021 -0.0048618 0.0277999 0.00499021 -0.0048618 0.0596749 0.00499754 -0.00483129 0.0596749 0.00499754 -0.00483129 -0.0359501 0.00499754 -0.00483129 -0.00407511 0.00499754 -0.00483129 0.0277999 0.005 -0.0048 -0.0359501 0.005 -0.0048 -0.00407511 0.005 -0.0048 0.0277999 0.005 -0.0048 0.0596749 0.005 -0.0017 -0.0359501 0.00499754 -0.00166871 -0.0678251 0.00499754 -0.00166871 -0.0359501 0.0049782 -0.0016092 0.0277999 0.00499021 -0.0016382 0.0596749 0.00499021 -0.0016382 0.0277999 0.0049618 -0.00158244 0.0277999 0.0049618 -0.00158244 -0.00407511 0.00494142 -0.00155858 -0.00407511 0.00491756 -0.0015382 0.123425 0.0048908 -0.0015218 0.0915499 0.0048908 -0.0015218 0.123425 0.0048618 -0.00150979 0.0915499 0.00483129 -0.00150246 0.0915499 0.0048618 -0.00150979 0.123425 0.00494142 -0.00155858 0.0277999 0.0049618 -0.00158244 0.0596749 0.00491756 -0.0015382 0.0915499 0.00491756 -0.0015382 0.0596749 0.0048908 -0.0015218 0.0596749 0.00483129 -0.00150246 0.123425 0.0048 -0.0015 0.123425 0.0048 -0.0015 0.0915499 0.005 -0.0017 -0.00407511 0.00499021 -0.0016382 -0.00407511 0.00499754 -0.00166871 -0.00407511 0.00499021 -0.0016382 -0.0359501 0.00499754 -0.00166871 0.0277999 0.005 -0.0017 0.0277999 0.00499021 -0.0016382 -0.0678251 0.00499754 -0.00166871 0.0596749 0.005 -0.0017 0.0596749 0.005 -0.0017 0.0915499 0.00499754 -0.00166871 0.0915499 0.005 -0.0017 0.123425 0.005 -0.0017 -0.0678251 0.005 -0.0017 -0.0997001 0.00499754 -0.00166871 -0.0997001 0.00499754 -0.00166871 -0.131575 0.00494142 -0.00155858 -0.0678251 0.00494142 -0.00155858 -0.0359501 0.0049618 -0.00158244 -0.0359501 0.00499021 -0.0016382 -0.131575 0.0049782 -0.0016092 -0.0359501 0.0049782 -0.0016092 -0.00407511 0.005 -0.0017 -0.131575 0.0049782 -0.0016092 0.0596749 0.0048618 -0.00150979 -0.131575 0.00483129 -0.00150246 -0.131575 0.0048618 -0.00150979 -0.0997001 0.0048 -0.0015 -0.0997001 0.0048 -0.0015 -0.0678251 0.00483129 -0.00150246 -0.0678251 0.0048908 -0.0015218 -0.0997001 0.00483129 -0.00150246 -0.0997001 0.0048 -0.0015 -0.131575 0.0049782 -0.0016092 -0.131575 0.00499021 -0.0016382 -0.0997001 0.0049782 -0.0016092 -0.0997001 0.0049618 -0.00158244 -0.131575 0.00499754 -0.00166871 0.123425 0.00499021 -0.0016382 0.0915499 0.00494142 -0.00155858 -0.131575 0.0049618 -0.00158244 -0.0997001 0.00491756 -0.0015382 -0.131575 0.00491756 -0.0015382 -0.0997001 0.00494142 -0.00155858 -0.0997001 0.0049782 -0.0016092 -0.0678251 0.00499021 -0.0016382 0.123425 0.0049782 -0.0016092 0.0915499 0.0049618 -0.00158244 -0.0678251 0.0049782 -0.0016092 0.123425 0.0049618 -0.00158244 0.0915499 0.0048908 -0.0015218 -0.131575 0.0048908 -0.0015218 -0.0359501 0.0048618 -0.00150979 -0.0359501 0.0048908 -0.0015218 -0.00407511 0.00491756 -0.0015382 0.0277999 0.00494142 -0.00155858 0.0596749 0.0049618 -0.00158244 0.123425 0.00494142 -0.00155858 0.0915499 0.00491756 -0.0015382 -0.0359501 0.00491756 -0.0015382 -0.0678251 0.00491756 -0.0015382 -0.00407511 0.00494142 -0.00155858 0.123425 0.0048908 -0.0015218 -0.0678251 0.0048908 -0.0015218 0.0277999 0.0048618 -0.00150979 -0.00407511 0.0048618 -0.00150979 -0.0678251 0.0048618 -0.00150979 0.0277999 0.0048618 -0.00150979 0.0596749 0.00483129 -0.00150246 0.0596749 0.00483129 -0.00150246 -0.0359501 0.00483129 -0.00150246 -0.00407511 0.00483129 -0.00150246 0.0277999 0.0048 -0.0015 -0.0359501 0.0048 -0.0015 -0.00407511 0.0048 -0.0015 0.0277999 0.0048 -0.0015 0.0596749 0.0042 -0.0015 -0.00407511 0.0042 -0.0015 0.0277999 0.0048 -0.0015 -0.00407511 0.0048 -0.0015 -0.0359501 0.0048 -0.0015 0.0277999 0.0042 -0.0015 0.0596749 0.0042 -0.0015 0.0915499 0.0048 -0.0015 0.0596749 0.0042 -0.0015 0.123425 0.0048 -0.0015 0.0915499 0.0048 -0.0015 0.123425 0.0042 -0.0015 -0.0359501 0.0042 -0.0015 -0.0678251 0.0048 -0.0015 -0.0678251 0.0048 -0.0015 -0.0997001 0.0042 -0.0015 -0.0997001 0.0048 -0.0015 -0.131575 0.0042 -0.0015 -0.131575 0.0042 -0.0015 -0.0359501 0.00416871 -0.00150246 -0.0678251 0.00416871 -0.00150246 -0.0359501 0.0041092 -0.0015218 0.0277999 0.0041382 -0.00150979 0.0596749 0.0041382 -0.00150979 0.0277999 0.00408244 -0.0015382 0.0277999 0.00408244 -0.0015382 -0.00407511 0.00405858 -0.00155858 -0.00407511 0.0040382 -0.00158244 0.123425 0.0040218 -0.0016092 0.0915499 0.0040218 -0.0016092 0.123425 0.00400979 -0.0016382 0.0915499 0.00400246 -0.00166871 0.0915499 0.00400979 -0.0016382 0.123425 0.00405858 -0.00155858 0.0277999 0.00408244 -0.0015382 0.0596749 0.0040382 -0.00158244 0.0915499 0.0040382 -0.00158244 0.0596749 0.0040218 -0.0016092 0.0596749 0.00400246 -0.00166871 0.123425 0.004 -0.0017 0.123425 0.004 -0.0017 0.0915499 0.0042 -0.0015 -0.00407511 0.0041382 -0.00150979 -0.00407511 0.00416871 -0.00150246 -0.00407511 0.0041382 -0.00150979 -0.0359501 0.00416871 -0.00150246 0.0277999 0.0042 -0.0015 0.0277999 0.0041382 -0.00150979 -0.0678251 0.00416871 -0.00150246 0.0596749 0.0042 -0.0015 0.0596749 0.0042 -0.0015 0.0915499 0.00416871 -0.00150246 0.0915499 0.0042 -0.0015 0.123425 0.0042 -0.0015 -0.0678251 0.0042 -0.0015 -0.0997001 0.00416871 -0.00150246 -0.0997001 0.00416871 -0.00150246 -0.131575 0.00405858 -0.00155858 -0.0678251 0.00405858 -0.00155858 -0.0359501 0.00408244 -0.0015382 -0.0359501 0.0041382 -0.00150979 -0.131575 0.0041092 -0.0015218 -0.0359501 0.0041092 -0.0015218 -0.00407511 0.0042 -0.0015 -0.131575 0.0041092 -0.0015218 0.0596749 0.00400979 -0.0016382 -0.131575 0.00400246 -0.00166871 -0.131575 0.00400979 -0.0016382 -0.0997001 0.004 -0.0017 -0.0997001 0.004 -0.0017 -0.0678251 0.00400246 -0.00166871 -0.0678251 0.0040218 -0.0016092 -0.0997001 0.00400246 -0.00166871 -0.0997001 0.004 -0.0017 -0.131575 0.0041092 -0.0015218 -0.131575 0.0041382 -0.00150979 -0.0997001 0.0041092 -0.0015218 -0.0997001 0.00408244 -0.0015382 -0.131575 0.00416871 -0.00150246 0.123425 0.0041382 -0.00150979 0.0915499 0.00405858 -0.00155858 -0.131575 0.00408244 -0.0015382 -0.0997001 0.0040382 -0.00158244 -0.131575 0.0040382 -0.00158244 -0.0997001 0.00405858 -0.00155858 -0.0997001 0.0041092 -0.0015218 -0.0678251 0.0041382 -0.00150979 0.123425 0.0041092 -0.0015218 0.0915499 0.00408244 -0.0015382 -0.0678251 0.0041092 -0.0015218 0.123425 0.00408244 -0.0015382 0.0915499 0.0040218 -0.0016092 -0.131575 0.0040218 -0.0016092 -0.0359501 0.00400979 -0.0016382 -0.0359501 0.0040218 -0.0016092 -0.00407511 0.0040382 -0.00158244 0.0277999 0.00405858 -0.00155858 0.0596749 0.00408244 -0.0015382 0.123425 0.00405858 -0.00155858 0.0915499 0.0040382 -0.00158244 -0.0359501 0.0040382 -0.00158244 -0.0678251 0.0040382 -0.00158244 -0.00407511 0.00405858 -0.00155858 0.123425 0.0040218 -0.0016092 -0.0678251 0.0040218 -0.0016092 0.0277999 0.00400979 -0.0016382 -0.00407511 0.00400979 -0.0016382 -0.0678251 0.00400979 -0.0016382 0.0277999 0.00400979 -0.0016382 0.0596749 0.00400246 -0.00166871 0.0596749 0.00400246 -0.00166871 -0.0359501 0.00400246 -0.00166871 -0.00407511 0.00400246 -0.00166871 0.0277999 0.004 -0.0017 -0.0359501 0.004 -0.0017 -0.00407511 0.004 -0.0017 0.0277999 0.004 -0.0017 0.0596749 0.004 -0.0017 -0.00407511 0.004 -0.00275934 0.0141392 0.004 -0.0017 0.0277999 0.004 -0.00275934 -0.0222894 0.004 -0.0017 0.0596749 0.004 -0.00275934 0.0505677 0.004 -0.00275934 0.0869963 0.004 -0.0017 0.0915499 0.004 -0.00275934 0.123425 0.004 -0.0017 0.123425 0.004 -0.0017 -0.0359501 0.004 -0.0017 -0.0678251 0.004 -0.00275934 -0.058718 0.004 -0.0017 -0.0997001 0.004 -0.00275934 -0.0951465 0.004 -0.0017 -0.131575 0.004 -0.00275934 -0.131575 0.00370286 -0.00293417 0.0141392 0.00373443 -0.00294829 -0.0222894 0.00370286 -0.00293417 -0.0222894 0.00364928 -0.00289081 -0.058718 0.00367419 -0.00291481 -0.058718 0.00367419 -0.00291481 -0.0951465 0.00367241 -0.00291336 -0.131575 0.00364928 -0.00289081 -0.0951465 0.00369887 -0.00293189 -0.131575 0.00370286 -0.00293417 -0.0951465 0.004 -0.00275934 -0.058718 0.004 -0.00275934 -0.0951465 0.00399701 -0.00279381 -0.058718 0.00364928 -0.00289081 -0.0222894 0.00367419 -0.00291481 -0.0222894 0.00383688 -0.00295591 -0.0222894 0.00380246 -0.00295933 0.0141392 0.00383688 -0.00295591 0.0141392 0.00364928 -0.00289081 -0.131575 0.00390142 -0.00293172 0.0141392 0.00390142 -0.00293172 -0.0222894 0.0038702 -0.00294662 0.0141392 0.00376797 -0.00295676 -0.0222894 0.00376797 -0.00295676 0.0141392 0.00380246 -0.00295933 -0.0222894 0.0038702 -0.00294662 -0.0222894 0.0039296 -0.00291167 0.0141392 0.0039296 -0.00291167 -0.0222894 0.00398965 -0.00282284 0.123425 0.00399739 -0.00279154 0.123425 0.00399701 -0.00279381 0.0869963 0.0038702 -0.00294662 0.0505677 0.00395967 -0.00287977 -0.131575 0.00395391 -0.00288706 -0.0951465 0.00397361 -0.00285863 -0.0951465 0.00390142 -0.00293172 0.0505677 0.00398812 -0.00282723 -0.058718 0.00399701 -0.00279381 -0.0951465 0.00398812 -0.00282723 -0.0222894 0.00397361 -0.00285863 -0.0222894 0.00397361 -0.00285863 0.0141392 0.00399739 -0.00279154 -0.131575 0.004 -0.00275934 -0.131575 0.00398812 -0.00282723 0.0869963 0.00397361 -0.00285863 0.0869963 0.00397697 -0.00285252 0.123425 0.00393822 -0.00290389 -0.131575 0.0039296 -0.00291167 -0.0951465 0.00398812 -0.00282723 0.0141392 0.004 -0.00275934 0.123425 0.004 -0.00275934 0.0869963 0.0039296 -0.00291167 0.0505677 0.00395391 -0.00288706 0.0141392 0.00373443 -0.00294829 0.0141392 0.00370286 -0.00293417 0.0505677 0.00367419 -0.00291481 0.0141392 0.00364928 -0.00289081 0.0141392 0.00367419 -0.00291481 0.0505677 0.00364928 -0.00289081 0.0505677 0.00364928 -0.00289081 0.0869963 0.00367419 -0.00291481 0.0869963 0.00364928 -0.00289081 0.123425 0.00367241 -0.00291336 0.123425 0.00372796 -0.00294592 -0.131575 0.00373443 -0.00294829 -0.0951465 0.00370286 -0.00293417 -0.058718 0.00370286 -0.00293417 0.0869963 0.00369887 -0.00293189 0.123425 0.00375893 -0.00295508 -0.131575 0.00376797 -0.00295676 -0.0951465 0.00373443 -0.00294829 -0.058718 0.00373443 -0.00294829 0.0869963 0.00373443 -0.00294829 0.0505677 0.00372796 -0.00294592 0.123425 0.00379097 -0.00295914 -0.131575 0.00380246 -0.00295933 -0.0951465 0.00376797 -0.00295676 -0.058718 0.00376797 -0.00295676 0.0869963 0.00376797 -0.00295676 0.0505677 0.00375893 -0.00295508 0.123425 0.00382325 -0.00295799 -0.131575 0.00383688 -0.00295591 -0.0951465 0.00380246 -0.00295933 -0.058718 0.00380246 -0.00295933 0.0869963 0.00380246 -0.00295933 0.0505677 0.00379097 -0.00295914 0.123425 0.00385491 -0.00295165 -0.131575 0.0038702 -0.00294662 -0.0951465 0.00383688 -0.00295591 -0.058718 0.00383688 -0.00295591 0.0869963 0.00383688 -0.00295591 0.0505677 0.00382325 -0.00295799 0.123425 0.00388515 -0.00294031 -0.131575 0.00390142 -0.00293172 -0.0951465 0.0038702 -0.00294662 -0.058718 0.00385491 -0.00295165 0.123425 0.0038702 -0.00294662 0.0869963 0.00391316 -0.00292425 -0.131575 0.00390142 -0.00293172 -0.058718 0.00388515 -0.00294031 0.123425 0.00390142 -0.00293172 0.0869963 0.00398812 -0.00282723 -0.0951465 0.00397697 -0.00285252 -0.131575 0.0039296 -0.00291167 -0.058718 0.00395391 -0.00288706 -0.0222894 0.00391316 -0.00292425 0.123425 0.0039296 -0.00291167 0.0869963 0.00395391 -0.00288706 -0.058718 0.00393822 -0.00290389 0.123425 0.00395391 -0.00288706 0.0869963 0.00395391 -0.00288706 0.0505677 0.00397361 -0.00285863 -0.058718 0.00395967 -0.00287977 0.123425 0.00397361 -0.00285863 0.0505677 0.00398965 -0.00282284 -0.131575 0.00399701 -0.00279381 0.0505677 0.00398812 -0.00282723 0.0505677 0.00399701 -0.00279381 0.0141392 0.00399701 -0.00279381 -0.0222894 0.004 -0.00275934 -0.0222894 0.004 -0.00275934 0.0141392 0.004 -0.00275934 0.0505677 0.00204928 -0.0010565 -0.00407511 0.00364928 -0.00289081 0.0141392 0.00364928 -0.00289081 -0.0222894 0.00204928 -0.0010565 0.0277999 0.00364928 -0.00289081 0.0505677 0.00364928 -0.00289081 0.0869963 0.00204928 -0.0010565 0.0596749 0.00204928 -0.0010565 0.123425 0.00204928 -0.0010565 0.0915499 0.00364928 -0.00289081 0.123425 0.00204928 -0.0010565 -0.0359501 0.00364928 -0.00289081 -0.058718 0.00204928 -0.0010565 -0.0678251 0.00364928 -0.00289081 -0.0951465 0.00204928 -0.0010565 -0.0997001 0.00364928 -0.00289081 -0.131575 0.00204928 -0.0010565 -0.131575 0.00201824 -0.00100847 -0.0997001 0.00201824 -0.00100847 -0.131575 0.00200818 -0.000981628 -0.0997001 0.00203203 -0.0010336 -0.131575 0.00203203 -0.0010336 -0.0997001 0.00204928 -0.0010565 -0.131575 0.00203203 -0.0010336 -0.0678251 0.00204928 -0.0010565 -0.0678251 0.00204928 -0.0010565 -0.0997001 0.00200205 -0.000953623 -0.0678251 0.00200205 -0.000953623 -0.0997001 0.002 -0.00092503 -0.0678251 0.00200818 -0.000981628 -0.131575 0.00200205 -0.000953623 -0.131575 0.002 -0.00092503 -0.131575 0.002 -0.00092503 -0.0997001 0.002 -0.00092503 -0.00407511 0.00200205 -0.000953623 -0.0359501 0.002 -0.00092503 -0.0359501 0.00200205 -0.000953623 -0.00407511 0.002 -0.00092503 0.0277999 0.00200818 -0.000981628 0.0596749 0.00200205 -0.000953623 0.0915499 0.00200818 -0.000981628 0.0915499 0.00200205 -0.000953623 0.0277999 0.00201824 -0.00100847 0.0915499 0.00201824 -0.00100847 0.123425 0.00203203 -0.0010336 0.0915499 0.00203203 -0.0010336 0.123425 0.002 -0.00092503 0.0596749 0.00201824 -0.00100847 0.0277999 0.00201824 -0.00100847 0.0596749 0.00204928 -0.0010565 0.0915499 0.00204928 -0.0010565 0.123425 0.002 -0.00092503 0.0915499 0.00200205 -0.000953623 0.0596749 0.002 -0.00092503 0.123425 0.00200818 -0.000981628 -0.0359501 0.00200818 -0.000981628 -0.0678251 0.00200818 -0.000981628 -0.00407511 0.00200818 -0.000981628 0.0277999 0.00200205 -0.000953623 0.123425 0.00201824 -0.00100847 -0.0359501 0.00201824 -0.00100847 -0.00407511 0.00201824 -0.00100847 -0.0678251 0.00200818 -0.000981628 0.123425 0.00203203 -0.0010336 -0.0359501 0.00203203 -0.0010336 -0.00407511 0.00203203 -0.0010336 0.0277999 0.00203203 -0.0010336 0.0596749 0.00204928 -0.0010565 -0.0359501 0.00204928 -0.0010565 -0.00407511 0.00204928 -0.0010565 0.0277999 0.00204928 -0.0010565 0.0596749 0.002 0.00092503 0.0277999 0.002 -0.00092503 -0.00407511 0.002 0.00092503 -0.00407511 0.002 0.00092503 0.0596749 0.002 -0.00092503 0.0277999 0.002 -0.00092503 0.0596749 0.002 0.00092503 0.0915499 0.002 0.00092503 0.123425 0.002 -0.00092503 0.0915499 0.002 -0.00092503 0.123425 0.002 -0.00092503 -0.0359501 0.002 -0.00092503 -0.0678251 0.002 0.00092503 -0.0359501 0.002 -0.00092503 -0.0997001 0.002 0.00092503 -0.0678251 0.002 0.00092503 -0.0997001 0.002 -0.00092503 -0.131575 0.002 0.00092503 -0.131575 0.00200818 0.000981628 -0.0997001 0.00200818 0.000981628 -0.131575 0.00201824 0.00100847 -0.0997001 0.00200205 0.000953623 -0.131575 0.00200205 0.000953623 -0.0997001 0.002 0.00092503 -0.131575 0.00200205 0.000953623 -0.0678251 0.002 0.00092503 -0.0678251 0.002 0.00092503 -0.0997001 0.00203203 0.0010336 -0.0678251 0.00203203 0.0010336 -0.0997001 0.00204928 0.0010565 -0.0678251 0.00201824 0.00100847 -0.131575 0.00203203 0.0010336 -0.131575 0.00204928 0.0010565 -0.131575 0.00204928 0.0010565 -0.0997001 0.00204928 0.0010565 -0.00407511 0.00203203 0.0010336 -0.0359501 0.00204928 0.0010565 -0.0359501 0.00203203 0.0010336 -0.00407511 0.00204928 0.0010565 0.0277999 0.00201824 0.00100847 0.0596749 0.00203203 0.0010336 0.0915499 0.00201824 0.00100847 0.0915499 0.00203203 0.0010336 0.0277999 0.00200818 0.000981628 0.0915499 0.00200818 0.000981628 0.123425 0.00200205 0.000953623 0.0915499 0.00200205 0.000953623 0.123425 0.00204928 0.0010565 0.0596749 0.00200818 0.000981628 0.0277999 0.00200818 0.000981628 0.0596749 0.002 0.00092503 0.0915499 0.002 0.00092503 0.123425 0.00204928 0.0010565 0.0915499 0.00203203 0.0010336 0.0596749 0.00204928 0.0010565 0.123425 0.00201824 0.00100847 -0.0359501 0.00201824 0.00100847 -0.0678251 0.00201824 0.00100847 -0.00407511 0.00201824 0.00100847 0.0277999 0.00203203 0.0010336 0.123425 0.00200818 0.000981628 -0.0359501 0.00200818 0.000981628 -0.00407511 0.00200818 0.000981628 -0.0678251 0.00201824 0.00100847 0.123425 0.00200205 0.000953623 -0.0359501 0.00200205 0.000953623 -0.00407511 0.00200205 0.000953623 0.0277999 0.00200205 0.000953623 0.0596749 0.002 0.00092503 -0.0359501 0.002 0.00092503 -0.00407511 0.002 0.00092503 0.0277999 0.002 0.00092503 0.0596749 0.00364928 0.00289081 0.0141392 0.00204928 0.0010565 0.0277999 0.00204928 0.0010565 -0.00407511 0.00364928 0.00289081 0.0505677 0.00204928 0.0010565 0.0596749 0.00204928 0.0010565 0.0915499 0.00364928 0.00289081 0.0869963 0.00364928 0.00289081 0.123425 0.00204928 0.0010565 0.123425 0.00364928 0.00289081 -0.0222894 0.00204928 0.0010565 -0.0359501 0.00364928 0.00289081 -0.058718 0.00204928 0.0010565 -0.0678251 0.00364928 0.00289081 -0.0951465 0.00204928 0.0010565 -0.0997001 0.00204928 0.0010565 -0.131575 0.00364928 0.00289081 -0.131575 0.00398812 0.00282723 0.0141392 0.00397361 0.00285863 -0.0222894 0.00398812 0.00282723 -0.0222894 0.004 0.00275934 -0.058718 0.00399701 0.00279381 -0.058718 0.00399701 0.00279381 -0.0951465 0.00399739 0.00279154 -0.131575 0.004 0.00275934 -0.0951465 0.00398963 0.00282289 -0.131575 0.00398812 0.00282723 -0.0951465 0.00364928 0.00289081 -0.058718 0.00364928 0.00289081 -0.0951465 0.00367419 0.00291481 -0.058718 0.004 0.00275934 -0.0222894 0.00399701 0.00279381 -0.0222894 0.00390142 0.00293172 -0.0222894 0.0039296 0.00291167 0.0141392 0.00390142 0.00293172 0.0141392 0.004 0.00275934 -0.131575 0.00383688 0.00295591 0.0141392 0.00383688 0.00295591 -0.0222894 0.0038702 0.00294662 0.0141392 0.00395391 0.00288706 -0.0222894 0.00395391 0.00288706 0.0141392 0.0039296 0.00291167 -0.0222894 0.0038702 0.00294662 -0.0222894 0.00380246 0.00295933 0.0141392 0.00380246 0.00295933 -0.0222894 0.00369882 0.00293186 0.123425 0.00367241 0.00291336 0.123425 0.00367419 0.00291481 0.0869963 0.0038702 0.00294662 0.0505677 0.00375883 0.00295506 -0.131575 0.00376797 0.00295676 -0.0951465 0.00373443 0.00294829 -0.0951465 0.00383688 0.00295591 0.0505677 0.00370286 0.00293417 -0.058718 0.00367419 0.00291481 -0.0951465 0.00370286 0.00293417 -0.0222894 0.00373443 0.00294829 -0.0222894 0.00373443 0.00294829 0.0141392 0.00367241 0.00291336 -0.131575 0.00364928 0.00289081 -0.131575 0.00370286 0.00293417 0.0869963 0.00373443 0.00294829 0.0869963 0.00372788 0.00294588 0.123425 0.00379086 0.00295913 -0.131575 0.00380246 0.00295933 -0.0951465 0.00370286 0.00293417 0.0141392 0.00364928 0.00289081 0.123425 0.00364928 0.00289081 0.0869963 0.00380246 0.00295933 0.0505677 0.00376797 0.00295676 0.0141392 0.00397361 0.00285863 0.0141392 0.00398812 0.00282723 0.0505677 0.00399701 0.00279381 0.0141392 0.004 0.00275934 0.0141392 0.00399701 0.00279381 0.0505677 0.004 0.00275934 0.0505677 0.004 0.00275934 0.0869963 0.00399701 0.00279381 0.0869963 0.004 0.00275934 0.123425 0.00399739 0.00279154 0.123425 0.00397693 0.00285259 -0.131575 0.00397361 0.00285863 -0.0951465 0.00398812 0.00282723 -0.058718 0.00398812 0.00282723 0.0869963 0.00398963 0.00282289 0.123425 0.00395961 0.00287985 -0.131575 0.00395391 0.00288706 -0.0951465 0.00397361 0.00285863 -0.058718 0.00397361 0.00285863 0.0869963 0.00397361 0.00285863 0.0505677 0.00397693 0.00285259 0.123425 0.00393814 0.00290397 -0.131575 0.0039296 0.00291167 -0.0951465 0.00395391 0.00288706 -0.058718 0.00395391 0.00288706 0.0869963 0.00395391 0.00288706 0.0505677 0.00395961 0.00287985 0.123425 0.00391306 0.00292432 -0.131575 0.00390142 0.00293172 -0.0951465 0.0039296 0.00291167 -0.058718 0.0039296 0.00291167 0.0869963 0.0039296 0.00291167 0.0505677 0.00393814 0.00290397 0.123425 0.00388503 0.00294037 -0.131575 0.0038702 0.00294662 -0.0951465 0.00390142 0.00293172 -0.058718 0.00390142 0.00293172 0.0869963 0.00390142 0.00293172 0.0505677 0.00391306 0.00292432 0.123425 0.00385479 0.00295169 -0.131575 0.00383688 0.00295591 -0.0951465 0.0038702 0.00294662 -0.058718 0.00388503 0.00294037 0.123425 0.0038702 0.00294662 0.0869963 0.00382312 0.002958 -0.131575 0.00383688 0.00295591 -0.058718 0.00385479 0.00295169 0.123425 0.00383688 0.00295591 0.0869963 0.00370286 0.00293417 -0.0951465 0.00372788 0.00294588 -0.131575 0.00380246 0.00295933 -0.058718 0.00376797 0.00295676 -0.0222894 0.00382312 0.002958 0.123425 0.00380246 0.00295933 0.0869963 0.00376797 0.00295676 -0.058718 0.00379086 0.00295913 0.123425 0.00376797 0.00295676 0.0869963 0.00376797 0.00295676 0.0505677 0.00373443 0.00294829 -0.058718 0.00375883 0.00295506 0.123425 0.00373443 0.00294829 0.0505677 0.00369882 0.00293186 -0.131575 0.00367419 0.00291481 0.0505677 0.00370286 0.00293417 0.0505677 0.00367419 0.00291481 0.0141392 0.00367419 0.00291481 -0.0222894 0.00364928 0.00289081 -0.0222894 0.00364928 0.00289081 0.0141392 0.00364928 0.00289081 0.0505677 0.004 0.00275934 -0.0222894 0.004 0.0017 -0.00407511 0.004 0.00275934 0.0141392 0.004 0.0017 -0.0359501 0.004 0.00275934 0.0505677 0.004 0.0017 0.0277999 0.004 0.0017 0.0596749 0.004 0.00275934 0.0869963 0.004 0.0017 0.0915499 0.004 0.0017 0.123425 0.004 0.00275934 0.123425 0.004 0.00275934 -0.058718 0.004 0.00275934 -0.0951465 0.004 0.0017 -0.0678251 0.004 0.00275934 -0.131575 0.004 0.0017 -0.0997001 0.004 0.0017 -0.131575 0.004 0.0017 -0.0359501 0.00400246 0.00166871 -0.0678251 0.00400246 0.00166871 -0.0359501 0.0040218 0.0016092 0.0277999 0.00400979 0.0016382 0.0596749 0.00400979 0.0016382 0.0277999 0.0040382 0.00158244 0.0277999 0.0040382 0.00158244 -0.00407511 0.00405858 0.00155858 -0.00407511 0.00408244 0.0015382 0.123425 0.0041092 0.0015218 0.0915499 0.0041092 0.0015218 0.123425 0.0041382 0.00150979 0.0915499 0.00416871 0.00150246 0.0915499 0.0041382 0.00150979 0.123425 0.00405858 0.00155858 0.0277999 0.0040382 0.00158244 0.0596749 0.00408244 0.0015382 0.0915499 0.00408244 0.0015382 0.0596749 0.0041092 0.0015218 0.0596749 0.00416871 0.00150246 0.123425 0.0042 0.0015 0.123425 0.0042 0.0015 0.0915499 0.004 0.0017 -0.00407511 0.00400979 0.0016382 -0.00407511 0.00400246 0.00166871 -0.00407511 0.00400979 0.0016382 -0.0359501 0.00400246 0.00166871 0.0277999 0.004 0.0017 0.0277999 0.00400979 0.0016382 -0.0678251 0.00400246 0.00166871 0.0596749 0.004 0.0017 0.0596749 0.004 0.0017 0.0915499 0.00400246 0.00166871 0.0915499 0.004 0.0017 0.123425 0.004 0.0017 -0.0678251 0.004 0.0017 -0.0997001 0.00400246 0.00166871 -0.0997001 0.00400246 0.00166871 -0.131575 0.00405858 0.00155858 -0.0678251 0.00405858 0.00155858 -0.0359501 0.0040382 0.00158244 -0.0359501 0.00400979 0.0016382 -0.131575 0.0040218 0.0016092 -0.0359501 0.0040218 0.0016092 -0.00407511 0.004 0.0017 -0.131575 0.0040218 0.0016092 0.0596749 0.0041382 0.00150979 -0.131575 0.00416871 0.00150246 -0.131575 0.0041382 0.00150979 -0.0997001 0.0042 0.0015 -0.0997001 0.0042 0.0015 -0.0678251 0.00416871 0.00150246 -0.0678251 0.0041092 0.0015218 -0.0997001 0.00416871 0.00150246 -0.0997001 0.0042 0.0015 -0.131575 0.0040218 0.0016092 -0.131575 0.00400979 0.0016382 -0.0997001 0.0040218 0.0016092 -0.0997001 0.0040382 0.00158244 -0.131575 0.00400246 0.00166871 0.123425 0.00400979 0.0016382 0.0915499 0.00405858 0.00155858 -0.131575 0.0040382 0.00158244 -0.0997001 0.00408244 0.0015382 -0.131575 0.00408244 0.0015382 -0.0997001 0.00405858 0.00155858 -0.0997001 0.0040218 0.0016092 -0.0678251 0.00400979 0.0016382 0.123425 0.0040218 0.0016092 0.0915499 0.0040382 0.00158244 -0.0678251 0.0040218 0.0016092 0.123425 0.0040382 0.00158244 0.0915499 0.0041092 0.0015218 -0.131575 0.0041092 0.0015218 -0.0359501 0.0041382 0.00150979 -0.0359501 0.0041092 0.0015218 -0.00407511 0.00408244 0.0015382 0.0277999 0.00405858 0.00155858 0.0596749 0.0040382 0.00158244 0.123425 0.00405858 0.00155858 0.0915499 0.00408244 0.0015382 -0.0359501 0.00408244 0.0015382 -0.0678251 0.00408244 0.0015382 -0.00407511 0.00405858 0.00155858 0.123425 0.0041092 0.0015218 -0.0678251 0.0041092 0.0015218 0.0277999 0.0041382 0.00150979 -0.00407511 0.0041382 0.00150979 -0.0678251 0.0041382 0.00150979 0.0277999 0.0041382 0.00150979 0.0596749 0.00416871 0.00150246 0.0596749 0.00416871 0.00150246 -0.0359501 0.00416871 0.00150246 -0.00407511 0.00416871 0.00150246 0.0277999 0.0042 0.0015 -0.0359501 0.0042 0.0015 -0.00407511 0.0042 0.0015 0.0277999 0.0042 0.0015 0.0596749 0.0048 0.0015 0.0277999 0.0042 0.0015 -0.00407511 0.0048 0.0015 -0.00407511 0.0048 0.0015 0.0596749 0.0042 0.0015 0.0277999 0.0042 0.0015 0.0596749 0.0048 0.0015 0.0915499 0.0048 0.0015 0.123425 0.0042 0.0015 0.0915499 0.0042 0.0015 0.123425 0.0042 0.0015 -0.0359501 0.0042 0.0015 -0.0678251 0.0048 0.0015 -0.0359501 0.0042 0.0015 -0.0997001 0.0048 0.0015 -0.0678251 0.0048 0.0015 -0.0997001 0.0042 0.0015 -0.131575 0.0048 0.0015 -0.131575 0.0048 0.0015 -0.0359501 0.00483129 0.00150246 -0.0678251 0.00483129 0.00150246 -0.0359501 0.0048908 0.0015218 0.0277999 0.0048618 0.00150979 0.0596749 0.0048618 0.00150979 0.0277999 0.00491756 0.0015382 0.0277999 0.00491756 0.0015382 -0.00407511 0.00494142 0.00155858 -0.00407511 0.0049618 0.00158244 0.123425 0.0049782 0.0016092 0.0915499 0.0049782 0.0016092 0.123425 0.00499021 0.0016382 0.0915499 0.00499754 0.00166871 0.0915499 0.00499021 0.0016382 0.123425 0.00494142 0.00155858 0.0277999 0.00491756 0.0015382 0.0596749 0.0049618 0.00158244 0.0915499 0.0049618 0.00158244 0.0596749 0.0049782 0.0016092 0.0596749 0.00499754 0.00166871 0.123425 0.005 0.0017 0.123425 0.005 0.0017 0.0915499 0.0048 0.0015 -0.00407511 0.0048618 0.00150979 -0.00407511 0.00483129 0.00150246 -0.00407511 0.0048618 0.00150979 -0.0359501 0.00483129 0.00150246 0.0277999 0.0048 0.0015 0.0277999 0.0048618 0.00150979 -0.0678251 0.00483129 0.00150246 0.0596749 0.0048 0.0015 0.0596749 0.0048 0.0015 0.0915499 0.00483129 0.00150246 0.0915499 0.0048 0.0015 0.123425 0.0048 0.0015 -0.0678251 0.0048 0.0015 -0.0997001 0.00483129 0.00150246 -0.0997001 0.00483129 0.00150246 -0.131575 0.00494142 0.00155858 -0.0678251 0.00494142 0.00155858 -0.0359501 0.00491756 0.0015382 -0.0359501 0.0048618 0.00150979 -0.131575 0.0048908 0.0015218 -0.0359501 0.0048908 0.0015218 -0.00407511 0.0048 0.0015 -0.131575 0.0048908 0.0015218 0.0596749 0.00499021 0.0016382 -0.131575 0.00499754 0.00166871 -0.131575 0.00499021 0.0016382 -0.0997001 0.005 0.0017 -0.0997001 0.005 0.0017 -0.0678251 0.00499754 0.00166871 -0.0678251 0.0049782 0.0016092 -0.0997001 0.00499754 0.00166871 -0.0997001 0.005 0.0017 -0.131575 0.0048908 0.0015218 -0.131575 0.0048618 0.00150979 -0.0997001 0.0048908 0.0015218 -0.0997001 0.00491756 0.0015382 -0.131575 0.00483129 0.00150246 0.123425 0.0048618 0.00150979 0.0915499 0.00494142 0.00155858 -0.131575 0.00491756 0.0015382 -0.0997001 0.0049618 0.00158244 -0.131575 0.0049618 0.00158244 -0.0997001 0.00494142 0.00155858 -0.0997001 0.0048908 0.0015218 -0.0678251 0.0048618 0.00150979 0.123425 0.0048908 0.0015218 0.0915499 0.00491756 0.0015382 -0.0678251 0.0048908 0.0015218 0.123425 0.00491756 0.0015382 0.0915499 0.0049782 0.0016092 -0.131575 0.0049782 0.0016092 -0.0359501 0.00499021 0.0016382 -0.0359501 0.0049782 0.0016092 -0.00407511 0.0049618 0.00158244 0.0277999 0.00494142 0.00155858 0.0596749 0.00491756 0.0015382 0.123425 0.00494142 0.00155858 0.0915499 0.0049618 0.00158244 -0.0359501 0.0049618 0.00158244 -0.0678251 0.0049618 0.00158244 -0.00407511 0.00494142 0.00155858 0.123425 0.0049782 0.0016092 -0.0678251 0.0049782 0.0016092 0.0277999 0.00499021 0.0016382 -0.00407511 0.00499021 0.0016382 -0.0678251 0.00499021 0.0016382 0.0277999 0.00499021 0.0016382 0.0596749 0.00499754 0.00166871 0.0596749 0.00499754 0.00166871 -0.0359501 0.00499754 0.00166871 -0.00407511 0.00499754 0.00166871 0.0277999 0.005 0.0017 -0.0359501 0.005 0.0017 -0.00407511 0.005 0.0017 0.0277999 0.005 0.0017 0.0596749 0.005 0.0048 0.0277999 0.005 0.0017 -0.00407511 0.005 0.0048 -0.00407511 0.005 0.0048 0.0596749 0.005 0.0017 0.0277999 0.005 0.0017 0.0596749 0.005 0.0048 0.0915499 0.005 0.0048 0.123425 0.005 0.0017 0.0915499 0.005 0.0017 0.123425 0.005 0.0017 -0.0359501 0.005 0.0017 -0.0678251 0.005 0.0048 -0.0359501 0.005 0.0017 -0.0997001 0.005 0.0048 -0.0678251 0.005 0.0048 -0.0997001 0.005 0.0017 -0.131575 0.005 0.0048 -0.131575 0.0012401 -0.00015691 0.123425 0.00124748 -7.88712e-05 -0.123425 0.0012401 -0.00015691 -0.123425 0.00125 -3.06162e-19 -0.123425 0.00124748 -7.88712e-05 0.123425 0.00125 -3.06162e-19 0.123425 0.0012108 -0.000310493 -0.123425 0.00118887 -0.000386036 -0.123425 0.00118887 -0.000386036 0.123425 0.0012108 -0.000310493 0.123425 0.00122788 -0.000234118 0.123425 0.00122788 -0.000234118 -0.123425 0.00109541 -0.000602121 0.123425 0.00113117 -0.000531858 -0.123425 0.00109541 -0.000602121 -0.123425 0.00113117 -0.000531858 0.123425 0.00116229 -0.000459955 0.123425 0.00116229 -0.000459955 -0.123425 0.000963186 -0.000796725 -0.123425 0.000963186 -0.000796725 0.123425 0.00101146 -0.00073442 -0.123425 0.00105556 -0.000669524 -0.123425 0.00101146 -0.00073442 0.123425 0.00105556 -0.000669524 0.123425 0.00085587 -0.000910996 -0.123425 0.000796914 -0.000963025 -0.123425 0.000796914 -0.000963025 0.123425 0.000911443 -0.000855407 0.123425 0.000911443 -0.000855407 -0.123425 0.00085587 -0.000910996 0.123425 0.000602424 -0.00109524 0.123425 0.000669895 -0.00105532 -0.123425 0.000602424 -0.00109524 -0.123425 0.000669895 -0.00105532 0.123425 0.000735031 -0.00101102 0.123425 0.000735031 -0.00101102 -0.123425 0.000386591 -0.0011887 -0.123425 0.000386591 -0.0011887 0.123425 0.000460184 -0.00116221 -0.123425 0.000532553 -0.00113084 -0.123425 0.000460184 -0.00116221 0.123425 0.000532553 -0.00113084 0.123425 0.000234364 -0.00122783 -0.123425 0.000157044 -0.00124007 -0.123425 0.000157044 -0.00124007 0.123425 0.000311162 -0.00121062 0.123425 0.000311162 -0.00121062 -0.123425 0.000234364 -0.00122783 0.123425 -7.80995e-05 -0.00124753 0.123425 2.3864e-07 -0.00124999 -0.123425 -7.80995e-05 -0.00124753 -0.123425 2.3864e-07 -0.00124999 0.123425 7.86872e-05 -0.0012475 0.123425 7.86872e-05 -0.0012475 -0.123425 -0.000310519 -0.00121078 -0.123425 -0.000310519 -0.00121078 0.123425 -0.000233911 -0.0012279 -0.123425 -0.000156646 -0.00124014 -0.123425 -0.000233911 -0.0012279 0.123425 -0.000156646 -0.00124014 0.123425 -0.000459801 -0.00116234 -0.123425 -0.000531986 -0.00113112 -0.123425 -0.000531986 -0.00113112 0.123425 -0.000386175 -0.00118885 0.123425 -0.000386175 -0.00118885 -0.123425 -0.000459801 -0.00116234 0.123425 -0.000734649 -0.00101132 0.123425 -0.000669438 -0.00105559 -0.123425 -0.000734649 -0.00101132 -0.123425 -0.000669438 -0.00105559 0.123425 -0.00060201 -0.00109548 0.123425 -0.00060201 -0.00109548 -0.123425 -0.000911169 -0.000855728 -0.123425 -0.000911169 -0.000855728 0.123425 -0.000855394 -0.000911438 -0.123425 -0.000796547 -0.000963319 -0.123425 -0.000855394 -0.000911438 0.123425 -0.000796547 -0.000963319 0.123425 -0.00101108 -0.00073495 -0.123425 -0.00105532 -0.000669923 -0.123425 -0.00105532 -0.000669923 0.123425 -0.000962899 -0.000797042 0.123425 -0.000962899 -0.000797042 -0.123425 -0.00101108 -0.00073495 0.123425 -0.00116212 -0.000460396 0.123425 -0.00113095 -0.000532359 -0.123425 -0.00116212 -0.000460396 -0.123425 -0.00113095 -0.000532359 0.123425 -0.00109517 -0.00060252 0.123425 -0.00109517 -0.00060252 -0.123425 -0.00122778 -0.000234554 -0.123425 -0.00122778 -0.000234554 0.123425 -0.00121072 -0.000310882 -0.123425 -0.00118867 -0.000386624 -0.123425 -0.00121072 -0.000310882 0.123425 -0.00118867 -0.000386624 0.123425 -0.00124752 -7.86179e-05 -0.123425 -0.00124998 -3.81205e-07 -0.123425 -0.00124998 -3.81205e-07 0.123425 -0.00124007 -0.000156985 0.123425 -0.00124007 -0.000156985 -0.123425 -0.00124752 -7.86179e-05 0.123425 -0.0012279 0.000233839 0.123425 -0.00124017 0.000156437 -0.123425 -0.0012279 0.000233839 -0.123425 -0.00124017 0.000156437 0.123425 -0.00124752 7.8273e-05 0.123425 -0.00124752 7.8273e-05 -0.123425 -0.00116232 0.000459817 -0.123425 -0.00116232 0.000459817 0.123425 -0.0011889 0.00038597 -0.123425 -0.00121073 0.000310823 -0.123425 -0.0011889 0.00038597 0.123425 -0.00121073 0.000310823 0.123425 -0.00109554 0.000601858 -0.123425 -0.00105553 0.000669548 -0.123425 -0.00105553 0.000669548 0.123425 -0.00113107 0.000532141 0.123425 -0.00113107 0.000532141 -0.123425 -0.00109554 0.000601858 0.123425 -0.000911277 0.000855594 0.123425 -0.000963369 0.000796461 -0.123425 -0.000911277 0.000855594 -0.123425 -0.000963369 0.000796461 0.123425 -0.00101138 0.00073457 0.123425 -0.00101138 0.00073457 -0.123425 -0.000734772 0.00101124 -0.123425 -0.000734772 0.00101124 0.123425 -0.000797045 0.00096288 -0.123425 -0.000855884 0.000911007 -0.123425 -0.000797045 0.00096288 0.123425 -0.000855884 0.000911007 0.123425 -0.000602441 0.00109521 -0.123425 -0.000532366 0.00113096 -0.123425 -0.000532366 0.00113096 0.123425 -0.00067007 0.00105521 0.123425 -0.00067007 0.00105521 -0.123425 -0.000602441 0.00109521 0.123425 -0.000311107 0.00121066 0.123425 -0.00038643 0.00118875 -0.123425 -0.000311107 0.00121066 -0.123425 -0.00038643 0.00118875 0.123425 -0.000460506 0.00116205 0.123425 -0.000460506 0.00116205 -0.123425 -7.88173e-05 0.0012475 -0.123425 -7.88173e-05 0.0012475 0.123425 -0.000156677 0.00124014 -0.123425 -0.000234598 0.00122776 -0.123425 -0.000156677 0.00124014 0.123425 -0.000234598 0.00122776 0.123425 7.83678e-05 0.00124754 -0.123425 7.83678e-05 0.00124754 0.123425 -3.32652e-07 0.00124997 -0.123425 -3.32652e-07 0.00124997 0.123425 0.000156288 0.00124017 0.123425 0.000156288 0.00124017 -0.123425 0.000233999 0.00122788 -0.123425 0.000233999 0.00122788 0.123425 0.000310646 0.00121078 -0.123425 0.000310646 0.00121078 0.123425 0.000385891 0.00118891 0.123425 0.000385891 0.00118891 -0.123425 0.000460099 0.00116224 -0.123425 0.000460099 0.00116224 0.123425 0.000531942 0.00113115 -0.123425 0.000531942 0.00113115 0.123425 0.000601864 0.00109553 0.123425 0.000601864 0.00109553 -0.123425 0.000669715 0.00105545 -0.123425 0.000669715 0.00105545 0.123425 0.000734424 0.00101147 -0.123425 0.000734424 0.00101147 0.123425 0.000796552 0.000963293 0.123425 0.000796552 0.000963293 -0.123425 0.000855545 0.000911335 -0.123425 0.000855545 0.000911335 0.123425 0.000910923 0.000855949 -0.123425 0.000910923 0.000855949 0.123425 0.000963049 0.000796868 0.123425 0.000963049 0.000796868 -0.123425 0.0010111 0.00073495 -0.123425 0.0010111 0.00073495 0.123425 0.00105518 0.000670083 -0.123425 0.00105518 0.000670083 0.123425 0.00109536 0.000602228 0.123425 0.00109536 0.000602228 -0.123425 0.00113087 0.00053253 -0.123425 0.00113087 0.00053253 0.123425 0.00116208 0.000460432 -0.123425 0.00116208 0.000460432 0.123425 0.00118877 0.000386412 0.123425 0.00118877 0.000386412 -0.123425 0.00121061 0.000311229 -0.123425 0.00121061 0.000311229 0.123425 0.0012278 0.000234407 -0.123425 0.0012278 0.000234407 0.123425 0.0012401 0.00015691 0.123425 0.0012401 0.00015691 -0.123425 0.00124748 7.88712e-05 -0.123425 0.00124748 7.88712e-05 0.123425 0.0017 0.005 -0.131575 0.0016382 0.00499021 -0.131575 0.00166871 0.00499754 -0.131575 0.005 -0.0017 -0.131575 0.004 -0.00275934 -0.131575 0.004 -0.0017 -0.131575 0.0016092 0.0049782 -0.131575 0.00155858 0.00494142 -0.131575 0.00158244 0.0049618 -0.131575 -0.00287985 0.00395961 -0.131575 -0.00290397 0.00393814 -0.131575 -0.0048 0.005 -0.131575 -0.00295169 0.00385479 -0.131575 -0.005 0.0048 -0.131575 0.0015 0.0048 -0.131575 0.0015382 0.00491756 -0.131575 -0.0017 0.005 -0.131575 -0.0015 0.0048 -0.131575 -0.0015 0.0042 -0.131575 0.00150979 0.0048618 -0.131575 0.0015218 0.0048908 -0.131575 0.00150246 0.00483129 -0.131575 -0.0016382 0.00400979 -0.131575 -0.00166871 0.00400246 -0.131575 -0.0017 0.004 -0.131575 -0.0016092 0.0040218 -0.131575 0.0017 0.004 -0.131575 0.0015 0.0042 -0.131575 0.00158244 0.0040382 -0.131575 0.00155858 0.00405858 -0.131575 0.0015382 0.00408244 -0.131575 0.0016092 0.0040218 -0.131575 0.0015218 0.0041092 -0.131575 0.0016382 0.00400979 -0.131575 0.00150979 0.0041382 -0.131575 0.00150246 0.00416871 -0.131575 0.00166871 0.00400246 -0.131575 0.0048 0.005 -0.131575 0.00292425 0.00391316 -0.131575 0.00290389 0.00393822 -0.131575 0.00275934 0.004 -0.131575 0.00282284 0.00398965 -0.131575 0.00279154 0.00399739 -0.131575 0.00285252 0.00397697 -0.131575 0.00287977 0.00395967 -0.131575 0.00295165 0.00385491 -0.131575 0.00294031 0.00388515 -0.131575 0.00294592 0.00372796 -0.131575 0.00372788 0.00294588 -0.131575 0.00293189 0.00369887 -0.131575 0.00382312 0.002958 -0.131575 0.00379086 0.00295913 -0.131575 0.00295914 0.00379097 -0.131575 0.00369882 0.00293186 -0.131575 0.00291336 0.00367241 -0.131575 0.00289081 0.00364928 -0.131575 0.00367241 0.00291336 -0.131575 0.00364928 0.00289081 -0.131575 -0.0015382 -0.00491756 -0.131575 -0.00155858 -0.00494142 -0.131575 -0.0015 -0.0048 -0.131575 -0.0017 -0.005 -0.131575 -0.00158244 -0.0049618 -0.131575 -0.000488446 -0.00141821 -0.131575 -0.00092503 -0.002 -0.131575 -0.000569428 -0.00138769 -0.131575 -0.000799709 -0.00126901 -0.131575 -0.000981628 -0.00200818 -0.131575 -0.000871251 -0.00122103 -0.131575 -0.0013958 0.00054927 -0.131575 -0.00142506 0.000468063 -0.131575 -0.002 0.00092503 -0.131575 -0.00499754 0.00166871 -0.131575 -0.00483129 0.00150246 -0.131575 -0.00499021 0.0016382 -0.131575 -0.0048618 0.00150979 -0.131575 -0.0048908 0.0015218 -0.131575 -0.0049782 0.0016092 -0.131575 -0.00385491 0.00295165 -0.131575 -0.00491756 0.0015382 -0.131575 -0.0049782 0.0048908 -0.131575 -0.0049618 0.00491756 -0.131575 -0.00499021 0.0048618 -0.131575 -0.00499754 0.00483129 -0.131575 -0.00491756 0.0049618 -0.131575 -0.0048908 0.0049782 -0.131575 -0.00494142 0.00494142 -0.131575 -0.0048618 0.00499021 -0.131575 -0.00483129 0.00499754 -0.131575 -0.00294037 0.00388503 -0.131575 -0.00292432 0.00391306 -0.131575 -0.00282289 0.00398963 -0.131575 -0.0016092 0.0049782 -0.131575 -0.00158244 0.0049618 -0.131575 -0.0015218 0.0048908 -0.131575 -0.00166871 0.00499754 -0.131575 -0.00150979 0.0048618 -0.131575 -0.00150246 0.00483129 -0.131575 -0.0015382 0.00491756 -0.131575 -0.00155858 0.00405858 -0.131575 -0.00158244 0.0040382 -0.131575 -0.00150979 0.0041382 -0.131575 -0.00150246 0.00416871 -0.131575 -0.0015382 0.00408244 -0.131575 -0.0015218 0.0041092 -0.131575 -0.0016382 0.00499021 -0.131575 -0.00155858 0.00494142 -0.131575 -0.00279154 0.00399739 -0.131575 -0.00275934 0.004 -0.131575 -0.00285259 0.00397693 -0.131575 -0.00398965 0.00282284 -0.131575 -0.00399739 0.00279154 -0.131575 -0.005 0.0017 -0.131575 -0.00388515 0.00294031 -0.131575 -0.00391316 0.00292425 -0.131575 -0.00400979 0.0016382 -0.131575 -0.004 0.0017 -0.131575 -0.00400246 0.00166871 -0.131575 -0.004 0.00275934 -0.131575 -0.0042 0.0015 -0.131575 -0.0041092 0.0015218 -0.131575 -0.0041382 0.00150979 -0.131575 -0.00416871 0.00150246 -0.131575 -0.0049618 0.00158244 -0.131575 -0.00494142 0.00155858 -0.131575 -0.0048 0.0015 -0.131575 -0.00408244 0.0015382 -0.131575 -0.004 -0.0017 -0.131575 -0.0048 -0.0015 -0.131575 -0.0042 -0.0015 -0.131575 -0.0010565 0.00204928 -0.131575 -0.00204928 0.0010565 -0.131575 -0.00364928 0.00289081 -0.131575 -0.00405858 0.00155858 -0.131575 -0.00400246 -0.00166871 -0.131575 -0.00408244 -0.0015382 -0.131575 -0.00405858 -0.00155858 -0.131575 -0.0040382 -0.00158244 -0.131575 -0.001182 0.000923461 -0.131575 -0.00203203 0.0010336 -0.131575 -0.00112697 0.00098991 -0.131575 -0.0041092 -0.0015218 -0.131575 -0.0040218 -0.0016092 -0.131575 -0.00200818 0.000981628 -0.131575 -0.00201824 0.00100847 -0.131575 -0.00123344 0.000853572 -0.131575 -0.00200205 0.000953623 -0.131575 -0.00128048 0.000781241 -0.131575 -0.00132327 0.000706297 -0.131575 -0.0040218 0.0016092 -0.131575 -0.0040382 0.00158244 -0.131575 -0.00382325 0.00295799 -0.131575 -0.002958 0.00382312 -0.131575 -0.00375893 0.00295508 -0.131575 -0.00379097 0.00295914 -0.131575 -0.00295913 0.00379086 -0.131575 -0.00295506 0.00375883 -0.131575 -0.00294588 0.00372788 -0.131575 -0.00372796 0.00294592 -0.131575 -0.00397697 0.00285252 -0.131575 -0.00393822 0.00290389 -0.131575 -0.00395967 0.00287977 -0.131575 -0.00289081 0.00364928 -0.131575 -0.00367241 0.00291336 -0.131575 -0.00291336 0.00367241 -0.131575 -0.00369887 0.00293189 -0.131575 -0.00293186 0.00369882 -0.131575 -0.00144979 0.000384807 -0.131575 -0.00146949 0.000300916 -0.131575 -0.00136193 0.000628569 -0.131575 0.00109783 -0.00102209 -0.131575 0.0011551 -0.000956912 -0.131575 0.00203203 -0.0010336 -0.131575 -0.00148435 0.000215864 -0.131575 -0.000953623 -0.00200205 -0.131575 -0.000405758 -0.00144407 -0.131575 -0.000322161 -0.00146497 -0.131575 -0.00072521 -0.001313 -0.131575 -0.00150246 -0.00483129 -0.131575 -0.00150979 -0.0048618 -0.131575 -0.0016382 -0.00499021 -0.131575 -0.0016092 -0.0049782 -0.131575 -0.00499754 -0.00483129 -0.131575 -0.005 -0.0048 -0.131575 -0.0048 -0.005 -0.131575 -0.0015218 -0.0048908 -0.131575 -0.00499021 -0.0048618 -0.131575 -0.00483129 -0.00499754 -0.131575 -0.0048618 -0.00499021 -0.131575 -0.0049782 -0.0048908 -0.131575 -0.0048908 -0.0049782 -0.131575 -0.0049618 -0.00491756 -0.131575 -0.00491756 -0.0049618 -0.131575 -0.00494142 -0.00494142 -0.131575 -0.00385479 -0.00295169 -0.131575 -0.00388503 -0.00294037 -0.131575 -0.00295165 -0.00385491 -0.131575 -0.00393814 -0.00290397 -0.131575 -0.00391306 -0.00292432 -0.131575 -0.00395961 -0.00287985 -0.131575 -0.00397693 -0.00285259 -0.131575 -0.00491756 -0.0015382 -0.131575 -0.0048908 -0.0015218 -0.131575 -0.0049782 -0.0016092 -0.131575 -0.005 -0.0017 -0.131575 -0.00499021 -0.0016382 -0.131575 -0.00494142 -0.00155858 -0.131575 -0.0048618 -0.00150979 -0.131575 -0.00400979 -0.0016382 -0.131575 -0.0041382 -0.00150979 -0.131575 -0.00416871 -0.00150246 -0.131575 -0.00499754 -0.00166871 -0.131575 -0.00483129 -0.00150246 -0.131575 -0.0049618 -0.00158244 -0.131575 -0.004 -0.00275934 -0.131575 -0.00399739 -0.00279154 -0.131575 -0.00398963 -0.00282289 -0.131575 -0.00292425 -0.00391316 -0.131575 -0.00290389 -0.00393822 -0.131575 -0.00294031 -0.00388515 -0.131575 -0.00150979 -0.0041382 -0.131575 -0.00166871 -0.00400246 -0.131575 -0.0016382 -0.00400979 -0.131575 -0.00279154 -0.00399739 -0.131575 -0.00275934 -0.004 -0.131575 -0.00158244 -0.0040382 -0.131575 -0.00155858 -0.00405858 -0.131575 -0.0015382 -0.00408244 -0.131575 -0.00166871 -0.00499754 -0.131575 -0.0016092 -0.0040218 -0.131575 -0.0015218 -0.0041092 -0.131575 -0.0017 -0.004 -0.131575 -0.0015 -0.0042 -0.131575 0.0016092 -0.0049782 -0.131575 0.00158244 -0.0049618 -0.131575 0.0015218 -0.0048908 -0.131575 0.0015 -0.0048 -0.131575 0.0015 -0.0042 -0.131575 0.0017 -0.005 -0.131575 0.00092503 -0.002 -0.131575 0.000363594 -0.00145526 -0.131575 0.000446595 -0.00143194 -0.131575 -0.000237108 -0.00148111 -0.131575 0.00166871 -0.00400246 -0.131575 0.0017 -0.004 -0.131575 0.0016382 -0.00400979 -0.131575 0.0016092 -0.0040218 -0.131575 0.002 0.00092503 -0.131575 0.002 -0.00092503 -0.131575 0.0015 1.11022e-18 -0.131575 0.00147761 -0.000258148 -0.131575 0.00148999 -0.000172897 -0.131575 -0.000405334 0.00144417 -0.131575 -0.000487899 0.00141843 -0.131575 -0.00092503 0.002 -0.131575 -0.0010565 -0.00204928 -0.131575 -0.00364928 -0.00289081 -0.131575 -0.00204928 -0.0010565 -0.131575 -0.00100613 -0.00111249 -0.131575 -0.000940335 -0.00116861 -0.131575 -0.0010336 -0.00203203 -0.131575 -0.00100847 -0.00201824 -0.131575 -0.00150246 -0.00416871 -0.131575 -0.00295799 -0.00382325 -0.131575 -0.00382312 -0.002958 -0.131575 -0.00295508 -0.00375893 -0.131575 -0.00295914 -0.00379097 -0.131575 -0.00379086 -0.00295913 -0.131575 -0.00375883 -0.00295506 -0.131575 -0.00282284 -0.00398965 -0.131575 -0.00287977 -0.00395967 -0.131575 -0.00285252 -0.00397697 -0.131575 -0.00372788 -0.00294588 -0.131575 -0.00294592 -0.00372796 -0.131575 -0.00289081 -0.00364928 -0.131575 -0.00291336 -0.00367241 -0.131575 -0.00367241 -0.00291336 -0.131575 -0.00293189 -0.00369887 -0.131575 -0.00369882 -0.00293186 -0.131575 -0.000648171 -0.00135273 -0.131575 0.00130255 -0.00074385 -0.131575 0.00200205 -0.000953623 -0.131575 0.00125733 -0.000817935 -0.131575 0.00200818 -0.000981628 -0.131575 0.00120824 -0.000888896 -0.131575 0.00201824 -0.00100847 -0.131575 0.00494142 -0.00155858 -0.131575 0.0049618 -0.00158244 -0.131575 0.00491756 -0.0015382 -0.131575 0.00204928 -0.0010565 -0.131575 0.00364928 -0.00289081 -0.131575 0.0010565 -0.00204928 -0.131575 0.00388515 -0.00294031 -0.131575 0.005 -0.0048 -0.131575 0.00385491 -0.00295165 -0.131575 0.0048908 -0.0015218 -0.131575 0.0048 -0.005 -0.131575 0.00494142 -0.00494142 -0.131575 0.00491756 -0.0049618 -0.131575 0.0048618 -0.00499021 -0.131575 0.00483129 -0.00499754 -0.131575 0.0048908 -0.0049782 -0.131575 0.0049618 -0.00491756 -0.131575 0.00295169 -0.00385479 -0.131575 0.00499021 -0.0048618 -0.131575 0.0049782 -0.0048908 -0.131575 0.00294037 -0.00388503 -0.131575 0.00290397 -0.00393814 -0.131575 0.00292432 -0.00391306 -0.131575 0.00287985 -0.00395961 -0.131575 0.00285259 -0.00397693 -0.131575 0.00166871 -0.00499754 -0.131575 0.00150979 -0.0048618 -0.131575 0.00150246 -0.00483129 -0.131575 0.0016382 -0.00499021 -0.131575 0.0015382 -0.00491756 -0.131575 0.00155858 -0.00405858 -0.131575 0.00158244 -0.0040382 -0.131575 0.00150979 -0.0041382 -0.131575 0.00150246 -0.00416871 -0.131575 0.0015382 -0.00408244 -0.131575 0.0015218 -0.0041092 -0.131575 0.00155858 -0.00494142 -0.131575 0.00275934 -0.004 -0.131575 0.00279154 -0.00399739 -0.131575 0.00282289 -0.00398963 -0.131575 0.00499754 -0.00483129 -0.131575 0.00391316 -0.00292425 -0.131575 0.00400246 -0.00166871 -0.131575 0.00400979 -0.0016382 -0.131575 0.0041382 -0.00150979 -0.131575 0.0042 -0.0015 -0.131575 0.0041092 -0.0015218 -0.131575 0.00416871 -0.00150246 -0.131575 0.0049782 -0.0016092 -0.131575 0.0048618 -0.00150979 -0.131575 0.004 0.0017 -0.131575 0.005 0.0017 -0.131575 0.0048 0.0015 -0.131575 0.00494142 0.00155858 -0.131575 0.00491756 0.0015382 -0.131575 0.0049618 0.00158244 -0.131575 0.0049782 0.0016092 -0.131575 0.0010565 0.00204928 -0.131575 0.00499021 -0.0016382 -0.131575 0.00483129 -0.00150246 -0.131575 0.0040382 0.00158244 -0.131575 0.00408244 0.0015382 -0.131575 0.00405858 0.00155858 -0.131575 0.00388503 0.00294037 -0.131575 0.00385479 0.00295169 -0.131575 0.005 0.0048 -0.131575 0.00092503 0.002 -0.131575 0.000609104 0.00137072 -0.131575 0.00052894 0.00140364 -0.131575 0.00499754 -0.00166871 -0.131575 0.0040218 0.0016092 -0.131575 0.0041092 0.0015218 -0.131575 0.0048 -0.0015 -0.131575 0.000973434 0.00114124 -0.131575 0.00100847 0.00201824 -0.131575 0.0010336 0.00203203 -0.131575 0.00408244 -0.0015382 -0.131575 0.000279545 0.00147372 -0.131575 0.000194449 0.00148731 -0.131575 0.00405858 -0.00155858 -0.131575 0.0040218 -0.0016092 -0.131575 0.0040382 -0.00158244 -0.131575 0.00382325 -0.00295799 -0.131575 0.002958 -0.00382312 -0.131575 0.00375893 -0.00295508 -0.131575 0.00379097 -0.00295914 -0.131575 0.00295913 -0.00379086 -0.131575 0.00295506 -0.00375883 -0.131575 0.00294588 -0.00372788 -0.131575 0.00372796 -0.00294592 -0.131575 0.00399739 -0.00279154 -0.131575 0.00398965 -0.00282284 -0.131575 0.00395967 -0.00287977 -0.131575 0.00397697 -0.00285252 -0.131575 0.00393822 -0.00290389 -0.131575 0.00289081 -0.00364928 -0.131575 0.00367241 -0.00291336 -0.131575 0.00291336 -0.00367241 -0.131575 0.00369887 -0.00293189 -0.131575 0.00293186 -0.00369882 -0.131575 0.000364138 0.00145509 -0.131575 0.00137932 -0.000589382 -0.131575 0.00141114 -0.000508589 -0.131575 0.00134316 -0.00066775 -0.131575 0.00146016 -0.000343246 -0.131575 0.00143802 -0.000426687 -0.131575 0.000447466 0.00143168 -0.131575 0.000762559 0.0012917 -0.131575 0.000687135 0.00133333 -0.131575 0.000953623 0.00200205 -0.131575 0.000835896 0.00124546 -0.131575 0.000981628 0.00200818 -0.131575 0.000906307 0.00119521 -0.131575 0.00204928 0.0010565 -0.131575 0.00375883 0.00295506 -0.131575 0.00295508 0.00375893 -0.131575 0.00295799 0.00382325 -0.131575 0.00393814 0.00290397 -0.131575 0.00391306 0.00292432 -0.131575 0.00397693 0.00285259 -0.131575 0.00395961 0.00287985 -0.131575 0.00499021 0.0016382 -0.131575 0.00398963 0.00282289 -0.131575 0.0048618 0.00150979 -0.131575 0.00483129 0.00150246 -0.131575 0.00400979 0.0016382 -0.131575 0.0041382 0.00150979 -0.131575 0.00400246 0.00166871 -0.131575 0.00416871 0.00150246 -0.131575 0.0042 0.0015 -0.131575 0.00499754 0.00166871 -0.131575 0.0048908 0.0015218 -0.131575 0.00399739 0.00279154 -0.131575 0.004 0.00275934 -0.131575 0.00483129 0.00499754 -0.131575 0.0048618 0.00499021 -0.131575 0.00499021 0.0048618 -0.131575 0.00499754 0.00483129 -0.131575 0.00491756 0.0049618 -0.131575 0.00494142 0.00494142 -0.131575 0.0049618 0.00491756 -0.131575 0.0049782 0.0048908 -0.131575 0.0048908 0.0049782 -0.131575 -0.00142535 -0.000467261 -0.131575 -0.002 -0.00092503 -0.131575 -0.00144983 -0.000384715 -0.131575 0.00149744 -8.68685e-05 -0.131575 0.00103728 -0.00108353 -0.131575 0.000973189 -0.00114142 -0.131575 0.00100847 -0.00201824 -0.131575 0.0010336 -0.00203203 -0.131575 0.000905586 -0.00119575 -0.131575 0.000981628 -0.00200818 -0.131575 0.000953623 -0.00200205 -0.131575 0.000835376 -0.00124584 -0.131575 0.000762239 -0.00129187 -0.131575 0.00060856 -0.001371 -0.131575 0.000686327 -0.00133374 -0.131575 0.000528548 -0.00140376 -0.131575 0.000193542 -0.00148743 -0.131575 0.00027909 -0.00147378 -0.131575 2.13079e-05 -0.00149982 -0.131575 0.000107782 -0.00149612 -0.131575 -6.52835e-05 -0.00149855 -0.131575 -0.000151243 -0.00149235 -0.131575 -0.00106834 -0.00105292 -0.131575 -0.00203203 -0.0010336 -0.131575 -0.0011274 -0.000989366 -0.131575 -0.00201824 -0.00100847 -0.131575 -0.00118255 -0.000922775 -0.131575 -0.00200818 -0.000981628 -0.131575 -0.00123357 -0.0008534 -0.131575 -0.00200205 -0.000953623 -0.131575 -0.00128084 -0.000780604 -0.131575 -0.00132369 -0.000705541 -0.131575 -0.00139606 -0.000548554 -0.131575 -0.00136201 -0.000628429 -0.131575 -0.00148449 -0.000215045 -0.131575 -0.00146963 -0.000300142 -0.131575 -0.00149935 -4.27763e-05 -0.131575 -0.0014944 -0.000129526 -0.131575 -0.00149935 4.35857e-05 -0.131575 -0.00149439 0.000129559 -0.131575 -0.00106814 0.0010531 -0.131575 -0.0010336 0.00203203 -0.131575 -0.00100546 0.00111308 -0.131575 -0.00100847 0.00201824 -0.131575 -0.000939836 0.00116905 -0.131575 -0.000870968 0.00122121 -0.131575 -0.000981628 0.00200818 -0.131575 -0.000953623 0.00200205 -0.131575 -0.000798941 0.00126949 -0.131575 -0.000724675 0.00131333 -0.131575 -0.000568585 0.00138803 -0.131575 -0.000647814 0.00135287 -0.131575 -0.000236572 0.00148122 -0.131575 -0.000321268 0.00146516 -0.131575 -6.43696e-05 0.00149859 -0.131575 -0.000150762 0.00149237 -0.131575 2.1812e-05 0.00149984 -0.131575 0.00103775 0.00108304 -0.131575 0.000108305 0.00149605 -0.131575 0.00203203 0.0010336 -0.131575 0.00109845 0.00102145 -0.131575 0.00201824 0.00100847 -0.131575 0.00115527 0.000956733 -0.131575 0.00120864 0.000888304 -0.131575 0.00200818 0.000981628 -0.131575 0.00200205 0.000953623 -0.131575 0.00125782 0.000817211 -0.131575 0.00130266 0.000743693 -0.131575 0.00137967 0.0005886 -0.131575 0.00134347 0.000667071 -0.131575 0.00143821 0.000425939 -0.131575 0.00141119 0.000508471 -0.131575 0.00147763 0.000258085 -0.131575 0.00146037 0.000342432 -0.131575 0.00149744 8.68685e-05 -0.131575 0.00148999 0.000172897 -0.131575 0.00149744 8.68685e-05 -0.131575 0.0015 1.11022e-18 -0.131575 0.0015 1.11022e-18 -0.123575 0.00146037 0.000342432 -0.131575 0.00147763 0.000258085 -0.131575 0.00147763 0.000258085 -0.123575 0.00148999 0.000172897 -0.131575 0.00149744 8.68685e-05 -0.123575 0.00148999 0.000172897 -0.123575 0.00141119 0.000508471 -0.123575 0.00137967 0.0005886 -0.131575 0.00141119 0.000508471 -0.131575 0.00146037 0.000342432 -0.123575 0.00143821 0.000425939 -0.123575 0.00143821 0.000425939 -0.131575 0.00130266 0.000743693 -0.131575 0.00130266 0.000743693 -0.123575 0.00125782 0.000817211 -0.131575 0.00134347 0.000667071 -0.131575 0.00137967 0.0005886 -0.123575 0.00134347 0.000667071 -0.123575 0.00109845 0.00102145 -0.131575 0.00115527 0.000956733 -0.131575 0.00115527 0.000956733 -0.123575 0.00120864 0.000888304 -0.123575 0.00120864 0.000888304 -0.131575 0.00125782 0.000817211 -0.123575 0.000973434 0.00114124 -0.123575 0.000906307 0.00119521 -0.131575 0.000973434 0.00114124 -0.131575 0.00109845 0.00102145 -0.123575 0.00103775 0.00108304 -0.123575 0.00103775 0.00108304 -0.131575 0.000762559 0.0012917 -0.131575 0.000762559 0.0012917 -0.123575 0.000687135 0.00133333 -0.131575 0.000835896 0.00124546 -0.131575 0.000906307 0.00119521 -0.123575 0.000835896 0.00124546 -0.123575 0.000447466 0.00143168 -0.131575 0.00052894 0.00140364 -0.131575 0.00052894 0.00140364 -0.123575 0.000609104 0.00137072 -0.123575 0.000609104 0.00137072 -0.131575 0.000687135 0.00133333 -0.123575 0.000279545 0.00147372 -0.123575 0.000194449 0.00148731 -0.131575 0.000279545 0.00147372 -0.131575 0.000447466 0.00143168 -0.123575 0.000364138 0.00145509 -0.123575 0.000364138 0.00145509 -0.131575 2.1812e-05 0.00149984 -0.131575 2.1812e-05 0.00149984 -0.123575 -6.43696e-05 0.00149859 -0.131575 0.000108305 0.00149605 -0.131575 0.000194449 0.00148731 -0.123575 0.000108305 0.00149605 -0.123575 -0.000321268 0.00146516 -0.131575 -0.000236572 0.00148122 -0.131575 -0.000236572 0.00148122 -0.123575 -0.000150762 0.00149237 -0.123575 -0.000150762 0.00149237 -0.131575 -6.43696e-05 0.00149859 -0.123575 -0.000487899 0.00141843 -0.123575 -0.000568585 0.00138803 -0.131575 -0.000487899 0.00141843 -0.131575 -0.000321268 0.00146516 -0.123575 -0.000405334 0.00144417 -0.123575 -0.000405334 0.00144417 -0.131575 -0.000724675 0.00131333 -0.131575 -0.000724675 0.00131333 -0.123575 -0.000798941 0.00126949 -0.131575 -0.000647814 0.00135287 -0.131575 -0.000568585 0.00138803 -0.123575 -0.000647814 0.00135287 -0.123575 -0.00100546 0.00111308 -0.131575 -0.000939836 0.00116905 -0.131575 -0.000939836 0.00116905 -0.123575 -0.000870968 0.00122121 -0.123575 -0.000870968 0.00122121 -0.131575 -0.000798941 0.00126949 -0.123575 -0.00112697 0.00098991 -0.123575 -0.001182 0.000923461 -0.131575 -0.00112697 0.00098991 -0.131575 -0.00100546 0.00111308 -0.123575 -0.00106814 0.0010531 -0.123575 -0.00106814 0.0010531 -0.131575 -0.00128048 0.000781241 -0.131575 -0.00128048 0.000781241 -0.123575 -0.00132327 0.000706297 -0.131575 -0.00123344 0.000853572 -0.131575 -0.001182 0.000923461 -0.123575 -0.00123344 0.000853572 -0.123575 -0.00142506 0.000468063 -0.131575 -0.0013958 0.00054927 -0.131575 -0.0013958 0.00054927 -0.123575 -0.00136193 0.000628569 -0.123575 -0.00136193 0.000628569 -0.131575 -0.00132327 0.000706297 -0.123575 -0.00146949 0.000300916 -0.123575 -0.00148435 0.000215864 -0.131575 -0.00146949 0.000300916 -0.131575 -0.00142506 0.000468063 -0.123575 -0.00144979 0.000384807 -0.123575 -0.00144979 0.000384807 -0.131575 -0.00149935 4.35857e-05 -0.131575 -0.00149935 4.35857e-05 -0.123575 -0.00149935 -4.27763e-05 -0.131575 -0.00149439 0.000129559 -0.131575 -0.00148435 0.000215864 -0.123575 -0.00149439 0.000129559 -0.123575 -0.00146963 -0.000300142 -0.131575 -0.00148449 -0.000215045 -0.131575 -0.00148449 -0.000215045 -0.123575 -0.0014944 -0.000129526 -0.123575 -0.0014944 -0.000129526 -0.131575 -0.00149935 -4.27763e-05 -0.123575 -0.00142535 -0.000467261 -0.123575 -0.00139606 -0.000548554 -0.131575 -0.00142535 -0.000467261 -0.131575 -0.00146963 -0.000300142 -0.123575 -0.00144983 -0.000384715 -0.123575 -0.00144983 -0.000384715 -0.131575 -0.00132369 -0.000705541 -0.131575 -0.00132369 -0.000705541 -0.123575 -0.00128084 -0.000780604 -0.131575 -0.00136201 -0.000628429 -0.131575 -0.00139606 -0.000548554 -0.123575 -0.00136201 -0.000628429 -0.123575 -0.0011274 -0.000989366 -0.131575 -0.00118255 -0.000922775 -0.131575 -0.00118255 -0.000922775 -0.123575 -0.00123357 -0.0008534 -0.123575 -0.00123357 -0.0008534 -0.131575 -0.00128084 -0.000780604 -0.123575 -0.00100613 -0.00111249 -0.123575 -0.000940335 -0.00116861 -0.131575 -0.00100613 -0.00111249 -0.131575 -0.0011274 -0.000989366 -0.123575 -0.00106834 -0.00105292 -0.123575 -0.00106834 -0.00105292 -0.131575 -0.000799709 -0.00126901 -0.131575 -0.000799709 -0.00126901 -0.123575 -0.00072521 -0.001313 -0.131575 -0.000871251 -0.00122103 -0.131575 -0.000940335 -0.00116861 -0.123575 -0.000871251 -0.00122103 -0.123575 -0.000488446 -0.00141821 -0.131575 -0.000569428 -0.00138769 -0.131575 -0.000569428 -0.00138769 -0.123575 -0.000648171 -0.00135273 -0.123575 -0.000648171 -0.00135273 -0.131575 -0.00072521 -0.001313 -0.123575 -0.000322161 -0.00146497 -0.123575 -0.000237108 -0.00148111 -0.131575 -0.000322161 -0.00146497 -0.131575 -0.000488446 -0.00141821 -0.123575 -0.000405758 -0.00144407 -0.123575 -0.000405758 -0.00144407 -0.131575 -6.52835e-05 -0.00149855 -0.131575 -6.52835e-05 -0.00149855 -0.123575 2.13079e-05 -0.00149982 -0.131575 -0.000151243 -0.00149235 -0.131575 -0.000237108 -0.00148111 -0.123575 -0.000151243 -0.00149235 -0.123575 2.13079e-05 -0.00149982 -0.123575 0.000107782 -0.00149612 -0.123575 0.000107782 -0.00149612 -0.131575 0.000193542 -0.00148743 -0.123575 0.000193542 -0.00148743 -0.131575 0.00027909 -0.00147378 -0.131575 0.00027909 -0.00147378 -0.123575 0.000363594 -0.00145526 -0.123575 0.000363594 -0.00145526 -0.131575 0.000446595 -0.00143194 -0.123575 0.000446595 -0.00143194 -0.131575 0.000528548 -0.00140376 -0.131575 0.000528548 -0.00140376 -0.123575 0.00060856 -0.001371 -0.123575 0.00060856 -0.001371 -0.131575 0.000686327 -0.00133374 -0.123575 0.000686327 -0.00133374 -0.131575 0.000762239 -0.00129187 -0.131575 0.000762239 -0.00129187 -0.123575 0.000835376 -0.00124584 -0.123575 0.000835376 -0.00124584 -0.131575 0.000905586 -0.00119575 -0.123575 0.000905586 -0.00119575 -0.131575 0.000973189 -0.00114142 -0.131575 0.000973189 -0.00114142 -0.123575 0.00103728 -0.00108353 -0.123575 0.00103728 -0.00108353 -0.131575 0.00109783 -0.00102209 -0.123575 0.00109783 -0.00102209 -0.131575 0.0011551 -0.000956912 -0.131575 0.0011551 -0.000956912 -0.123575 0.00120824 -0.000888896 -0.123575 0.00120824 -0.000888896 -0.131575 0.00125733 -0.000817935 -0.123575 0.00125733 -0.000817935 -0.131575 0.00130255 -0.00074385 -0.131575 0.00130255 -0.00074385 -0.123575 0.00134316 -0.00066775 -0.123575 0.00134316 -0.00066775 -0.131575 0.00137932 -0.000589382 -0.123575 0.00137932 -0.000589382 -0.131575 0.00141114 -0.000508589 -0.131575 0.00141114 -0.000508589 -0.123575 0.00143802 -0.000426687 -0.123575 0.00143802 -0.000426687 -0.131575 0.00146016 -0.000343246 -0.123575 0.00146016 -0.000343246 -0.131575 0.00147761 -0.000258148 -0.131575 0.00147761 -0.000258148 -0.123575 0.00148999 -0.000172897 -0.123575 0.00148999 -0.000172897 -0.131575 0.00149744 -8.68685e-05 -0.123575 0.00149744 -8.68685e-05 -0.131575 0.00124748 -7.88712e-05 -0.123425 0.00125 -3.06162e-19 -0.123425 0.0015 1.11022e-18 -0.123575 0.0012108 -0.000310493 -0.123425 0.00122788 -0.000234118 -0.123425 0.00146016 -0.000343246 -0.123575 0.0012401 -0.00015691 -0.123425 0.00148999 -0.000172897 -0.123575 0.00147761 -0.000258148 -0.123575 0.00137932 -0.000589382 -0.123575 0.00113117 -0.000531858 -0.123425 0.00116229 -0.000459955 -0.123425 0.00143802 -0.000426687 -0.123575 0.00141114 -0.000508589 -0.123575 0.00118887 -0.000386036 -0.123425 0.00105556 -0.000669524 -0.123425 0.00125733 -0.000817935 -0.123575 0.00101146 -0.00073442 -0.123425 0.00109541 -0.000602121 -0.123425 0.00134316 -0.00066775 -0.123575 0.00130255 -0.00074385 -0.123575 0.00085587 -0.000910996 -0.123425 0.000911443 -0.000855407 -0.123425 0.00103728 -0.00108353 -0.123575 0.0011551 -0.000956912 -0.123575 0.000963186 -0.000796725 -0.123425 0.000835376 -0.00124584 -0.123575 0.000669895 -0.00105532 -0.123425 0.000735031 -0.00101102 -0.123425 0.000973189 -0.00114142 -0.123575 0.000905586 -0.00119575 -0.123575 0.000796914 -0.000963025 -0.123425 0.000460184 -0.00116221 -0.123425 0.00060856 -0.001371 -0.123575 0.000528548 -0.00140376 -0.123575 0.000602424 -0.00109524 -0.123425 0.000762239 -0.00129187 -0.123575 0.000686327 -0.00133374 -0.123575 0.00027909 -0.00147378 -0.123575 0.000234364 -0.00122783 -0.123425 0.000363594 -0.00145526 -0.123575 0.000446595 -0.00143194 -0.123575 0.000311162 -0.00121062 -0.123425 0.000386591 -0.0011887 -0.123425 2.13079e-05 -0.00149982 -0.123575 2.3864e-07 -0.00124999 -0.123425 7.86872e-05 -0.0012475 -0.123425 0.000193542 -0.00148743 -0.123575 0.000107782 -0.00149612 -0.123575 0.000157044 -0.00124007 -0.123425 -0.000233911 -0.0012279 -0.123425 -0.000237108 -0.00148111 -0.123575 -0.000322161 -0.00146497 -0.123575 -7.80995e-05 -0.00124753 -0.123425 -6.52835e-05 -0.00149855 -0.123575 -0.000151243 -0.00149235 -0.123575 -0.000569428 -0.00138769 -0.123575 -0.000459801 -0.00116234 -0.123425 -0.000488446 -0.00141821 -0.123575 -0.000405758 -0.00144407 -0.123575 -0.000386175 -0.00118885 -0.123425 -0.000310519 -0.00121078 -0.123425 -0.00072521 -0.001313 -0.123575 -0.000799709 -0.00126901 -0.123575 -0.000669438 -0.00105559 -0.123425 -0.000531986 -0.00113112 -0.123425 -0.000648171 -0.00135273 -0.123575 -0.00060201 -0.00109548 -0.123425 -0.000855394 -0.000911438 -0.123425 -0.00100613 -0.00111249 -0.123575 -0.00106834 -0.00105292 -0.123575 -0.000796547 -0.000963319 -0.123425 -0.000734649 -0.00101132 -0.123425 -0.000940335 -0.00116861 -0.123575 -0.00123357 -0.0008534 -0.123575 -0.00101108 -0.00073495 -0.123425 -0.00118255 -0.000922775 -0.123575 -0.0011274 -0.000989366 -0.123575 -0.000962899 -0.000797042 -0.123425 -0.000911169 -0.000855728 -0.123425 -0.00132369 -0.000705541 -0.123575 -0.00136201 -0.000628429 -0.123575 -0.00113095 -0.000532359 -0.123425 -0.00105532 -0.000669923 -0.123425 -0.00128084 -0.000780604 -0.123575 -0.00109517 -0.00060252 -0.123425 -0.00121072 -0.000310882 -0.123425 -0.00144983 -0.000384715 -0.123575 -0.00146963 -0.000300142 -0.123575 -0.00142535 -0.000467261 -0.123575 -0.00118867 -0.000386624 -0.123425 -0.00139606 -0.000548554 -0.123575 -0.00149935 -4.27763e-05 -0.123575 -0.00124752 -7.86179e-05 -0.123425 -0.0014944 -0.000129526 -0.123575 -0.00148449 -0.000215045 -0.123575 -0.00124007 -0.000156985 -0.123425 -0.00122778 -0.000234554 -0.123425 -0.00149439 0.000129559 -0.123575 -0.00148435 0.000215864 -0.123575 -0.00124017 0.000156437 -0.123425 -0.00124998 -3.81205e-07 -0.123425 -0.00149935 4.35857e-05 -0.123575 -0.00124752 7.8273e-05 -0.123425 -0.00116232 0.000459817 -0.123425 -0.0011889 0.00038597 -0.123425 -0.00142506 0.000468063 -0.123575 -0.00144979 0.000384807 -0.123575 -0.00121073 0.000310823 -0.123425 -0.00146949 0.000300916 -0.123575 -0.00128048 0.000781241 -0.123575 -0.00109554 0.000601858 -0.123425 -0.00132327 0.000706297 -0.123575 -0.0013958 0.00054927 -0.123575 -0.00136193 0.000628569 -0.123575 -0.00113107 0.000532141 -0.123425 -0.000963369 0.000796461 -0.123425 -0.00112697 0.00098991 -0.123575 -0.000911277 0.000855594 -0.123425 -0.00105553 0.000669548 -0.123425 -0.00123344 0.000853572 -0.123575 -0.00101138 0.00073457 -0.123425 -0.000734772 0.00101124 -0.123425 -0.000797045 0.00096288 -0.123425 -0.000939836 0.00116905 -0.123575 -0.00100546 0.00111308 -0.123575 -0.000855884 0.000911007 -0.123425 -0.00106814 0.0010531 -0.123575 -0.000724675 0.00131333 -0.123575 -0.000532366 0.00113096 -0.123425 -0.000602441 0.00109521 -0.123425 -0.000870968 0.00122121 -0.123575 -0.000798941 0.00126949 -0.123575 -0.00067007 0.00105521 -0.123425 -0.00038643 0.00118875 -0.123425 -0.000405334 0.00144417 -0.123575 -0.000311107 0.00121066 -0.123425 -0.000568585 0.00138803 -0.123575 -0.000460506 0.00116205 -0.123425 -7.88173e-05 0.0012475 -0.123425 -0.000156677 0.00124014 -0.123425 -0.000150762 0.00149237 -0.123575 -0.000236572 0.00148122 -0.123575 -0.000234598 0.00122776 -0.123425 -0.000321268 0.00146516 -0.123575 0.000108305 0.00149605 -0.123575 0.000156288 0.00124017 -0.123425 7.83678e-05 0.00124754 -0.123425 -6.43696e-05 0.00149859 -0.123575 2.1812e-05 0.00149984 -0.123575 -3.32652e-07 0.00124997 -0.123425 0.000233999 0.00122788 -0.123425 0.000194449 0.00148731 -0.123575 0.000279545 0.00147372 -0.123575 0.000310646 0.00121078 -0.123425 0.000447466 0.00143168 -0.123575 0.000364138 0.00145509 -0.123575 0.000385891 0.00118891 -0.123425 0.00052894 0.00140364 -0.123575 0.000609104 0.00137072 -0.123575 0.000460099 0.00116224 -0.123425 0.000687135 0.00133333 -0.123575 0.000531942 0.00113115 -0.123425 0.000601864 0.00109553 -0.123425 0.000762559 0.0012917 -0.123575 0.000835896 0.00124546 -0.123575 0.000669715 0.00105545 -0.123425 0.000906307 0.00119521 -0.123575 0.000734424 0.00101147 -0.123425 0.000796552 0.000963293 -0.123425 0.000973434 0.00114124 -0.123575 0.00103775 0.00108304 -0.123575 0.000855545 0.000911335 -0.123425 0.00109845 0.00102145 -0.123575 0.000910923 0.000855949 -0.123425 0.000963049 0.000796868 -0.123425 0.00115527 0.000956733 -0.123575 0.00120864 0.000888304 -0.123575 0.0010111 0.00073495 -0.123425 0.00105518 0.000670083 -0.123425 0.00125782 0.000817211 -0.123575 0.00130266 0.000743693 -0.123575 0.00109536 0.000602228 -0.123425 0.00134347 0.000667071 -0.123575 0.00113087 0.00053253 -0.123425 0.00116208 0.000460432 -0.123425 0.00137967 0.0005886 -0.123575 0.00141119 0.000508471 -0.123575 0.00118877 0.000386412 -0.123425 0.00143821 0.000425939 -0.123575 0.00121061 0.000311229 -0.123425 0.0012278 0.000234407 -0.123425 0.00146037 0.000342432 -0.123575 0.00147763 0.000258085 -0.123575 0.0012401 0.00015691 -0.123425 0.00148999 0.000172897 -0.123575 0.00124748 7.88712e-05 -0.123425 0.00149744 8.68685e-05 -0.123575 -0.000487899 0.00141843 -0.123575 -0.000647814 0.00135287 -0.123575 -0.001182 0.000923461 -0.123575 -0.0012279 0.000233839 -0.123425 -0.00116212 -0.000460396 -0.123425 -0.000871251 -0.00122103 -0.123575 -0.000156646 -0.00124014 -0.123425 0.000532553 -0.00113084 -0.123425 0.00109783 -0.00102209 -0.123575 0.00120824 -0.000888896 -0.123575 0.00149744 -8.68685e-05 -0.123575 0.0016092 0.0040218 0.123425 0.0016382 0.00400979 0.123425 0.0015218 0.0041092 0.123425 0.0049618 0.00491756 0.123425 0.00494142 0.00494142 0.123425 0.00491756 0.0049618 0.123425 0.0048908 0.0049782 0.123425 0.0049782 0.0048908 0.123425 0.0048618 0.00499021 0.123425 0.00499021 0.0048618 0.123425 0.00499754 0.00483129 0.123425 0.00483129 0.00499754 0.123425 0.0048 0.005 0.123425 0.005 0.0048 0.123425 0.00158244 0.0040382 0.123425 0.0015382 0.00408244 0.123425 0.00155858 0.00405858 0.123425 0.00166871 0.00499754 0.123425 0.0016382 0.00499021 0.123425 0.0017 0.005 0.123425 0.0016092 0.0049782 0.123425 0.00158244 0.0049618 0.123425 -0.00287985 0.00395961 0.123425 -0.0048 0.005 0.123425 -0.00290397 0.00393814 0.123425 -0.005 0.0048 0.123425 -0.00295169 0.00385479 0.123425 0.00155858 0.00494142 0.123425 -0.0017 0.005 0.123425 -0.0015 0.0042 0.123425 -0.0015 0.0048 0.123425 0.00150979 0.0048618 0.123425 0.00150246 0.00483129 0.123425 0.0015 0.0048 0.123425 0.0015382 0.00491756 0.123425 -0.0016382 0.00400979 0.123425 -0.0017 0.004 0.123425 -0.00166871 0.00400246 0.123425 -0.0016092 0.0040218 0.123425 0.0015218 0.0048908 0.123425 0.0015 0.0042 0.123425 0.0017 0.004 0.123425 0.00150979 0.0041382 0.123425 0.00166871 0.00400246 0.123425 0.00150246 0.00416871 0.123425 -0.00060201 -0.00109548 0.123425 -0.000669438 -0.00105559 0.123425 -0.00092503 -0.002 0.123425 0.00092503 0.002 0.123425 0.000669715 0.00105545 0.123425 0.000953623 0.00200205 0.123425 0.00275934 0.004 0.123425 0.00295165 0.00385491 0.123425 0.00294031 0.00388515 0.123425 0.00279154 0.00399739 0.123425 0.00282284 0.00398965 0.123425 0.00285252 0.00397697 0.123425 0.00287977 0.00395967 0.123425 0.00290389 0.00393822 0.123425 0.00292425 0.00391316 0.123425 0.00379086 0.00295913 0.123425 0.00382312 0.002958 0.123425 0.00295914 0.00379097 0.123425 0.00372788 0.00294588 0.123425 0.00293189 0.00369887 0.123425 0.00369882 0.00293186 0.123425 0.00294592 0.00372796 0.123425 0.00375883 0.00295506 0.123425 0.00291336 0.00367241 0.123425 0.00289081 0.00364928 0.123425 0.00367241 0.00291336 0.123425 0.00364928 0.00289081 0.123425 0.000911443 -0.000855407 0.123425 0.00201824 -0.00100847 0.123425 0.000963186 -0.000796725 0.123425 -0.000953623 -0.00200205 0.123425 -7.80995e-05 -0.00124753 0.123425 -0.000156646 -0.00124014 0.123425 -0.00499754 0.00166871 0.123425 -0.00483129 0.00150246 0.123425 -0.0048 0.0015 0.123425 -0.00116232 0.000459817 0.123425 -0.00113107 0.000532141 0.123425 -0.002 0.00092503 0.123425 -0.00499021 0.0016382 0.123425 -0.0048618 0.00150979 0.123425 -0.0048908 0.0015218 0.123425 -0.0049782 0.0016092 0.123425 -0.00385491 0.00295165 0.123425 -0.00491756 0.0015382 0.123425 -0.0049618 0.00491756 0.123425 -0.0049782 0.0048908 0.123425 -0.00499021 0.0048618 0.123425 -0.00499754 0.00483129 0.123425 -0.0048908 0.0049782 0.123425 -0.00491756 0.0049618 0.123425 -0.00494142 0.00494142 0.123425 -0.0048618 0.00499021 0.123425 -0.00483129 0.00499754 0.123425 -0.00294037 0.00388503 0.123425 -0.00292432 0.00391306 0.123425 -0.00282289 0.00398963 0.123425 -0.0016092 0.0049782 0.123425 -0.0015218 0.0048908 0.123425 -0.00158244 0.0049618 0.123425 -0.00166871 0.00499754 0.123425 -0.00150246 0.00483129 0.123425 -0.00150979 0.0048618 0.123425 -0.0015382 0.00491756 0.123425 -0.00158244 0.0040382 0.123425 -0.00155858 0.00405858 0.123425 -0.00150979 0.0041382 0.123425 -0.00150246 0.00416871 0.123425 -0.0015382 0.00408244 0.123425 -0.0015218 0.0041092 0.123425 -0.0016382 0.00499021 0.123425 -0.00155858 0.00494142 0.123425 -0.00279154 0.00399739 0.123425 -0.00275934 0.004 0.123425 -0.00285259 0.00397693 0.123425 -0.00398965 0.00282284 0.123425 -0.005 0.0017 0.123425 -0.00399739 0.00279154 0.123425 -0.00388515 0.00294031 0.123425 -0.00391316 0.00292425 0.123425 -0.00400979 0.0016382 0.123425 -0.00400246 0.00166871 0.123425 -0.004 0.0017 0.123425 -0.004 0.00275934 0.123425 -0.0042 0.0015 0.123425 -0.0041382 0.00150979 0.123425 -0.0041092 0.0015218 0.123425 -0.00416871 0.00150246 0.123425 -0.0049618 0.00158244 0.123425 -0.00494142 0.00155858 0.123425 -0.00408244 0.0015382 0.123425 -0.00405858 0.00155858 0.123425 -0.00491756 -0.0049618 0.123425 -0.0049618 -0.00491756 0.123425 -0.00494142 -0.00494142 0.123425 -0.004 -0.0017 0.123425 -0.0042 -0.0015 0.123425 -0.0048 -0.0015 0.123425 -0.00204928 0.0010565 0.123425 -0.0010565 0.00204928 0.123425 -0.00364928 0.00289081 0.123425 -0.00400246 -0.00166871 0.123425 -0.00408244 -0.0015382 0.123425 -0.0040382 -0.00158244 0.123425 -0.00405858 -0.00155858 0.123425 -0.0010336 0.00203203 0.123425 -0.0041092 -0.0015218 0.123425 -0.0040218 -0.0016092 0.123425 -0.00201824 0.00100847 0.123425 -0.000963369 0.000796461 0.123425 -0.000911277 0.000855594 0.123425 -0.00203203 0.0010336 0.123425 -0.00200818 0.000981628 0.123425 -0.00105553 0.000669548 0.123425 -0.00101138 0.00073457 0.123425 -0.00200205 0.000953623 0.123425 -0.0040218 0.0016092 0.123425 -0.0040382 0.00158244 0.123425 -0.00382325 0.00295799 0.123425 -0.002958 0.00382312 0.123425 -0.00375893 0.00295508 0.123425 -0.00295913 0.00379086 0.123425 -0.00379097 0.00295914 0.123425 -0.00295506 0.00375883 0.123425 -0.00372796 0.00294592 0.123425 -0.00294588 0.00372788 0.123425 -0.00397697 0.00285252 0.123425 -0.00393822 0.00290389 0.123425 -0.00395967 0.00287977 0.123425 -0.00289081 0.00364928 0.123425 -0.00291336 0.00367241 0.123425 -0.00367241 0.00291336 0.123425 -0.00369887 0.00293189 0.123425 -0.00293186 0.00369882 0.123425 -0.00124017 0.000156437 0.123425 -0.0012279 0.000233839 0.123425 -0.0011889 0.00038597 0.123425 0.00105556 -0.000669524 0.123425 0.002 -0.00092503 0.123425 0.00109541 -0.000602121 0.123425 -0.00124752 7.8273e-05 0.123425 -0.000734649 -0.00101132 0.123425 -0.000233911 -0.0012279 0.123425 -0.000386175 -0.00118885 0.123425 -0.000459801 -0.00116234 0.123425 -0.0010336 -0.00203203 0.123425 -0.00100847 -0.00201824 0.123425 -0.000855394 -0.000911438 0.123425 -0.00158244 -0.0049618 0.123425 -0.00155858 -0.00494142 0.123425 -0.0017 -0.005 0.123425 -0.00150246 -0.00483129 0.123425 -0.0015 -0.0048 0.123425 -0.00150979 -0.0048618 0.123425 -0.0016092 -0.0049782 0.123425 -0.0016382 -0.00499021 0.123425 -0.00166871 -0.00499754 0.123425 -0.0049782 -0.0048908 0.123425 -0.0048618 -0.00499021 0.123425 -0.00499021 -0.0048618 0.123425 -0.00483129 -0.00499754 0.123425 -0.0048908 -0.0049782 0.123425 -0.005 -0.0048 0.123425 -0.0048 -0.005 0.123425 -0.00295165 -0.00385491 0.123425 -0.00499754 -0.00483129 0.123425 -0.00388503 -0.00294037 0.123425 -0.00391306 -0.00292432 0.123425 -0.00385479 -0.00295169 0.123425 -0.00393814 -0.00290397 0.123425 -0.00395961 -0.00287985 0.123425 -0.00397693 -0.00285259 0.123425 -0.00491756 -0.0015382 0.123425 -0.0048908 -0.0015218 0.123425 -0.0049782 -0.0016092 0.123425 -0.00499021 -0.0016382 0.123425 -0.005 -0.0017 0.123425 -0.00494142 -0.00155858 0.123425 -0.0048618 -0.00150979 0.123425 -0.00400979 -0.0016382 0.123425 -0.0041382 -0.00150979 0.123425 -0.00416871 -0.00150246 0.123425 -0.00499754 -0.00166871 0.123425 -0.00483129 -0.00150246 0.123425 -0.0049618 -0.00158244 0.123425 -0.004 -0.00275934 0.123425 -0.00398963 -0.00282289 0.123425 -0.00399739 -0.00279154 0.123425 -0.00290389 -0.00393822 0.123425 -0.00292425 -0.00391316 0.123425 -0.00294031 -0.00388515 0.123425 -0.00275934 -0.004 0.123425 -0.00279154 -0.00399739 0.123425 -0.00158244 -0.0040382 0.123425 -0.0015382 -0.00408244 0.123425 -0.00155858 -0.00405858 0.123425 -0.0016382 -0.00400979 0.123425 -0.00166871 -0.00400246 0.123425 -0.00150979 -0.0041382 0.123425 -0.0016092 -0.0040218 0.123425 -0.0015218 -0.0048908 0.123425 -0.0015382 -0.00491756 0.123425 0.0016092 -0.0049782 0.123425 0.0015218 -0.0048908 0.123425 0.00158244 -0.0049618 0.123425 0.0015 -0.0048 0.123425 0.0017 -0.005 0.123425 0.0015 -0.0042 0.123425 0.0017 -0.004 0.123425 0.0016382 -0.00400979 0.123425 0.0016092 -0.0040218 0.123425 -0.0015 -0.0042 0.123425 -0.0017 -0.004 0.123425 0.00166871 -0.00400246 0.123425 -0.0015218 -0.0041092 0.123425 0.00200205 -0.000953623 0.123425 -0.0010565 -0.00204928 0.123425 -0.00204928 -0.0010565 0.123425 -0.00364928 -0.00289081 0.123425 -0.00203203 -0.0010336 0.123425 0.0012401 -0.00015691 0.123425 0.00124748 -7.88712e-05 0.123425 -0.00150246 -0.00416871 0.123425 -0.00295799 -0.00382325 0.123425 -0.00382312 -0.002958 0.123425 -0.00295508 -0.00375893 0.123425 -0.00379086 -0.00295913 0.123425 -0.00295914 -0.00379097 0.123425 -0.00375883 -0.00295506 0.123425 -0.00282284 -0.00398965 0.123425 -0.00287977 -0.00395967 0.123425 -0.00285252 -0.00397697 0.123425 -0.00372788 -0.00294588 0.123425 -0.00294592 -0.00372796 0.123425 -0.00289081 -0.00364928 0.123425 -0.00367241 -0.00291336 0.123425 -0.00291336 -0.00367241 0.123425 -0.00293189 -0.00369887 0.123425 -0.00369882 -0.00293186 0.123425 -0.000531986 -0.00113112 0.123425 -0.000796547 -0.000963319 0.123425 -0.000602441 0.00109521 0.123425 -0.000532366 0.00113096 0.123425 -0.00092503 0.002 0.123425 0.000602424 -0.00109524 0.123425 0.000532553 -0.00113084 0.123425 0.00092503 -0.002 0.123425 0.00101146 -0.00073442 0.123425 0.00200818 -0.000981628 0.123425 -0.002 -0.00092503 0.123425 -0.00109517 -0.00060252 0.123425 -0.00113095 -0.000532359 0.123425 -0.00109554 0.000601858 0.123425 0.0010336 -0.00203203 0.123425 0.00204928 -0.0010565 0.123425 0.00203203 -0.0010336 0.123425 0.0010565 -0.00204928 0.123425 0.00364928 -0.00289081 0.123425 0.00491756 -0.0015382 0.123425 0.0048908 -0.0015218 0.123425 0.0049618 -0.00158244 0.123425 0.0042 -0.0015 0.123425 0.0041382 -0.00150979 0.123425 0.0041092 -0.0015218 0.123425 0.00494142 -0.00155858 0.123425 0.0048 -0.005 0.123425 0.00483129 -0.00499754 0.123425 0.0048618 -0.00499021 0.123425 0.00491756 -0.0049618 0.123425 0.0048908 -0.0049782 0.123425 0.00494142 -0.00494142 0.123425 0.0049618 -0.00491756 0.123425 0.005 -0.0048 0.123425 0.00295169 -0.00385479 0.123425 0.00499021 -0.0048618 0.123425 0.0049782 -0.0048908 0.123425 0.00294037 -0.00388503 0.123425 0.00292432 -0.00391306 0.123425 0.00290397 -0.00393814 0.123425 0.00287985 -0.00395961 0.123425 0.00285259 -0.00397693 0.123425 0.00166871 -0.00499754 0.123425 0.00150246 -0.00483129 0.123425 0.00150979 -0.0048618 0.123425 0.0016382 -0.00499021 0.123425 0.0015382 -0.00491756 0.123425 0.00158244 -0.0040382 0.123425 0.00155858 -0.00405858 0.123425 0.00150979 -0.0041382 0.123425 0.00150246 -0.00416871 0.123425 0.0015382 -0.00408244 0.123425 0.0015218 -0.0041092 0.123425 0.00155858 -0.00494142 0.123425 0.00275934 -0.004 0.123425 0.00282289 -0.00398963 0.123425 0.00279154 -0.00399739 0.123425 0.00499754 -0.00483129 0.123425 0.00385491 -0.00295165 0.123425 0.00388515 -0.00294031 0.123425 0.00391316 -0.00292425 0.123425 0.00400979 -0.0016382 0.123425 0.00400246 -0.00166871 0.123425 0.004 -0.0017 0.123425 0.005 -0.0017 0.123425 0.004 -0.00275934 0.123425 0.00416871 -0.00150246 0.123425 0.0049782 -0.0016092 0.123425 0.00499021 0.0016382 0.123425 0.00499754 0.00166871 0.123425 0.005 0.0017 0.123425 0.0048618 -0.00150979 0.123425 0.00499021 -0.0016382 0.123425 0.0049618 0.00158244 0.123425 0.0049782 0.0016092 0.123425 0.00494142 0.00155858 0.123425 0.0048 0.0015 0.123425 0.0048618 0.00150979 0.123425 0.00483129 0.00150246 0.123425 0.00483129 -0.00150246 0.123425 0.0048908 0.0015218 0.123425 0.00491756 0.0015382 0.123425 0.000460099 0.00116224 0.123425 0.000531942 0.00113115 0.123425 0.0048 -0.0015 0.123425 0.00499754 -0.00166871 0.123425 0.00408244 -0.0015382 0.123425 0.00405858 -0.00155858 0.123425 0.00408244 0.0015382 0.123425 0.0040382 0.00158244 0.123425 0.00405858 0.00155858 0.123425 7.83678e-05 0.00124754 0.123425 0.000156288 0.00124017 0.123425 0.0040218 -0.0016092 0.123425 0.0040382 -0.00158244 0.123425 0.00382325 -0.00295799 0.123425 0.002958 -0.00382312 0.123425 0.00375893 -0.00295508 0.123425 0.00295913 -0.00379086 0.123425 0.00379097 -0.00295914 0.123425 0.00295506 -0.00375883 0.123425 0.00372796 -0.00294592 0.123425 0.00294588 -0.00372788 0.123425 0.00399739 -0.00279154 0.123425 0.00398965 -0.00282284 0.123425 0.00395967 -0.00287977 0.123425 0.00397697 -0.00285252 0.123425 0.00393822 -0.00290389 0.123425 0.00289081 -0.00364928 0.123425 0.00291336 -0.00367241 0.123425 0.00367241 -0.00291336 0.123425 0.00369887 -0.00293189 0.123425 0.00293186 -0.00369882 0.123425 0.000233999 0.00122788 0.123425 0.00118887 -0.000386036 0.123425 0.00116229 -0.000459955 0.123425 0.00113117 -0.000531858 0.123425 0.00122788 -0.000234118 0.123425 0.000385891 0.00118891 0.123425 0.00203203 0.0010336 0.123425 0.00204928 0.0010565 0.123425 0.0010336 0.00203203 0.123425 0.000734424 0.00101147 0.123425 0.00100847 0.00201824 0.123425 0.000796552 0.000963293 0.123425 0.000855545 0.000911335 0.123425 0.0010565 0.00204928 0.123425 0.00295508 0.00375893 0.123425 0.00397693 0.00285259 0.123425 0.00398963 0.00282289 0.123425 0.00385479 0.00295169 0.123425 0.00295799 0.00382325 0.123425 0.00391306 0.00292432 0.123425 0.00388503 0.00294037 0.123425 0.00395961 0.00287985 0.123425 0.00393814 0.00290397 0.123425 0.00399739 0.00279154 0.123425 0.004 0.00275934 0.123425 0.004 0.0017 0.123425 0.0040218 0.0016092 0.123425 0.00400979 0.0016382 0.123425 0.0041092 0.0015218 0.123425 0.00416871 0.00150246 0.123425 0.0041382 0.00150979 0.123425 0.0042 0.0015 0.123425 0.00400246 0.00166871 0.123425 0.002 0.00092503 0.123425 0.00125 -3.06162e-19 0.123425 0.000310646 0.00121078 0.123425 0.0012108 -0.000310493 0.123425 0.00085587 -0.000910996 0.123425 0.00100847 -0.00201824 0.123425 0.000796914 -0.000963025 0.123425 0.000981628 -0.00200818 0.123425 0.000735031 -0.00101102 0.123425 0.000953623 -0.00200205 0.123425 0.000669895 -0.00105532 0.123425 0.000460184 -0.00116221 0.123425 0.000386591 -0.0011887 0.123425 0.000311162 -0.00121062 0.123425 0.000234364 -0.00122783 0.123425 0.000157044 -0.00124007 0.123425 7.86872e-05 -0.0012475 0.123425 2.3864e-07 -0.00124999 0.123425 -0.000310519 -0.00121078 0.123425 -0.000981628 -0.00200818 0.123425 -0.000911169 -0.000855728 0.123425 -0.00201824 -0.00100847 0.123425 -0.000962899 -0.000797042 0.123425 -0.00200818 -0.000981628 0.123425 -0.00101108 -0.00073495 0.123425 -0.00200205 -0.000953623 0.123425 -0.00105532 -0.000669923 0.123425 -0.00116212 -0.000460396 0.123425 -0.00118867 -0.000386624 0.123425 -0.00121072 -0.000310882 0.123425 -0.00122778 -0.000234554 0.123425 -0.00124007 -0.000156985 0.123425 -0.00124752 -7.86179e-05 0.123425 -0.00124998 -3.81205e-07 0.123425 -0.00121073 0.000310823 0.123425 -0.000855884 0.000911007 0.123425 -0.00100847 0.00201824 0.123425 -0.000797045 0.00096288 0.123425 -0.000981628 0.00200818 0.123425 -0.000734772 0.00101124 0.123425 -0.000953623 0.00200205 0.123425 -0.00067007 0.00105521 0.123425 -0.000460506 0.00116205 0.123425 -0.00038643 0.00118875 0.123425 -0.000311107 0.00121066 0.123425 -0.000234598 0.00122776 0.123425 -0.000156677 0.00124014 0.123425 -7.88173e-05 0.0012475 0.123425 -3.32652e-07 0.00124997 0.123425 0.000601864 0.00109553 0.123425 0.000981628 0.00200818 0.123425 0.000910923 0.000855949 0.123425 0.00201824 0.00100847 0.123425 0.000963049 0.000796868 0.123425 0.00200818 0.000981628 0.123425 0.0010111 0.00073495 0.123425 0.00200205 0.000953623 0.123425 0.00105518 0.000670083 0.123425 0.00113087 0.00053253 0.123425 0.00109536 0.000602228 0.123425 0.00118877 0.000386412 0.123425 0.00116208 0.000460432 0.123425 0.0012278 0.000234407 0.123425 0.00121061 0.000311229 0.123425 0.00124748 7.88712e-05 0.123425 0.0012401 0.00015691 0.123425</float_array>
          <technique_common>
            <accessor count="5648" source="#ID6" stride="3">
              <param name="X" type="float"/>
              <param name="Y" type="float"/>
              <param name="Z" type="float"/>
            </accessor>
          </technique_common>
        </source>
        <source id="ID7">
          <float_array count="16944" id="ID8">0 1 0 0 1 0 0 1 0 0 1 0 0 1 0 0 1 0 0 1 0 0 1 0 0 1 0 0 1 0 0 1 0 0 1 0 0 1 0 0 1 0 0 1 0 0 1 0 0 1 0 0 1 0 -1 0 0 -1 0 0 -1 0 0 -1 0 0 -1 0 0 -1 0 0 -1 0 0 -1 0 0 -1 0 0 -1 0 0 -1 0 0 -1 0 0 -1 0 0 -1 0 0 -1 0 0 -1 0 0 -1 0 0 -1 0 0 1 0 0 1 0 0 1 0 0 1 0 0 1 0 0 1 0 0 1 0 0 1 0 0 1 0 0 1 0 0 1 0 0 1 0 0 1 0 0 1 0 0 1 0 0 1 0 0 1 0 0 1 0 0 -1 0 0 -1 0 0 -1 0 0 -1 0 0 -1 0 0 -1 0 0 -1 0 0 -1 0 0 -1 0 0 -1 0 0 -1 0 0 -1 0 0 -1 0 0 -1 0 0 -1 0 0 -1 0 0 -1 0 0 -1 0 0 0 -1 0 0 -1 0 0 -1 0 0 -1 0 0 -1 0 0 -1 0 0 -1 0 0 -1 0 0 -1 0 0 -1 0 0 -1 0 0 -1 0 0 -1 0 0 -1 0 0 -1 0 0 -1 0 0 -1 0 0 -1 0 0 1 0 0 1 0 0 1 0 0 1 0 0 1 0 0 1 0 0 1 0 0 1 0 0 1 0 0 1 0 0 1 0 0 1 0 0 1 0 0 1 0 0 1 0 0 1 0 0 1 0 0 1 0 0 -1 0 0 -1 0 0 -1 0 0 -1 0 0 -1 0 0 -1 0 0 -1 0 0 -1 0 0 -1 0 0 -1 0 0 -1 0 0 -1 0 0 -1 0 0 -1 0 0 -1 0 0 -1 0 0 -1 0 0 -1 0 1 0 0 1 0 0 1 0 0 1 0 0 1 0 0 1 0 0 1 0 0 1 0 0 1 0 0 1 0 0 1 0 0 1 0 0 1 0 0 1 0 0 1 0 0 1 0 0 1 0 0 1 0 0 1 5.96244e-09 0 0.987688 0.156435 0 0.987688 0.156435 0 0.891007 0.45399 0 0.951057 0.309017 0 0.951057 0.309017 0 0.809017 0.587785 0 0.809017 0.587785 0 0.707107 0.707107 0 0.587785 0.809017 0 0.453991 0.891007 0 0.453991 0.891007 0 0.309017 0.951057 0 0.156434 0.987688 0 0.309017 0.951057 0 0.707107 0.707107 0 0.809017 0.587785 0 0.587785 0.809017 0 0.587785 0.809017 0 0.453991 0.891007 0 0.156434 0.987688 0 6.95355e-08 1 0 6.95355e-08 1 0 1 5.96244e-09 0 0.951057 0.309017 0 0.987688 0.156435 0 0.951057 0.309017 0 0.987688 0.156435 0 1 5.96244e-09 0 0.951057 0.309017 0 0.987688 0.156435 0 1 5.96244e-09 0 1 5.96244e-09 0 0.987688 0.156435 0 1 5.96244e-09 0 1 5.96244e-09 0 1 5.96244e-09 0 0.987688 0.156435 0 0.987688 0.156435 0 0.707107 0.707107 0 0.707107 0.707107 0 0.809017 0.587785 0 0.951057 0.309017 0 0.891007 0.45399 0 0.891007 0.45399 0 1 5.96244e-09 0 0.891007 0.45399 0 0.309017 0.951057 0 0.156435 0.987688 0 0.309017 0.951057 0 -1.68883e-07 1 0 6.95355e-08 1 0 0.156434 0.987688 0 0.453991 0.891007 0 0.156434 0.987688 0 6.95355e-08 1 0 0.891007 0.45399 0 0.951057 0.309017 0 0.891007 0.45399 0 0.809017 0.587785 0 0.987688 0.156435 0 0.951057 0.309017 0 0.707107 0.707107 0 0.809017 0.587785 0 0.587785 0.809017 0 0.587785 0.809017 0 0.707107 0.707107 0 0.891007 0.45399 0 0.951057 0.309017 0 0.891007 0.45399 0 0.809017 0.587785 0 0.891007 0.45399 0 0.809017 0.587785 0 0.453991 0.891007 0 0.453991 0.891007 0 0.309017 0.951057 0 0.453991 0.891007 0 0.587785 0.809017 0 0.707107 0.707107 0 0.809017 0.587785 0 0.707107 0.707107 0 0.587785 0.809017 0 0.587785 0.809017 0 0.587785 0.809017 0 0.707107 0.707107 0 0.453991 0.891007 0 0.453991 0.891007 0 0.309017 0.951057 0 0.309017 0.951057 0 0.309017 0.951057 0 0.309017 0.951057 0 0.156434 0.987688 0 0.156434 0.987688 0 0.156435 0.987688 0 0.156435 0.987688 0 6.95355e-08 1 0 6.95355e-08 1 0 6.95355e-08 1 0 -1.68883e-07 1 0 -5.96244e-09 1 0 -0.156435 0.987688 0 -0.156435 0.987688 0 -0.45399 0.891007 0 -0.309017 0.951057 0 -0.309017 0.951057 0 -0.587785 0.809017 0 -0.587785 0.809017 0 -0.707107 0.707107 0 -0.809017 0.587785 0 -0.891007 0.453991 0 -0.891007 0.453991 0 -0.951057 0.309017 0 -0.987688 0.156434 0 -0.951057 0.309017 0 -0.707107 0.707107 0 -0.587785 0.809017 0 -0.809017 0.587785 0 -0.809017 0.587785 0 -0.891007 0.453991 0 -0.987688 0.156434 0 -1 6.95355e-08 0 -1 6.95355e-08 0 -5.96244e-09 1 0 -0.309017 0.951057 0 -0.156435 0.987688 0 -0.309017 0.951057 0 -0.156435 0.987688 0 -5.96244e-09 1 0 -0.309017 0.951057 0 -0.156435 0.987688 0 -5.96244e-09 1 0 -5.96244e-09 1 0 -0.156435 0.987688 0 -5.96244e-09 1 0 -5.96244e-09 1 0 -5.96244e-09 1 0 -0.156435 0.987688 0 -0.156435 0.987688 0 -0.707107 0.707107 0 -0.707107 0.707107 0 -0.587785 0.809017 0 -0.309017 0.951057 0 -0.45399 0.891007 0 -0.45399 0.891007 0 -5.96244e-09 1 0 -0.45399 0.891007 0 -0.951057 0.309017 0 -0.987688 0.156435 0 -0.951057 0.309017 0 -1 -1.68883e-07 0 -1 6.95355e-08 0 -0.987688 0.156434 0 -0.891007 0.453991 0 -0.987688 0.156434 0 -1 6.95355e-08 0 -0.45399 0.891007 0 -0.309017 0.951057 0 -0.45399 0.891007 0 -0.587785 0.809017 0 -0.156435 0.987688 0 -0.309017 0.951057 0 -0.707107 0.707107 0 -0.587785 0.809017 0 -0.809017 0.587785 0 -0.809017 0.587785 0 -0.707107 0.707107 0 -0.45399 0.891007 0 -0.309017 0.951057 0 -0.45399 0.891007 0 -0.587785 0.809017 0 -0.45399 0.891007 0 -0.587785 0.809017 0 -0.891007 0.453991 0 -0.891007 0.453991 0 -0.951057 0.309017 0 -0.891007 0.453991 0 -0.809017 0.587785 0 -0.707107 0.707107 0 -0.587785 0.809017 0 -0.707107 0.707107 0 -0.809017 0.587785 0 -0.809017 0.587785 0 -0.809017 0.587785 0 -0.707107 0.707107 0 -0.891007 0.453991 0 -0.891007 0.453991 0 -0.951057 0.309017 0 -0.951057 0.309017 0 -0.951057 0.309017 0 -0.951057 0.309017 0 -0.987688 0.156434 0 -0.987688 0.156434 0 -0.987688 0.156435 0 -0.987688 0.156435 0 -1 6.95355e-08 0 -1 6.95355e-08 0 -1 6.95355e-08 0 -1 -1.68883e-07 0 -1 -5.96244e-09 0 -0.987688 -0.156435 0 -0.987688 -0.156435 0 -0.891007 -0.45399 0 -0.951057 -0.309017 0 -0.951057 -0.309017 0 -0.809017 -0.587785 0 -0.809017 -0.587785 0 -0.707107 -0.707107 0 -0.587785 -0.809017 0 -0.453991 -0.891007 0 -0.453991 -0.891007 0 -0.309017 -0.951057 0 -0.156434 -0.987688 0 -0.309017 -0.951057 0 -0.707107 -0.707107 0 -0.809017 -0.587785 0 -0.587785 -0.809017 0 -0.587785 -0.809017 0 -0.453991 -0.891007 0 -0.156434 -0.987688 0 -6.95355e-08 -1 0 -6.95355e-08 -1 0 -1 -5.96244e-09 0 -0.951057 -0.309017 0 -0.987688 -0.156435 0 -0.951057 -0.309017 0 -0.987688 -0.156435 0 -1 -5.96244e-09 0 -0.951057 -0.309017 0 -0.987688 -0.156435 0 -1 -5.96244e-09 0 -1 -5.96244e-09 0 -0.987688 -0.156435 0 -1 -5.96244e-09 0 -1 -5.96244e-09 0 -1 -5.96244e-09 0 -0.987688 -0.156435 0 -0.987688 -0.156435 0 -0.707107 -0.707107 0 -0.707107 -0.707107 0 -0.809017 -0.587785 0 -0.951057 -0.309017 0 -0.891007 -0.45399 0 -0.891007 -0.45399 0 -1 -5.96244e-09 0 -0.891007 -0.45399 0 -0.309017 -0.951057 0 -0.156435 -0.987688 0 -0.309017 -0.951057 0 1.68883e-07 -1 0 -6.95355e-08 -1 0 -0.156434 -0.987688 0 -0.453991 -0.891007 0 -0.156434 -0.987688 0 -6.95355e-08 -1 0 -0.891007 -0.45399 0 -0.951057 -0.309017 0 -0.891007 -0.45399 0 -0.809017 -0.587785 0 -0.987688 -0.156435 0 -0.951057 -0.309017 0 -0.707107 -0.707107 0 -0.809017 -0.587785 0 -0.587785 -0.809017 0 -0.587785 -0.809017 0 -0.707107 -0.707107 0 -0.891007 -0.45399 0 -0.951057 -0.309017 0 -0.891007 -0.45399 0 -0.809017 -0.587785 0 -0.891007 -0.45399 0 -0.809017 -0.587785 0 -0.453991 -0.891007 0 -0.453991 -0.891007 0 -0.309017 -0.951057 0 -0.453991 -0.891007 0 -0.587785 -0.809017 0 -0.707107 -0.707107 0 -0.809017 -0.587785 0 -0.707107 -0.707107 0 -0.587785 -0.809017 0 -0.587785 -0.809017 0 -0.587785 -0.809017 0 -0.707107 -0.707107 0 -0.453991 -0.891007 0 -0.453991 -0.891007 0 -0.309017 -0.951057 0 -0.309017 -0.951057 0 -0.309017 -0.951057 0 -0.309017 -0.951057 0 -0.156434 -0.987688 0 -0.156434 -0.987688 0 -0.156435 -0.987688 0 -0.156435 -0.987688 0 -6.95355e-08 -1 0 -6.95355e-08 -1 0 -6.95355e-08 -1 0 1.68883e-07 -1 0 0 -1 0 0 -1 0 0 -1 0 0 -1 0 0 -1 0 0 -1 0 0 -1 0 0 -1 0 0 -1 0 0 -1 0 0 -1 0 0 -1 0 0 -1 0 0 -1 0 0 -1 0 0 -1 0 0 -1 0 -0.874113 0.485722 0 -0.944731 0.327847 0 -0.874113 0.485722 0 -0.657335 0.753599 0 -0.77735 0.629069 0 -0.77735 0.629069 0 -0.770036 0.638001 0 -0.657335 0.753599 0 -0.862667 0.505773 0 -0.874113 0.485722 0 -1.41421e-07 -1 -0 -1.41421e-07 -1 -0 -0.172301 -0.985044 -0 -0.657335 0.753599 0 -0.77735 0.629069 0 -0.982849 -0.184411 -0 -0.999924 -0.012307 -0 -0.982849 -0.184411 -0 -0.657335 0.753599 0 -0.861894 -0.507089 -0 -0.861894 -0.507089 -0 -0.936376 -0.350999 -0 -0.98709 0.160165 0 -0.98709 0.160165 0 -0.999924 -0.0123068 -0 -0.936376 -0.350999 -0 -0.761632 -0.64801 -0 -0.761632 -0.64801 -0 -0.317643 -0.94821 -0 -0.160919 -0.986968 -0 -0.172301 -0.985044 -0 -0.936376 -0.350999 -0 -0.602384 -0.798207 -0 -0.638588 -0.769549 -0 -0.496443 -0.868069 -0 -0.861894 -0.507089 -0 -0.339449 -0.940625 -0 -0.172301 -0.985044 -0 -0.339449 -0.940625 -0 -0.496443 -0.868069 -0 -0.496443 -0.868069 -0 -0.160919 -0.986968 -0 -1.41421e-07 -1 -0 -0.339449 -0.940625 -0 -0.496443 -0.868069 -0 -0.466087 -0.884739 -0 -0.72298 -0.690869 -0 -0.761632 -0.64801 -0 -0.339449 -0.940625 -0 -1.41421e-07 -1 -0 -1.41421e-07 -1 -0 -0.761632 -0.64801 -0 -0.638588 -0.769549 -0 -0.944731 0.327847 0 -0.874113 0.485722 0 -0.77735 0.629069 0 -0.657335 0.753599 0 -0.77735 0.629069 0 -0.657335 0.753599 0 -0.657335 0.753599 0 -0.77735 0.629069 0 -0.657335 0.753599 0 -0.770036 0.638001 0 -0.932812 0.360363 0 -0.944731 0.327847 0 -0.874113 0.485722 0 -0.874113 0.485722 0 -0.862667 0.505773 0 -0.978645 0.20556 0 -0.98709 0.160165 0 -0.944731 0.327847 0 -0.944731 0.327847 0 -0.944731 0.327847 0 -0.932812 0.360363 0 -0.998969 0.0453989 0 -0.999924 -0.0123068 -0 -0.98709 0.160165 0 -0.98709 0.160165 0 -0.98709 0.160165 0 -0.978645 0.20556 0 -0.993256 -0.115945 -0 -0.982849 -0.184411 -0 -0.999924 -0.012307 -0 -0.999924 -0.0123068 -0 -0.999924 -0.012307 -0 -0.998969 0.0453989 0 -0.961654 -0.274267 -0 -0.936376 -0.350999 -0 -0.982849 -0.184411 -0 -0.982849 -0.184411 -0 -0.982849 -0.184411 -0 -0.993256 -0.115945 -0 -0.904986 -0.425441 -0 -0.861894 -0.507089 -0 -0.936376 -0.350999 -0 -0.961654 -0.274267 -0 -0.936376 -0.350999 -0 -0.824731 -0.565525 -0 -0.861894 -0.507089 -0 -0.904986 -0.425441 -0 -0.861894 -0.507089 -0 -0.339449 -0.940625 -0 -0.466087 -0.884739 -0 -0.761632 -0.64801 -0 -0.638588 -0.769549 -0 -0.824731 -0.565525 -0 -0.761632 -0.64801 -0 -0.638588 -0.769549 -0 -0.72298 -0.690869 -0 -0.638588 -0.769549 -0 -0.638588 -0.769549 -0 -0.496443 -0.868069 -0 -0.602384 -0.798207 -0 -0.496443 -0.868069 -0 -0.317643 -0.94821 -0 -0.172301 -0.985044 -0 -0.339449 -0.940625 -0 -0.172301 -0.985044 -0 -0.172301 -0.985044 -0 3.35417e-07 -1 0 -1.41421e-07 -1 -0 -1.41421e-07 -1 -0 -0.657335 0.753599 0 -0.657335 0.753599 0 -0.657335 0.753599 0 -0.657335 0.753599 0 -0.657335 0.753599 0 -0.657335 0.753599 0 -0.657335 0.753599 0 -0.657335 0.753599 0 -0.657335 0.753599 0 -0.657335 0.753599 0 -0.657335 0.753599 0 -0.657335 0.753599 0 -0.657335 0.753599 0 -0.657335 0.753599 0 -0.657335 0.753599 0 -0.657335 0.753599 0 -0.657335 0.753599 0 -0.417203 0.908813 0 -0.417203 0.908813 0 -0.28299 0.959123 0 -0.542845 0.839833 0 -0.542845 0.839833 0 -0.657335 0.753599 0 -0.542845 0.839833 0 -0.657335 0.753599 0 -0.657335 0.753599 0 -0.142964 0.989728 0 -0.142964 0.989728 0 6.39768e-08 1 0 -0.28299 0.959123 0 -0.142964 0.989728 0 6.39768e-08 1 0 6.39768e-08 1 0 6.39768e-08 1 0 -0.142964 0.989728 0 6.39768e-08 1 0 -0.142964 0.989728 0 6.39768e-08 1 0 -0.28299 0.959123 0 -0.142964 0.989728 0 -0.28299 0.959123 0 -0.142964 0.989728 0 -0.417203 0.908813 0 -0.417203 0.908813 0 -0.542845 0.839833 0 -0.542845 0.839833 0 6.39768e-08 1 0 -0.417203 0.908813 0 -0.417203 0.908813 0 -0.657335 0.753599 0 -0.657335 0.753599 0 6.39768e-08 1 0 -0.142964 0.989728 0 6.39768e-08 1 0 -0.28299 0.959123 0 -0.28299 0.959123 0 -0.28299 0.959123 0 -0.28299 0.959123 0 -0.142964 0.989728 0 -0.417203 0.908813 0 -0.417203 0.908813 0 -0.417203 0.908813 0 -0.28299 0.959123 0 -0.542845 0.839833 0 -0.542845 0.839833 0 -0.542845 0.839833 0 -0.542845 0.839833 0 -0.657335 0.753599 0 -0.657335 0.753599 0 -0.657335 0.753599 0 -0.657335 0.753599 0 0 1 0 0 1 0 0 1 0 0 1 0 0 1 0 0 1 0 0 1 0 0 1 0 0 1 0 0 1 0 0 1 0 0 1 0 0 1 0 0 1 0 0 1 0 0 1 0 0 1 0 0 1 0 0.28299 0.959123 0 0.28299 0.959123 0 0.417203 0.908813 0 0.142964 0.989728 0 0.142964 0.989728 0 -4.03818e-10 1 0 0.142964 0.989728 0 -4.03818e-10 1 0 -4.03818e-10 1 0 0.542845 0.839833 0 0.542845 0.839833 0 0.657335 0.753599 0 0.417203 0.908813 0 0.542845 0.839833 0 0.657335 0.753599 0 0.657335 0.753599 0 0.657335 0.753599 0 0.542845 0.839833 0 0.657335 0.753599 0 0.542845 0.839833 0 0.657335 0.753599 0 0.417203 0.908813 0 0.542845 0.839833 0 0.417203 0.908813 0 0.542845 0.839833 0 0.28299 0.959123 0 0.28299 0.959123 0 0.142964 0.989728 0 0.142964 0.989728 0 0.657335 0.753599 0 0.28299 0.959123 0 0.28299 0.959123 0 -4.03818e-10 1 0 -4.03818e-10 1 0 0.657335 0.753599 0 0.542845 0.839833 0 0.657335 0.753599 0 0.417203 0.908813 0 0.417203 0.908813 0 0.417203 0.908813 0 0.417203 0.908813 0 0.542845 0.839833 0 0.28299 0.959123 0 0.28299 0.959123 0 0.28299 0.959123 0 0.417203 0.908813 0 0.142964 0.989728 0 0.142964 0.989728 0 0.142964 0.989728 0 0.142964 0.989728 0 -4.03818e-10 1 0 -4.03818e-10 1 0 -4.03818e-10 1 0 -4.03818e-10 1 0 0.657335 0.753599 0 0.657335 0.753599 0 0.657335 0.753599 0 0.657335 0.753599 0 0.657335 0.753599 0 0.657335 0.753599 0 0.657335 0.753599 0 0.657335 0.753599 0 0.657335 0.753599 0 0.657335 0.753599 0 0.657335 0.753599 0 0.657335 0.753599 0 0.657335 0.753599 0 0.657335 0.753599 0 0.657335 0.753599 0 0.657335 0.753599 0 0.657335 0.753599 0 0.339449 -0.940624 0 0.496443 -0.868069 0 0.339449 -0.940624 0 -4.52534e-08 -1 -0 0.172301 -0.985044 0 0.172301 -0.985044 0 0.160918 -0.986968 0 -4.52534e-08 -1 -0 0.317643 -0.948211 0 0.339449 -0.940624 0 0.657335 0.753599 0 0.657335 0.753599 0 0.77735 0.629069 0 -4.52534e-08 -1 -0 0.172301 -0.985044 0 0.861894 -0.507089 0 0.761632 -0.64801 0 0.861894 -0.507089 0 -4.52534e-08 -1 -0 0.982849 -0.184411 0 0.982849 -0.184411 0 0.936376 -0.350999 0 0.638588 -0.769549 0 0.638588 -0.769549 0 0.761632 -0.64801 0 0.936376 -0.350999 0 0.999924 -0.0123069 0 0.999924 -0.0123069 0 0.862667 0.505773 0 0.770036 0.638 0 0.77735 0.629069 0 0.936376 -0.350999 0 0.978645 0.20556 0 0.98709 0.160165 0 0.944731 0.327847 0 0.982849 -0.184411 0 0.874113 0.485722 0 0.77735 0.629069 0 0.874113 0.485722 0 0.944731 0.327847 0 0.944731 0.327847 0 0.770036 0.638 0 0.657335 0.753599 0 0.874113 0.485722 0 0.944731 0.327847 0 0.932812 0.360363 0 0.998969 0.0453991 0 0.999924 -0.0123069 0 0.874113 0.485722 0 0.657335 0.753599 0 0.657335 0.753599 0 0.999924 -0.0123069 0 0.98709 0.160166 0 0.496443 -0.868069 0 0.339449 -0.940624 0 0.172301 -0.985044 0 -4.52534e-08 -1 -0 0.172301 -0.985044 0 -4.52534e-08 -1 -0 -4.52534e-08 -1 -0 0.172301 -0.985044 0 -4.52534e-08 -1 -0 0.160918 -0.986968 0 0.466087 -0.884739 0 0.496443 -0.868069 0 0.339449 -0.940624 0 0.339449 -0.940624 0 0.317643 -0.948211 0 0.602384 -0.798206 0 0.638588 -0.769549 0 0.496443 -0.868069 0 0.496443 -0.868069 0 0.496443 -0.868069 0 0.466087 -0.884739 0 0.72298 -0.690869 0 0.761632 -0.64801 0 0.638588 -0.769549 0 0.638588 -0.769549 0 0.638588 -0.769549 0 0.602384 -0.798206 0 0.824731 -0.565525 0 0.861894 -0.507089 0 0.761632 -0.64801 0 0.761632 -0.64801 0 0.761632 -0.64801 0 0.72298 -0.690869 0 0.904986 -0.425441 0 0.936376 -0.350999 0 0.861894 -0.507089 0 0.861894 -0.507089 0 0.861894 -0.507089 0 0.824731 -0.565525 0 0.961654 -0.274267 0 0.982849 -0.184411 0 0.936376 -0.350999 0 0.904986 -0.425441 0 0.936376 -0.350999 0 0.993256 -0.115945 0 0.982849 -0.184411 0 0.961654 -0.274267 0 0.982849 -0.184411 0 0.874113 0.485722 0 0.932812 0.360363 0 0.999924 -0.0123069 0 0.98709 0.160165 0 0.993256 -0.115945 0 0.999924 -0.0123071 0 0.98709 0.160165 0 0.998969 0.0453991 0 0.98709 0.160165 0 0.98709 0.160165 0 0.944731 0.327847 0 0.978645 0.20556 0 0.944731 0.327847 0 0.862667 0.505773 0 0.77735 0.629069 0 0.874113 0.485722 0 0.77735 0.629069 0 0.77735 0.629069 0 0.657334 0.753599 0 0.657335 0.753599 0 0.657335 0.753599 0 0 -1 0 0 -1 0 0 -1 0 0 -1 0 0 -1 0 0 -1 0 0 -1 0 0 -1 0 0 -1 0 0 -1 0 0 -1 0 0 -1 0 0 -1 0 0 -1 0 0 -1 0 0 -1 0 0 -1 0 5.96244e-09 -1 0 0.156435 -0.987688 0 0.156435 -0.987688 0 0.45399 -0.891007 0 0.309017 -0.951057 0 0.309017 -0.951057 0 0.587785 -0.809017 0 0.587785 -0.809017 0 0.707107 -0.707107 0 0.809017 -0.587785 0 0.891007 -0.453991 0 0.891007 -0.453991 0 0.951057 -0.309017 0 0.987688 -0.156434 0 0.951057 -0.309017 0 0.707107 -0.707107 0 0.587785 -0.809017 0 0.809017 -0.587785 0 0.809017 -0.587785 0 0.891007 -0.453991 0 0.987688 -0.156434 0 1 -6.95355e-08 0 1 -6.95355e-08 0 5.96244e-09 -1 0 0.309017 -0.951057 0 0.156435 -0.987688 0 0.309017 -0.951057 0 0.156435 -0.987688 0 5.96244e-09 -1 0 0.309017 -0.951057 0 0.156435 -0.987688 0 5.96244e-09 -1 0 5.96244e-09 -1 0 0.156435 -0.987688 0 5.96244e-09 -1 0 5.96244e-09 -1 0 5.96244e-09 -1 0 0.156435 -0.987688 0 0.156435 -0.987688 0 0.707107 -0.707107 0 0.707107 -0.707107 0 0.587785 -0.809017 0 0.309017 -0.951057 0 0.45399 -0.891007 0 0.45399 -0.891007 0 5.96244e-09 -1 0 0.45399 -0.891007 0 0.951057 -0.309017 0 0.987688 -0.156435 0 0.951057 -0.309017 0 1 1.68883e-07 0 1 -6.95355e-08 0 0.987688 -0.156434 0 0.891007 -0.453991 0 0.987688 -0.156434 0 1 -6.95355e-08 0 0.45399 -0.891007 0 0.309017 -0.951057 0 0.45399 -0.891007 0 0.587785 -0.809017 0 0.156435 -0.987688 0 0.309017 -0.951057 0 0.707107 -0.707107 0 0.587785 -0.809017 0 0.809017 -0.587785 0 0.809017 -0.587785 0 0.707107 -0.707107 0 0.45399 -0.891007 0 0.309017 -0.951057 0 0.45399 -0.891007 0 0.587785 -0.809017 0 0.45399 -0.891007 0 0.587785 -0.809017 0 0.891007 -0.453991 0 0.891007 -0.453991 0 0.951057 -0.309017 0 0.891007 -0.453991 0 0.809017 -0.587785 0 0.707107 -0.707107 0 0.587785 -0.809017 0 0.707107 -0.707107 0 0.809017 -0.587785 0 0.809017 -0.587785 0 0.809017 -0.587785 0 0.707107 -0.707107 0 0.891007 -0.453991 0 0.891007 -0.453991 0 0.951057 -0.309017 0 0.951057 -0.309017 0 0.951057 -0.309017 0 0.951057 -0.309017 0 0.987688 -0.156434 0 0.987688 -0.156434 0 0.987688 -0.156435 0 0.987688 -0.156435 0 1 -6.95355e-08 0 1 -6.95355e-08 0 1 -6.95355e-08 0 1 1.68883e-07 0 1 5.96244e-09 0 0.987688 0.156435 0 0.987688 0.156435 0 0.891007 0.45399 0 0.951057 0.309017 0 0.951057 0.309017 0 0.809017 0.587785 0 0.809017 0.587785 0 0.707107 0.707107 0 0.587785 0.809017 0 0.453991 0.891007 0 0.453991 0.891007 0 0.309017 0.951057 0 0.156434 0.987688 0 0.309017 0.951057 0 0.707107 0.707107 0 0.809017 0.587785 0 0.587785 0.809017 0 0.587785 0.809017 0 0.453991 0.891007 0 0.156434 0.987688 0 6.95355e-08 1 0 6.95355e-08 1 0 1 5.96244e-09 0 0.951057 0.309017 0 0.987688 0.156435 0 0.951057 0.309017 0 0.987688 0.156435 0 1 5.96244e-09 0 0.951057 0.309017 0 0.987688 0.156435 0 1 5.96244e-09 0 1 5.96244e-09 0 0.987688 0.156435 0 1 5.96244e-09 0 1 5.96244e-09 0 1 5.96244e-09 0 0.987688 0.156435 0 0.987688 0.156435 0 0.707107 0.707107 0 0.707107 0.707107 0 0.809017 0.587785 0 0.951057 0.309017 0 0.891007 0.45399 0 0.891007 0.45399 0 1 5.96244e-09 0 0.891007 0.45399 0 0.309017 0.951057 0 0.156435 0.987688 0 0.309017 0.951057 0 -1.68883e-07 1 0 6.95355e-08 1 0 0.156434 0.987688 0 0.453991 0.891007 0 0.156434 0.987688 0 6.95355e-08 1 0 0.891007 0.45399 0 0.951057 0.309017 0 0.891007 0.45399 0 0.809017 0.587785 0 0.987688 0.156435 0 0.951057 0.309017 0 0.707107 0.707107 0 0.809017 0.587785 0 0.587785 0.809017 0 0.587785 0.809017 0 0.707107 0.707107 0 0.891007 0.45399 0 0.951057 0.309017 0 0.891007 0.45399 0 0.809017 0.587785 0 0.891007 0.45399 0 0.809017 0.587785 0 0.453991 0.891007 0 0.453991 0.891007 0 0.309017 0.951057 0 0.453991 0.891007 0 0.587785 0.809017 0 0.707107 0.707107 0 0.809017 0.587785 0 0.707107 0.707107 0 0.587785 0.809017 0 0.587785 0.809017 0 0.587785 0.809017 0 0.707107 0.707107 0 0.453991 0.891007 0 0.453991 0.891007 0 0.309017 0.951057 0 0.309017 0.951057 0 0.309017 0.951057 0 0.309017 0.951057 0 0.156434 0.987688 0 0.156434 0.987688 0 0.156435 0.987688 0 0.156435 0.987688 0 6.95355e-08 1 0 6.95355e-08 1 0 6.95355e-08 1 0 -1.68883e-07 1 0 0 1 0 0 1 0 0 1 0 0 1 0 0 1 0 0 1 0 0 1 0 0 1 0 0 1 0 0 1 0 0 1 0 0 1 0 0 1 0 0 1 0 0 1 0 0 1 0 0 1 0 0 1 0 -5.96244e-09 1 0 -0.156435 0.987688 0 -0.156435 0.987688 0 -0.45399 0.891007 0 -0.309017 0.951057 0 -0.309017 0.951057 0 -0.587785 0.809017 0 -0.587785 0.809017 0 -0.707107 0.707107 0 -0.809017 0.587785 0 -0.891007 0.453991 0 -0.891007 0.453991 0 -0.951057 0.309017 0 -0.987688 0.156434 0 -0.951057 0.309017 0 -0.707107 0.707107 0 -0.587785 0.809017 0 -0.809017 0.587785 0 -0.809017 0.587785 0 -0.891007 0.453991 0 -0.987688 0.156434 0 -1 6.95355e-08 0 -1 6.95355e-08 0 -5.96244e-09 1 0 -0.309017 0.951057 0 -0.156435 0.987688 0 -0.309017 0.951057 0 -0.156435 0.987688 0 -5.96244e-09 1 0 -0.309017 0.951057 0 -0.156435 0.987688 0 -5.96244e-09 1 0 -5.96244e-09 1 0 -0.156435 0.987688 0 -5.96244e-09 1 0 -5.96244e-09 1 0 -5.96244e-09 1 0 -0.156435 0.987688 0 -0.156435 0.987688 0 -0.707107 0.707107 0 -0.707107 0.707107 0 -0.587785 0.809017 0 -0.309017 0.951057 0 -0.45399 0.891007 0 -0.45399 0.891007 0 -5.96244e-09 1 0 -0.45399 0.891007 0 -0.951057 0.309017 0 -0.987688 0.156435 0 -0.951057 0.309017 0 -1 -1.68883e-07 0 -1 6.95355e-08 0 -0.987688 0.156434 0 -0.891007 0.453991 0 -0.987688 0.156434 0 -1 6.95355e-08 0 -0.45399 0.891007 0 -0.309017 0.951057 0 -0.45399 0.891007 0 -0.587785 0.809017 0 -0.156435 0.987688 0 -0.309017 0.951057 0 -0.707107 0.707107 0 -0.587785 0.809017 0 -0.809017 0.587785 0 -0.809017 0.587785 0 -0.707107 0.707107 0 -0.45399 0.891007 0 -0.309017 0.951057 0 -0.45399 0.891007 0 -0.587785 0.809017 0 -0.45399 0.891007 0 -0.587785 0.809017 0 -0.891007 0.453991 0 -0.891007 0.453991 0 -0.951057 0.309017 0 -0.891007 0.453991 0 -0.809017 0.587785 0 -0.707107 0.707107 0 -0.587785 0.809017 0 -0.707107 0.707107 0 -0.809017 0.587785 0 -0.809017 0.587785 0 -0.809017 0.587785 0 -0.707107 0.707107 0 -0.891007 0.453991 0 -0.891007 0.453991 0 -0.951057 0.309017 0 -0.951057 0.309017 0 -0.951057 0.309017 0 -0.951057 0.309017 0 -0.987688 0.156434 0 -0.987688 0.156434 0 -0.987688 0.156435 0 -0.987688 0.156435 0 -1 6.95355e-08 0 -1 6.95355e-08 0 -1 6.95355e-08 0 -1 -1.68883e-07 0 -1 -5.96244e-09 0 -0.987688 -0.156435 0 -0.987688 -0.156435 0 -0.891007 -0.45399 0 -0.951057 -0.309017 0 -0.951057 -0.309017 0 -0.809017 -0.587785 0 -0.809017 -0.587785 0 -0.707107 -0.707107 0 -0.587785 -0.809017 0 -0.453991 -0.891007 0 -0.453991 -0.891007 0 -0.309017 -0.951057 0 -0.156434 -0.987688 0 -0.309017 -0.951057 0 -0.707107 -0.707107 0 -0.809017 -0.587785 0 -0.587785 -0.809017 0 -0.587785 -0.809017 0 -0.453991 -0.891007 0 -0.156434 -0.987688 0 -6.95355e-08 -1 0 -6.95355e-08 -1 0 -1 -5.96244e-09 0 -0.951057 -0.309017 0 -0.987688 -0.156435 0 -0.951057 -0.309017 0 -0.987688 -0.156435 0 -1 -5.96244e-09 0 -0.951057 -0.309017 0 -0.987688 -0.156435 0 -1 -5.96244e-09 0 -1 -5.96244e-09 0 -0.987688 -0.156435 0 -1 -5.96244e-09 0 -1 -5.96244e-09 0 -1 -5.96244e-09 0 -0.987688 -0.156435 0 -0.987688 -0.156435 0 -0.707107 -0.707107 0 -0.707107 -0.707107 0 -0.809017 -0.587785 0 -0.951057 -0.309017 0 -0.891007 -0.45399 0 -0.891007 -0.45399 0 -1 -5.96244e-09 0 -0.891007 -0.45399 0 -0.309017 -0.951057 0 -0.156435 -0.987688 0 -0.309017 -0.951057 0 1.68883e-07 -1 0 -6.95355e-08 -1 0 -0.156434 -0.987688 0 -0.453991 -0.891007 0 -0.156434 -0.987688 0 -6.95355e-08 -1 0 -0.891007 -0.45399 0 -0.951057 -0.309017 0 -0.891007 -0.45399 0 -0.809017 -0.587785 0 -0.987688 -0.156435 0 -0.951057 -0.309017 0 -0.707107 -0.707107 0 -0.809017 -0.587785 0 -0.587785 -0.809017 0 -0.587785 -0.809017 0 -0.707107 -0.707107 0 -0.891007 -0.45399 0 -0.951057 -0.309017 0 -0.891007 -0.45399 0 -0.809017 -0.587785 0 -0.891007 -0.45399 0 -0.809017 -0.587785 0 -0.453991 -0.891007 0 -0.453991 -0.891007 0 -0.309017 -0.951057 0 -0.453991 -0.891007 0 -0.587785 -0.809017 0 -0.707107 -0.707107 0 -0.809017 -0.587785 0 -0.707107 -0.707107 0 -0.587785 -0.809017 0 -0.587785 -0.809017 0 -0.587785 -0.809017 0 -0.707107 -0.707107 0 -0.453991 -0.891007 0 -0.453991 -0.891007 0 -0.309017 -0.951057 0 -0.309017 -0.951057 0 -0.309017 -0.951057 0 -0.309017 -0.951057 0 -0.156434 -0.987688 0 -0.156434 -0.987688 0 -0.156435 -0.987688 0 -0.156435 -0.987688 0 -6.95355e-08 -1 0 -6.95355e-08 -1 0 -6.95355e-08 -1 0 1.68883e-07 -1 0 5.96244e-09 -1 0 0.156435 -0.987688 0 0.156435 -0.987688 0 0.45399 -0.891007 0 0.309017 -0.951057 0 0.309017 -0.951057 0 0.587785 -0.809017 0 0.587785 -0.809017 0 0.707107 -0.707107 0 0.809017 -0.587785 0 0.891007 -0.453991 0 0.891007 -0.453991 0 0.951057 -0.309017 0 0.987688 -0.156434 0 0.951057 -0.309017 0 0.707107 -0.707107 0 0.587785 -0.809017 0 0.809017 -0.587785 0 0.809017 -0.587785 0 0.891007 -0.453991 0 0.987688 -0.156434 0 1 -6.95355e-08 0 1 -6.95355e-08 0 5.96244e-09 -1 0 0.309017 -0.951057 0 0.156435 -0.987688 0 0.309017 -0.951057 0 0.156435 -0.987688 0 5.96244e-09 -1 0 0.309017 -0.951057 0 0.156435 -0.987688 0 5.96244e-09 -1 0 5.96244e-09 -1 0 0.156435 -0.987688 0 5.96244e-09 -1 0 5.96244e-09 -1 0 5.96244e-09 -1 0 0.156435 -0.987688 0 0.156435 -0.987688 0 0.707107 -0.707107 0 0.707107 -0.707107 0 0.587785 -0.809017 0 0.309017 -0.951057 0 0.45399 -0.891007 0 0.45399 -0.891007 0 5.96244e-09 -1 0 0.45399 -0.891007 0 0.951057 -0.309017 0 0.987688 -0.156435 0 0.951057 -0.309017 0 1 1.68883e-07 0 1 -6.95355e-08 0 0.987688 -0.156434 0 0.891007 -0.453991 0 0.987688 -0.156434 0 1 -6.95355e-08 0 0.45399 -0.891007 0 0.309017 -0.951057 0 0.45399 -0.891007 0 0.587785 -0.809017 0 0.156435 -0.987688 0 0.309017 -0.951057 0 0.707107 -0.707107 0 0.587785 -0.809017 0 0.809017 -0.587785 0 0.809017 -0.587785 0 0.707107 -0.707107 0 0.45399 -0.891007 0 0.309017 -0.951057 0 0.45399 -0.891007 0 0.587785 -0.809017 0 0.45399 -0.891007 0 0.587785 -0.809017 0 0.891007 -0.453991 0 0.891007 -0.453991 0 0.951057 -0.309017 0 0.891007 -0.453991 0 0.809017 -0.587785 0 0.707107 -0.707107 0 0.587785 -0.809017 0 0.707107 -0.707107 0 0.809017 -0.587785 0 0.809017 -0.587785 0 0.809017 -0.587785 0 0.707107 -0.707107 0 0.891007 -0.453991 0 0.891007 -0.453991 0 0.951057 -0.309017 0 0.951057 -0.309017 0 0.951057 -0.309017 0 0.951057 -0.309017 0 0.987688 -0.156434 0 0.987688 -0.156434 0 0.987688 -0.156435 0 0.987688 -0.156435 0 1 -6.95355e-08 0 1 -6.95355e-08 0 1 -6.95355e-08 0 1 1.68883e-07 0 1 0 0 1 0 0 1 0 0 1 0 0 1 0 0 1 0 0 1 0 0 1 0 0 1 0 0 1 0 0 1 0 0 1 0 0 1 0 0 1 0 0 1 0 0 1 0 0 1 0 0 -0.485722 -0.874113 -0 -0.327847 -0.944731 -0 -0.485722 -0.874113 -0 -0.753599 -0.657335 -0 -0.629069 -0.77735 -0 -0.629069 -0.77735 -0 -0.638001 -0.770036 -0 -0.753599 -0.657335 -0 -0.505773 -0.862667 -0 -0.485722 -0.874113 -0 1 -1.41421e-07 0 1 -1.41421e-07 0 0.985044 -0.172301 0 -0.753599 -0.657335 -0 -0.629069 -0.77735 -0 0.184411 -0.982849 0 0.012307 -0.999924 0 0.184411 -0.982849 0 -0.753599 -0.657335 -0 0.507089 -0.861894 0 0.507089 -0.861894 0 0.350999 -0.936376 0 -0.160165 -0.98709 -0 -0.160165 -0.98709 -0 0.0123068 -0.999924 0 0.350999 -0.936376 0 0.64801 -0.761632 0 0.64801 -0.761632 0 0.94821 -0.317643 0 0.986968 -0.160919 0 0.985044 -0.172301 0 0.350999 -0.936376 0 0.798207 -0.602384 0 0.769549 -0.638588 0 0.868069 -0.496443 0 0.507089 -0.861894 0 0.940625 -0.339449 0 0.985044 -0.172301 0 0.940625 -0.339449 0 0.868069 -0.496443 0 0.868069 -0.496443 0 0.986968 -0.160919 0 1 -1.41421e-07 0 0.940625 -0.339449 0 0.868069 -0.496443 0 0.884739 -0.466087 0 0.690869 -0.72298 0 0.64801 -0.761632 0 0.940625 -0.339449 0 1 -1.41421e-07 0 1 -1.41421e-07 0 0.64801 -0.761632 0 0.769549 -0.638588 0 -0.327847 -0.944731 -0 -0.485722 -0.874113 -0 -0.629069 -0.77735 -0 -0.753599 -0.657335 -0 -0.629069 -0.77735 -0 -0.753599 -0.657335 -0 -0.753599 -0.657335 -0 -0.629069 -0.77735 -0 -0.753599 -0.657335 -0 -0.638001 -0.770036 -0 -0.360363 -0.932812 -0 -0.327847 -0.944731 -0 -0.485722 -0.874113 -0 -0.485722 -0.874113 -0 -0.505773 -0.862667 -0 -0.20556 -0.978645 -0 -0.160165 -0.98709 -0 -0.327847 -0.944731 -0 -0.327847 -0.944731 -0 -0.327847 -0.944731 -0 -0.360363 -0.932812 -0 -0.0453989 -0.998969 -0 0.0123068 -0.999924 0 -0.160165 -0.98709 -0 -0.160165 -0.98709 -0 -0.160165 -0.98709 -0 -0.20556 -0.978645 -0 0.115945 -0.993256 0 0.184411 -0.982849 0 0.012307 -0.999924 0 0.0123068 -0.999924 0 0.012307 -0.999924 0 -0.0453989 -0.998969 -0 0.274267 -0.961654 0 0.350999 -0.936376 0 0.184411 -0.982849 0 0.184411 -0.982849 0 0.184411 -0.982849 0 0.115945 -0.993256 0 0.425441 -0.904986 0 0.507089 -0.861894 0 0.350999 -0.936376 0 0.274267 -0.961654 0 0.350999 -0.936376 0 0.565525 -0.824731 0 0.507089 -0.861894 0 0.425441 -0.904986 0 0.507089 -0.861894 0 0.940625 -0.339449 0 0.884739 -0.466087 0 0.64801 -0.761632 0 0.769549 -0.638588 0 0.565525 -0.824731 0 0.64801 -0.761632 0 0.769549 -0.638588 0 0.690869 -0.72298 0 0.769549 -0.638588 0 0.769549 -0.638588 0 0.868069 -0.496443 0 0.798207 -0.602384 0 0.868069 -0.496443 0 0.94821 -0.317643 0 0.985044 -0.172301 0 0.940625 -0.339449 0 0.985044 -0.172301 0 0.985044 -0.172301 0 1 3.35417e-07 0 1 -1.41421e-07 0 1 -1.41421e-07 0 -0.753599 -0.657335 0 -0.753599 -0.657335 0 -0.753599 -0.657335 0 -0.753599 -0.657335 0 -0.753599 -0.657335 0 -0.753599 -0.657335 0 -0.753599 -0.657335 0 -0.753599 -0.657335 0 -0.753599 -0.657335 0 -0.753599 -0.657335 0 -0.753599 -0.657335 0 -0.753599 -0.657335 0 -0.753599 -0.657335 0 -0.753599 -0.657335 0 -0.753599 -0.657335 0 -0.753599 -0.657335 0 -0.753599 -0.657335 0 -0.908813 -0.417203 -0 -0.908813 -0.417203 -0 -0.959123 -0.28299 -0 -0.839833 -0.542845 -0 -0.839833 -0.542845 -0 -0.753599 -0.657335 -0 -0.839833 -0.542845 -0 -0.753599 -0.657335 -0 -0.753599 -0.657335 -0 -0.989728 -0.142964 -0 -0.989728 -0.142964 -0 -1 6.39768e-08 0 -0.959123 -0.28299 -0 -0.989728 -0.142964 -0 -1 6.39768e-08 0 -1 6.39768e-08 0 -1 6.39768e-08 0 -0.989728 -0.142964 -0 -1 6.39768e-08 0 -0.989728 -0.142964 -0 -1 6.39768e-08 0 -0.959123 -0.28299 -0 -0.989728 -0.142964 -0 -0.959123 -0.28299 -0 -0.989728 -0.142964 -0 -0.908813 -0.417203 -0 -0.908813 -0.417203 -0 -0.839833 -0.542845 -0 -0.839833 -0.542845 -0 -1 6.39768e-08 0 -0.908813 -0.417203 -0 -0.908813 -0.417203 -0 -0.753599 -0.657335 -0 -0.753599 -0.657335 -0 -1 6.39768e-08 0 -0.989728 -0.142964 -0 -1 6.39768e-08 0 -0.959123 -0.28299 -0 -0.959123 -0.28299 -0 -0.959123 -0.28299 -0 -0.959123 -0.28299 -0 -0.989728 -0.142964 -0 -0.908813 -0.417203 -0 -0.908813 -0.417203 -0 -0.908813 -0.417203 -0 -0.959123 -0.28299 -0 -0.839833 -0.542845 -0 -0.839833 -0.542845 -0 -0.839833 -0.542845 -0 -0.839833 -0.542845 -0 -0.753599 -0.657335 -0 -0.753599 -0.657335 -0 -0.753599 -0.657335 -0 -0.753599 -0.657335 -0 -1 0 0 -1 0 0 -1 0 0 -1 0 0 -1 0 0 -1 0 0 -1 0 0 -1 0 0 -1 0 0 -1 0 0 -1 0 0 -1 0 0 -1 0 0 -1 0 0 -1 0 0 -1 0 0 -1 0 0 -1 0 0 -0.959123 0.28299 0 -0.959123 0.28299 0 -0.908813 0.417203 0 -0.989728 0.142964 0 -0.989728 0.142964 0 -1 -4.03813e-10 -0 -0.989728 0.142964 0 -1 -4.03813e-10 -0 -1 -4.03813e-10 -0 -0.839833 0.542845 0 -0.839833 0.542845 0 -0.753599 0.657335 0 -0.908813 0.417203 0 -0.839833 0.542845 0 -0.753599 0.657335 0 -0.753599 0.657335 0 -0.753599 0.657335 0 -0.839833 0.542845 0 -0.753599 0.657335 0 -0.839833 0.542845 0 -0.753599 0.657335 0 -0.908813 0.417203 0 -0.839833 0.542845 0 -0.908813 0.417203 0 -0.839833 0.542845 0 -0.959123 0.28299 0 -0.959123 0.28299 0 -0.989728 0.142964 0 -0.989728 0.142964 0 -0.753599 0.657335 0 -0.959123 0.28299 0 -0.959123 0.28299 0 -1 -4.03813e-10 -0 -1 -4.03813e-10 -0 -0.753599 0.657335 0 -0.839833 0.542845 0 -0.753599 0.657335 0 -0.908813 0.417203 0 -0.908813 0.417203 0 -0.908813 0.417203 0 -0.908813 0.417203 0 -0.839833 0.542845 0 -0.959123 0.28299 0 -0.959123 0.28299 0 -0.959123 0.28299 0 -0.908813 0.417203 0 -0.989728 0.142964 0 -0.989728 0.142964 0 -0.989728 0.142964 0 -0.989728 0.142964 0 -1 -4.03813e-10 -0 -1 -4.03813e-10 -0 -1 -4.03813e-10 -0 -1 -4.03813e-10 -0 -0.753599 0.657335 0 -0.753599 0.657335 0 -0.753599 0.657335 0 -0.753599 0.657335 0 -0.753599 0.657335 0 -0.753599 0.657335 0 -0.753599 0.657335 0 -0.753599 0.657335 0 -0.753599 0.657335 0 -0.753599 0.657335 0 -0.753599 0.657335 0 -0.753599 0.657335 0 -0.753599 0.657335 0 -0.753599 0.657335 0 -0.753599 0.657335 0 -0.753599 0.657335 0 -0.753599 0.657335 0 0.940624 0.339449 0 0.868069 0.496443 0 0.940624 0.339449 0 1 -4.52534e-08 0 0.985044 0.172301 0 0.985044 0.172301 0 0.986968 0.160918 0 1 -4.52534e-08 0 0.948211 0.317643 0 0.940624 0.339449 0 -0.753599 0.657335 0 -0.753599 0.657335 0 -0.629069 0.77735 0 1 -4.52534e-08 0 0.985044 0.172301 0 0.507089 0.861894 0 0.64801 0.761632 0 0.507089 0.861894 0 1 -4.52534e-08 0 0.184411 0.982849 0 0.184411 0.982849 0 0.350999 0.936376 0 0.769549 0.638588 0 0.769549 0.638588 0 0.64801 0.761632 0 0.350999 0.936376 0 0.0123069 0.999924 0 0.0123069 0.999924 0 -0.505773 0.862667 0 -0.638 0.770036 0 -0.629069 0.77735 0 0.350999 0.936376 0 -0.20556 0.978645 0 -0.160165 0.98709 0 -0.327847 0.944731 0 0.184411 0.982849 0 -0.485722 0.874113 0 -0.629069 0.77735 0 -0.485722 0.874113 0 -0.327847 0.944731 0 -0.327847 0.944731 0 -0.638 0.770036 0 -0.753599 0.657335 0 -0.485722 0.874113 0 -0.327847 0.944731 0 -0.360363 0.932812 0 -0.0453991 0.998969 0 0.0123069 0.999924 0 -0.485722 0.874113 0 -0.753599 0.657335 0 -0.753599 0.657335 0 0.0123069 0.999924 0 -0.160166 0.98709 0 0.868069 0.496443 0 0.940624 0.339449 0 0.985044 0.172301 0 1 -4.52534e-08 0 0.985044 0.172301 0 1 -4.52534e-08 0 1 -4.52534e-08 0 0.985044 0.172301 0 1 -4.52534e-08 0 0.986968 0.160918 0 0.884739 0.466087 0 0.868069 0.496443 0 0.940624 0.339449 0 0.940624 0.339449 0 0.948211 0.317643 0 0.798206 0.602384 0 0.769549 0.638588 0 0.868069 0.496443 0 0.868069 0.496443 0 0.868069 0.496443 0 0.884739 0.466087 0 0.690869 0.72298 0 0.64801 0.761632 0 0.769549 0.638588 0 0.769549 0.638588 0 0.769549 0.638588 0 0.798206 0.602384 0 0.565525 0.824731 0 0.507089 0.861894 0 0.64801 0.761632 0 0.64801 0.761632 0 0.64801 0.761632 0 0.690869 0.72298 0 0.425441 0.904986 0 0.350999 0.936376 0 0.507089 0.861894 0 0.507089 0.861894 0 0.507089 0.861894 0 0.565525 0.824731 0 0.274267 0.961654 0 0.184411 0.982849 0 0.350999 0.936376 0 0.425441 0.904986 0 0.350999 0.936376 0 0.115945 0.993256 0 0.184411 0.982849 0 0.274267 0.961654 0 0.184411 0.982849 0 -0.485722 0.874113 0 -0.360363 0.932812 0 0.0123069 0.999924 0 -0.160165 0.98709 0 0.115945 0.993256 0 0.0123071 0.999924 0 -0.160165 0.98709 0 -0.0453991 0.998969 0 -0.160165 0.98709 0 -0.160165 0.98709 0 -0.327847 0.944731 0 -0.20556 0.978645 0 -0.327847 0.944731 0 -0.505773 0.862667 0 -0.629069 0.77735 0 -0.485722 0.874113 0 -0.629069 0.77735 0 -0.629069 0.77735 0 -0.753599 0.657334 0 -0.753599 0.657335 0 -0.753599 0.657335 0 1 0 0 1 0 0 1 0 0 1 0 0 1 0 0 1 0 0 1 0 0 1 0 0 1 0 0 1 0 0 1 0 0 1 0 0 1 0 0 1 0 0 1 0 0 1 0 0 1 0 0 1 5.96244e-09 0 0.987688 0.156435 0 0.987688 0.156435 0 0.891007 0.45399 0 0.951057 0.309017 0 0.951057 0.309017 0 0.809017 0.587785 0 0.809017 0.587785 0 0.707107 0.707107 0 0.587785 0.809017 0 0.453991 0.891007 0 0.453991 0.891007 0 0.309017 0.951057 0 0.156434 0.987688 0 0.309017 0.951057 0 0.707107 0.707107 0 0.809017 0.587785 0 0.587785 0.809017 0 0.587785 0.809017 0 0.453991 0.891007 0 0.156434 0.987688 0 6.95355e-08 1 0 6.95355e-08 1 0 1 5.96244e-09 0 0.951057 0.309017 0 0.987688 0.156435 0 0.951057 0.309017 0 0.987688 0.156435 0 1 5.96244e-09 0 0.951057 0.309017 0 0.987688 0.156435 0 1 5.96244e-09 0 1 5.96244e-09 0 0.987688 0.156435 0 1 5.96244e-09 0 1 5.96244e-09 0 1 5.96244e-09 0 0.987688 0.156435 0 0.987688 0.156435 0 0.707107 0.707107 0 0.707107 0.707107 0 0.809017 0.587785 0 0.951057 0.309017 0 0.891007 0.45399 0 0.891007 0.45399 0 1 5.96244e-09 0 0.891007 0.45399 0 0.309017 0.951057 0 0.156435 0.987688 0 0.309017 0.951057 0 -1.68883e-07 1 0 6.95355e-08 1 0 0.156434 0.987688 0 0.453991 0.891007 0 0.156434 0.987688 0 6.95355e-08 1 0 0.891007 0.45399 0 0.951057 0.309017 0 0.891007 0.45399 0 0.809017 0.587785 0 0.987688 0.156435 0 0.951057 0.309017 0 0.707107 0.707107 0 0.809017 0.587785 0 0.587785 0.809017 0 0.587785 0.809017 0 0.707107 0.707107 0 0.891007 0.45399 0 0.951057 0.309017 0 0.891007 0.45399 0 0.809017 0.587785 0 0.891007 0.45399 0 0.809017 0.587785 0 0.453991 0.891007 0 0.453991 0.891007 0 0.309017 0.951057 0 0.453991 0.891007 0 0.587785 0.809017 0 0.707107 0.707107 0 0.809017 0.587785 0 0.707107 0.707107 0 0.587785 0.809017 0 0.587785 0.809017 0 0.587785 0.809017 0 0.707107 0.707107 0 0.453991 0.891007 0 0.453991 0.891007 0 0.309017 0.951057 0 0.309017 0.951057 0 0.309017 0.951057 0 0.309017 0.951057 0 0.156434 0.987688 0 0.156434 0.987688 0 0.156435 0.987688 0 0.156435 0.987688 0 6.95355e-08 1 0 6.95355e-08 1 0 6.95355e-08 1 0 -1.68883e-07 1 0 -5.96244e-09 1 0 -0.156435 0.987688 0 -0.156435 0.987688 0 -0.45399 0.891007 0 -0.309017 0.951057 0 -0.309017 0.951057 0 -0.587785 0.809017 0 -0.587785 0.809017 0 -0.707107 0.707107 0 -0.809017 0.587785 0 -0.891007 0.453991 0 -0.891007 0.453991 0 -0.951057 0.309017 0 -0.987688 0.156434 0 -0.951057 0.309017 0 -0.707107 0.707107 0 -0.587785 0.809017 0 -0.809017 0.587785 0 -0.809017 0.587785 0 -0.891007 0.453991 0 -0.987688 0.156434 0 -1 6.95355e-08 0 -1 6.95355e-08 0 -5.96244e-09 1 0 -0.309017 0.951057 0 -0.156435 0.987688 0 -0.309017 0.951057 0 -0.156435 0.987688 0 -5.96244e-09 1 0 -0.309017 0.951057 0 -0.156435 0.987688 0 -5.96244e-09 1 0 -5.96244e-09 1 0 -0.156435 0.987688 0 -5.96244e-09 1 0 -5.96244e-09 1 0 -5.96244e-09 1 0 -0.156435 0.987688 0 -0.156435 0.987688 0 -0.707107 0.707107 0 -0.707107 0.707107 0 -0.587785 0.809017 0 -0.309017 0.951057 0 -0.45399 0.891007 0 -0.45399 0.891007 0 -5.96244e-09 1 0 -0.45399 0.891007 0 -0.951057 0.309017 0 -0.987688 0.156435 0 -0.951057 0.309017 0 -1 -1.68883e-07 0 -1 6.95355e-08 0 -0.987688 0.156434 0 -0.891007 0.453991 0 -0.987688 0.156434 0 -1 6.95355e-08 0 -0.45399 0.891007 0 -0.309017 0.951057 0 -0.45399 0.891007 0 -0.587785 0.809017 0 -0.156435 0.987688 0 -0.309017 0.951057 0 -0.707107 0.707107 0 -0.587785 0.809017 0 -0.809017 0.587785 0 -0.809017 0.587785 0 -0.707107 0.707107 0 -0.45399 0.891007 0 -0.309017 0.951057 0 -0.45399 0.891007 0 -0.587785 0.809017 0 -0.45399 0.891007 0 -0.587785 0.809017 0 -0.891007 0.453991 0 -0.891007 0.453991 0 -0.951057 0.309017 0 -0.891007 0.453991 0 -0.809017 0.587785 0 -0.707107 0.707107 0 -0.587785 0.809017 0 -0.707107 0.707107 0 -0.809017 0.587785 0 -0.809017 0.587785 0 -0.809017 0.587785 0 -0.707107 0.707107 0 -0.891007 0.453991 0 -0.891007 0.453991 0 -0.951057 0.309017 0 -0.951057 0.309017 0 -0.951057 0.309017 0 -0.951057 0.309017 0 -0.987688 0.156434 0 -0.987688 0.156434 0 -0.987688 0.156435 0 -0.987688 0.156435 0 -1 6.95355e-08 0 -1 6.95355e-08 0 -1 6.95355e-08 0 -1 -1.68883e-07 0 -1 0 0 -1 0 0 -1 0 0 -1 0 0 -1 0 0 -1 0 0 -1 0 0 -1 0 0 -1 0 0 -1 0 0 -1 0 0 -1 0 0 -1 0 0 -1 0 0 -1 0 0 -1 0 0 -1 0 0 -1 0 0 -1 -5.96244e-09 0 -0.987688 -0.156435 0 -0.987688 -0.156435 0 -0.891007 -0.45399 0 -0.951057 -0.309017 0 -0.951057 -0.309017 0 -0.809017 -0.587785 0 -0.809017 -0.587785 0 -0.707107 -0.707107 0 -0.587785 -0.809017 0 -0.453991 -0.891007 0 -0.453991 -0.891007 0 -0.309017 -0.951057 0 -0.156434 -0.987688 0 -0.309017 -0.951057 0 -0.707107 -0.707107 0 -0.809017 -0.587785 0 -0.587785 -0.809017 0 -0.587785 -0.809017 0 -0.453991 -0.891007 0 -0.156434 -0.987688 0 -6.95355e-08 -1 0 -6.95355e-08 -1 0 -1 -5.96244e-09 0 -0.951057 -0.309017 0 -0.987688 -0.156435 0 -0.951057 -0.309017 0 -0.987688 -0.156435 0 -1 -5.96244e-09 0 -0.951057 -0.309017 0 -0.987688 -0.156435 0 -1 -5.96244e-09 0 -1 -5.96244e-09 0 -0.987688 -0.156435 0 -1 -5.96244e-09 0 -1 -5.96244e-09 0 -1 -5.96244e-09 0 -0.987688 -0.156435 0 -0.987688 -0.156435 0 -0.707107 -0.707107 0 -0.707107 -0.707107 0 -0.809017 -0.587785 0 -0.951057 -0.309017 0 -0.891007 -0.45399 0 -0.891007 -0.45399 0 -1 -5.96244e-09 0 -0.891007 -0.45399 0 -0.309017 -0.951057 0 -0.156435 -0.987688 0 -0.309017 -0.951057 0 1.68883e-07 -1 0 -6.95355e-08 -1 0 -0.156434 -0.987688 0 -0.453991 -0.891007 0 -0.156434 -0.987688 0 -6.95355e-08 -1 0 -0.891007 -0.45399 0 -0.951057 -0.309017 0 -0.891007 -0.45399 0 -0.809017 -0.587785 0 -0.987688 -0.156435 0 -0.951057 -0.309017 0 -0.707107 -0.707107 0 -0.809017 -0.587785 0 -0.587785 -0.809017 0 -0.587785 -0.809017 0 -0.707107 -0.707107 0 -0.891007 -0.45399 0 -0.951057 -0.309017 0 -0.891007 -0.45399 0 -0.809017 -0.587785 0 -0.891007 -0.45399 0 -0.809017 -0.587785 0 -0.453991 -0.891007 0 -0.453991 -0.891007 0 -0.309017 -0.951057 0 -0.453991 -0.891007 0 -0.587785 -0.809017 0 -0.707107 -0.707107 0 -0.809017 -0.587785 0 -0.707107 -0.707107 0 -0.587785 -0.809017 0 -0.587785 -0.809017 0 -0.587785 -0.809017 0 -0.707107 -0.707107 0 -0.453991 -0.891007 0 -0.453991 -0.891007 0 -0.309017 -0.951057 0 -0.309017 -0.951057 0 -0.309017 -0.951057 0 -0.309017 -0.951057 0 -0.156434 -0.987688 0 -0.156434 -0.987688 0 -0.156435 -0.987688 0 -0.156435 -0.987688 0 -6.95355e-08 -1 0 -6.95355e-08 -1 0 -6.95355e-08 -1 0 1.68883e-07 -1 0 5.96244e-09 -1 0 0.156435 -0.987688 0 0.156435 -0.987688 0 0.45399 -0.891007 0 0.309017 -0.951057 0 0.309017 -0.951057 0 0.587785 -0.809017 0 0.587785 -0.809017 0 0.707107 -0.707107 0 0.809017 -0.587785 0 0.891007 -0.453991 0 0.891007 -0.453991 0 0.951057 -0.309017 0 0.987688 -0.156434 0 0.951057 -0.309017 0 0.707107 -0.707107 0 0.587785 -0.809017 0 0.809017 -0.587785 0 0.809017 -0.587785 0 0.891007 -0.453991 0 0.987688 -0.156434 0 1 -6.95355e-08 0 1 -6.95355e-08 0 5.96244e-09 -1 0 0.309017 -0.951057 0 0.156435 -0.987688 0 0.309017 -0.951057 0 0.156435 -0.987688 0 5.96244e-09 -1 0 0.309017 -0.951057 0 0.156435 -0.987688 0 5.96244e-09 -1 0 5.96244e-09 -1 0 0.156435 -0.987688 0 5.96244e-09 -1 0 5.96244e-09 -1 0 5.96244e-09 -1 0 0.156435 -0.987688 0 0.156435 -0.987688 0 0.707107 -0.707107 0 0.707107 -0.707107 0 0.587785 -0.809017 0 0.309017 -0.951057 0 0.45399 -0.891007 0 0.45399 -0.891007 0 5.96244e-09 -1 0 0.45399 -0.891007 0 0.951057 -0.309017 0 0.987688 -0.156435 0 0.951057 -0.309017 0 1 1.68883e-07 0 1 -6.95355e-08 0 0.987688 -0.156434 0 0.891007 -0.453991 0 0.987688 -0.156434 0 1 -6.95355e-08 0 0.45399 -0.891007 0 0.309017 -0.951057 0 0.45399 -0.891007 0 0.587785 -0.809017 0 0.156435 -0.987688 0 0.309017 -0.951057 0 0.707107 -0.707107 0 0.587785 -0.809017 0 0.809017 -0.587785 0 0.809017 -0.587785 0 0.707107 -0.707107 0 0.45399 -0.891007 0 0.309017 -0.951057 0 0.45399 -0.891007 0 0.587785 -0.809017 0 0.45399 -0.891007 0 0.587785 -0.809017 0 0.891007 -0.453991 0 0.891007 -0.453991 0 0.951057 -0.309017 0 0.891007 -0.453991 0 0.809017 -0.587785 0 0.707107 -0.707107 0 0.587785 -0.809017 0 0.707107 -0.707107 0 0.809017 -0.587785 0 0.809017 -0.587785 0 0.809017 -0.587785 0 0.707107 -0.707107 0 0.891007 -0.453991 0 0.891007 -0.453991 0 0.951057 -0.309017 0 0.951057 -0.309017 0 0.951057 -0.309017 0 0.951057 -0.309017 0 0.987688 -0.156434 0 0.987688 -0.156434 0 0.987688 -0.156435 0 0.987688 -0.156435 0 1 -6.95355e-08 0 1 -6.95355e-08 0 1 -6.95355e-08 0 1 1.68883e-07 0 1 0 0 1 0 0 1 0 0 1 0 0 1 0 0 1 0 0 1 0 0 1 0 0 1 0 0 1 0 0 1 0 0 1 0 0 1 0 0 1 0 0 1 0 0 1 0 0 1 0 0 1 0 0 1 5.96244e-09 0 0.987688 0.156435 0 0.987688 0.156435 0 0.891007 0.45399 0 0.951057 0.309017 0 0.951057 0.309017 0 0.809017 0.587785 0 0.809017 0.587785 0 0.707107 0.707107 0 0.587785 0.809017 0 0.453991 0.891007 0 0.453991 0.891007 0 0.309017 0.951057 0 0.156434 0.987688 0 0.309017 0.951057 0 0.707107 0.707107 0 0.809017 0.587785 0 0.587785 0.809017 0 0.587785 0.809017 0 0.453991 0.891007 0 0.156434 0.987688 0 6.95355e-08 1 0 6.95355e-08 1 0 1 5.96244e-09 0 0.951057 0.309017 0 0.987688 0.156435 0 0.951057 0.309017 0 0.987688 0.156435 0 1 5.96244e-09 0 0.951057 0.309017 0 0.987688 0.156435 0 1 5.96244e-09 0 1 5.96244e-09 0 0.987688 0.156435 0 1 5.96244e-09 0 1 5.96244e-09 0 1 5.96244e-09 0 0.987688 0.156435 0 0.987688 0.156435 0 0.707107 0.707107 0 0.707107 0.707107 0 0.809017 0.587785 0 0.951057 0.309017 0 0.891007 0.45399 0 0.891007 0.45399 0 1 5.96244e-09 0 0.891007 0.45399 0 0.309017 0.951057 0 0.156435 0.987688 0 0.309017 0.951057 0 -1.68883e-07 1 0 6.95355e-08 1 0 0.156434 0.987688 0 0.453991 0.891007 0 0.156434 0.987688 0 6.95355e-08 1 0 0.891007 0.45399 0 0.951057 0.309017 0 0.891007 0.45399 0 0.809017 0.587785 0 0.987688 0.156435 0 0.951057 0.309017 0 0.707107 0.707107 0 0.809017 0.587785 0 0.587785 0.809017 0 0.587785 0.809017 0 0.707107 0.707107 0 0.891007 0.45399 0 0.951057 0.309017 0 0.891007 0.45399 0 0.809017 0.587785 0 0.891007 0.45399 0 0.809017 0.587785 0 0.453991 0.891007 0 0.453991 0.891007 0 0.309017 0.951057 0 0.453991 0.891007 0 0.587785 0.809017 0 0.707107 0.707107 0 0.809017 0.587785 0 0.707107 0.707107 0 0.587785 0.809017 0 0.587785 0.809017 0 0.587785 0.809017 0 0.707107 0.707107 0 0.453991 0.891007 0 0.453991 0.891007 0 0.309017 0.951057 0 0.309017 0.951057 0 0.309017 0.951057 0 0.309017 0.951057 0 0.156434 0.987688 0 0.156434 0.987688 0 0.156435 0.987688 0 0.156435 0.987688 0 6.95355e-08 1 0 6.95355e-08 1 0 6.95355e-08 1 0 -1.68883e-07 1 0 0 1 0 0 1 0 0 1 0 0 1 0 0 1 0 0 1 0 0 1 0 0 1 0 0 1 0 0 1 0 0 1 0 0 1 0 0 1 0 0 1 0 0 1 0 0 1 0 0 1 0 0.874113 -0.485722 0 0.944731 -0.327847 0 0.874113 -0.485722 0 0.657335 -0.753599 0 0.77735 -0.629069 0 0.77735 -0.629069 0 0.770036 -0.638001 0 0.657335 -0.753599 0 0.862667 -0.505773 0 0.874113 -0.485722 0 1.41421e-07 1 0 1.41421e-07 1 0 0.172301 0.985044 0 0.657335 -0.753599 0 0.77735 -0.629069 0 0.982849 0.184411 0 0.999924 0.012307 0 0.982849 0.184411 0 0.657335 -0.753599 0 0.861894 0.507089 0 0.861894 0.507089 0 0.936376 0.350999 0 0.98709 -0.160165 0 0.98709 -0.160165 0 0.999924 0.0123068 0 0.936376 0.350999 0 0.761632 0.64801 0 0.761632 0.64801 0 0.317643 0.94821 0 0.160919 0.986968 0 0.172301 0.985044 0 0.936376 0.350999 0 0.602384 0.798207 0 0.638588 0.769549 0 0.496443 0.868069 0 0.861894 0.507089 0 0.339449 0.940625 0 0.172301 0.985044 0 0.339449 0.940625 0 0.496443 0.868069 0 0.496443 0.868069 0 0.160919 0.986968 0 1.41421e-07 1 0 0.339449 0.940625 0 0.496443 0.868069 0 0.466087 0.884739 0 0.72298 0.690869 0 0.761632 0.64801 0 0.339449 0.940625 0 1.41421e-07 1 0 1.41421e-07 1 0 0.761632 0.64801 0 0.638588 0.769549 0 0.944731 -0.327847 0 0.874113 -0.485722 0 0.77735 -0.629069 0 0.657335 -0.753599 0 0.77735 -0.629069 0 0.657335 -0.753599 0 0.657335 -0.753599 0 0.77735 -0.629069 0 0.657335 -0.753599 0 0.770036 -0.638001 0 0.932812 -0.360363 0 0.944731 -0.327847 0 0.874113 -0.485722 0 0.874113 -0.485722 0 0.862667 -0.505773 0 0.978645 -0.20556 0 0.98709 -0.160165 0 0.944731 -0.327847 0 0.944731 -0.327847 0 0.944731 -0.327847 0 0.932812 -0.360363 0 0.998969 -0.0453989 0 0.999924 0.0123068 0 0.98709 -0.160165 0 0.98709 -0.160165 0 0.98709 -0.160165 0 0.978645 -0.20556 0 0.993256 0.115945 0 0.982849 0.184411 0 0.999924 0.012307 0 0.999924 0.0123068 0 0.999924 0.012307 0 0.998969 -0.0453989 0 0.961654 0.274267 0 0.936376 0.350999 0 0.982849 0.184411 0 0.982849 0.184411 0 0.982849 0.184411 0 0.993256 0.115945 0 0.904986 0.425441 0 0.861894 0.507089 0 0.936376 0.350999 0 0.961654 0.274267 0 0.936376 0.350999 0 0.824731 0.565525 0 0.861894 0.507089 0 0.904986 0.425441 0 0.861894 0.507089 0 0.339449 0.940625 0 0.466087 0.884739 0 0.761632 0.64801 0 0.638588 0.769549 0 0.824731 0.565525 0 0.761632 0.64801 0 0.638588 0.769549 0 0.72298 0.690869 0 0.638588 0.769549 0 0.638588 0.769549 0 0.496443 0.868069 0 0.602384 0.798207 0 0.496443 0.868069 0 0.317643 0.94821 0 0.172301 0.985044 0 0.339449 0.940625 0 0.172301 0.985044 0 0.172301 0.985044 0 -3.35417e-07 1 0 1.41421e-07 1 0 1.41421e-07 1 0 0.657335 -0.753599 0 0.657335 -0.753599 0 0.657335 -0.753599 0 0.657335 -0.753599 0 0.657335 -0.753599 0 0.657335 -0.753599 0 0.657335 -0.753599 0 0.657335 -0.753599 0 0.657335 -0.753599 0 0.657335 -0.753599 0 0.657335 -0.753599 0 0.657335 -0.753599 0 0.657335 -0.753599 0 0.657335 -0.753599 0 0.657335 -0.753599 0 0.657335 -0.753599 0 0.657335 -0.753599 0 0.417203 -0.908813 0 0.417203 -0.908813 0 0.28299 -0.959123 0 0.542845 -0.839833 0 0.542845 -0.839833 0 0.657335 -0.753599 0 0.542845 -0.839833 0 0.657335 -0.753599 0 0.657335 -0.753599 0 0.142964 -0.989728 0 0.142964 -0.989728 0 -6.39768e-08 -1 -0 0.28299 -0.959123 0 0.142964 -0.989728 0 -6.39768e-08 -1 -0 -6.39768e-08 -1 -0 -6.39768e-08 -1 -0 0.142964 -0.989728 0 -6.39768e-08 -1 -0 0.142964 -0.989728 0 -6.39768e-08 -1 -0 0.28299 -0.959123 0 0.142964 -0.989728 0 0.28299 -0.959123 0 0.142964 -0.989728 0 0.417203 -0.908813 0 0.417203 -0.908813 0 0.542845 -0.839833 0 0.542845 -0.839833 0 -6.39768e-08 -1 -0 0.417203 -0.908813 0 0.417203 -0.908813 0 0.657335 -0.753599 0 0.657335 -0.753599 0 -6.39768e-08 -1 -0 0.142964 -0.989728 0 -6.39768e-08 -1 -0 0.28299 -0.959123 0 0.28299 -0.959123 0 0.28299 -0.959123 0 0.28299 -0.959123 0 0.142964 -0.989728 0 0.417203 -0.908813 0 0.417203 -0.908813 0 0.417203 -0.908813 0 0.28299 -0.959123 0 0.542845 -0.839833 0 0.542845 -0.839833 0 0.542845 -0.839833 0 0.542845 -0.839833 0 0.657335 -0.753599 0 0.657335 -0.753599 0 0.657335 -0.753599 0 0.657335 -0.753599 0 0 -1 0 0 -1 0 0 -1 0 0 -1 0 0 -1 0 0 -1 0 0 -1 0 0 -1 0 0 -1 0 0 -1 0 0 -1 0 0 -1 0 0 -1 0 0 -1 0 0 -1 0 0 -1 0 0 -1 0 0 -1 0 -0.28299 -0.959123 -0 -0.28299 -0.959123 -0 -0.417203 -0.908813 -0 -0.142964 -0.989728 -0 -0.142964 -0.989728 -0 4.03818e-10 -1 0 -0.142964 -0.989728 -0 4.03818e-10 -1 0 4.03818e-10 -1 0 -0.542845 -0.839833 -0 -0.542845 -0.839833 -0 -0.657335 -0.753599 -0 -0.417203 -0.908813 -0 -0.542845 -0.839833 -0 -0.657335 -0.753599 -0 -0.657335 -0.753599 -0 -0.657335 -0.753599 -0 -0.542845 -0.839833 -0 -0.657335 -0.753599 -0 -0.542845 -0.839833 -0 -0.657335 -0.753599 -0 -0.417203 -0.908813 -0 -0.542845 -0.839833 -0 -0.417203 -0.908813 -0 -0.542845 -0.839833 -0 -0.28299 -0.959123 -0 -0.28299 -0.959123 -0 -0.142964 -0.989728 -0 -0.142964 -0.989728 -0 -0.657335 -0.753599 -0 -0.28299 -0.959123 -0 -0.28299 -0.959123 -0 4.03818e-10 -1 0 4.03818e-10 -1 0 -0.657335 -0.753599 -0 -0.542845 -0.839833 -0 -0.657335 -0.753599 -0 -0.417203 -0.908813 -0 -0.417203 -0.908813 -0 -0.417203 -0.908813 -0 -0.417203 -0.908813 -0 -0.542845 -0.839833 -0 -0.28299 -0.959123 -0 -0.28299 -0.959123 -0 -0.28299 -0.959123 -0 -0.417203 -0.908813 -0 -0.142964 -0.989728 -0 -0.142964 -0.989728 -0 -0.142964 -0.989728 -0 -0.142964 -0.989728 -0 4.03818e-10 -1 0 4.03818e-10 -1 0 4.03818e-10 -1 0 4.03818e-10 -1 0 -0.657335 -0.753599 0 -0.657335 -0.753599 0 -0.657335 -0.753599 0 -0.657335 -0.753599 0 -0.657335 -0.753599 0 -0.657335 -0.753599 0 -0.657335 -0.753599 0 -0.657335 -0.753599 0 -0.657335 -0.753599 0 -0.657335 -0.753599 0 -0.657335 -0.753599 0 -0.657335 -0.753599 0 -0.657335 -0.753599 0 -0.657335 -0.753599 0 -0.657335 -0.753599 0 -0.657335 -0.753599 0 -0.657335 -0.753599 0 -0.339449 0.940624 0 -0.496443 0.868069 0 -0.339449 0.940624 0 4.52534e-08 1 0 -0.172301 0.985044 0 -0.172301 0.985044 0 -0.160918 0.986968 0 4.52534e-08 1 0 -0.317643 0.948211 0 -0.339449 0.940624 0 -0.657335 -0.753599 -0 -0.657335 -0.753599 -0 -0.77735 -0.629069 -0 4.52534e-08 1 0 -0.172301 0.985044 0 -0.861894 0.507089 0 -0.761632 0.64801 0 -0.861894 0.507089 0 4.52534e-08 1 0 -0.982849 0.184411 0 -0.982849 0.184411 0 -0.936376 0.350999 0 -0.638588 0.769549 0 -0.638588 0.769549 0 -0.761632 0.64801 0 -0.936376 0.350999 0 -0.999924 0.0123069 0 -0.999924 0.0123069 0 -0.862667 -0.505773 -0 -0.770036 -0.638 -0 -0.77735 -0.629069 -0 -0.936376 0.350999 0 -0.978645 -0.20556 -0 -0.98709 -0.160165 -0 -0.944731 -0.327847 -0 -0.982849 0.184411 0 -0.874113 -0.485722 -0 -0.77735 -0.629069 -0 -0.874113 -0.485722 -0 -0.944731 -0.327847 -0 -0.944731 -0.327847 -0 -0.770036 -0.638 -0 -0.657335 -0.753599 -0 -0.874113 -0.485722 -0 -0.944731 -0.327847 -0 -0.932812 -0.360363 -0 -0.998969 -0.0453991 -0 -0.999924 0.0123069 0 -0.874113 -0.485722 -0 -0.657335 -0.753599 -0 -0.657335 -0.753599 -0 -0.999924 0.0123069 0 -0.98709 -0.160166 -0 -0.496443 0.868069 0 -0.339449 0.940624 0 -0.172301 0.985044 0 4.52534e-08 1 0 -0.172301 0.985044 0 4.52534e-08 1 0 4.52534e-08 1 0 -0.172301 0.985044 0 4.52534e-08 1 0 -0.160918 0.986968 0 -0.466087 0.884739 0 -0.496443 0.868069 0 -0.339449 0.940624 0 -0.339449 0.940624 0 -0.317643 0.948211 0 -0.602384 0.798206 0 -0.638588 0.769549 0 -0.496443 0.868069 0 -0.496443 0.868069 0 -0.496443 0.868069 0 -0.466087 0.884739 0 -0.72298 0.690869 0 -0.761632 0.64801 0 -0.638588 0.769549 0 -0.638588 0.769549 0 -0.638588 0.769549 0 -0.602384 0.798206 0 -0.824731 0.565525 0 -0.861894 0.507089 0 -0.761632 0.64801 0 -0.761632 0.64801 0 -0.761632 0.64801 0 -0.72298 0.690869 0 -0.904986 0.425441 0 -0.936376 0.350999 0 -0.861894 0.507089 0 -0.861894 0.507089 0 -0.861894 0.507089 0 -0.824731 0.565525 0 -0.961654 0.274267 0 -0.982849 0.184411 0 -0.936376 0.350999 0 -0.904986 0.425441 0 -0.936376 0.350999 0 -0.993256 0.115945 0 -0.982849 0.184411 0 -0.961654 0.274267 0 -0.982849 0.184411 0 -0.874113 -0.485722 -0 -0.932812 -0.360363 -0 -0.999924 0.0123069 0 -0.98709 -0.160165 -0 -0.993256 0.115945 0 -0.999924 0.0123071 0 -0.98709 -0.160165 -0 -0.998969 -0.0453991 -0 -0.98709 -0.160165 -0 -0.98709 -0.160165 -0 -0.944731 -0.327847 -0 -0.978645 -0.20556 -0 -0.944731 -0.327847 -0 -0.862667 -0.505773 -0 -0.77735 -0.629069 -0 -0.874113 -0.485722 -0 -0.77735 -0.629069 -0 -0.77735 -0.629069 -0 -0.657334 -0.753599 -0 -0.657335 -0.753599 -0 -0.657335 -0.753599 -0 0 1 0 0 1 0 0 1 0 0 1 0 0 1 0 0 1 0 0 1 0 0 1 0 0 1 0 0 1 0 0 1 0 0 1 0 0 1 0 0 1 0 0 1 0 0 1 0 0 1 0 -5.96244e-09 1 0 -0.156435 0.987688 0 -0.156435 0.987688 0 -0.45399 0.891007 0 -0.309017 0.951057 0 -0.309017 0.951057 0 -0.587785 0.809017 0 -0.587785 0.809017 0 -0.707107 0.707107 0 -0.809017 0.587785 0 -0.891007 0.453991 0 -0.891007 0.453991 0 -0.951057 0.309017 0 -0.987688 0.156434 0 -0.951057 0.309017 0 -0.707107 0.707107 0 -0.587785 0.809017 0 -0.809017 0.587785 0 -0.809017 0.587785 0 -0.891007 0.453991 0 -0.987688 0.156434 0 -1 6.95355e-08 0 -1 6.95355e-08 0 -5.96244e-09 1 0 -0.309017 0.951057 0 -0.156435 0.987688 0 -0.309017 0.951057 0 -0.156435 0.987688 0 -5.96244e-09 1 0 -0.309017 0.951057 0 -0.156435 0.987688 0 -5.96244e-09 1 0 -5.96244e-09 1 0 -0.156435 0.987688 0 -5.96244e-09 1 0 -5.96244e-09 1 0 -5.96244e-09 1 0 -0.156435 0.987688 0 -0.156435 0.987688 0 -0.707107 0.707107 0 -0.707107 0.707107 0 -0.587785 0.809017 0 -0.309017 0.951057 0 -0.45399 0.891007 0 -0.45399 0.891007 0 -5.96244e-09 1 0 -0.45399 0.891007 0 -0.951057 0.309017 0 -0.987688 0.156435 0 -0.951057 0.309017 0 -1 -1.68883e-07 0 -1 6.95355e-08 0 -0.987688 0.156434 0 -0.891007 0.453991 0 -0.987688 0.156434 0 -1 6.95355e-08 0 -0.45399 0.891007 0 -0.309017 0.951057 0 -0.45399 0.891007 0 -0.587785 0.809017 0 -0.156435 0.987688 0 -0.309017 0.951057 0 -0.707107 0.707107 0 -0.587785 0.809017 0 -0.809017 0.587785 0 -0.809017 0.587785 0 -0.707107 0.707107 0 -0.45399 0.891007 0 -0.309017 0.951057 0 -0.45399 0.891007 0 -0.587785 0.809017 0 -0.45399 0.891007 0 -0.587785 0.809017 0 -0.891007 0.453991 0 -0.891007 0.453991 0 -0.951057 0.309017 0 -0.891007 0.453991 0 -0.809017 0.587785 0 -0.707107 0.707107 0 -0.587785 0.809017 0 -0.707107 0.707107 0 -0.809017 0.587785 0 -0.809017 0.587785 0 -0.809017 0.587785 0 -0.707107 0.707107 0 -0.891007 0.453991 0 -0.891007 0.453991 0 -0.951057 0.309017 0 -0.951057 0.309017 0 -0.951057 0.309017 0 -0.951057 0.309017 0 -0.987688 0.156434 0 -0.987688 0.156434 0 -0.987688 0.156435 0 -0.987688 0.156435 0 -1 6.95355e-08 0 -1 6.95355e-08 0 -1 6.95355e-08 0 -1 -1.68883e-07 0 -1 0 0 -1 0 0 -1 0 0 -1 0 0 -1 0 0 -1 0 0 -1 0 0 -1 0 0 -1 0 0 -1 0 0 -1 0 0 -1 0 0 -1 0 0 -1 0 0 -1 0 0 -1 0 0 -1 0 0 -1 0 0 -1 -5.96244e-09 0 -0.987688 -0.156435 0 -0.987688 -0.156435 0 -0.891007 -0.45399 0 -0.951057 -0.309017 0 -0.951057 -0.309017 0 -0.809017 -0.587785 0 -0.809017 -0.587785 0 -0.707107 -0.707107 0 -0.587785 -0.809017 0 -0.453991 -0.891007 0 -0.453991 -0.891007 0 -0.309017 -0.951057 0 -0.156434 -0.987688 0 -0.309017 -0.951057 0 -0.707107 -0.707107 0 -0.809017 -0.587785 0 -0.587785 -0.809017 0 -0.587785 -0.809017 0 -0.453991 -0.891007 0 -0.156434 -0.987688 0 -6.95355e-08 -1 0 -6.95355e-08 -1 0 -1 -5.96244e-09 0 -0.951057 -0.309017 0 -0.987688 -0.156435 0 -0.951057 -0.309017 0 -0.987688 -0.156435 0 -1 -5.96244e-09 0 -0.951057 -0.309017 0 -0.987688 -0.156435 0 -1 -5.96244e-09 0 -1 -5.96244e-09 0 -0.987688 -0.156435 0 -1 -5.96244e-09 0 -1 -5.96244e-09 0 -1 -5.96244e-09 0 -0.987688 -0.156435 0 -0.987688 -0.156435 0 -0.707107 -0.707107 0 -0.707107 -0.707107 0 -0.809017 -0.587785 0 -0.951057 -0.309017 0 -0.891007 -0.45399 0 -0.891007 -0.45399 0 -1 -5.96244e-09 0 -0.891007 -0.45399 0 -0.309017 -0.951057 0 -0.156435 -0.987688 0 -0.309017 -0.951057 0 1.68883e-07 -1 0 -6.95355e-08 -1 0 -0.156434 -0.987688 0 -0.453991 -0.891007 0 -0.156434 -0.987688 0 -6.95355e-08 -1 0 -0.891007 -0.45399 0 -0.951057 -0.309017 0 -0.891007 -0.45399 0 -0.809017 -0.587785 0 -0.987688 -0.156435 0 -0.951057 -0.309017 0 -0.707107 -0.707107 0 -0.809017 -0.587785 0 -0.587785 -0.809017 0 -0.587785 -0.809017 0 -0.707107 -0.707107 0 -0.891007 -0.45399 0 -0.951057 -0.309017 0 -0.891007 -0.45399 0 -0.809017 -0.587785 0 -0.891007 -0.45399 0 -0.809017 -0.587785 0 -0.453991 -0.891007 0 -0.453991 -0.891007 0 -0.309017 -0.951057 0 -0.453991 -0.891007 0 -0.587785 -0.809017 0 -0.707107 -0.707107 0 -0.809017 -0.587785 0 -0.707107 -0.707107 0 -0.587785 -0.809017 0 -0.587785 -0.809017 0 -0.587785 -0.809017 0 -0.707107 -0.707107 0 -0.453991 -0.891007 0 -0.453991 -0.891007 0 -0.309017 -0.951057 0 -0.309017 -0.951057 0 -0.309017 -0.951057 0 -0.309017 -0.951057 0 -0.156434 -0.987688 0 -0.156434 -0.987688 0 -0.156435 -0.987688 0 -0.156435 -0.987688 0 -6.95355e-08 -1 0 -6.95355e-08 -1 0 -6.95355e-08 -1 0 1.68883e-07 -1 0 0 -1 0 0 -1 0 0 -1 0 0 -1 0 0 -1 0 0 -1 0 0 -1 0 0 -1 0 0 -1 0 0 -1 0 0 -1 0 0 -1 0 0 -1 0 0 -1 0 0 -1 0 0 -1 0 0 -1 0 0 -1 0 5.96244e-09 -1 0 0.156435 -0.987688 0 0.156435 -0.987688 0 0.45399 -0.891007 0 0.309017 -0.951057 0 0.309017 -0.951057 0 0.587785 -0.809017 0 0.587785 -0.809017 0 0.707107 -0.707107 0 0.809017 -0.587785 0 0.891007 -0.453991 0 0.891007 -0.453991 0 0.951057 -0.309017 0 0.987688 -0.156434 0 0.951057 -0.309017 0 0.707107 -0.707107 0 0.587785 -0.809017 0 0.809017 -0.587785 0 0.809017 -0.587785 0 0.891007 -0.453991 0 0.987688 -0.156434 0 1 -6.95355e-08 0 1 -6.95355e-08 0 5.96244e-09 -1 0 0.309017 -0.951057 0 0.156435 -0.987688 0 0.309017 -0.951057 0 0.156435 -0.987688 0 5.96244e-09 -1 0 0.309017 -0.951057 0 0.156435 -0.987688 0 5.96244e-09 -1 0 5.96244e-09 -1 0 0.156435 -0.987688 0 5.96244e-09 -1 0 5.96244e-09 -1 0 5.96244e-09 -1 0 0.156435 -0.987688 0 0.156435 -0.987688 0 0.707107 -0.707107 0 0.707107 -0.707107 0 0.587785 -0.809017 0 0.309017 -0.951057 0 0.45399 -0.891007 0 0.45399 -0.891007 0 5.96244e-09 -1 0 0.45399 -0.891007 0 0.951057 -0.309017 0 0.987688 -0.156435 0 0.951057 -0.309017 0 1 1.68883e-07 0 1 -6.95355e-08 0 0.987688 -0.156434 0 0.891007 -0.453991 0 0.987688 -0.156434 0 1 -6.95355e-08 0 0.45399 -0.891007 0 0.309017 -0.951057 0 0.45399 -0.891007 0 0.587785 -0.809017 0 0.156435 -0.987688 0 0.309017 -0.951057 0 0.707107 -0.707107 0 0.587785 -0.809017 0 0.809017 -0.587785 0 0.809017 -0.587785 0 0.707107 -0.707107 0 0.45399 -0.891007 0 0.309017 -0.951057 0 0.45399 -0.891007 0 0.587785 -0.809017 0 0.45399 -0.891007 0 0.587785 -0.809017 0 0.891007 -0.453991 0 0.891007 -0.453991 0 0.951057 -0.309017 0 0.891007 -0.453991 0 0.809017 -0.587785 0 0.707107 -0.707107 0 0.587785 -0.809017 0 0.707107 -0.707107 0 0.809017 -0.587785 0 0.809017 -0.587785 0 0.809017 -0.587785 0 0.707107 -0.707107 0 0.891007 -0.453991 0 0.891007 -0.453991 0 0.951057 -0.309017 0 0.951057 -0.309017 0 0.951057 -0.309017 0 0.951057 -0.309017 0 0.987688 -0.156434 0 0.987688 -0.156434 0 0.987688 -0.156435 0 0.987688 -0.156435 0 1 -6.95355e-08 0 1 -6.95355e-08 0 1 -6.95355e-08 0 1 1.68883e-07 0 1 5.96244e-09 0 0.987688 0.156435 0 0.987688 0.156435 0 0.891007 0.45399 0 0.951057 0.309017 0 0.951057 0.309017 0 0.809017 0.587785 0 0.809017 0.587785 0 0.707107 0.707107 0 0.587785 0.809017 0 0.453991 0.891007 0 0.453991 0.891007 0 0.309017 0.951057 0 0.156434 0.987688 0 0.309017 0.951057 0 0.707107 0.707107 0 0.809017 0.587785 0 0.587785 0.809017 0 0.587785 0.809017 0 0.453991 0.891007 0 0.156434 0.987688 0 6.95355e-08 1 0 6.95355e-08 1 0 1 5.96244e-09 0 0.951057 0.309017 0 0.987688 0.156435 0 0.951057 0.309017 0 0.987688 0.156435 0 1 5.96244e-09 0 0.951057 0.309017 0 0.987688 0.156435 0 1 5.96244e-09 0 1 5.96244e-09 0 0.987688 0.156435 0 1 5.96244e-09 0 1 5.96244e-09 0 1 5.96244e-09 0 0.987688 0.156435 0 0.987688 0.156435 0 0.707107 0.707107 0 0.707107 0.707107 0 0.809017 0.587785 0 0.951057 0.309017 0 0.891007 0.45399 0 0.891007 0.45399 0 1 5.96244e-09 0 0.891007 0.45399 0 0.309017 0.951057 0 0.156435 0.987688 0 0.309017 0.951057 0 -1.68883e-07 1 0 6.95355e-08 1 0 0.156434 0.987688 0 0.453991 0.891007 0 0.156434 0.987688 0 6.95355e-08 1 0 0.891007 0.45399 0 0.951057 0.309017 0 0.891007 0.45399 0 0.809017 0.587785 0 0.987688 0.156435 0 0.951057 0.309017 0 0.707107 0.707107 0 0.809017 0.587785 0 0.587785 0.809017 0 0.587785 0.809017 0 0.707107 0.707107 0 0.891007 0.45399 0 0.951057 0.309017 0 0.891007 0.45399 0 0.809017 0.587785 0 0.891007 0.45399 0 0.809017 0.587785 0 0.453991 0.891007 0 0.453991 0.891007 0 0.309017 0.951057 0 0.453991 0.891007 0 0.587785 0.809017 0 0.707107 0.707107 0 0.809017 0.587785 0 0.707107 0.707107 0 0.587785 0.809017 0 0.587785 0.809017 0 0.587785 0.809017 0 0.707107 0.707107 0 0.453991 0.891007 0 0.453991 0.891007 0 0.309017 0.951057 0 0.309017 0.951057 0 0.309017 0.951057 0 0.309017 0.951057 0 0.156434 0.987688 0 0.156434 0.987688 0 0.156435 0.987688 0 0.156435 0.987688 0 6.95355e-08 1 0 6.95355e-08 1 0 6.95355e-08 1 0 -1.68883e-07 1 0 0 1 0 0 1 0 0 1 0 0 1 0 0 1 0 0 1 0 0 1 0 0 1 0 0 1 0 0 1 0 0 1 0 0 1 0 0 1 0 0 1 0 0 1 0 0 1 0 0 1 0 0 1 0 -5.96244e-09 1 0 -0.156435 0.987688 0 -0.156435 0.987688 0 -0.45399 0.891007 0 -0.309017 0.951057 0 -0.309017 0.951057 0 -0.587785 0.809017 0 -0.587785 0.809017 0 -0.707107 0.707107 0 -0.809017 0.587785 0 -0.891007 0.453991 0 -0.891007 0.453991 0 -0.951057 0.309017 0 -0.987688 0.156434 0 -0.951057 0.309017 0 -0.707107 0.707107 0 -0.587785 0.809017 0 -0.809017 0.587785 0 -0.809017 0.587785 0 -0.891007 0.453991 0 -0.987688 0.156434 0 -1 6.95355e-08 0 -1 6.95355e-08 0 -5.96244e-09 1 0 -0.309017 0.951057 0 -0.156435 0.987688 0 -0.309017 0.951057 0 -0.156435 0.987688 0 -5.96244e-09 1 0 -0.309017 0.951057 0 -0.156435 0.987688 0 -5.96244e-09 1 0 -5.96244e-09 1 0 -0.156435 0.987688 0 -5.96244e-09 1 0 -5.96244e-09 1 0 -5.96244e-09 1 0 -0.156435 0.987688 0 -0.156435 0.987688 0 -0.707107 0.707107 0 -0.707107 0.707107 0 -0.587785 0.809017 0 -0.309017 0.951057 0 -0.45399 0.891007 0 -0.45399 0.891007 0 -5.96244e-09 1 0 -0.45399 0.891007 0 -0.951057 0.309017 0 -0.987688 0.156435 0 -0.951057 0.309017 0 -1 -1.68883e-07 0 -1 6.95355e-08 0 -0.987688 0.156434 0 -0.891007 0.453991 0 -0.987688 0.156434 0 -1 6.95355e-08 0 -0.45399 0.891007 0 -0.309017 0.951057 0 -0.45399 0.891007 0 -0.587785 0.809017 0 -0.156435 0.987688 0 -0.309017 0.951057 0 -0.707107 0.707107 0 -0.587785 0.809017 0 -0.809017 0.587785 0 -0.809017 0.587785 0 -0.707107 0.707107 0 -0.45399 0.891007 0 -0.309017 0.951057 0 -0.45399 0.891007 0 -0.587785 0.809017 0 -0.45399 0.891007 0 -0.587785 0.809017 0 -0.891007 0.453991 0 -0.891007 0.453991 0 -0.951057 0.309017 0 -0.891007 0.453991 0 -0.809017 0.587785 0 -0.707107 0.707107 0 -0.587785 0.809017 0 -0.707107 0.707107 0 -0.809017 0.587785 0 -0.809017 0.587785 0 -0.809017 0.587785 0 -0.707107 0.707107 0 -0.891007 0.453991 0 -0.891007 0.453991 0 -0.951057 0.309017 0 -0.951057 0.309017 0 -0.951057 0.309017 0 -0.951057 0.309017 0 -0.987688 0.156434 0 -0.987688 0.156434 0 -0.987688 0.156435 0 -0.987688 0.156435 0 -1 6.95355e-08 0 -1 6.95355e-08 0 -1 6.95355e-08 0 -1 -1.68883e-07 0 -1 0 0 -1 0 0 -1 0 0 -1 0 0 -1 0 0 -1 0 0 -1 0 0 -1 0 0 -1 0 0 -1 0 0 -1 0 0 -1 0 0 -1 0 0 -1 0 0 -1 0 0 -1 0 0 -1 0 0 0.485722 0.874113 0 0.327847 0.944731 0 0.485722 0.874113 0 0.753599 0.657335 0 0.629069 0.77735 0 0.629069 0.77735 0 0.638001 0.770036 0 0.753599 0.657335 0 0.505773 0.862667 0 0.485722 0.874113 0 -1 1.41421e-07 0 -1 1.41421e-07 0 -0.985044 0.172301 0 0.753599 0.657335 0 0.629069 0.77735 0 -0.184411 0.982849 0 -0.012307 0.999924 0 -0.184411 0.982849 0 0.753599 0.657335 0 -0.507089 0.861894 0 -0.507089 0.861894 0 -0.350999 0.936376 0 0.160165 0.98709 0 0.160165 0.98709 0 -0.0123068 0.999924 0 -0.350999 0.936376 0 -0.64801 0.761632 0 -0.64801 0.761632 0 -0.94821 0.317643 0 -0.986968 0.160919 0 -0.985044 0.172301 0 -0.350999 0.936376 0 -0.798207 0.602384 0 -0.769549 0.638588 0 -0.868069 0.496443 0 -0.507089 0.861894 0 -0.940625 0.339449 0 -0.985044 0.172301 0 -0.940625 0.339449 0 -0.868069 0.496443 0 -0.868069 0.496443 0 -0.986968 0.160919 0 -1 1.41421e-07 0 -0.940625 0.339449 0 -0.868069 0.496443 0 -0.884739 0.466087 0 -0.690869 0.72298 0 -0.64801 0.761632 0 -0.940625 0.339449 0 -1 1.41421e-07 0 -1 1.41421e-07 0 -0.64801 0.761632 0 -0.769549 0.638588 0 0.327847 0.944731 0 0.485722 0.874113 0 0.629069 0.77735 0 0.753599 0.657335 0 0.629069 0.77735 0 0.753599 0.657335 0 0.753599 0.657335 0 0.629069 0.77735 0 0.753599 0.657335 0 0.638001 0.770036 0 0.360363 0.932812 0 0.327847 0.944731 0 0.485722 0.874113 0 0.485722 0.874113 0 0.505773 0.862667 0 0.20556 0.978645 0 0.160165 0.98709 0 0.327847 0.944731 0 0.327847 0.944731 0 0.327847 0.944731 0 0.360363 0.932812 0 0.0453989 0.998969 0 -0.0123068 0.999924 0 0.160165 0.98709 0 0.160165 0.98709 0 0.160165 0.98709 0 0.20556 0.978645 0 -0.115945 0.993256 0 -0.184411 0.982849 0 -0.012307 0.999924 0 -0.0123068 0.999924 0 -0.012307 0.999924 0 0.0453989 0.998969 0 -0.274267 0.961654 0 -0.350999 0.936376 0 -0.184411 0.982849 0 -0.184411 0.982849 0 -0.184411 0.982849 0 -0.115945 0.993256 0 -0.425441 0.904986 0 -0.507089 0.861894 0 -0.350999 0.936376 0 -0.274267 0.961654 0 -0.350999 0.936376 0 -0.565525 0.824731 0 -0.507089 0.861894 0 -0.425441 0.904986 0 -0.507089 0.861894 0 -0.940625 0.339449 0 -0.884739 0.466087 0 -0.64801 0.761632 0 -0.769549 0.638588 0 -0.565525 0.824731 0 -0.64801 0.761632 0 -0.769549 0.638588 0 -0.690869 0.72298 0 -0.769549 0.638588 0 -0.769549 0.638588 0 -0.868069 0.496443 0 -0.798207 0.602384 0 -0.868069 0.496443 0 -0.94821 0.317643 0 -0.985044 0.172301 0 -0.940625 0.339449 0 -0.985044 0.172301 0 -0.985044 0.172301 0 -1 -3.35417e-07 -0 -1 1.41421e-07 0 -1 1.41421e-07 0 0.753599 0.657335 0 0.753599 0.657335 0 0.753599 0.657335 0 0.753599 0.657335 0 0.753599 0.657335 0 0.753599 0.657335 0 0.753599 0.657335 0 0.753599 0.657335 0 0.753599 0.657335 0 0.753599 0.657335 0 0.753599 0.657335 0 0.753599 0.657335 0 0.753599 0.657335 0 0.753599 0.657335 0 0.753599 0.657335 0 0.753599 0.657335 0 0.753599 0.657335 0 0.908813 0.417203 0 0.908813 0.417203 0 0.959123 0.28299 0 0.839833 0.542845 0 0.839833 0.542845 0 0.753599 0.657335 0 0.839833 0.542845 0 0.753599 0.657335 0 0.753599 0.657335 0 0.989728 0.142964 0 0.989728 0.142964 0 1 -6.39768e-08 0 0.959123 0.28299 0 0.989728 0.142964 0 1 -6.39768e-08 0 1 -6.39768e-08 0 1 -6.39768e-08 0 0.989728 0.142964 0 1 -6.39768e-08 0 0.989728 0.142964 0 1 -6.39768e-08 0 0.959123 0.28299 0 0.989728 0.142964 0 0.959123 0.28299 0 0.989728 0.142964 0 0.908813 0.417203 0 0.908813 0.417203 0 0.839833 0.542845 0 0.839833 0.542845 0 1 -6.39768e-08 0 0.908813 0.417203 0 0.908813 0.417203 0 0.753599 0.657335 0 0.753599 0.657335 0 1 -6.39768e-08 0 0.989728 0.142964 0 1 -6.39768e-08 0 0.959123 0.28299 0 0.959123 0.28299 0 0.959123 0.28299 0 0.959123 0.28299 0 0.989728 0.142964 0 0.908813 0.417203 0 0.908813 0.417203 0 0.908813 0.417203 0 0.959123 0.28299 0 0.839833 0.542845 0 0.839833 0.542845 0 0.839833 0.542845 0 0.839833 0.542845 0 0.753599 0.657335 0 0.753599 0.657335 0 0.753599 0.657335 0 0.753599 0.657335 0 1 0 0 1 0 0 1 0 0 1 0 0 1 0 0 1 0 0 1 0 0 1 0 0 1 0 0 1 0 0 1 0 0 1 0 0 1 0 0 1 0 0 1 0 0 1 0 0 1 0 0 1 0 0 0.959123 -0.28299 0 0.959123 -0.28299 0 0.908813 -0.417203 0 0.989728 -0.142964 0 0.989728 -0.142964 0 1 4.03816e-10 0 0.989728 -0.142964 0 1 4.03816e-10 0 1 4.03816e-10 0 0.839833 -0.542845 0 0.839833 -0.542845 0 0.753599 -0.657335 0 0.908813 -0.417203 0 0.839833 -0.542845 0 0.753599 -0.657335 0 0.753599 -0.657335 0 0.753599 -0.657335 0 0.839833 -0.542845 0 0.753599 -0.657335 0 0.839833 -0.542845 0 0.753599 -0.657335 0 0.908813 -0.417203 0 0.839833 -0.542845 0 0.908813 -0.417203 0 0.839833 -0.542845 0 0.959123 -0.28299 0 0.959123 -0.28299 0 0.989728 -0.142964 0 0.989728 -0.142964 0 0.753599 -0.657335 0 0.959123 -0.28299 0 0.959123 -0.28299 0 1 4.03816e-10 0 1 4.03816e-10 0 0.753599 -0.657335 0 0.839833 -0.542845 0 0.753599 -0.657335 0 0.908813 -0.417203 0 0.908813 -0.417203 0 0.908813 -0.417203 0 0.908813 -0.417203 0 0.839833 -0.542845 0 0.959123 -0.28299 0 0.959123 -0.28299 0 0.959123 -0.28299 0 0.908813 -0.417203 0 0.989728 -0.142964 0 0.989728 -0.142964 0 0.989728 -0.142964 0 0.989728 -0.142964 0 1 4.03816e-10 0 1 4.03816e-10 0 1 4.03816e-10 0 1 4.03816e-10 0 0.753599 -0.657335 0 0.753599 -0.657335 0 0.753599 -0.657335 0 0.753599 -0.657335 0 0.753599 -0.657335 0 0.753599 -0.657335 0 0.753599 -0.657335 0 0.753599 -0.657335 0 0.753599 -0.657335 0 0.753599 -0.657335 0 0.753599 -0.657335 0 0.753599 -0.657335 0 0.753599 -0.657335 0 0.753599 -0.657335 0 0.753599 -0.657335 0 0.753599 -0.657335 0 0.753599 -0.657335 0 -0.940624 -0.339449 -0 -0.868069 -0.496443 -0 -0.940624 -0.339449 -0 -1 4.52534e-08 0 -0.985044 -0.172301 -0 -0.985044 -0.172301 -0 -0.986968 -0.160918 -0 -1 4.52534e-08 0 -0.948211 -0.317643 -0 -0.940624 -0.339449 -0 0.753599 -0.657335 0 0.753599 -0.657335 0 0.629069 -0.77735 0 -1 4.52534e-08 0 -0.985044 -0.172301 -0 -0.507089 -0.861894 -0 -0.64801 -0.761632 -0 -0.507089 -0.861894 -0 -1 4.52534e-08 0 -0.184411 -0.982849 -0 -0.184411 -0.982849 -0 -0.350999 -0.936376 -0 -0.769549 -0.638588 -0 -0.769549 -0.638588 -0 -0.64801 -0.761632 -0 -0.350999 -0.936376 -0 -0.0123069 -0.999924 -0 -0.0123069 -0.999924 -0 0.505773 -0.862667 0 0.638 -0.770036 0 0.629069 -0.77735 0 -0.350999 -0.936376 -0 0.20556 -0.978645 0 0.160165 -0.98709 0 0.327847 -0.944731 0 -0.184411 -0.982849 -0 0.485722 -0.874113 0 0.629069 -0.77735 0 0.485722 -0.874113 0 0.327847 -0.944731 0 0.327847 -0.944731 0 0.638 -0.770036 0 0.753599 -0.657335 0 0.485722 -0.874113 0 0.327847 -0.944731 0 0.360363 -0.932812 0 0.0453991 -0.998969 0 -0.0123069 -0.999924 -0 0.485722 -0.874113 0 0.753599 -0.657335 0 0.753599 -0.657335 0 -0.0123069 -0.999924 -0 0.160166 -0.98709 0 -0.868069 -0.496443 -0 -0.940624 -0.339449 -0 -0.985044 -0.172301 -0 -1 4.52534e-08 0 -0.985044 -0.172301 -0 -1 4.52534e-08 0 -1 4.52534e-08 0 -0.985044 -0.172301 -0 -1 4.52534e-08 0 -0.986968 -0.160918 -0 -0.884739 -0.466087 -0 -0.868069 -0.496443 -0 -0.940624 -0.339449 -0 -0.940624 -0.339449 -0 -0.948211 -0.317643 -0 -0.798206 -0.602384 -0 -0.769549 -0.638588 -0 -0.868069 -0.496443 -0 -0.868069 -0.496443 -0 -0.868069 -0.496443 -0 -0.884739 -0.466087 -0 -0.690869 -0.72298 -0 -0.64801 -0.761632 -0 -0.769549 -0.638588 -0 -0.769549 -0.638588 -0 -0.769549 -0.638588 -0 -0.798206 -0.602384 -0 -0.565525 -0.824731 -0 -0.507089 -0.861894 -0 -0.64801 -0.761632 -0 -0.64801 -0.761632 -0 -0.64801 -0.761632 -0 -0.690869 -0.72298 -0 -0.425441 -0.904986 -0 -0.350999 -0.936376 -0 -0.507089 -0.861894 -0 -0.507089 -0.861894 -0 -0.507089 -0.861894 -0 -0.565525 -0.824731 -0 -0.274267 -0.961654 -0 -0.184411 -0.982849 -0 -0.350999 -0.936376 -0 -0.425441 -0.904986 -0 -0.350999 -0.936376 -0 -0.115945 -0.993256 -0 -0.184411 -0.982849 -0 -0.274267 -0.961654 -0 -0.184411 -0.982849 -0 0.485722 -0.874113 0 0.360363 -0.932812 0 -0.0123069 -0.999924 -0 0.160165 -0.98709 0 -0.115945 -0.993256 -0 -0.0123071 -0.999924 -0 0.160165 -0.98709 0 0.0453991 -0.998969 0 0.160165 -0.98709 0 0.160165 -0.98709 0 0.327847 -0.944731 0 0.20556 -0.978645 0 0.327847 -0.944731 0 0.505773 -0.862667 0 0.629069 -0.77735 0 0.485722 -0.874113 0 0.629069 -0.77735 0 0.629069 -0.77735 0 0.753599 -0.657334 0 0.753599 -0.657335 0 0.753599 -0.657335 0 -1 0 0 -1 0 0 -1 0 0 -1 0 0 -1 0 0 -1 0 0 -1 0 0 -1 0 0 -1 0 0 -1 0 0 -1 0 0 -1 0 0 -1 0 0 -1 0 0 -1 0 0 -1 0 0 -1 0 0 -1 -5.96244e-09 0 -0.987688 -0.156435 0 -0.987688 -0.156435 0 -0.891007 -0.45399 0 -0.951057 -0.309017 0 -0.951057 -0.309017 0 -0.809017 -0.587785 0 -0.809017 -0.587785 0 -0.707107 -0.707107 0 -0.587785 -0.809017 0 -0.453991 -0.891007 0 -0.453991 -0.891007 0 -0.309017 -0.951057 0 -0.156434 -0.987688 0 -0.309017 -0.951057 0 -0.707107 -0.707107 0 -0.809017 -0.587785 0 -0.587785 -0.809017 0 -0.587785 -0.809017 0 -0.453991 -0.891007 0 -0.156434 -0.987688 0 -6.95355e-08 -1 0 -6.95355e-08 -1 0 -1 -5.96244e-09 0 -0.951057 -0.309017 0 -0.987688 -0.156435 0 -0.951057 -0.309017 0 -0.987688 -0.156435 0 -1 -5.96244e-09 0 -0.951057 -0.309017 0 -0.987688 -0.156435 0 -1 -5.96244e-09 0 -1 -5.96244e-09 0 -0.987688 -0.156435 0 -1 -5.96244e-09 0 -1 -5.96244e-09 0 -1 -5.96244e-09 0 -0.987688 -0.156435 0 -0.987688 -0.156435 0 -0.707107 -0.707107 0 -0.707107 -0.707107 0 -0.809017 -0.587785 0 -0.951057 -0.309017 0 -0.891007 -0.45399 0 -0.891007 -0.45399 0 -1 -5.96244e-09 0 -0.891007 -0.45399 0 -0.309017 -0.951057 0 -0.156435 -0.987688 0 -0.309017 -0.951057 0 1.68883e-07 -1 0 -6.95355e-08 -1 0 -0.156434 -0.987688 0 -0.453991 -0.891007 0 -0.156434 -0.987688 0 -6.95355e-08 -1 0 -0.891007 -0.45399 0 -0.951057 -0.309017 0 -0.891007 -0.45399 0 -0.809017 -0.587785 0 -0.987688 -0.156435 0 -0.951057 -0.309017 0 -0.707107 -0.707107 0 -0.809017 -0.587785 0 -0.587785 -0.809017 0 -0.587785 -0.809017 0 -0.707107 -0.707107 0 -0.891007 -0.45399 0 -0.951057 -0.309017 0 -0.891007 -0.45399 0 -0.809017 -0.587785 0 -0.891007 -0.45399 0 -0.809017 -0.587785 0 -0.453991 -0.891007 0 -0.453991 -0.891007 0 -0.309017 -0.951057 0 -0.453991 -0.891007 0 -0.587785 -0.809017 0 -0.707107 -0.707107 0 -0.809017 -0.587785 0 -0.707107 -0.707107 0 -0.587785 -0.809017 0 -0.587785 -0.809017 0 -0.587785 -0.809017 0 -0.707107 -0.707107 0 -0.453991 -0.891007 0 -0.453991 -0.891007 0 -0.309017 -0.951057 0 -0.309017 -0.951057 0 -0.309017 -0.951057 0 -0.309017 -0.951057 0 -0.156434 -0.987688 0 -0.156434 -0.987688 0 -0.156435 -0.987688 0 -0.156435 -0.987688 0 -6.95355e-08 -1 0 -6.95355e-08 -1 0 -6.95355e-08 -1 0 1.68883e-07 -1 0 0 -1 0 0 -1 0 0 -1 0 0 -1 0 0 -1 0 0 -1 0 0 -1 0 0 -1 0 0 -1 0 0 -1 0 0 -1 0 0 -1 0 0 -1 0 0 -1 0 0 -1 0 0 -1 0 0 -1 0 0 -1 0 5.96244e-09 -1 0 0.156435 -0.987688 0 0.156435 -0.987688 0 0.45399 -0.891007 0 0.309017 -0.951057 0 0.309017 -0.951057 0 0.587785 -0.809017 0 0.587785 -0.809017 0 0.707107 -0.707107 0 0.809017 -0.587785 0 0.891007 -0.453991 0 0.891007 -0.453991 0 0.951057 -0.309017 0 0.987688 -0.156434 0 0.951057 -0.309017 0 0.707107 -0.707107 0 0.587785 -0.809017 0 0.809017 -0.587785 0 0.809017 -0.587785 0 0.891007 -0.453991 0 0.987688 -0.156434 0 1 -6.95355e-08 0 1 -6.95355e-08 0 5.96244e-09 -1 0 0.309017 -0.951057 0 0.156435 -0.987688 0 0.309017 -0.951057 0 0.156435 -0.987688 0 5.96244e-09 -1 0 0.309017 -0.951057 0 0.156435 -0.987688 0 5.96244e-09 -1 0 5.96244e-09 -1 0 0.156435 -0.987688 0 5.96244e-09 -1 0 5.96244e-09 -1 0 5.96244e-09 -1 0 0.156435 -0.987688 0 0.156435 -0.987688 0 0.707107 -0.707107 0 0.707107 -0.707107 0 0.587785 -0.809017 0 0.309017 -0.951057 0 0.45399 -0.891007 0 0.45399 -0.891007 0 5.96244e-09 -1 0 0.45399 -0.891007 0 0.951057 -0.309017 0 0.987688 -0.156435 0 0.951057 -0.309017 0 1 1.68883e-07 0 1 -6.95355e-08 0 0.987688 -0.156434 0 0.891007 -0.453991 0 0.987688 -0.156434 0 1 -6.95355e-08 0 0.45399 -0.891007 0 0.309017 -0.951057 0 0.45399 -0.891007 0 0.587785 -0.809017 0 0.156435 -0.987688 0 0.309017 -0.951057 0 0.707107 -0.707107 0 0.587785 -0.809017 0 0.809017 -0.587785 0 0.809017 -0.587785 0 0.707107 -0.707107 0 0.45399 -0.891007 0 0.309017 -0.951057 0 0.45399 -0.891007 0 0.587785 -0.809017 0 0.45399 -0.891007 0 0.587785 -0.809017 0 0.891007 -0.453991 0 0.891007 -0.453991 0 0.951057 -0.309017 0 0.891007 -0.453991 0 0.809017 -0.587785 0 0.707107 -0.707107 0 0.587785 -0.809017 0 0.707107 -0.707107 0 0.809017 -0.587785 0 0.809017 -0.587785 0 0.809017 -0.587785 0 0.707107 -0.707107 0 0.891007 -0.453991 0 0.891007 -0.453991 0 0.951057 -0.309017 0 0.951057 -0.309017 0 0.951057 -0.309017 0 0.951057 -0.309017 0 0.987688 -0.156434 0 0.987688 -0.156434 0 0.987688 -0.156435 0 0.987688 -0.156435 0 1 -6.95355e-08 0 1 -6.95355e-08 0 1 -6.95355e-08 0 1 1.68883e-07 0 1 0 0 1 0 0 1 0 0 1 0 0 1 0 0 1 0 0 1 0 0 1 0 0 1 0 0 1 0 0 1 0 0 1 0 0 1 0 0 1 0 0 1 0 0 1 0 0 1 0 0 1 0 0 -0.992115 0.125333 0 -0.998027 0.0627904 0 -0.992115 0.125333 0 -1 -1.74846e-07 -0 -0.998027 0.0627904 0 -1 3.01992e-07 0 -0.968583 0.24869 0 -0.951057 0.309017 0 -0.951057 0.309017 0 -0.968583 0.24869 0 -0.982287 0.187382 0 -0.982287 0.187381 0 -0.876307 0.481754 0 -0.904827 0.425779 0 -0.876307 0.481754 0 -0.904827 0.425779 0 -0.929776 0.368125 0 -0.929776 0.368125 0 -0.770513 0.637424 0 -0.770513 0.637424 0 -0.809017 0.587785 0 -0.844328 0.535827 0 -0.809017 0.587785 0 -0.844328 0.535827 0 -0.684547 0.728969 0 -0.637424 0.770513 0 -0.637424 0.770513 0 -0.728969 0.684547 0 -0.728969 0.684547 0 -0.684547 0.728969 0 -0.481753 0.876307 0 -0.535827 0.844328 0 -0.481753 0.876307 0 -0.535827 0.844328 0 -0.587785 0.809017 0 -0.587785 0.809017 0 -0.309017 0.951056 0 -0.309017 0.951056 0 -0.368125 0.929776 0 -0.425779 0.904827 0 -0.368125 0.929776 0 -0.425779 0.904827 0 -0.187381 0.982287 0 -0.125333 0.992115 0 -0.125333 0.992115 0 -0.24869 0.968583 0 -0.24869 0.968583 0 -0.187381 0.982287 0 0.0627905 0.998027 0 -1.19249e-08 1 0 0.0627905 0.998027 0 -1.19249e-08 1 0 -0.0627906 0.998027 0 -0.0627906 0.998027 0 0.24869 0.968583 0 0.24869 0.968583 0 0.187381 0.982287 0 0.125333 0.992115 0 0.187381 0.982287 0 0.125333 0.992115 0 0.368125 0.929776 0 0.425779 0.904827 0 0.425779 0.904827 0 0.309017 0.951056 0 0.309017 0.951056 0 0.368125 0.929776 0 0.587785 0.809017 0 0.535827 0.844328 0 0.587785 0.809017 0 0.535827 0.844328 0 0.481753 0.876307 0 0.481753 0.876307 0 0.728969 0.684547 0 0.728969 0.684547 0 0.684547 0.728969 0 0.637424 0.770513 0 0.684547 0.728969 0 0.637424 0.770513 0 0.809017 0.587785 0 0.844328 0.535827 0 0.844328 0.535827 0 0.770513 0.637424 0 0.770513 0.637424 0 0.809017 0.587785 0 0.929776 0.368125 0 0.904827 0.425779 0 0.929776 0.368125 0 0.904827 0.425779 0 0.876307 0.481754 0 0.876307 0.481753 0 0.982287 0.187381 0 0.982287 0.187381 0 0.968583 0.24869 0 0.951057 0.309017 0 0.968583 0.24869 0 0.951056 0.309017 0 0.998027 0.0627904 0 1 8.74228e-08 0 1 8.74228e-08 0 0.992115 0.125333 0 0.992115 0.125333 0 0.998027 0.0627904 0 0.982287 -0.187381 0 0.992115 -0.125333 0 0.982287 -0.187381 0 0.992115 -0.125333 0 0.998027 -0.0627907 0 0.998027 -0.0627905 0 0.929776 -0.368125 0 0.929776 -0.368125 0 0.951056 -0.309017 0 0.968583 -0.24869 0 0.951056 -0.309017 0 0.968583 -0.24869 0 0.876307 -0.481754 0 0.844328 -0.535827 0 0.844328 -0.535827 0 0.904827 -0.425779 0 0.904827 -0.425779 0 0.876307 -0.481754 0 0.728969 -0.684547 0 0.770513 -0.637424 0 0.728969 -0.684547 0 0.770513 -0.637424 0 0.809017 -0.587785 0 0.809017 -0.587785 0 0.587785 -0.809017 0 0.587785 -0.809017 0 0.637424 -0.770513 0 0.684547 -0.728969 0 0.637424 -0.770513 0 0.684547 -0.728969 0 0.481754 -0.876307 0 0.425779 -0.904827 0 0.425779 -0.904827 0 0.535827 -0.844328 0 0.535827 -0.844328 0 0.481754 -0.876307 0 0.24869 -0.968583 0 0.309017 -0.951056 0 0.24869 -0.968583 0 0.309017 -0.951057 0 0.368125 -0.929776 0 0.368125 -0.929776 0 0.0627905 -0.998027 0 0.0627905 -0.998027 0 0.125333 -0.992115 0 0.187381 -0.982287 0 0.125333 -0.992115 0 0.187381 -0.982287 0 -0.0627905 -0.998027 -0 -0.0627905 -0.998027 -0 4.37114e-08 -1 0 4.37114e-08 -1 0 -0.125333 -0.992115 -0 -0.125333 -0.992115 -0 -0.187381 -0.982287 -0 -0.187381 -0.982287 -0 -0.24869 -0.968583 -0 -0.24869 -0.968583 -0 -0.309017 -0.951056 -0 -0.309017 -0.951057 -0 -0.368125 -0.929776 -0 -0.368125 -0.929776 -0 -0.425779 -0.904827 -0 -0.425779 -0.904827 -0 -0.481754 -0.876307 -0 -0.481754 -0.876307 -0 -0.535827 -0.844328 -0 -0.535827 -0.844328 -0 -0.587785 -0.809017 -0 -0.587785 -0.809017 -0 -0.637424 -0.770513 -0 -0.637424 -0.770513 -0 -0.684547 -0.728969 -0 -0.684547 -0.728969 -0 -0.728969 -0.684547 -0 -0.728969 -0.684547 -0 -0.770513 -0.637424 -0 -0.770513 -0.637424 -0 -0.809017 -0.587785 -0 -0.809017 -0.587785 -0 -0.844328 -0.535827 -0 -0.844328 -0.535827 -0 -0.876307 -0.481754 -0 -0.876307 -0.481754 -0 -0.904827 -0.425779 -0 -0.904827 -0.425779 -0 -0.929776 -0.368125 -0 -0.929776 -0.368125 -0 -0.951057 -0.309017 -0 -0.951057 -0.309017 -0 -0.968583 -0.24869 -0 -0.968583 -0.24869 -0 -0.982287 -0.187381 -0 -0.982287 -0.187381 -0 -0.992115 -0.125333 -0 -0.992115 -0.125333 -0 -0.998027 -0.0627905 -0 -0.998027 -0.0627905 -0 -0 -0 -1 -0 -0 -1 -0 -0 -1 -0 -0 -1 -0 -0 -1 -0 -0 -1 -0 -0 -1 -0 -0 -1 -0 -0 -1 -0 -0 -1 -0 -0 -1 -0 -0 -1 -0 -0 -1 -0 -0 -1 -0 -0 -1 -0 -0 -1 -0 -0 -1 -0 -0 -1 -0 -0 -1 -0 -0 -1 -0 -0 -1 -0 -0 -1 -0 -0 -1 -0 -0 -1 -0 -0 -1 -0 -0 -1 -0 -0 -1 -0 -0 -1 -0 -0 -1 -0 -0 -1 -0 -0 -1 -0 -0 -1 -0 -0 -1 -0 -0 -1 -0 -0 -1 -0 -0 -1 -0 -0 -1 -0 -0 -1 -0 -0 -1 -0 -0 -1 -0 -0 -1 -0 -0 -1 -0 -0 -1 -0 -0 -1 -0 -0 -1 -0 -0 -1 -0 -0 -1 -0 -0 -1 -0 -0 -1 -0 -0 -1 -0 -0 -1 -0 -0 -1 -0 -0 -1 -0 -0 -1 -0 -0 -1 -0 -0 -1 -0 -0 -1 -0 -0 -1 -0 -0 -1 -0 -0 -1 -0 -0 -1 -0 -0 -1 -0 -0 -1 -0 -0 -1 -0 -0 -1 -0 -0 -1 -0 -0 -1 -0 -0 -1 -0 -0 -1 -0 -0 -1 -0 -0 -1 -0 -0 -1 -0 -0 -1 -0 -0 -1 -0 -0 -1 -0 -0 -1 -0 -0 -1 -0 -0 -1 -0 -0 -1 -0 -0 -1 -0 -0 -1 -0 -0 -1 -0 -0 -1 -0 -0 -1 -0 -0 -1 -0 -0 -1 -0 -0 -1 -0 -0 -1 -0 -0 -1 -0 -0 -1 -0 -0 -1 -0 -0 -1 -0 -0 -1 -0 -0 -1 -0 -0 -1 -0 -0 -1 -0 -0 -1 -0 -0 -1 -0 -0 -1 -0 -0 -1 -0 -0 -1 -0 -0 -1 -0 -0 -1 -0 -0 -1 -0 -0 -1 -0 -0 -1 -0 -0 -1 -0 -0 -1 -0 -0 -1 -0 -0 -1 -0 -0 -1 -0 -0 -1 -0 -0 -1 -0 -0 -1 -0 -0 -1 -0 -0 -1 -0 -0 -1 -0 -0 -1 -0 -0 -1 -0 -0 -1 -0 -0 -1 -0 -0 -1 -0 -0 -1 -0 -0 -1 -0 -0 -1 -0 -0 -1 -0 -0 -1 -0 -0 -1 -0 -0 -1 -0 -0 -1 -0 -0 -1 -0 -0 -1 -0 -0 -1 -0 -0 -1 -0 -0 -1 -0 -0 -1 -0 -0 -1 -0 -0 -1 -0 -0 -1 -0 -0 -1 -0 -0 -1 -0 -0 -1 -0 -0 -1 -0 -0 -1 -0 -0 -1 -0 -0 -1 -0 -0 -1 -0 -0 -1 -0 -0 -1 -0 -0 -1 -0 -0 -1 -0 -0 -1 -0 -0 -1 -0 -0 -1 -0 -0 -1 -0 -0 -1 -0 -0 -1 -0 -0 -1 -0 -0 -1 -0 -0 -1 -0 -0 -1 -0 -0 -1 -0 -0 -1 -0 -0 -1 -0 -0 -1 -0 -0 -1 -0 -0 -1 -0 -0 -1 -0 -0 -1 -0 -0 -1 -0 -0 -1 -0 -0 -1 -0 -0 -1 -0 -0 -1 -0 -0 -1 -0 -0 -1 -0 -0 -1 -0 -0 -1 -0 -0 -1 -0 -0 -1 -0 -0 -1 -0 -0 -1 -0 -0 -1 -0 -0 -1 -0 -0 -1 -0 -0 -1 -0 -0 -1 -0 -0 -1 -0 -0 -1 -0 -0 -1 -0 -0 -1 -0 -0 -1 -0 -0 -1 -0 -0 -1 -0 -0 -1 -0 -0 -1 -0 -0 -1 -0 -0 -1 -0 -0 -1 -0 -0 -1 -0 -0 -1 -0 -0 -1 -0 -0 -1 -0 -0 -1 -0 -0 -1 -0 -0 -1 -0 -0 -1 -0 -0 -1 -0 -0 -1 -0 -0 -1 -0 -0 -1 -0 -0 -1 -0 -0 -1 -0 -0 -1 -0 -0 -1 -0 -0 -1 -0 -0 -1 -0 -0 -1 -0 -0 -1 -0 -0 -1 -0 -0 -1 -0 -0 -1 -0 -0 -1 -0 -0 -1 -0 -0 -1 -0 -0 -1 -0 -0 -1 -0 -0 -1 -0 -0 -1 -0 -0 -1 -0 -0 -1 -0 -0 -1 -0 -0 -1 -0 -0 -1 -0 -0 -1 -0 -0 -1 -0 -0 -1 -0 -0 -1 -0 -0 -1 -0 -0 -1 -0 -0 -1 -0 -0 -1 -0 -0 -1 -0 -0 -1 -0 -0 -1 -0 -0 -1 -0 -0 -1 -0 -0 -1 -0 -0 -1 -0 -0 -1 -0 -0 -1 -0 -0 -1 -0 -0 -1 -0 -0 -1 -0 -0 -1 -0 -0 -1 -0 -0 -1 -0 -0 -1 -0 -0 -1 -0 -0 -1 -0 -0 -1 -0 -0 -1 -0 -0 -1 -0 -0 -1 -0 -0 -1 -0 -0 -1 -0 -0 -1 -0 -0 -1 -0 -0 -1 -0 -0 -1 -0 -0 -1 -0 -0 -1 -0 -0 -1 -0 -0 -1 -0 -0 -1 -0 -0 -1 -0 -0 -1 -0 -0 -1 -0 -0 -1 -0 -0 -1 -0 -0 -1 -0 -0 -1 -0 -0 -1 -0 -0 -1 -0 -0 -1 -0 -0 -1 -0 -0 -1 -0 -0 -1 -0 -0 -1 -0 -0 -1 -0 -0 -1 -0 -0 -1 -0 -0 -1 -0 -0 -1 -0 -0 -1 -0 -0 -1 -0 -0 -1 -0 -0 -1 -0 -0 -1 -0 -0 -1 -0 -0 -1 -0 -0 -1 -0 -0 -1 -0 -0 -1 -0 -0 -1 -0 -0 -1 -0 -0 -1 -0 -0 -1 -0 -0 -1 -0 -0 -1 -0 -0 -1 -0 -0 -1 -0 -0 -1 -0 -0 -1 -0 -0 -1 -0 -0 -1 -0 -0 -1 -0 -0 -1 -0 -0 -1 -0 -0 -1 -0 -0 -1 -0 -0 -1 -0 -0 -1 -0 -0 -1 -0 -0 -1 -0 -0 -1 -0 -0 -1 -0 -0 -1 -0 -0 -1 -0 -0 -1 -0 -0 -1 -0 -0 -1 -0 -0 -1 -0 -0 -1 -0 -0 -1 -0 -0 -1 -0 -0 -1 -0 -0 -1 -0 -0 -1 -0 -0 -1 -0 -0 -1 -0 -0 -1 -0 -0 -1 -0 -0 -1 -0 -0 -1 -0 -0 -1 -0 -0 -1 -0 -0 -1 -0 -0 -1 -0 -0 -1 -0 -0 -1 -0 -0 -1 -0 -0 -1 -0 -0 -1 -0 -0 -1 -0 -0 -1 -0 -0 -1 -0 -0 -1 -0 -0 -1 -0 -0 -1 -0 -0 -1 -0 -0 -1 -0 -0 -1 -0 -0 -1 -0 -0 -1 -0 -0 -1 -0 -0 -1 -0 -0 -1 -0 -0 -1 -0 -0 -1 -0 -0 -1 -0 -0 -1 -0 -0 -1 -0 -0 -1 -0 -0 -1 -0 -0 -1 -0 -0 -1 -0 -0 -1 -0 -0 -1 -0 -0 -1 -0 -0 -1 -0 -0 -1 -0 -0 -1 -0 -0 -1 -0 -0 -1 -0 -0 -1 -0 -0 -1 -0 -0 -1 -0 -0 -1 -0 -0 -1 -0 -0 -1 -0 -0 -1 -0 -0 -1 -0 -0 -1 -0 -0 -1 -0 -0 -1 -0 -0 -1 -0 -0 -1 -0 -0 -1 -0 -0 -1 -0 -0 -1 -0 -0 -1 -0 -0 -1 -0 -0 -1 -0 -0 -1 -0 -0 -1 -0 -0 -1 -0 -0 -1 -0 -0 -1 -0 -0 -1 -0 -0 -1 -0 -0 -1 -0 -0 -1 -0 -0 -1 -0 -0 -1 -0 -0 -1 -0 -0 -1 -0 -0 -1 -0 -0 -1 -0 -0 -1 -0 -0 -1 -0 -0 -1 -0 -0 -1 -0 -0 -1 -0 -0 -1 -0 -0 -1 -0 -0 -1 -0 -0 -1 -0 -0 -1 -0 -0 -1 -0 -0 -1 -0 -0 -1 -0 -0 -1 -0 -0 -1 -0 -0 -1 -0 -0 -1 -0 -0 -1 -0 -0 -1 -0 -0 -1 -0 -0 -1 -0 -0 -1 -0 -0 -1 -0 -0 -1 -0 -0 -1 -0 -0 -1 -0 -0 -1 -0 -0 -1 -0 -0 -1 -0 -0 -1 -0 -0 -1 -0 -0 -1 -0 -0 -1 -0 -0 -1 -0 -0 -1 -0 -0 -1 -0 -0 -1 -0 -0 -1 -0 -0 -1 -0 -0 -1 -0 -0 -1 -0 -0 -1 -0 -0 -1 -0 -0 -1 -0 -0 -1 -0 -0 -1 -0 -0 -1 -0 -0 -1 -0 -0 -1 -0 -0 -1 -0 -0 -1 -0 -0 -1 -0 -0 -1 -0 -0 -1 -0 -0 -1 -0 -0 -1 -0 -0 -1 -0 -0 -1 -0 -0 -1 -0 -0 -1 -0 -0 -1 -0 -0 -1 -0 -0 -1 -0 -0 -1 -0 -0 -1 -0 -0 -1 -0 -0 -1 -0 -0 -1 -0 -0 -1 -0 -0 -1 -0 -0 -1 -0 -0 -1 -0 -0 -1 -0 -0 -1 -0 -0 -1 -0 -0 -1 -0 -0 -1 -0 -0 -1 -0 -0 -1 -0 -0 -1 -0 -0 -1 -0 -0 -1 -0 -0 -1 -0 -0 -1 -0 -0 -1 -0 -0 -1 -0.998339 -0.057612 -0 -1 -1.35811e-22 -0 -1 1.37186e-11 0 -0.973535 -0.228538 -0 -0.985085 -0.172071 -0 -0.985085 -0.172071 -0 -0.993362 -0.115033 -0 -0.998339 -0.057612 -0 -0.993362 -0.115033 -0 -0.940783 -0.339009 -0 -0.91969 -0.392646 -0 -0.940783 -0.339009 -0 -0.973535 -0.228538 -0 -0.958751 -0.284246 -0 -0.958751 -0.284246 -0 -0.868417 -0.495834 -0 -0.868417 -0.495834 -0 -0.838409 -0.545042 -0 -0.895541 -0.444979 -0 -0.91969 -0.392646 -0 -0.895541 -0.444979 -0 -0.732118 -0.681178 -0 -0.770146 -0.637868 -0 -0.770146 -0.637868 -0 -0.805615 -0.592439 -0 -0.805615 -0.592439 -0 -0.838409 -0.545042 -0 -0.6489 -0.760874 -0 -0.603987 -0.796994 -0 -0.6489 -0.760874 -0 -0.732118 -0.681178 -0 -0.691658 -0.722226 -0 -0.691658 -0.722226 -0 -0.508297 -0.861182 -0 -0.508297 -0.861182 -0 -0.457838 -0.889035 -0 -0.557067 -0.830467 -0 -0.603987 -0.796994 -0 -0.557067 -0.830468 -0 -0.298032 -0.954556 -0 -0.352531 -0.9358 -0 -0.352531 -0.9358 -0 -0.405859 -0.913936 -0 -0.405859 -0.913936 -0 -0.457838 -0.889035 -0 -0.186249 -0.982503 -0 -0.129336 -0.991601 -0 -0.186249 -0.982503 -0 -0.298032 -0.954556 -0 -0.242543 -0.970141 -0 -0.242543 -0.970141 -0 -0.0144104 -0.999896 -0 -0.0144104 -0.999896 -0 0.0432195 -0.999066 0 -0.0719925 -0.997405 -0 -0.129335 -0.991601 -0 -0.0719926 -0.997405 -0 0.214485 -0.976727 0 0.157858 -0.987462 0 0.157858 -0.987462 0 0.100706 -0.994916 0 0.100706 -0.994916 0 0.0432195 -0.999066 0 0.325417 -0.945571 0 0.379352 -0.925252 0 0.325417 -0.945571 0 0.214485 -0.976727 0 0.2704 -0.962748 0 0.2704 -0.962748 0 0.483268 -0.875472 0 0.483268 -0.875472 0 0.532903 -0.846176 0 0.432028 -0.90186 0 0.379353 -0.925252 0 0.432028 -0.90186 0 0.670557 -0.741858 0 0.626704 -0.779258 0 0.626704 -0.779258 0 0.580768 -0.814069 0 0.580768 -0.814069 0 0.532903 -0.846176 0 0.751444 -0.659797 0 0.788208 -0.615409 0 0.751444 -0.659797 0 0.670557 -0.741858 0 0.712183 -0.701993 0 0.712183 -0.701993 0 0.853768 -0.520654 0 0.853768 -0.520654 0 0.882345 -0.470602 0 0.822354 -0.568977 0 0.788208 -0.615409 0 0.822354 -0.568977 0 0.950162 -0.311757 0 0.930623 -0.36598 0 0.930623 -0.36598 0 0.907992 -0.418987 0 0.907992 -0.418987 0 0.882345 -0.470602 0 0.979717 -0.200388 0 0.989634 -0.143611 0 0.979717 -0.200388 0 0.950162 -0.311757 0 0.966545 -0.256498 0 0.966545 -0.256498 0 0.999585 -0.0288179 0 0.999585 -0.0288181 0 0.999585 0.028818 0 0.996264 -0.086358 0 0.989634 -0.143611 0 0.996264 -0.086358 0 0.979717 0.200388 0 0.989634 0.143612 0 0.989634 0.143611 0 0.996264 0.0863582 0 0.996264 0.0863582 0 0.999585 0.028818 0 0.950162 0.311757 0 0.930623 0.36598 0 0.950162 0.311757 0 0.979717 0.200388 0 0.966545 0.256498 0 0.966545 0.256498 0 0.882345 0.470602 0 0.882345 0.470602 0 0.853768 0.520654 0 0.907992 0.418987 0 0.930623 0.36598 0 0.907992 0.418987 0 0.751444 0.659797 0 0.788208 0.615409 0 0.788208 0.615409 0 0.822354 0.568977 0 0.822354 0.568977 0 0.853768 0.520654 0 0.670557 0.741858 0 0.626704 0.779258 0 0.670557 0.741858 0 0.751444 0.659797 0 0.712183 0.701993 0 0.712183 0.701993 0 0.532903 0.846176 0 0.532903 0.846176 0 0.483268 0.875472 0 0.580768 0.814069 0 0.626704 0.779258 0 0.580768 0.814069 0 0.325417 0.945571 0 0.379352 0.925252 0 0.379352 0.925252 0 0.432028 0.90186 0 0.432028 0.90186 0 0.483268 0.875472 0 0.214485 0.976727 0 0.157858 0.987462 0 0.214485 0.976727 0 0.325417 0.945571 0 0.2704 0.962748 0 0.2704 0.962748 0 0.0432194 0.999066 0 0.0432194 0.999066 0 -0.0144105 0.999896 0 0.100706 0.994916 0 0.157858 0.987462 0 0.100706 0.994916 0 -0.0144105 0.999896 0 -0.0719925 0.997405 0 -0.0719925 0.997405 0 -0.129335 0.991601 0 -0.129335 0.991601 0 -0.186249 0.982503 0 -0.186249 0.982503 0 -0.242543 0.970141 0 -0.242543 0.970141 0 -0.298032 0.954556 0 -0.298032 0.954556 0 -0.352531 0.9358 0 -0.352531 0.9358 0 -0.405859 0.913936 0 -0.405859 0.913936 0 -0.457838 0.889036 0 -0.457838 0.889036 0 -0.508297 0.861182 0 -0.508297 0.861182 0 -0.557067 0.830468 0 -0.557067 0.830468 0 -0.603987 0.796994 0 -0.603987 0.796994 0 -0.6489 0.760874 0 -0.6489 0.760873 0 -0.691658 0.722226 0 -0.691658 0.722226 0 -0.732118 0.681178 0 -0.732118 0.681178 0 -0.770146 0.637868 0 -0.770146 0.637868 0 -0.805615 0.592439 0 -0.805615 0.592439 0 -0.838409 0.545042 0 -0.838409 0.545042 0 -0.868417 0.495834 0 -0.868417 0.495834 0 -0.895541 0.444979 0 -0.895541 0.444979 0 -0.919689 0.392647 0 -0.919689 0.392647 0 -0.940783 0.339009 0 -0.940783 0.339009 0 -0.958752 0.284245 0 -0.958752 0.284245 0 -0.973535 0.228538 0 -0.973535 0.228538 0 -0.985085 0.172071 0 -0.985085 0.172071 0 -0.993362 0.115032 0 -0.993362 0.115033 0 -0.998339 0.0576123 0 -0.998339 0.0576118 0 -0.514022 0.0323395 -0.857167 -0.515038 4.57446e-16 -0.857167 -0.515038 1.5069e-10 -0.857167 -0.498857 0.128085 -0.857167 -0.505915 0.0965085 -0.857167 -0.501408 0.117706 -0.857167 -0.510977 0.0645514 -0.857167 -0.511619 0.0592462 -0.857167 -0.507356 0.0886231 -0.857167 -0.473675 0.202228 -0.857167 -0.46602 0.219293 -0.857167 -0.47887 0.189598 -0.857167 -0.493794 0.146397 -0.857167 -0.484539 0.174603 -0.857167 -0.48983 0.159156 -0.857167 -0.434861 0.275971 -0.857167 -0.431812 0.280717 -0.857167 -0.416675 0.302732 -0.857167 -0.451331 0.248121 -0.857167 -0.461238 0.229181 -0.857167 -0.447268 0.255373 -0.857167 -0.352568 0.375447 -0.857167 -0.375447 0.352568 -0.857167 -0.35623 0.371974 -0.857167 -0.396654 0.328526 -0.857167 -0.396844 0.328298 -0.857167 -0.286911 0.427722 -0.857167 -0.275971 0.434861 -0.857167 -0.302732 0.416675 -0.857167 -0.334208 0.391879 -0.857167 -0.311076 0.410482 -0.857167 -0.328298 0.396844 -0.857167 -0.189598 0.47887 -0.857167 -0.209033 0.470712 -0.857167 -0.181567 0.481973 -0.857167 -0.248122 0.451331 -0.857167 -0.261792 0.443541 -0.857167 -0.235804 0.457887 -0.857167 -0.0959251 0.506026 -0.857167 -0.0965085 0.505915 -0.857167 -0.124919 0.499659 -0.857167 -0.153498 0.491633 -0.857167 -0.128085 0.498857 -0.857167 -0.159156 0.48983 -0.857167 -0.00742192 0.514985 -0.857167 2.2513e-08 0.515038 -0.857167 -0.0323395 0.514022 -0.857167 -0.0666127 0.510712 -0.857167 -0.0370789 0.513702 -0.857167 -0.0645514 0.510977 -0.857167 0.0965085 0.505915 -0.857167 0.0813027 0.50858 -0.857167 0.110468 0.503052 -0.857167 0.0323395 0.514022 -0.857167 0.0222596 0.514557 -0.857167 0.0518673 0.51242 -0.857167 0.195381 0.47654 -0.857167 0.189598 0.47887 -0.857167 0.167602 0.487005 -0.857167 0.139266 0.495852 -0.857167 0.159156 0.48983 -0.857167 0.128085 0.498857 -0.857167 0.248902 0.450902 -0.857167 0.274466 0.435813 -0.857167 0.275971 0.434861 -0.857167 0.219292 0.46602 -0.857167 0.222511 0.464492 -0.857167 0.248122 0.451331 -0.857167 0.352568 0.375447 -0.857167 0.345363 0.382085 -0.857167 0.366802 0.361553 -0.857167 0.328298 0.396844 -0.857167 0.302732 0.416675 -0.857167 0.322776 0.401347 -0.857167 0.423543 0.293045 -0.857167 0.416675 0.302732 -0.857167 0.405957 0.316959 -0.857167 0.387022 0.339821 -0.857167 0.396844 0.328298 -0.857167 0.375447 0.352568 -0.857167 0.454442 0.242378 -0.857167 0.467651 0.215794 -0.857167 0.46602 0.219292 -0.857167 0.434861 0.275971 -0.857167 0.439723 0.268157 -0.857167 0.451331 0.248122 -0.857167 0.498857 0.128085 -0.857167 0.497807 0.132106 -0.857167 0.504591 0.103207 -0.857167 0.48937 0.160567 -0.857167 0.48983 0.159156 -0.857167 0.479306 0.188493 -0.857167 0.514824 0.0148423 -0.857167 0.514022 0.0323395 -0.857167 0.513114 0.0444777 -0.857167 0.509699 0.0739653 -0.857167 0.510977 0.0645514 -0.857167 0.505915 0.0965085 -0.857167 0.513114 -0.0444778 -0.857167 0.509699 -0.0739654 -0.857167 0.510977 -0.0645513 -0.857167 0.515038 -4.50261e-08 -0.857167 0.514824 -0.0148423 -0.857167 0.514022 -0.0323394 -0.857167 0.47887 -0.189598 -0.857167 0.48983 -0.159156 -0.857167 0.48937 -0.160567 -0.857167 0.497807 -0.132106 -0.857167 0.498857 -0.128085 -0.857167 0.504591 -0.103207 -0.857167 0.439723 -0.268157 -0.857167 0.451331 -0.248121 -0.857167 0.454441 -0.242378 -0.857167 0.479306 -0.188494 -0.857167 0.467651 -0.215794 -0.857167 0.46602 -0.219293 -0.857167 0.396844 -0.328298 -0.857167 0.387022 -0.339821 -0.857167 0.375447 -0.352568 -0.857167 0.434861 -0.275971 -0.857167 0.423543 -0.293045 -0.857167 0.416675 -0.302732 -0.857167 0.302732 -0.416674 -0.857167 0.328298 -0.396844 -0.857167 0.322776 -0.401347 -0.857167 0.345363 -0.382085 -0.857167 0.352568 -0.375447 -0.857167 0.366802 -0.361553 -0.857167 0.248902 -0.450902 -0.857167 0.219293 -0.46602 -0.857167 0.248121 -0.451331 -0.857167 0.299118 -0.419277 -0.857167 0.274465 -0.435813 -0.857167 0.275971 -0.434861 -0.857167 0.159156 -0.48983 -0.857167 0.139266 -0.495852 -0.857167 0.128085 -0.498857 -0.857167 0.195381 -0.47654 -0.857167 0.189598 -0.47887 -0.857167 0.0323395 -0.514022 -0.857167 0.0645514 -0.510977 -0.857167 0.0518673 -0.51242 -0.857167 0.0813027 -0.50858 -0.857167 0.0965083 -0.505915 -0.857167 0.110468 -0.503052 -0.857167 -0.0370789 -0.513702 -0.857167 -0.0645514 -0.510977 -0.857167 -0.0323395 -0.514022 -0.857167 0.0222597 -0.514557 -0.857167 -0.00742195 -0.514985 -0.857167 -6.14177e-09 -0.515038 -0.857167 -0.0965083 -0.505915 -0.857167 -0.0666127 -0.510712 -0.857167 -0.0959252 -0.506026 -0.857167 -0.128085 -0.498857 -0.857167 -0.153498 -0.491633 -0.857167 -0.124919 -0.499659 -0.857167 -0.159156 -0.48983 -0.857167 -0.181567 -0.481973 -0.857167 -0.209033 -0.470712 -0.857167 -0.189598 -0.47887 -0.857167 -0.235804 -0.457887 -0.857167 -0.219293 -0.46602 -0.857167 -0.248121 -0.451331 -0.857167 -0.261792 -0.443541 -0.857167 -0.286911 -0.427722 -0.857167 -0.275971 -0.434861 -0.857167 -0.311076 -0.410482 -0.857167 -0.302732 -0.416674 -0.857167 -0.328298 -0.396844 -0.857167 -0.334208 -0.391879 -0.857167 -0.35623 -0.371974 -0.857167 -0.352568 -0.375447 -0.857167 -0.377068 -0.350833 -0.857167 -0.375447 -0.352568 -0.857167 -0.396844 -0.328298 -0.857167 -0.396654 -0.328526 -0.857167 -0.414923 -0.305129 -0.857167 -0.416675 -0.302732 -0.857167 -0.434861 -0.275971 -0.857167 -0.431812 -0.280717 -0.857167 -0.447268 -0.255373 -0.857167 -0.451331 -0.248122 -0.857167 -0.461238 -0.229181 -0.857167 -0.46602 -0.219293 -0.857167 -0.47887 -0.189598 -0.857167 -0.473675 -0.202228 -0.857167 -0.484539 -0.174603 -0.857167 -0.48983 -0.159155 -0.857167 -0.493793 -0.146397 -0.857167 -0.498857 -0.128085 -0.857167 -0.505915 -0.0965085 -0.857167 -0.501408 -0.117706 -0.857167 -0.507356 -0.0886233 -0.857167 -0.510977 -0.0645513 -0.857167 -0.511619 -0.0592461 -0.857167 -0.514022 -0.0323394 -0.857167 -0.514183 -0.0296723 -0.857167 0.167602 -0.487005 -0.857167 0.222511 -0.464492 -0.857167 0.405957 -0.316959 -0.857167 0.505915 -0.0965085 -0.857167 0.47887 0.189598 -0.857167 0.299118 0.419277 -0.857167 0.0645514 0.510977 -0.857167 -0.219292 0.46602 -0.857167 -0.377068 0.350833 -0.857167 -0.414923 0.305129 -0.857167 -0.514183 0.0296724 -0.857167 0 0 1 0 0 1 0 0 1 0 0 1 0 0 1 0 0 1 0 0 1 0 0 1 0 0 1 0 0 1 0 0 1 0 0 1 0 0 1 0 0 1 0 0 1 0 0 1 0 0 1 0 0 1 0 0 1 0 0 1 0 0 1 0 0 1 0 0 1 0 0 1 0 0 1 0 0 1 0 0 1 0 0 1 0 0 1 0 0 1 0 0 1 0 0 1 0 0 1 0 0 1 0 0 1 0 0 1 0 0 1 0 0 1 0 0 1 0 0 1 0 0 1 0 0 1 0 0 1 0 0 1 0 0 1 0 0 1 0 0 1 0 0 1 0 0 1 0 0 1 0 0 1 0 0 1 0 0 1 0 0 1 0 0 1 0 0 1 0 0 1 0 0 1 0 0 1 0 0 1 0 0 1 0 0 1 0 0 1 0 0 1 0 0 1 0 0 1 0 0 1 0 0 1 0 0 1 0 0 1 0 0 1 0 0 1 0 0 1 0 0 1 0 0 1 0 0 1 0 0 1 0 0 1 0 0 1 0 0 1 0 0 1 0 0 1 0 0 1 0 0 1 0 0 1 0 0 1 0 0 1 0 0 1 0 0 1 0 0 1 0 0 1 0 0 1 0 0 1 0 0 1 0 0 1 0 0 1 0 0 1 0 0 1 0 0 1 0 0 1 0 0 1 0 0 1 0 0 1 0 0 1 0 0 1 0 0 1 0 0 1 0 0 1 0 0 1 0 0 1 0 0 1 0 0 1 0 0 1 0 0 1 0 0 1 0 0 1 0 0 1 0 0 1 0 0 1 0 0 1 0 0 1 0 0 1 0 0 1 0 0 1 0 0 1 0 0 1 0 0 1 0 0 1 0 0 1 0 0 1 0 0 1 0 0 1 0 0 1 0 0 1 0 0 1 0 0 1 0 0 1 0 0 1 0 0 1 0 0 1 0 0 1 0 0 1 0 0 1 0 0 1 0 0 1 0 0 1 0 0 1 0 0 1 0 0 1 0 0 1 0 0 1 0 0 1 0 0 1 0 0 1 0 0 1 0 0 1 0 0 1 0 0 1 0 0 1 0 0 1 0 0 1 0 0 1 0 0 1 0 0 1 0 0 1 0 0 1 0 0 1 0 0 1 0 0 1 0 0 1 0 0 1 0 0 1 0 0 1 0 0 1 0 0 1 0 0 1 0 0 1 0 0 1 0 0 1 0 0 1 0 0 1 0 0 1 0 0 1 0 0 1 0 0 1 0 0 1 0 0 1 0 0 1 0 0 1 0 0 1 0 0 1 0 0 1 0 0 1 0 0 1 0 0 1 0 0 1 0 0 1 0 0 1 0 0 1 0 0 1 0 0 1 0 0 1 0 0 1 0 0 1 0 0 1 0 0 1 0 0 1 0 0 1 0 0 1 0 0 1 0 0 1 0 0 1 0 0 1 0 0 1 0 0 1 0 0 1 0 0 1 0 0 1 0 0 1 0 0 1 0 0 1 0 0 1 0 0 1 0 0 1 0 0 1 0 0 1 0 0 1 0 0 1 0 0 1 0 0 1 0 0 1 0 0 1 0 0 1 0 0 1 0 0 1 0 0 1 0 0 1 0 0 1 0 0 1 0 0 1 0 0 1 0 0 1 0 0 1 0 0 1 0 0 1 0 0 1 0 0 1 0 0 1 0 0 1 0 0 1 0 0 1 0 0 1 0 0 1 0 0 1 0 0 1 0 0 1 0 0 1 0 0 1 0 0 1 0 0 1 0 0 1 0 0 1 0 0 1 0 0 1 0 0 1 0 0 1 0 0 1 0 0 1 0 0 1 0 0 1 0 0 1 0 0 1 0 0 1 0 0 1 0 0 1 0 0 1 0 0 1 0 0 1 0 0 1 0 0 1 0 0 1 0 0 1 0 0 1 0 0 1 0 0 1 0 0 1 0 0 1 0 0 1 0 0 1 0 0 1 0 0 1 0 0 1 0 0 1 0 0 1 0 0 1 0 0 1 0 0 1 0 0 1 0 0 1 0 0 1 0 0 1 0 0 1 0 0 1 0 0 1 0 0 1 0 0 1 0 0 1 0 0 1 0 0 1 0 0 1 0 0 1 0 0 1 0 0 1 0 0 1 0 0 1 0 0 1 0 0 1 0 0 1 0 0 1 0 0 1 0 0 1 0 0 1 0 0 1 0 0 1 0 0 1 0 0 1 0 0 1 0 0 1 0 0 1 0 0 1 0 0 1 0 0 1 0 0 1 0 0 1 0 0 1 0 0 1 0 0 1 0 0 1 0 0 1 0 0 1 0 0 1 0 0 1 0 0 1 0 0 1 0 0 1 0 0 1 0 0 1 0 0 1 0 0 1 0 0 1 0 0 1 0 0 1 0 0 1 0 0 1 0 0 1 0 0 1 0 0 1 0 0 1 0 0 1 0 0 1 0 0 1 0 0 1 0 0 1 0 0 1 0 0 1 0 0 1 0 0 1 0 0 1 0 0 1 0 0 1 0 0 1 0 0 1 0 0 1 0 0 1 0 0 1 0 0 1 0 0 1 0 0 1 0 0 1 0 0 1 0 0 1 0 0 1 0 0 1 0 0 1 0 0 1 0 0 1 0 0 1 0 0 1 0 0 1 0 0 1 0 0 1 0 0 1 0 0 1 0 0 1 0 0 1 0 0 1 0 0 1 0 0 1 0 0 1 0 0 1 0 0 1 0 0 1 0 0 1 0 0 1 0 0 1 0 0 1 0 0 1 0 0 1 0 0 1 0 0 1 0 0 1 0 0 1 0 0 1 0 0 1 0 0 1 0 0 1 0 0 1 0 0 1 0 0 1 0 0 1 0 0 1 0 0 1 0 0 1 0 0 1 0 0 1 0 0 1 0 0 1 0 0 1 0 0 1 0 0 1 0 0 1 0 0 1 0 0 1 0 0 1 0 0 1 0 0 1 0 0 1 0 0 1 0 0 1 0 0 1 0 0 1 0 0 1 0 0 1 0 0 1 0 0 1 0 0 1 0 0 1 0 0 1 0 0 1 0 0 1 0 0 1 0 0 1 0 0 1 0 0 1 0 0 1 0 0 1 0 0 1 0 0 1 0 0 1 0 0 1 0 0 1 0 0 1 0 0 1 0 0 1 0 0 1 0 0 1 0 0 1 0 0 1 0 0 1 0 0 1 0 0 1 0 0 1 0 0 1 0 0 1 0 0 1 0 0 1 0 0 1 0 0 1 0 0 1 0 0 1 0 0 1 0 0 1 0 0 1 0 0 1 0 0 1 0 0 1 0 0 1 0 0 1 0 0 1 0 0 1 0 0 1 0 0 1 0 0 1 0 0 1 0 0 1 0 0 1</float_array>
          <technique_common>
            <accessor count="5648" source="#ID8" stride="3">
              <param name="X" type="float"/>
              <param name="Y" type="float"/>
              <param name="Z" type="float"/>
            </accessor>
          </technique_common>
        </source>
        <vertices id="ID9">
          <input semantic="POSITION" source="#ID5"/>
          <input semantic="NORMAL" source="#ID7"/>
        </vertices>
        <triangles count="7107" material="ID10">
          <input offset="0" semantic="VERTEX" source="#ID9"/>
          <p>0 1 2 2 3 0 4 1 5 1 4 2 6 7 5 4 5 7 6 8 9 9 7 6 8 10 9 0 3 11 12 11 13 3 13 11 14 15 12 12 13 14 15 16 17 16 15 14 18 19 20 20 21 18 22 19 23 19 22 20 24 25 23 22 23 25 24 26 27 27 25 24 26 28 27 18 21 29 30 29 31 21 31 29 32 33 30 30 31 32 33 34 35 34 33 32 36 37 38 36 39 40 40 37 36 41 39 42 39 41 40 43 44 42 41 42 44 45 44 43 46 38 37 47 48 46 38 46 48 47 49 50 50 48 47 51 49 52 49 51 50 51 52 53 54 55 56 56 57 54 58 55 59 55 58 56 60 61 59 58 59 61 60 62 63 63 61 60 62 64 63 54 57 65 66 65 67 57 67 65 68 69 66 66 67 68 69 70 71 70 69 68 72 73 74 72 75 76 76 73 72 77 75 78 75 77 76 79 80 78 77 78 80 81 80 79 82 74 73 83 84 82 74 82 84 83 85 86 86 84 83 87 85 88 85 87 86 87 88 89 90 91 92 92 93 90 94 91 95 91 94 92 96 97 95 94 95 97 96 98 99 99 97 96 98 100 99 90 93 101 102 101 103 93 103 101 104 105 102 102 103 104 105 106 107 106 105 104 108 109 110 108 111 112 112 109 108 113 111 114 111 113 112 115 116 114 113 114 116 117 116 115 118 110 109 119 120 118 110 118 120 119 121 122 122 120 119 123 121 124 121 123 122 123 124 125 126 127 128 126 129 130 130 127 126 131 129 132 129 131 130 133 134 132 131 132 134 135 134 133 136 128 127 137 138 136 128 136 138 137 139 140 140 138 137 141 139 142 139 141 140 141 142 143 144 145 146 147 148 149 150 151 152 153 154 155 156 157 158 159 160 150 161 162 163 158 157 164 165 164 166 144 146 167 168 169 170 171 172 169 145 173 146 171 174 175 169 167 146 176 175 174 172 171 175 176 177 178 179 180 181 181 145 179 174 171 149 181 180 182 183 184 185 181 182 186 168 187 188 180 189 182 151 188 185 150 190 147 191 192 193 184 151 185 194 195 196 197 191 193 194 198 199 199 198 192 200 201 186 179 145 144 186 201 181 202 200 203 173 145 201 146 173 170 148 177 174 167 169 172 169 146 170 178 177 204 149 171 168 176 174 177 174 149 148 204 177 205 145 181 201 206 207 203 202 203 207 208 209 210 211 173 202 170 211 187 190 205 148 169 168 171 168 170 187 204 205 212 147 149 188 177 148 205 148 147 190 212 205 213 173 201 202 200 202 201 210 206 208 173 211 170 214 211 207 214 185 187 160 213 190 168 188 149 188 187 185 212 213 215 150 147 151 205 190 213 190 150 160 215 213 216 211 202 207 208 217 209 218 219 220 211 214 187 210 183 214 221 222 159 222 216 160 188 151 147 151 184 152 215 216 223 159 150 152 213 160 216 160 159 222 223 216 224 214 207 210 206 210 207 184 225 152 214 183 185 226 183 209 152 227 159 225 184 226 162 224 222 227 152 225 223 224 228 221 159 227 216 222 224 222 221 162 228 224 161 210 209 183 191 197 217 225 218 227 183 226 184 197 229 226 227 220 221 229 218 225 230 162 221 227 218 220 228 161 153 221 220 230 224 162 161 162 230 163 153 161 154 226 209 197 217 197 209 231 230 220 226 229 225 193 232 229 233 163 230 232 219 218 234 154 163 219 231 220 235 156 234 233 230 231 161 163 154 163 233 234 155 154 156 229 197 193 198 196 232 196 236 219 229 232 218 196 219 232 236 237 231 236 231 219 237 238 233 237 233 231 238 235 234 238 234 233 157 156 235 155 156 158 154 234 156 193 192 198 232 193 198 236 195 239 194 196 198 237 239 240 195 236 196 238 240 241 239 237 236 235 241 242 240 238 237 157 242 166 241 235 238 166 164 157 242 157 235 243 244 245 246 247 248 249 250 251 252 253 254 255 256 257 258 259 249 260 261 262 257 256 263 264 263 265 243 245 266 267 268 269 270 271 268 244 272 245 270 273 274 268 266 245 275 274 273 271 270 274 275 276 277 278 279 280 280 244 278 273 270 248 280 279 281 282 283 284 280 281 285 267 286 287 279 288 281 250 287 284 249 289 246 290 291 292 283 250 284 293 294 295 296 290 292 293 297 298 298 297 291 299 300 285 278 244 243 285 300 280 301 299 302 272 244 300 245 272 269 247 276 273 266 268 271 268 245 269 277 276 303 248 270 267 275 273 276 273 248 247 303 276 304 244 280 300 305 306 302 301 302 306 307 308 309 310 272 301 269 310 286 289 304 247 268 267 270 267 269 286 303 304 311 246 248 287 276 247 304 247 246 289 311 304 312 272 300 301 299 301 300 309 305 307 272 310 269 313 310 306 313 284 286 259 312 289 267 287 248 287 286 284 311 312 314 249 246 250 304 289 312 289 249 259 314 312 315 310 301 306 307 316 308 317 318 319 310 313 286 309 282 313 320 321 258 321 315 259 287 250 246 250 283 251 314 315 322 258 249 251 312 259 315 259 258 321 322 315 323 313 306 309 305 309 306 283 324 251 313 282 284 325 282 308 251 326 258 324 283 325 261 323 321 326 251 324 322 323 327 320 258 326 315 321 323 321 320 261 327 323 260 309 308 282 290 296 316 324 317 326 282 325 283 296 328 325 326 319 320 328 317 324 329 261 320 326 317 319 327 260 252 320 319 329 323 261 260 261 329 262 252 260 253 325 308 296 316 296 308 330 329 319 325 328 324 292 331 328 332 262 329 331 318 317 333 253 262 318 330 319 334 255 333 332 329 330 260 262 253 262 332 333 254 253 255 328 296 292 297 295 331 295 335 318 328 331 317 295 318 331 335 336 330 335 330 318 336 337 332 336 332 330 337 334 333 337 333 332 256 255 334 254 255 257 253 333 255 292 291 297 331 292 297 335 294 338 293 295 297 336 338 339 294 335 295 337 339 340 338 336 335 334 340 341 339 337 336 256 341 265 340 334 337 265 263 256 341 256 334 342 343 344 345 346 347 348 349 350 351 352 353 354 355 356 357 358 348 359 360 361 356 355 362 363 362 364 342 344 365 366 367 368 369 370 367 343 371 344 369 372 373 367 365 344 374 373 372 370 369 373 374 375 376 377 378 379 379 343 377 372 369 347 379 378 380 381 382 383 379 380 384 366 385 386 378 387 380 349 386 383 348 388 345 389 390 391 382 349 383 392 393 394 395 389 391 392 396 397 397 396 390 398 399 384 377 343 342 384 399 379 400 398 401 371 343 399 344 371 368 346 375 372 365 367 370 367 344 368 376 375 402 347 369 366 374 372 375 372 347 346 402 375 403 343 379 399 404 405 401 400 401 405 406 407 408 409 371 400 368 409 385 388 403 346 367 366 369 366 368 385 402 403 410 345 347 386 375 346 403 346 345 388 410 403 411 371 399 400 398 400 399 408 404 406 371 409 368 412 409 405 412 383 385 358 411 388 366 386 347 386 385 383 410 411 413 348 345 349 403 388 411 388 348 358 413 411 414 409 400 405 406 415 407 416 417 418 409 412 385 408 381 412 419 420 357 420 414 358 386 349 345 349 382 350 413 414 421 357 348 350 411 358 414 358 357 420 421 414 422 412 405 408 404 408 405 382 423 350 412 381 383 424 381 407 350 425 357 423 382 424 360 422 420 425 350 423 421 422 426 419 357 425 414 420 422 420 419 360 426 422 359 408 407 381 389 395 415 423 416 425 381 424 382 395 427 424 425 418 419 427 416 423 428 360 419 425 416 418 426 359 351 419 418 428 422 360 359 360 428 361 351 359 352 424 407 395 415 395 407 429 428 418 424 427 423 391 430 427 431 361 428 430 417 416 432 352 361 417 429 418 433 354 432 431 428 429 359 361 352 361 431 432 353 352 354 427 395 391 396 394 430 394 434 417 427 430 416 394 417 430 434 435 429 434 429 417 435 436 431 435 431 429 436 433 432 436 432 431 355 354 433 353 354 356 352 432 354 391 390 396 430 391 396 434 393 437 392 394 396 435 437 438 393 434 394 436 438 439 437 435 434 433 439 440 438 436 435 355 440 364 439 433 436 364 362 355 440 355 433 441 442 443 442 444 445 444 442 441 446 445 447 444 447 445 448 449 446 446 447 448 441 443 450 451 452 450 450 443 451 452 453 454 453 452 451 454 455 456 453 455 454 454 456 457 458 459 460 461 462 463 463 464 465 466 463 467 468 469 470 471 472 462 466 464 463 473 474 475 465 464 476 477 478 479 480 481 482 475 483 473 484 485 477 486 487 488 479 489 477 490 491 492 477 493 484 494 470 495 496 497 498 499 469 500 469 499 495 501 502 503 491 504 505 486 488 501 506 496 498 507 508 487 478 477 485 479 478 483 509 510 484 483 475 479 482 474 473 481 474 482 511 480 459 458 512 511 460 472 513 514 472 471 515 458 513 513 514 516 514 513 472 515 517 518 515 516 517 519 520 517 465 461 463 521 466 467 522 521 467 461 471 462 523 467 462 524 512 518 472 460 523 458 460 513 518 517 520 516 515 513 518 512 515 525 518 520 463 462 467 526 521 522 527 526 522 462 472 523 523 528 522 529 530 524 460 459 528 511 459 458 524 518 525 515 512 458 524 530 512 531 524 525 467 523 522 532 526 527 533 532 527 523 460 528 528 534 527 535 536 529 459 480 534 481 480 511 529 524 531 512 530 511 529 536 530 537 529 531 522 528 527 538 532 533 539 538 533 528 459 534 534 540 533 511 530 481 482 540 480 535 541 542 535 529 537 530 536 481 535 542 536 543 535 537 527 534 533 544 538 539 545 544 539 534 480 540 540 546 539 481 536 474 473 546 482 541 547 548 541 535 543 536 542 474 541 548 542 549 541 543 533 540 539 550 544 545 551 550 545 540 482 546 546 552 545 474 542 475 483 552 473 553 554 547 547 541 549 542 548 475 547 489 548 553 547 549 539 546 545 555 550 551 505 555 551 546 473 552 552 556 551 475 548 479 478 556 483 557 558 554 547 554 489 548 489 479 554 493 489 553 557 554 545 552 551 504 555 505 559 560 492 552 483 556 556 561 505 510 562 484 478 485 561 563 564 558 554 558 493 489 493 477 558 509 493 557 563 558 551 556 505 490 504 491 485 484 562 556 478 561 565 491 561 497 510 498 562 565 485 566 567 564 558 564 509 493 509 484 564 568 509 563 566 564 505 561 491 560 490 492 562 510 497 561 485 565 492 565 569 510 568 498 497 569 562 570 502 567 564 567 568 509 568 510 567 571 568 566 570 567 491 565 492 572 560 559 506 498 571 565 562 569 559 569 494 573 501 488 494 497 496 574 575 506 567 502 571 568 571 498 502 574 571 570 503 502 492 569 559 572 495 499 470 496 576 569 497 494 470 494 496 576 506 575 576 496 506 575 574 573 502 501 574 571 574 506 574 501 573 503 486 501 572 559 495 494 495 559 576 577 468 469 495 470 575 578 577 468 470 576 573 579 578 577 576 575 488 508 579 578 575 573 508 488 487 579 573 488 580 581 582 581 580 583 584 582 585 581 585 582 586 587 584 584 585 586 588 589 587 588 587 586 589 590 587 583 580 591 592 593 591 583 591 593 592 594 595 595 593 592 594 596 595 597 598 599 600 601 602 603 604 605 606 607 608 609 610 607 599 598 609 600 598 597 611 612 610 602 601 605 607 599 609 613 614 615 606 615 614 616 613 617 613 616 614 618 619 620 621 616 617 622 623 624 625 624 623 617 626 621 627 618 628 629 625 630 626 631 632 632 621 626 631 633 619 608 607 612 610 612 607 614 616 634 608 615 606 599 606 635 616 621 636 635 614 634 637 621 632 616 636 634 633 638 619 621 637 636 631 619 632 632 618 637 638 620 619 606 599 607 639 634 636 640 636 637 606 614 635 597 635 641 627 637 618 641 634 639 628 618 620 639 636 640 642 623 622 640 637 627 632 619 618 638 642 620 642 622 620 635 597 599 601 641 603 603 639 643 635 634 641 603 641 639 643 640 644 643 639 640 644 627 645 644 640 627 645 628 646 645 627 628 624 646 622 622 646 628 620 622 628 597 601 600 641 601 597 643 647 604 605 601 603 644 648 647 604 603 643 645 649 648 647 643 644 646 650 649 648 644 645 624 629 650 649 645 646 629 624 625 650 646 624 651 652 653 653 654 651 655 652 656 652 655 653 657 658 656 655 656 658 657 659 660 660 658 657 659 661 660 651 654 662 663 662 664 654 664 662 665 666 663 663 664 665 666 667 668 667 666 665 669 670 671 672 673 674 675 676 677 678 679 680 681 682 679 671 670 681 672 670 669 683 684 682 674 673 677 679 671 681 685 686 687 678 687 686 688 685 689 685 688 686 690 691 692 693 688 689 694 695 696 697 696 695 689 698 693 699 690 700 701 697 702 698 703 704 704 693 698 703 705 691 680 679 684 682 684 679 686 688 706 680 687 678 671 678 707 688 693 708 707 686 706 709 693 704 688 708 706 705 710 691 693 709 708 703 691 704 704 690 709 710 692 691 678 671 679 711 706 708 712 708 709 678 686 707 669 707 713 699 709 690 713 706 711 700 690 692 711 708 712 714 695 694 712 709 699 704 691 690 710 714 692 714 694 692 707 669 671 673 713 675 675 711 715 707 706 713 675 713 711 715 712 716 715 711 712 716 699 717 716 712 699 717 700 718 717 699 700 696 718 694 694 718 700 692 694 700 669 673 672 713 673 669 715 719 676 677 673 675 716 720 719 676 675 715 717 721 720 719 715 716 718 722 721 720 716 717 696 701 722 721 717 718 701 696 697 722 718 696 723 724 725 724 726 727 726 724 723 728 727 729 726 729 727 730 731 728 728 729 730 723 725 732 733 734 732 732 725 733 734 735 736 735 734 733 736 737 738 735 737 736 736 738 739 740 741 742 743 744 745 745 746 747 748 745 749 750 751 752 753 754 744 748 746 745 755 756 757 747 746 758 759 760 761 762 763 764 757 765 755 766 767 759 768 769 770 761 771 759 772 773 774 759 775 766 776 752 777 778 779 780 781 751 782 751 781 777 783 784 785 773 786 787 768 770 783 788 778 780 789 790 769 760 759 767 761 760 765 791 792 766 765 757 761 764 756 755 763 756 764 793 762 741 740 794 793 742 754 795 796 754 753 797 740 795 795 796 798 796 795 754 797 799 800 797 798 799 801 802 799 747 743 745 803 748 749 804 803 749 743 753 744 805 749 744 806 794 800 754 742 805 740 742 795 800 799 802 798 797 795 800 794 797 807 800 802 745 744 749 808 803 804 809 808 804 744 754 805 805 810 804 811 812 806 742 741 810 793 741 740 806 800 807 797 794 740 806 812 794 813 806 807 749 805 804 814 808 809 815 814 809 805 742 810 810 816 809 817 818 811 741 762 816 763 762 793 811 806 813 794 812 793 811 818 812 819 811 813 804 810 809 820 814 815 821 820 815 810 741 816 816 822 815 793 812 763 764 822 762 817 823 824 817 811 819 812 818 763 817 824 818 825 817 819 809 816 815 826 820 821 827 826 821 816 762 822 822 828 821 763 818 756 755 828 764 823 829 830 823 817 825 818 824 756 823 830 824 831 823 825 815 822 821 832 826 827 833 832 827 822 764 828 828 834 827 756 824 757 765 834 755 835 836 829 829 823 831 824 830 757 829 771 830 835 829 831 821 828 827 837 832 833 787 837 833 828 755 834 834 838 833 757 830 761 760 838 765 839 840 836 829 836 771 830 771 761 836 775 771 835 839 836 827 834 833 786 837 787 841 842 774 834 765 838 838 843 787 792 844 766 760 767 843 845 846 840 836 840 775 771 775 759 840 791 775 839 845 840 833 838 787 772 786 773 767 766 844 838 760 843 847 773 843 779 792 780 844 847 767 848 849 846 840 846 791 775 791 766 846 850 791 845 848 846 787 843 773 842 772 774 844 792 779 843 767 847 774 847 851 792 850 780 779 851 844 852 784 849 846 849 850 791 850 792 849 853 850 848 852 849 773 847 774 854 842 841 788 780 853 847 844 851 841 851 776 855 783 770 776 779 778 856 857 788 849 784 853 850 853 780 784 856 853 852 785 784 774 851 841 854 777 781 752 778 858 851 779 776 752 776 778 858 788 857 858 778 788 857 856 855 784 783 856 853 856 788 856 783 855 785 768 783 854 841 777 776 777 841 858 859 750 751 777 752 857 860 859 750 752 858 855 861 860 859 858 857 770 790 861 860 857 855 790 770 769 861 855 770 862 863 864 863 865 866 865 863 862 867 866 868 865 868 866 869 867 870 867 868 870 871 867 869 864 872 862 873 874 872 872 864 873 874 875 876 875 874 873 875 877 876 876 877 878 879 880 881 882 883 884 885 886 887 888 889 890 891 892 893 894 895 885 896 897 898 893 892 899 900 899 901 879 881 902 903 904 905 906 907 904 880 908 881 906 909 910 904 902 881 911 910 909 907 906 910 911 912 913 914 915 916 916 880 914 909 906 884 916 915 917 918 919 920 916 917 921 903 922 923 915 924 917 886 923 920 885 925 882 926 927 928 919 886 920 929 930 931 932 926 928 929 933 934 934 933 927 935 936 921 914 880 879 921 936 916 937 935 938 908 880 936 881 908 905 883 912 909 902 904 907 904 881 905 913 912 939 884 906 903 911 909 912 909 884 883 939 912 940 880 916 936 941 942 938 937 938 942 943 944 945 946 908 937 905 946 922 925 940 883 904 903 906 903 905 922 939 940 947 882 884 923 912 883 940 883 882 925 947 940 948 908 936 937 935 937 936 945 941 943 908 946 905 949 946 942 949 920 922 895 948 925 903 923 884 923 922 920 947 948 950 885 882 886 940 925 948 925 885 895 950 948 951 946 937 942 943 952 944 953 954 955 946 949 922 945 918 949 956 957 894 957 951 895 923 886 882 886 919 887 950 951 958 894 885 887 948 895 951 895 894 957 958 951 959 949 942 945 941 945 942 919 960 887 949 918 920 961 918 944 887 962 894 960 919 961 897 959 957 962 887 960 958 959 963 956 894 962 951 957 959 957 956 897 963 959 896 945 944 918 926 932 952 960 953 962 918 961 919 932 964 961 962 955 956 964 953 960 965 897 956 962 953 955 963 896 888 956 955 965 959 897 896 897 965 898 888 896 889 961 944 932 952 932 944 966 965 955 961 964 960 928 967 964 968 898 965 967 954 953 969 889 898 954 966 955 970 891 969 968 965 966 896 898 889 898 968 969 890 889 891 964 932 928 933 931 967 931 971 954 964 967 953 931 954 967 971 972 966 971 966 954 972 973 968 972 968 966 973 970 969 973 969 968 892 891 970 890 891 893 889 969 891 928 927 933 967 928 933 971 930 974 929 931 933 972 974 975 930 971 931 973 975 976 974 972 971 970 976 977 975 973 972 892 977 901 976 970 973 901 899 892 977 892 970 978 979 980 981 982 983 984 985 986 987 988 989 990 991 992 993 994 984 995 996 997 992 991 998 999 998 1000 978 980 1001 1002 1003 1004 1005 1006 1003 979 1007 980 1005 1008 1009 1003 1001 980 1010 1009 1008 1006 1005 1009 1010 1011 1012 1013 1014 1015 1015 979 1013 1008 1005 983 1015 1014 1016 1017 1018 1019 1015 1016 1020 1002 1021 1022 1014 1023 1016 985 1022 1019 984 1024 981 1025 1026 1027 1018 985 1019 1028 1029 1030 1031 1025 1027 1028 1032 1033 1033 1032 1026 1034 1035 1020 1013 979 978 1020 1035 1015 1036 1034 1037 1007 979 1035 980 1007 1004 982 1011 1008 1001 1003 1006 1003 980 1004 1012 1011 1038 983 1005 1002 1010 1008 1011 1008 983 982 1038 1011 1039 979 1015 1035 1040 1041 1037 1036 1037 1041 1042 1043 1044 1045 1007 1036 1004 1045 1021 1024 1039 982 1003 1002 1005 1002 1004 1021 1038 1039 1046 981 983 1022 1011 982 1039 982 981 1024 1046 1039 1047 1007 1035 1036 1034 1036 1035 1044 1040 1042 1007 1045 1004 1048 1045 1041 1048 1019 1021 994 1047 1024 1002 1022 983 1022 1021 1019 1046 1047 1049 984 981 985 1039 1024 1047 1024 984 994 1049 1047 1050 1045 1036 1041 1042 1051 1043 1052 1053 1054 1045 1048 1021 1044 1017 1048 1055 1056 993 1056 1050 994 1022 985 981 985 1018 986 1049 1050 1057 993 984 986 1047 994 1050 994 993 1056 1057 1050 1058 1048 1041 1044 1040 1044 1041 1018 1059 986 1048 1017 1019 1060 1017 1043 986 1061 993 1059 1018 1060 996 1058 1056 1061 986 1059 1057 1058 1062 1055 993 1061 1050 1056 1058 1056 1055 996 1062 1058 995 1044 1043 1017 1025 1031 1051 1059 1052 1061 1017 1060 1018 1031 1063 1060 1061 1054 1055 1063 1052 1059 1064 996 1055 1061 1052 1054 1062 995 987 1055 1054 1064 1058 996 995 996 1064 997 987 995 988 1060 1043 1031 1051 1031 1043 1065 1064 1054 1060 1063 1059 1027 1066 1063 1067 997 1064 1066 1053 1052 1068 988 997 1053 1065 1054 1069 990 1068 1067 1064 1065 995 997 988 997 1067 1068 989 988 990 1063 1031 1027 1032 1030 1066 1030 1070 1053 1063 1066 1052 1030 1053 1066 1070 1071 1065 1070 1065 1053 1071 1072 1067 1071 1067 1065 1072 1069 1068 1072 1068 1067 991 990 1069 989 990 992 988 1068 990 1027 1026 1032 1066 1027 1032 1070 1029 1073 1028 1030 1032 1071 1073 1074 1029 1070 1030 1072 1074 1075 1073 1071 1070 1069 1075 1076 1074 1072 1071 991 1076 1000 1075 1069 1072 1000 998 991 1076 991 1069 1077 1078 1079 1079 1080 1077 1081 1078 1082 1078 1081 1079 1083 1084 1082 1081 1082 1084 1083 1085 1086 1086 1084 1083 1085 1087 1086 1077 1080 1088 1089 1088 1090 1080 1090 1088 1091 1092 1089 1089 1090 1091 1092 1093 1094 1093 1092 1091 1095 1096 1097 1098 1099 1100 1101 1102 1103 1104 1105 1106 1107 1108 1109 1110 1111 1101 1112 1113 1114 1109 1108 1115 1116 1115 1117 1095 1097 1118 1119 1120 1121 1122 1123 1120 1096 1124 1097 1122 1125 1126 1120 1118 1097 1127 1126 1125 1123 1122 1126 1127 1128 1129 1130 1131 1132 1132 1096 1130 1125 1122 1100 1132 1131 1133 1134 1135 1136 1132 1133 1137 1119 1138 1139 1131 1140 1133 1102 1139 1136 1101 1141 1098 1142 1143 1144 1135 1102 1136 1145 1146 1147 1148 1142 1144 1145 1149 1150 1150 1149 1143 1151 1152 1137 1130 1096 1095 1137 1152 1132 1153 1151 1154 1124 1096 1152 1097 1124 1121 1099 1128 1125 1118 1120 1123 1120 1097 1121 1129 1128 1155 1100 1122 1119 1127 1125 1128 1125 1100 1099 1155 1128 1156 1096 1132 1152 1157 1158 1154 1153 1154 1158 1159 1160 1161 1162 1124 1153 1121 1162 1138 1141 1156 1099 1120 1119 1122 1119 1121 1138 1155 1156 1163 1098 1100 1139 1128 1099 1156 1099 1098 1141 1163 1156 1164 1124 1152 1153 1151 1153 1152 1161 1157 1159 1124 1162 1121 1165 1162 1158 1165 1136 1138 1111 1164 1141 1119 1139 1100 1139 1138 1136 1163 1164 1166 1101 1098 1102 1156 1141 1164 1141 1101 1111 1166 1164 1167 1162 1153 1158 1159 1168 1160 1169 1170 1171 1162 1165 1138 1161 1134 1165 1172 1173 1110 1173 1167 1111 1139 1102 1098 1102 1135 1103 1166 1167 1174 1110 1101 1103 1164 1111 1167 1111 1110 1173 1174 1167 1175 1165 1158 1161 1157 1161 1158 1135 1176 1103 1165 1134 1136 1177 1134 1160 1103 1178 1110 1176 1135 1177 1113 1175 1173 1178 1103 1176 1174 1175 1179 1172 1110 1178 1167 1173 1175 1173 1172 1113 1179 1175 1112 1161 1160 1134 1142 1148 1168 1176 1169 1178 1134 1177 1135 1148 1180 1177 1178 1171 1172 1180 1169 1176 1181 1113 1172 1178 1169 1171 1179 1112 1104 1172 1171 1181 1175 1113 1112 1113 1181 1114 1104 1112 1105 1177 1160 1148 1168 1148 1160 1182 1181 1171 1177 1180 1176 1144 1183 1180 1184 1114 1181 1183 1170 1169 1185 1105 1114 1170 1182 1171 1186 1107 1185 1184 1181 1182 1112 1114 1105 1114 1184 1185 1106 1105 1107 1180 1148 1144 1149 1147 1183 1147 1187 1170 1180 1183 1169 1147 1170 1183 1187 1188 1182 1187 1182 1170 1188 1189 1184 1188 1184 1182 1189 1186 1185 1189 1185 1184 1108 1107 1186 1106 1107 1109 1105 1185 1107 1144 1143 1149 1183 1144 1149 1187 1146 1190 1145 1147 1149 1188 1190 1191 1146 1187 1147 1189 1191 1192 1190 1188 1187 1186 1192 1193 1191 1189 1188 1108 1193 1117 1192 1186 1189 1117 1115 1108 1193 1108 1186 1194 1195 1196 1197 1198 1199 1200 1201 1202 1203 1204 1205 1206 1207 1208 1209 1210 1200 1211 1212 1213 1208 1207 1214 1215 1214 1216 1194 1196 1217 1218 1219 1220 1221 1222 1219 1195 1223 1196 1221 1224 1225 1219 1217 1196 1226 1225 1224 1222 1221 1225 1226 1227 1228 1229 1230 1231 1231 1195 1229 1224 1221 1199 1231 1230 1232 1233 1234 1235 1231 1232 1236 1218 1237 1238 1230 1239 1232 1201 1238 1235 1200 1240 1197 1241 1242 1243 1234 1201 1235 1244 1245 1246 1247 1241 1243 1244 1248 1249 1249 1248 1242 1250 1251 1236 1229 1195 1194 1236 1251 1231 1252 1250 1253 1223 1195 1251 1196 1223 1220 1198 1227 1224 1217 1219 1222 1219 1196 1220 1228 1227 1254 1199 1221 1218 1226 1224 1227 1224 1199 1198 1254 1227 1255 1195 1231 1251 1256 1257 1253 1252 1253 1257 1258 1259 1260 1261 1223 1252 1220 1261 1237 1240 1255 1198 1219 1218 1221 1218 1220 1237 1254 1255 1262 1197 1199 1238 1227 1198 1255 1198 1197 1240 1262 1255 1263 1223 1251 1252 1250 1252 1251 1260 1256 1258 1223 1261 1220 1264 1261 1257 1264 1235 1237 1210 1263 1240 1218 1238 1199 1238 1237 1235 1262 1263 1265 1200 1197 1201 1255 1240 1263 1240 1200 1210 1265 1263 1266 1261 1252 1257 1258 1267 1259 1268 1269 1270 1261 1264 1237 1260 1233 1264 1271 1272 1209 1272 1266 1210 1238 1201 1197 1201 1234 1202 1265 1266 1273 1209 1200 1202 1263 1210 1266 1210 1209 1272 1273 1266 1274 1264 1257 1260 1256 1260 1257 1234 1275 1202 1264 1233 1235 1276 1233 1259 1202 1277 1209 1275 1234 1276 1212 1274 1272 1277 1202 1275 1273 1274 1278 1271 1209 1277 1266 1272 1274 1272 1271 1212 1278 1274 1211 1260 1259 1233 1241 1247 1267 1275 1268 1277 1233 1276 1234 1247 1279 1276 1277 1270 1271 1279 1268 1275 1280 1212 1271 1277 1268 1270 1278 1211 1203 1271 1270 1280 1274 1212 1211 1212 1280 1213 1203 1211 1204 1276 1259 1247 1267 1247 1259 1281 1280 1270 1276 1279 1275 1243 1282 1279 1283 1213 1280 1282 1269 1268 1284 1204 1213 1269 1281 1270 1285 1206 1284 1283 1280 1281 1211 1213 1204 1213 1283 1284 1205 1204 1206 1279 1247 1243 1248 1246 1282 1246 1286 1269 1279 1282 1268 1246 1269 1282 1286 1287 1281 1286 1281 1269 1287 1288 1283 1287 1283 1281 1288 1285 1284 1288 1284 1283 1207 1206 1285 1205 1206 1208 1204 1284 1206 1243 1242 1248 1282 1243 1248 1286 1245 1289 1244 1246 1248 1287 1289 1290 1245 1286 1246 1288 1290 1291 1289 1287 1286 1285 1291 1292 1290 1288 1287 1207 1292 1216 1291 1285 1288 1216 1214 1207 1292 1207 1285 1293 1294 1295 1296 1297 1298 1299 1300 1301 1302 1303 1304 1305 1306 1307 1308 1309 1299 1310 1311 1312 1307 1306 1313 1314 1313 1315 1293 1295 1316 1317 1318 1319 1320 1321 1318 1294 1322 1295 1320 1323 1324 1318 1316 1295 1325 1324 1323 1321 1320 1324 1325 1326 1327 1328 1329 1330 1330 1294 1328 1323 1320 1298 1330 1329 1331 1332 1333 1334 1330 1331 1335 1317 1336 1337 1329 1338 1331 1300 1337 1334 1299 1339 1296 1340 1341 1342 1333 1300 1334 1343 1344 1345 1346 1340 1342 1343 1347 1348 1348 1347 1341 1349 1350 1335 1328 1294 1293 1335 1350 1330 1351 1349 1352 1322 1294 1350 1295 1322 1319 1297 1326 1323 1316 1318 1321 1318 1295 1319 1327 1326 1353 1298 1320 1317 1325 1323 1326 1323 1298 1297 1353 1326 1354 1294 1330 1350 1355 1356 1352 1351 1352 1356 1357 1358 1359 1360 1322 1351 1319 1360 1336 1339 1354 1297 1318 1317 1320 1317 1319 1336 1353 1354 1361 1296 1298 1337 1326 1297 1354 1297 1296 1339 1361 1354 1362 1322 1350 1351 1349 1351 1350 1359 1355 1357 1322 1360 1319 1363 1360 1356 1363 1334 1336 1309 1362 1339 1317 1337 1298 1337 1336 1334 1361 1362 1364 1299 1296 1300 1354 1339 1362 1339 1299 1309 1364 1362 1365 1360 1351 1356 1357 1366 1358 1367 1368 1369 1360 1363 1336 1359 1332 1363 1370 1371 1308 1371 1365 1309 1337 1300 1296 1300 1333 1301 1364 1365 1372 1308 1299 1301 1362 1309 1365 1309 1308 1371 1372 1365 1373 1363 1356 1359 1355 1359 1356 1333 1374 1301 1363 1332 1334 1375 1332 1358 1301 1376 1308 1374 1333 1375 1311 1373 1371 1376 1301 1374 1372 1373 1377 1370 1308 1376 1365 1371 1373 1371 1370 1311 1377 1373 1310 1359 1358 1332 1340 1346 1366 1374 1367 1376 1332 1375 1333 1346 1378 1375 1376 1369 1370 1378 1367 1374 1379 1311 1370 1376 1367 1369 1377 1310 1302 1370 1369 1379 1373 1311 1310 1311 1379 1312 1302 1310 1303 1375 1358 1346 1366 1346 1358 1380 1379 1369 1375 1378 1374 1342 1381 1378 1382 1312 1379 1381 1368 1367 1383 1303 1312 1368 1380 1369 1384 1305 1383 1382 1379 1380 1310 1312 1303 1312 1382 1383 1304 1303 1305 1378 1346 1342 1347 1345 1381 1345 1385 1368 1378 1381 1367 1345 1368 1381 1385 1386 1380 1385 1380 1368 1386 1387 1382 1386 1382 1380 1387 1384 1383 1387 1383 1382 1306 1305 1384 1304 1305 1307 1303 1383 1305 1342 1341 1347 1381 1342 1347 1385 1344 1388 1343 1345 1347 1386 1388 1389 1344 1385 1345 1387 1389 1390 1388 1386 1385 1384 1390 1391 1389 1387 1386 1306 1391 1315 1390 1384 1387 1315 1313 1306 1391 1306 1384 1392 1393 1394 1393 1395 1396 1395 1393 1392 1397 1396 1398 1395 1398 1396 1399 1400 1397 1397 1398 1399 1392 1394 1401 1402 1403 1401 1401 1394 1402 1403 1404 1405 1404 1403 1402 1405 1406 1407 1404 1406 1405 1405 1407 1408 1409 1410 1411 1412 1413 1414 1414 1415 1416 1417 1414 1418 1419 1420 1421 1422 1423 1413 1417 1415 1414 1424 1425 1426 1416 1415 1427 1428 1429 1430 1431 1432 1433 1426 1434 1424 1435 1436 1428 1437 1438 1439 1430 1440 1428 1441 1442 1443 1428 1444 1435 1445 1421 1446 1447 1448 1449 1450 1420 1451 1420 1450 1446 1452 1453 1454 1442 1455 1456 1437 1439 1452 1457 1447 1449 1458 1459 1438 1429 1428 1436 1430 1429 1434 1460 1461 1435 1434 1426 1430 1433 1425 1424 1432 1425 1433 1462 1431 1410 1409 1463 1462 1411 1423 1464 1465 1423 1422 1466 1409 1464 1464 1465 1467 1465 1464 1423 1466 1468 1469 1466 1467 1468 1470 1471 1468 1416 1412 1414 1472 1417 1418 1473 1472 1418 1412 1422 1413 1474 1418 1413 1475 1463 1469 1423 1411 1474 1409 1411 1464 1469 1468 1471 1467 1466 1464 1469 1463 1466 1476 1469 1471 1414 1413 1418 1477 1472 1473 1478 1477 1473 1413 1423 1474 1474 1479 1473 1480 1481 1475 1411 1410 1479 1462 1410 1409 1475 1469 1476 1466 1463 1409 1475 1481 1463 1482 1475 1476 1418 1474 1473 1483 1477 1478 1484 1483 1478 1474 1411 1479 1479 1485 1478 1486 1487 1480 1410 1431 1485 1432 1431 1462 1480 1475 1482 1463 1481 1462 1480 1487 1481 1488 1480 1482 1473 1479 1478 1489 1483 1484 1490 1489 1484 1479 1410 1485 1485 1491 1484 1462 1481 1432 1433 1491 1431 1486 1492 1493 1486 1480 1488 1481 1487 1432 1486 1493 1487 1494 1486 1488 1478 1485 1484 1495 1489 1490 1496 1495 1490 1485 1431 1491 1491 1497 1490 1432 1487 1425 1424 1497 1433 1492 1498 1499 1492 1486 1494 1487 1493 1425 1492 1499 1493 1500 1492 1494 1484 1491 1490 1501 1495 1496 1502 1501 1496 1491 1433 1497 1497 1503 1496 1425 1493 1426 1434 1503 1424 1504 1505 1498 1498 1492 1500 1493 1499 1426 1498 1440 1499 1504 1498 1500 1490 1497 1496 1506 1501 1502 1456 1506 1502 1497 1424 1503 1503 1507 1502 1426 1499 1430 1429 1507 1434 1508 1509 1505 1498 1505 1440 1499 1440 1430 1505 1444 1440 1504 1508 1505 1496 1503 1502 1455 1506 1456 1510 1511 1443 1503 1434 1507 1507 1512 1456 1461 1513 1435 1429 1436 1512 1514 1515 1509 1505 1509 1444 1440 1444 1428 1509 1460 1444 1508 1514 1509 1502 1507 1456 1441 1455 1442 1436 1435 1513 1507 1429 1512 1516 1442 1512 1448 1461 1449 1513 1516 1436 1517 1518 1515 1509 1515 1460 1444 1460 1435 1515 1519 1460 1514 1517 1515 1456 1512 1442 1511 1441 1443 1513 1461 1448 1512 1436 1516 1443 1516 1520 1461 1519 1449 1448 1520 1513 1521 1453 1518 1515 1518 1519 1460 1519 1461 1518 1522 1519 1517 1521 1518 1442 1516 1443 1523 1511 1510 1457 1449 1522 1516 1513 1520 1510 1520 1445 1524 1452 1439 1445 1448 1447 1525 1526 1457 1518 1453 1522 1519 1522 1449 1453 1525 1522 1521 1454 1453 1443 1520 1510 1523 1446 1450 1421 1447 1527 1520 1448 1445 1421 1445 1447 1527 1457 1526 1527 1447 1457 1526 1525 1524 1453 1452 1525 1522 1525 1457 1525 1452 1524 1454 1437 1452 1523 1510 1446 1445 1446 1510 1527 1528 1419 1420 1446 1421 1526 1529 1528 1419 1421 1527 1524 1530 1529 1528 1527 1526 1439 1459 1530 1529 1526 1524 1459 1439 1438 1530 1524 1439 1531 1532 1533 1532 1531 1534 1535 1533 1536 1532 1536 1533 1537 1538 1535 1535 1536 1537 1539 1540 1538 1539 1538 1537 1540 1541 1538 1534 1531 1542 1543 1544 1542 1534 1542 1544 1543 1545 1546 1546 1544 1543 1545 1547 1546 1548 1549 1550 1551 1552 1553 1554 1555 1556 1557 1558 1559 1560 1561 1558 1550 1549 1560 1551 1549 1548 1562 1563 1561 1553 1552 1556 1558 1550 1560 1564 1565 1566 1557 1566 1565 1567 1564 1568 1564 1567 1565 1569 1570 1571 1572 1567 1568 1573 1574 1575 1576 1575 1574 1568 1577 1572 1578 1569 1579 1580 1576 1581 1577 1582 1583 1583 1572 1577 1582 1584 1570 1559 1558 1563 1561 1563 1558 1565 1567 1585 1559 1566 1557 1550 1557 1586 1567 1572 1587 1586 1565 1585 1588 1572 1583 1567 1587 1585 1584 1589 1570 1572 1588 1587 1582 1570 1583 1583 1569 1588 1589 1571 1570 1557 1550 1558 1590 1585 1587 1591 1587 1588 1557 1565 1586 1548 1586 1592 1578 1588 1569 1592 1585 1590 1579 1569 1571 1590 1587 1591 1593 1574 1573 1591 1588 1578 1583 1570 1569 1589 1593 1571 1593 1573 1571 1586 1548 1550 1552 1592 1554 1554 1590 1594 1586 1585 1592 1554 1592 1590 1594 1591 1595 1594 1590 1591 1595 1578 1596 1595 1591 1578 1596 1579 1597 1596 1578 1579 1575 1597 1573 1573 1597 1579 1571 1573 1579 1548 1552 1551 1592 1552 1548 1594 1598 1555 1556 1552 1554 1595 1599 1598 1555 1554 1594 1596 1600 1599 1598 1594 1595 1597 1601 1600 1599 1595 1596 1575 1580 1601 1600 1596 1597 1580 1575 1576 1601 1597 1575 1602 1603 1604 1604 1605 1606 1603 1607 1608 1607 1603 1602 1609 1608 1610 1607 1610 1608 1609 1611 1612 1609 1610 1611 1606 1602 1604 1613 1606 1605 1614 1613 1615 1605 1615 1613 1616 1617 1614 1614 1615 1616 1617 1618 1619 1618 1617 1616 1620 1621 1622 1623 1624 1625 1626 1627 1628 1629 1630 1631 1632 1633 1630 1622 1621 1632 1623 1621 1620 1634 1635 1633 1625 1624 1628 1630 1622 1632 1636 1637 1638 1629 1638 1637 1639 1636 1640 1636 1639 1637 1641 1642 1643 1644 1639 1640 1645 1646 1647 1648 1647 1646 1640 1649 1644 1650 1641 1651 1652 1648 1653 1649 1654 1655 1655 1644 1649 1654 1656 1642 1631 1630 1635 1633 1635 1630 1637 1639 1657 1631 1638 1629 1622 1629 1658 1639 1644 1659 1658 1637 1657 1660 1644 1655 1639 1659 1657 1656 1661 1642 1644 1660 1659 1654 1642 1655 1655 1641 1660 1661 1643 1642 1629 1622 1630 1662 1657 1659 1663 1659 1660 1629 1637 1658 1620 1658 1664 1650 1660 1641 1664 1657 1662 1651 1641 1643 1662 1659 1663 1665 1646 1645 1663 1660 1650 1655 1642 1641 1661 1665 1643 1665 1645 1643 1658 1620 1622 1624 1664 1626 1626 1662 1666 1658 1657 1664 1626 1664 1662 1666 1663 1667 1666 1662 1663 1667 1650 1668 1667 1663 1650 1668 1651 1669 1668 1650 1651 1647 1669 1645 1645 1669 1651 1643 1645 1651 1620 1624 1623 1664 1624 1620 1666 1670 1627 1628 1624 1626 1667 1671 1670 1627 1626 1666 1668 1672 1671 1670 1666 1667 1669 1673 1672 1671 1667 1668 1647 1652 1673 1672 1668 1669 1652 1647 1648 1673 1669 1647 1674 1675 1676 1675 1674 1677 1678 1676 1679 1675 1679 1676 1680 1681 1678 1678 1679 1680 1682 1681 1680 1682 1683 1681 1684 1677 1674 1685 1686 1684 1677 1684 1686 1685 1687 1688 1688 1686 1685 1688 1689 1690 1689 1688 1687 1691 1692 1693 1694 1695 1696 1696 1697 1698 1699 1696 1700 1701 1702 1703 1704 1705 1695 1699 1697 1696 1706 1707 1708 1698 1697 1709 1710 1711 1712 1713 1714 1715 1708 1716 1706 1717 1718 1710 1719 1720 1721 1712 1722 1710 1723 1724 1725 1710 1726 1717 1727 1703 1728 1729 1730 1731 1732 1702 1733 1702 1732 1728 1734 1735 1736 1724 1737 1738 1719 1721 1734 1739 1729 1731 1740 1741 1720 1711 1710 1718 1712 1711 1716 1742 1743 1717 1716 1708 1712 1715 1707 1706 1714 1707 1715 1744 1713 1692 1691 1745 1744 1693 1705 1746 1747 1705 1704 1748 1691 1746 1746 1747 1749 1747 1746 1705 1748 1750 1751 1748 1749 1750 1752 1753 1750 1698 1694 1696 1754 1699 1700 1755 1754 1700 1694 1704 1695 1756 1700 1695 1757 1745 1751 1705 1693 1756 1691 1693 1746 1751 1750 1753 1749 1748 1746 1751 1745 1748 1758 1751 1753 1696 1695 1700 1759 1754 1755 1760 1759 1755 1695 1705 1756 1756 1761 1755 1762 1763 1757 1693 1692 1761 1744 1692 1691 1757 1751 1758 1748 1745 1691 1757 1763 1745 1764 1757 1758 1700 1756 1755 1765 1759 1760 1766 1765 1760 1756 1693 1761 1761 1767 1760 1768 1769 1762 1692 1713 1767 1714 1713 1744 1762 1757 1764 1745 1763 1744 1762 1769 1763 1770 1762 1764 1755 1761 1760 1771 1765 1766 1772 1771 1766 1761 1692 1767 1767 1773 1766 1744 1763 1714 1715 1773 1713 1768 1774 1775 1768 1762 1770 1763 1769 1714 1768 1775 1769 1776 1768 1770 1760 1767 1766 1777 1771 1772 1778 1777 1772 1767 1713 1773 1773 1779 1772 1714 1769 1707 1706 1779 1715 1774 1780 1781 1774 1768 1776 1769 1775 1707 1774 1781 1775 1782 1774 1776 1766 1773 1772 1783 1777 1778 1784 1783 1778 1773 1715 1779 1779 1785 1778 1707 1775 1708 1716 1785 1706 1786 1787 1780 1780 1774 1782 1775 1781 1708 1780 1722 1781 1786 1780 1782 1772 1779 1778 1788 1783 1784 1738 1788 1784 1779 1706 1785 1785 1789 1784 1708 1781 1712 1711 1789 1716 1790 1791 1787 1780 1787 1722 1781 1722 1712 1787 1726 1722 1786 1790 1787 1778 1785 1784 1737 1788 1738 1792 1793 1725 1785 1716 1789 1789 1794 1738 1743 1795 1717 1711 1718 1794 1796 1797 1791 1787 1791 1726 1722 1726 1710 1791 1742 1726 1790 1796 1791 1784 1789 1738 1723 1737 1724 1718 1717 1795 1789 1711 1794 1798 1724 1794 1730 1743 1731 1795 1798 1718 1799 1800 1797 1791 1797 1742 1726 1742 1717 1797 1801 1742 1796 1799 1797 1738 1794 1724 1793 1723 1725 1795 1743 1730 1794 1718 1798 1725 1798 1802 1743 1801 1731 1730 1802 1795 1803 1735 1800 1797 1800 1801 1742 1801 1743 1800 1804 1801 1799 1803 1800 1724 1798 1725 1805 1793 1792 1739 1731 1804 1798 1795 1802 1792 1802 1727 1806 1734 1721 1727 1730 1729 1807 1808 1739 1800 1735 1804 1801 1804 1731 1735 1807 1804 1803 1736 1735 1725 1802 1792 1805 1728 1732 1703 1729 1809 1802 1730 1727 1703 1727 1729 1809 1739 1808 1809 1729 1739 1808 1807 1806 1735 1734 1807 1804 1807 1739 1807 1734 1806 1736 1719 1734 1805 1792 1728 1727 1728 1792 1809 1810 1701 1702 1728 1703 1808 1811 1810 1701 1703 1809 1806 1812 1811 1810 1809 1808 1721 1741 1812 1811 1808 1806 1741 1721 1720 1812 1806 1721 1813 1814 1815 1814 1816 1817 1816 1814 1813 1818 1817 1819 1816 1819 1817 1820 1818 1821 1818 1819 1821 1822 1818 1820 1815 1823 1813 1824 1825 1823 1823 1815 1824 1825 1826 1827 1826 1825 1824 1826 1828 1827 1827 1828 1829 1830 1831 1832 1833 1834 1835 1836 1837 1838 1839 1840 1841 1842 1843 1844 1845 1846 1836 1847 1848 1849 1844 1843 1850 1851 1850 1852 1830 1832 1853 1854 1855 1856 1857 1858 1855 1831 1859 1832 1857 1860 1861 1855 1853 1832 1862 1861 1860 1858 1857 1861 1862 1863 1864 1865 1866 1867 1867 1831 1865 1860 1857 1835 1867 1866 1868 1869 1870 1871 1867 1868 1872 1854 1873 1874 1866 1875 1868 1837 1874 1871 1836 1876 1833 1877 1878 1879 1870 1837 1871 1880 1881 1882 1883 1877 1879 1880 1884 1885 1885 1884 1878 1886 1887 1872 1865 1831 1830 1872 1887 1867 1888 1886 1889 1859 1831 1887 1832 1859 1856 1834 1863 1860 1853 1855 1858 1855 1832 1856 1864 1863 1890 1835 1857 1854 1862 1860 1863 1860 1835 1834 1890 1863 1891 1831 1867 1887 1892 1893 1889 1888 1889 1893 1894 1895 1896 1897 1859 1888 1856 1897 1873 1876 1891 1834 1855 1854 1857 1854 1856 1873 1890 1891 1898 1833 1835 1874 1863 1834 1891 1834 1833 1876 1898 1891 1899 1859 1887 1888 1886 1888 1887 1896 1892 1894 1859 1897 1856 1900 1897 1893 1900 1871 1873 1846 1899 1876 1854 1874 1835 1874 1873 1871 1898 1899 1901 1836 1833 1837 1891 1876 1899 1876 1836 1846 1901 1899 1902 1897 1888 1893 1894 1903 1895 1904 1905 1906 1897 1900 1873 1896 1869 1900 1907 1908 1845 1908 1902 1846 1874 1837 1833 1837 1870 1838 1901 1902 1909 1845 1836 1838 1899 1846 1902 1846 1845 1908 1909 1902 1910 1900 1893 1896 1892 1896 1893 1870 1911 1838 1900 1869 1871 1912 1869 1895 1838 1913 1845 1911 1870 1912 1848 1910 1908 1913 1838 1911 1909 1910 1914 1907 1845 1913 1902 1908 1910 1908 1907 1848 1914 1910 1847 1896 1895 1869 1877 1883 1903 1911 1904 1913 1869 1912 1870 1883 1915 1912 1913 1906 1907 1915 1904 1911 1916 1848 1907 1913 1904 1906 1914 1847 1839 1907 1906 1916 1910 1848 1847 1848 1916 1849 1839 1847 1840 1912 1895 1883 1903 1883 1895 1917 1916 1906 1912 1915 1911 1879 1918 1915 1919 1849 1916 1918 1905 1904 1920 1840 1849 1905 1917 1906 1921 1842 1920 1919 1916 1917 1847 1849 1840 1849 1919 1920 1841 1840 1842 1915 1883 1879 1884 1882 1918 1882 1922 1905 1915 1918 1904 1882 1905 1918 1922 1923 1917 1922 1917 1905 1923 1924 1919 1923 1919 1917 1924 1921 1920 1924 1920 1919 1843 1842 1921 1841 1842 1844 1840 1920 1842 1879 1878 1884 1918 1879 1884 1922 1881 1925 1880 1882 1884 1923 1925 1926 1881 1922 1882 1924 1926 1927 1925 1923 1922 1921 1927 1928 1926 1924 1923 1843 1928 1852 1927 1921 1924 1852 1850 1843 1928 1843 1921 1929 1930 1931 1932 1933 1934 1935 1936 1937 1938 1939 1940 1941 1942 1943 1944 1945 1935 1946 1947 1948 1943 1942 1949 1950 1949 1951 1929 1931 1952 1953 1954 1955 1956 1957 1954 1930 1958 1931 1956 1959 1960 1954 1952 1931 1961 1960 1959 1957 1956 1960 1961 1962 1963 1964 1965 1966 1966 1930 1964 1959 1956 1934 1966 1965 1967 1968 1969 1970 1966 1967 1971 1953 1972 1973 1965 1974 1967 1936 1973 1970 1935 1975 1932 1976 1977 1978 1969 1936 1970 1979 1980 1981 1982 1976 1978 1979 1983 1984 1984 1983 1977 1985 1986 1971 1964 1930 1929 1971 1986 1966 1987 1985 1988 1958 1930 1986 1931 1958 1955 1933 1962 1959 1952 1954 1957 1954 1931 1955 1963 1962 1989 1934 1956 1953 1961 1959 1962 1959 1934 1933 1989 1962 1990 1930 1966 1986 1991 1992 1988 1987 1988 1992 1993 1994 1995 1996 1958 1987 1955 1996 1972 1975 1990 1933 1954 1953 1956 1953 1955 1972 1989 1990 1997 1932 1934 1973 1962 1933 1990 1933 1932 1975 1997 1990 1998 1958 1986 1987 1985 1987 1986 1995 1991 1993 1958 1996 1955 1999 1996 1992 1999 1970 1972 1945 1998 1975 1953 1973 1934 1973 1972 1970 1997 1998 2000 1935 1932 1936 1990 1975 1998 1975 1935 1945 2000 1998 2001 1996 1987 1992 1993 2002 1994 2003 2004 2005 1996 1999 1972 1995 1968 1999 2006 2007 1944 2007 2001 1945 1973 1936 1932 1936 1969 1937 2000 2001 2008 1944 1935 1937 1998 1945 2001 1945 1944 2007 2008 2001 2009 1999 1992 1995 1991 1995 1992 1969 2010 1937 1999 1968 1970 2011 1968 1994 1937 2012 1944 2010 1969 2011 1947 2009 2007 2012 1937 2010 2008 2009 2013 2006 1944 2012 2001 2007 2009 2007 2006 1947 2013 2009 1946 1995 1994 1968 1976 1982 2002 2010 2003 2012 1968 2011 1969 1982 2014 2011 2012 2005 2006 2014 2003 2010 2015 1947 2006 2012 2003 2005 2013 1946 1938 2006 2005 2015 2009 1947 1946 1947 2015 1948 1938 1946 1939 2011 1994 1982 2002 1982 1994 2016 2015 2005 2011 2014 2010 1978 2017 2014 2018 1948 2015 2017 2004 2003 2019 1939 1948 2004 2016 2005 2020 1941 2019 2018 2015 2016 1946 1948 1939 1948 2018 2019 1940 1939 1941 2014 1982 1978 1983 1981 2017 1981 2021 2004 2014 2017 2003 1981 2004 2017 2021 2022 2016 2021 2016 2004 2022 2023 2018 2022 2018 2016 2023 2020 2019 2023 2019 2018 1942 1941 2020 1940 1941 1943 1939 2019 1941 1978 1977 1983 2017 1978 1983 2021 1980 2024 1979 1981 1983 2022 2024 2025 1980 2021 1981 2023 2025 2026 2024 2022 2021 2020 2026 2027 2025 2023 2022 1942 2027 1951 2026 2020 2023 1951 1949 1942 2027 1942 2020 2028 2029 2030 2030 2031 2028 2032 2029 2033 2029 2032 2030 2034 2035 2033 2032 2033 2035 2034 2036 2037 2037 2035 2034 2036 2038 2037 2028 2031 2039 2040 2039 2041 2031 2041 2039 2042 2043 2040 2040 2041 2042 2043 2044 2045 2044 2043 2042 2046 2047 2048 2049 2050 2051 2052 2053 2054 2055 2056 2057 2058 2059 2060 2061 2062 2052 2063 2064 2065 2060 2059 2066 2067 2066 2068 2046 2048 2069 2070 2071 2072 2073 2074 2071 2047 2075 2048 2073 2076 2077 2071 2069 2048 2078 2077 2076 2074 2073 2077 2078 2079 2080 2081 2082 2083 2083 2047 2081 2076 2073 2051 2083 2082 2084 2085 2086 2087 2083 2084 2088 2070 2089 2090 2082 2091 2084 2053 2090 2087 2052 2092 2049 2093 2094 2095 2086 2053 2087 2096 2097 2098 2099 2093 2095 2096 2100 2101 2101 2100 2094 2102 2103 2088 2081 2047 2046 2088 2103 2083 2104 2102 2105 2075 2047 2103 2048 2075 2072 2050 2079 2076 2069 2071 2074 2071 2048 2072 2080 2079 2106 2051 2073 2070 2078 2076 2079 2076 2051 2050 2106 2079 2107 2047 2083 2103 2108 2109 2105 2104 2105 2109 2110 2111 2112 2113 2075 2104 2072 2113 2089 2092 2107 2050 2071 2070 2073 2070 2072 2089 2106 2107 2114 2049 2051 2090 2079 2050 2107 2050 2049 2092 2114 2107 2115 2075 2103 2104 2102 2104 2103 2112 2108 2110 2075 2113 2072 2116 2113 2109 2116 2087 2089 2062 2115 2092 2070 2090 2051 2090 2089 2087 2114 2115 2117 2052 2049 2053 2107 2092 2115 2092 2052 2062 2117 2115 2118 2113 2104 2109 2110 2119 2111 2120 2121 2122 2113 2116 2089 2112 2085 2116 2123 2124 2061 2124 2118 2062 2090 2053 2049 2053 2086 2054 2117 2118 2125 2061 2052 2054 2115 2062 2118 2062 2061 2124 2125 2118 2126 2116 2109 2112 2108 2112 2109 2086 2127 2054 2116 2085 2087 2128 2085 2111 2054 2129 2061 2127 2086 2128 2064 2126 2124 2129 2054 2127 2125 2126 2130 2123 2061 2129 2118 2124 2126 2124 2123 2064 2130 2126 2063 2112 2111 2085 2093 2099 2119 2127 2120 2129 2085 2128 2086 2099 2131 2128 2129 2122 2123 2131 2120 2127 2132 2064 2123 2129 2120 2122 2130 2063 2055 2123 2122 2132 2126 2064 2063 2064 2132 2065 2055 2063 2056 2128 2111 2099 2119 2099 2111 2133 2132 2122 2128 2131 2127 2095 2134 2131 2135 2065 2132 2134 2121 2120 2136 2056 2065 2121 2133 2122 2137 2058 2136 2135 2132 2133 2063 2065 2056 2065 2135 2136 2057 2056 2058 2131 2099 2095 2100 2098 2134 2098 2138 2121 2131 2134 2120 2098 2121 2134 2138 2139 2133 2138 2133 2121 2139 2140 2135 2139 2135 2133 2140 2137 2136 2140 2136 2135 2059 2058 2137 2057 2058 2060 2056 2136 2058 2095 2094 2100 2134 2095 2100 2138 2097 2141 2096 2098 2100 2139 2141 2142 2097 2138 2098 2140 2142 2143 2141 2139 2138 2137 2143 2144 2142 2140 2139 2059 2144 2068 2143 2137 2140 2068 2066 2059 2144 2059 2137 2145 2146 2147 2148 2149 2150 2151 2152 2153 2154 2155 2156 2157 2158 2159 2160 2161 2151 2162 2163 2164 2159 2158 2165 2166 2165 2167 2145 2147 2168 2169 2170 2171 2172 2173 2170 2146 2174 2147 2172 2175 2176 2170 2168 2147 2177 2176 2175 2173 2172 2176 2177 2178 2179 2180 2181 2182 2182 2146 2180 2175 2172 2150 2182 2181 2183 2184 2185 2186 2182 2183 2187 2169 2188 2189 2181 2190 2183 2152 2189 2186 2151 2191 2148 2192 2193 2194 2185 2152 2186 2195 2196 2197 2198 2192 2194 2195 2199 2200 2200 2199 2193 2201 2202 2187 2180 2146 2145 2187 2202 2182 2203 2201 2204 2174 2146 2202 2147 2174 2171 2149 2178 2175 2168 2170 2173 2170 2147 2171 2179 2178 2205 2150 2172 2169 2177 2175 2178 2175 2150 2149 2205 2178 2206 2146 2182 2202 2207 2208 2204 2203 2204 2208 2209 2210 2211 2212 2174 2203 2171 2212 2188 2191 2206 2149 2170 2169 2172 2169 2171 2188 2205 2206 2213 2148 2150 2189 2178 2149 2206 2149 2148 2191 2213 2206 2214 2174 2202 2203 2201 2203 2202 2211 2207 2209 2174 2212 2171 2215 2212 2208 2215 2186 2188 2161 2214 2191 2169 2189 2150 2189 2188 2186 2213 2214 2216 2151 2148 2152 2206 2191 2214 2191 2151 2161 2216 2214 2217 2212 2203 2208 2209 2218 2210 2219 2220 2221 2212 2215 2188 2211 2184 2215 2222 2223 2160 2223 2217 2161 2189 2152 2148 2152 2185 2153 2216 2217 2224 2160 2151 2153 2214 2161 2217 2161 2160 2223 2224 2217 2225 2215 2208 2211 2207 2211 2208 2185 2226 2153 2215 2184 2186 2227 2184 2210 2153 2228 2160 2226 2185 2227 2163 2225 2223 2228 2153 2226 2224 2225 2229 2222 2160 2228 2217 2223 2225 2223 2222 2163 2229 2225 2162 2211 2210 2184 2192 2198 2218 2226 2219 2228 2184 2227 2185 2198 2230 2227 2228 2221 2222 2230 2219 2226 2231 2163 2222 2228 2219 2221 2229 2162 2154 2222 2221 2231 2225 2163 2162 2163 2231 2164 2154 2162 2155 2227 2210 2198 2218 2198 2210 2232 2231 2221 2227 2230 2226 2194 2233 2230 2234 2164 2231 2233 2220 2219 2235 2155 2164 2220 2232 2221 2236 2157 2235 2234 2231 2232 2162 2164 2155 2164 2234 2235 2156 2155 2157 2230 2198 2194 2199 2197 2233 2197 2237 2220 2230 2233 2219 2197 2220 2233 2237 2238 2232 2237 2232 2220 2238 2239 2234 2238 2234 2232 2239 2236 2235 2239 2235 2234 2158 2157 2236 2156 2157 2159 2155 2235 2157 2194 2193 2199 2233 2194 2199 2237 2196 2240 2195 2197 2199 2238 2240 2241 2196 2237 2197 2239 2241 2242 2240 2238 2237 2236 2242 2243 2241 2239 2238 2158 2243 2167 2242 2236 2239 2167 2165 2158 2243 2158 2236 2244 2245 2246 2244 2247 2248 2248 2245 2244 2249 2247 2250 2247 2249 2248 2251 2252 2250 2249 2250 2252 2253 2252 2251 2254 2246 2245 2255 2256 2254 2246 2254 2256 2255 2257 2258 2258 2256 2255 2259 2257 2260 2257 2259 2258 2259 2260 2261 2262 2263 2264 2265 2266 2267 2268 2269 2270 2271 2272 2273 2274 2275 2276 2277 2278 2268 2279 2280 2281 2276 2275 2282 2283 2282 2284 2262 2264 2285 2286 2287 2288 2289 2290 2287 2263 2291 2264 2289 2292 2293 2287 2285 2264 2294 2293 2292 2290 2289 2293 2294 2295 2296 2297 2298 2299 2299 2263 2297 2292 2289 2267 2299 2298 2300 2301 2302 2303 2299 2300 2304 2286 2305 2306 2298 2307 2300 2269 2306 2303 2268 2308 2265 2309 2310 2311 2302 2269 2303 2312 2313 2314 2315 2309 2311 2312 2316 2317 2317 2316 2310 2318 2319 2304 2297 2263 2262 2304 2319 2299 2320 2318 2321 2291 2263 2319 2264 2291 2288 2266 2295 2292 2285 2287 2290 2287 2264 2288 2296 2295 2322 2267 2289 2286 2294 2292 2295 2292 2267 2266 2322 2295 2323 2263 2299 2319 2324 2325 2321 2320 2321 2325 2326 2327 2328 2329 2291 2320 2288 2329 2305 2308 2323 2266 2287 2286 2289 2286 2288 2305 2322 2323 2330 2265 2267 2306 2295 2266 2323 2266 2265 2308 2330 2323 2331 2291 2319 2320 2318 2320 2319 2328 2324 2326 2291 2329 2288 2332 2329 2325 2332 2303 2305 2278 2331 2308 2286 2306 2267 2306 2305 2303 2330 2331 2333 2268 2265 2269 2323 2308 2331 2308 2268 2278 2333 2331 2334 2329 2320 2325 2326 2335 2327 2336 2337 2338 2329 2332 2305 2328 2301 2332 2339 2340 2277 2340 2334 2278 2306 2269 2265 2269 2302 2270 2333 2334 2341 2277 2268 2270 2331 2278 2334 2278 2277 2340 2341 2334 2342 2332 2325 2328 2324 2328 2325 2302 2343 2270 2332 2301 2303 2344 2301 2327 2270 2345 2277 2343 2302 2344 2280 2342 2340 2345 2270 2343 2341 2342 2346 2339 2277 2345 2334 2340 2342 2340 2339 2280 2346 2342 2279 2328 2327 2301 2309 2315 2335 2343 2336 2345 2301 2344 2302 2315 2347 2344 2345 2338 2339 2347 2336 2343 2348 2280 2339 2345 2336 2338 2346 2279 2271 2339 2338 2348 2342 2280 2279 2280 2348 2281 2271 2279 2272 2344 2327 2315 2335 2315 2327 2349 2348 2338 2344 2347 2343 2311 2350 2347 2351 2281 2348 2350 2337 2336 2352 2272 2281 2337 2349 2338 2353 2274 2352 2351 2348 2349 2279 2281 2272 2281 2351 2352 2273 2272 2274 2347 2315 2311 2316 2314 2350 2314 2354 2337 2347 2350 2336 2314 2337 2350 2354 2355 2349 2354 2349 2337 2355 2356 2351 2355 2351 2349 2356 2353 2352 2356 2352 2351 2275 2274 2353 2273 2274 2276 2272 2352 2274 2311 2310 2316 2350 2311 2316 2354 2313 2357 2312 2314 2316 2355 2357 2358 2313 2354 2314 2356 2358 2359 2357 2355 2354 2353 2359 2360 2358 2356 2355 2275 2360 2284 2359 2353 2356 2284 2282 2275 2360 2275 2353 2361 2362 2363 2362 2361 2364 2365 2363 2366 2362 2366 2363 2367 2368 2365 2365 2366 2367 2369 2368 2367 2369 2370 2368 2371 2364 2361 2372 2373 2371 2364 2371 2373 2372 2374 2375 2375 2373 2372 2375 2376 2377 2376 2375 2374 2378 2379 2380 2381 2382 2383 2383 2384 2385 2386 2383 2387 2388 2389 2390 2391 2392 2382 2386 2384 2383 2393 2394 2395 2385 2384 2396 2397 2398 2399 2400 2401 2402 2395 2403 2393 2404 2405 2397 2406 2407 2408 2399 2409 2397 2410 2411 2412 2397 2413 2404 2414 2390 2415 2416 2417 2418 2419 2389 2420 2389 2419 2415 2421 2422 2423 2411 2424 2425 2406 2408 2421 2426 2416 2418 2427 2428 2407 2398 2397 2405 2399 2398 2403 2429 2430 2404 2403 2395 2399 2402 2394 2393 2401 2394 2402 2431 2400 2379 2378 2432 2431 2380 2392 2433 2434 2392 2391 2435 2378 2433 2433 2434 2436 2434 2433 2392 2435 2437 2438 2435 2436 2437 2439 2440 2437 2385 2381 2383 2441 2386 2387 2442 2441 2387 2381 2391 2382 2443 2387 2382 2444 2432 2438 2392 2380 2443 2378 2380 2433 2438 2437 2440 2436 2435 2433 2438 2432 2435 2445 2438 2440 2383 2382 2387 2446 2441 2442 2447 2446 2442 2382 2392 2443 2443 2448 2442 2449 2450 2444 2380 2379 2448 2431 2379 2378 2444 2438 2445 2435 2432 2378 2444 2450 2432 2451 2444 2445 2387 2443 2442 2452 2446 2447 2453 2452 2447 2443 2380 2448 2448 2454 2447 2455 2456 2449 2379 2400 2454 2401 2400 2431 2449 2444 2451 2432 2450 2431 2449 2456 2450 2457 2449 2451 2442 2448 2447 2458 2452 2453 2459 2458 2453 2448 2379 2454 2454 2460 2453 2431 2450 2401 2402 2460 2400 2455 2461 2462 2455 2449 2457 2450 2456 2401 2455 2462 2456 2463 2455 2457 2447 2454 2453 2464 2458 2459 2465 2464 2459 2454 2400 2460 2460 2466 2459 2401 2456 2394 2393 2466 2402 2461 2467 2468 2461 2455 2463 2456 2462 2394 2461 2468 2462 2469 2461 2463 2453 2460 2459 2470 2464 2465 2471 2470 2465 2460 2402 2466 2466 2472 2465 2394 2462 2395 2403 2472 2393 2473 2474 2467 2467 2461 2469 2462 2468 2395 2467 2409 2468 2473 2467 2469 2459 2466 2465 2475 2470 2471 2425 2475 2471 2466 2393 2472 2472 2476 2471 2395 2468 2399 2398 2476 2403 2477 2478 2474 2467 2474 2409 2468 2409 2399 2474 2413 2409 2473 2477 2474 2465 2472 2471 2424 2475 2425 2479 2480 2412 2472 2403 2476 2476 2481 2425 2430 2482 2404 2398 2405 2481 2483 2484 2478 2474 2478 2413 2409 2413 2397 2478 2429 2413 2477 2483 2478 2471 2476 2425 2410 2424 2411 2405 2404 2482 2476 2398 2481 2485 2411 2481 2417 2430 2418 2482 2485 2405 2486 2487 2484 2478 2484 2429 2413 2429 2404 2484 2488 2429 2483 2486 2484 2425 2481 2411 2480 2410 2412 2482 2430 2417 2481 2405 2485 2412 2485 2489 2430 2488 2418 2417 2489 2482 2490 2422 2487 2484 2487 2488 2429 2488 2430 2487 2491 2488 2486 2490 2487 2411 2485 2412 2492 2480 2479 2426 2418 2491 2485 2482 2489 2479 2489 2414 2493 2421 2408 2414 2417 2416 2494 2495 2426 2487 2422 2491 2488 2491 2418 2422 2494 2491 2490 2423 2422 2412 2489 2479 2492 2415 2419 2390 2416 2496 2489 2417 2414 2390 2414 2416 2496 2426 2495 2496 2416 2426 2495 2494 2493 2422 2421 2494 2491 2494 2426 2494 2421 2493 2423 2406 2421 2492 2479 2415 2414 2415 2479 2496 2497 2388 2389 2415 2390 2495 2498 2497 2388 2390 2496 2493 2499 2498 2497 2496 2495 2408 2428 2499 2498 2495 2493 2428 2408 2407 2499 2493 2408 2500 2501 2502 2501 2503 2504 2503 2501 2500 2505 2504 2506 2503 2506 2504 2507 2505 2508 2505 2506 2508 2509 2505 2507 2502 2510 2500 2511 2512 2510 2510 2502 2511 2512 2513 2514 2513 2512 2511 2513 2515 2514 2514 2515 2516 2517 2518 2519 2520 2521 2522 2523 2524 2525 2526 2527 2528 2529 2530 2527 2519 2518 2529 2520 2518 2517 2531 2532 2530 2522 2521 2525 2527 2519 2529 2533 2534 2535 2526 2535 2534 2536 2533 2537 2533 2536 2534 2538 2539 2540 2541 2536 2537 2542 2543 2544 2545 2544 2543 2537 2546 2541 2547 2538 2548 2549 2545 2550 2546 2551 2552 2552 2541 2546 2551 2553 2539 2528 2527 2532 2530 2532 2527 2534 2536 2554 2528 2535 2526 2519 2526 2555 2536 2541 2556 2555 2534 2554 2557 2541 2552 2536 2556 2554 2553 2558 2539 2541 2557 2556 2551 2539 2552 2552 2538 2557 2558 2540 2539 2526 2519 2527 2559 2554 2556 2560 2556 2557 2526 2534 2555 2517 2555 2561 2547 2557 2538 2561 2554 2559 2548 2538 2540 2559 2556 2560 2562 2543 2542 2560 2557 2547 2552 2539 2538 2558 2562 2540 2562 2542 2540 2555 2517 2519 2521 2561 2523 2523 2559 2563 2555 2554 2561 2523 2561 2559 2563 2560 2564 2563 2559 2560 2564 2547 2565 2564 2560 2547 2565 2548 2566 2565 2547 2548 2544 2566 2542 2542 2566 2548 2540 2542 2548 2517 2521 2520 2561 2521 2517 2563 2567 2524 2525 2521 2523 2564 2568 2567 2524 2523 2563 2565 2569 2568 2567 2563 2564 2566 2570 2569 2568 2564 2565 2544 2549 2570 2569 2565 2566 2549 2544 2545 2570 2566 2544 2571 2572 2573 2571 2574 2575 2575 2572 2571 2576 2574 2577 2574 2576 2575 2578 2579 2577 2576 2577 2579 2580 2579 2578 2581 2573 2572 2582 2583 2581 2573 2581 2583 2582 2584 2585 2585 2583 2582 2586 2584 2587 2584 2586 2585 2586 2587 2588 2589 2590 2591 2592 2593 2594 2595 2596 2597 2598 2599 2600 2601 2602 2599 2591 2590 2601 2592 2590 2589 2603 2604 2602 2594 2593 2597 2599 2591 2601 2605 2606 2607 2598 2607 2606 2608 2605 2609 2605 2608 2606 2610 2611 2612 2613 2608 2609 2614 2615 2616 2617 2616 2615 2609 2618 2613 2619 2610 2620 2621 2617 2622 2618 2623 2624 2624 2613 2618 2623 2625 2611 2600 2599 2604 2602 2604 2599 2606 2608 2626 2600 2607 2598 2591 2598 2627 2608 2613 2628 2627 2606 2626 2629 2613 2624 2608 2628 2626 2625 2630 2611 2613 2629 2628 2623 2611 2624 2624 2610 2629 2630 2612 2611 2598 2591 2599 2631 2626 2628 2632 2628 2629 2598 2606 2627 2589 2627 2633 2619 2629 2610 2633 2626 2631 2620 2610 2612 2631 2628 2632 2634 2615 2614 2632 2629 2619 2624 2611 2610 2630 2634 2612 2634 2614 2612 2627 2589 2591 2593 2633 2595 2595 2631 2635 2627 2626 2633 2595 2633 2631 2635 2632 2636 2635 2631 2632 2636 2619 2637 2636 2632 2619 2637 2620 2638 2637 2619 2620 2616 2638 2614 2614 2638 2620 2612 2614 2620 2589 2593 2592 2633 2593 2589 2635 2639 2596 2597 2593 2595 2636 2640 2639 2596 2595 2635 2637 2641 2640 2639 2635 2636 2638 2642 2641 2640 2636 2637 2616 2621 2642 2641 2637 2638 2621 2616 2617 2642 2638 2616 2643 2644 2645 2644 2643 2646 2647 2645 2648 2644 2648 2645 2649 2650 2647 2647 2648 2649 2651 2650 2649 2651 2652 2650 2653 2646 2643 2654 2655 2653 2646 2653 2655 2654 2656 2657 2657 2655 2654 2657 2658 2659 2658 2657 2656 2660 2661 2662 2663 2664 2665 2665 2666 2667 2668 2665 2669 2670 2671 2672 2673 2674 2664 2668 2666 2665 2675 2676 2677 2667 2666 2678 2679 2680 2681 2682 2683 2684 2677 2685 2675 2686 2687 2679 2688 2689 2690 2681 2691 2679 2692 2693 2694 2679 2695 2686 2696 2672 2697 2698 2699 2700 2701 2671 2702 2671 2701 2697 2703 2704 2705 2693 2706 2707 2688 2690 2703 2708 2698 2700 2709 2710 2689 2680 2679 2687 2681 2680 2685 2711 2712 2686 2685 2677 2681 2684 2676 2675 2683 2676 2684 2713 2682 2661 2660 2714 2713 2662 2674 2715 2716 2674 2673 2717 2660 2715 2715 2716 2718 2716 2715 2674 2717 2719 2720 2717 2718 2719 2721 2722 2719 2667 2663 2665 2723 2668 2669 2724 2723 2669 2663 2673 2664 2725 2669 2664 2726 2714 2720 2674 2662 2725 2660 2662 2715 2720 2719 2722 2718 2717 2715 2720 2714 2717 2727 2720 2722 2665 2664 2669 2728 2723 2724 2729 2728 2724 2664 2674 2725 2725 2730 2724 2731 2732 2726 2662 2661 2730 2713 2661 2660 2726 2720 2727 2717 2714 2660 2726 2732 2714 2733 2726 2727 2669 2725 2724 2734 2728 2729 2735 2734 2729 2725 2662 2730 2730 2736 2729 2737 2738 2731 2661 2682 2736 2683 2682 2713 2731 2726 2733 2714 2732 2713 2731 2738 2732 2739 2731 2733 2724 2730 2729 2740 2734 2735 2741 2740 2735 2730 2661 2736 2736 2742 2735 2713 2732 2683 2684 2742 2682 2737 2743 2744 2737 2731 2739 2732 2738 2683 2737 2744 2738 2745 2737 2739 2729 2736 2735 2746 2740 2741 2747 2746 2741 2736 2682 2742 2742 2748 2741 2683 2738 2676 2675 2748 2684 2743 2749 2750 2743 2737 2745 2738 2744 2676 2743 2750 2744 2751 2743 2745 2735 2742 2741 2752 2746 2747 2753 2752 2747 2742 2684 2748 2748 2754 2747 2676 2744 2677 2685 2754 2675 2755 2756 2749 2749 2743 2751 2744 2750 2677 2749 2691 2750 2755 2749 2751 2741 2748 2747 2757 2752 2753 2707 2757 2753 2748 2675 2754 2754 2758 2753 2677 2750 2681 2680 2758 2685 2759 2760 2756 2749 2756 2691 2750 2691 2681 2756 2695 2691 2755 2759 2756 2747 2754 2753 2706 2757 2707 2761 2762 2694 2754 2685 2758 2758 2763 2707 2712 2764 2686 2680 2687 2763 2765 2766 2760 2756 2760 2695 2691 2695 2679 2760 2711 2695 2759 2765 2760 2753 2758 2707 2692 2706 2693 2687 2686 2764 2758 2680 2763 2767 2693 2763 2699 2712 2700 2764 2767 2687 2768 2769 2766 2760 2766 2711 2695 2711 2686 2766 2770 2711 2765 2768 2766 2707 2763 2693 2762 2692 2694 2764 2712 2699 2763 2687 2767 2694 2767 2771 2712 2770 2700 2699 2771 2764 2772 2704 2769 2766 2769 2770 2711 2770 2712 2769 2773 2770 2768 2772 2769 2693 2767 2694 2774 2762 2761 2708 2700 2773 2767 2764 2771 2761 2771 2696 2775 2703 2690 2696 2699 2698 2776 2777 2708 2769 2704 2773 2770 2773 2700 2704 2776 2773 2772 2705 2704 2694 2771 2761 2774 2697 2701 2672 2698 2778 2771 2699 2696 2672 2696 2698 2778 2708 2777 2778 2698 2708 2777 2776 2775 2704 2703 2776 2773 2776 2708 2776 2703 2775 2705 2688 2703 2774 2761 2697 2696 2697 2761 2778 2779 2670 2671 2697 2672 2777 2780 2779 2670 2672 2778 2775 2781 2780 2779 2778 2777 2690 2710 2781 2780 2777 2775 2710 2690 2689 2781 2775 2690 2782 2783 2784 2783 2782 2785 2786 2784 2787 2783 2787 2784 2788 2789 2786 2786 2787 2788 2790 2791 2789 2790 2789 2788 2791 2792 2789 2785 2782 2793 2794 2795 2793 2785 2793 2795 2794 2796 2797 2797 2795 2794 2796 2798 2797 2799 2800 2801 2802 2803 2804 2805 2806 2807 2808 2809 2810 2811 2812 2813 2814 2815 2805 2816 2817 2818 2813 2812 2819 2820 2819 2821 2799 2801 2822 2823 2824 2825 2826 2827 2824 2800 2828 2801 2826 2829 2830 2824 2822 2801 2831 2830 2829 2827 2826 2830 2831 2832 2833 2834 2835 2836 2836 2800 2834 2829 2826 2804 2836 2835 2837 2838 2839 2840 2836 2837 2841 2823 2842 2843 2835 2844 2837 2806 2843 2840 2805 2845 2802 2846 2847 2848 2839 2806 2840 2849 2850 2851 2852 2846 2848 2849 2853 2854 2854 2853 2847 2855 2856 2841 2834 2800 2799 2841 2856 2836 2857 2855 2858 2828 2800 2856 2801 2828 2825 2803 2832 2829 2822 2824 2827 2824 2801 2825 2833 2832 2859 2804 2826 2823 2831 2829 2832 2829 2804 2803 2859 2832 2860 2800 2836 2856 2861 2862 2858 2857 2858 2862 2863 2864 2865 2866 2828 2857 2825 2866 2842 2845 2860 2803 2824 2823 2826 2823 2825 2842 2859 2860 2867 2802 2804 2843 2832 2803 2860 2803 2802 2845 2867 2860 2868 2828 2856 2857 2855 2857 2856 2865 2861 2863 2828 2866 2825 2869 2866 2862 2869 2840 2842 2815 2868 2845 2823 2843 2804 2843 2842 2840 2867 2868 2870 2805 2802 2806 2860 2845 2868 2845 2805 2815 2870 2868 2871 2866 2857 2862 2863 2872 2864 2873 2874 2875 2866 2869 2842 2865 2838 2869 2876 2877 2814 2877 2871 2815 2843 2806 2802 2806 2839 2807 2870 2871 2878 2814 2805 2807 2868 2815 2871 2815 2814 2877 2878 2871 2879 2869 2862 2865 2861 2865 2862 2839 2880 2807 2869 2838 2840 2881 2838 2864 2807 2882 2814 2880 2839 2881 2817 2879 2877 2882 2807 2880 2878 2879 2883 2876 2814 2882 2871 2877 2879 2877 2876 2817 2883 2879 2816 2865 2864 2838 2846 2852 2872 2880 2873 2882 2838 2881 2839 2852 2884 2881 2882 2875 2876 2884 2873 2880 2885 2817 2876 2882 2873 2875 2883 2816 2808 2876 2875 2885 2879 2817 2816 2817 2885 2818 2808 2816 2809 2881 2864 2852 2872 2852 2864 2886 2885 2875 2881 2884 2880 2848 2887 2884 2888 2818 2885 2887 2874 2873 2889 2809 2818 2874 2886 2875 2890 2811 2889 2888 2885 2886 2816 2818 2809 2818 2888 2889 2810 2809 2811 2884 2852 2848 2853 2851 2887 2851 2891 2874 2884 2887 2873 2851 2874 2887 2891 2892 2886 2891 2886 2874 2892 2893 2888 2892 2888 2886 2893 2890 2889 2893 2889 2888 2812 2811 2890 2810 2811 2813 2809 2889 2811 2848 2847 2853 2887 2848 2853 2891 2850 2894 2849 2851 2853 2892 2894 2895 2850 2891 2851 2893 2895 2896 2894 2892 2891 2890 2896 2897 2895 2893 2892 2812 2897 2821 2896 2890 2893 2821 2819 2812 2897 2812 2890 2898 2899 2900 2900 2901 2898 2902 2899 2903 2899 2902 2900 2904 2905 2903 2902 2903 2905 2904 2906 2907 2907 2905 2904 2906 2908 2907 2898 2901 2909 2910 2909 2911 2901 2911 2909 2912 2913 2910 2910 2911 2912 2913 2914 2915 2914 2913 2912 2916 2917 2918 2919 2920 2921 2922 2923 2924 2925 2926 2927 2928 2929 2930 2931 2932 2922 2933 2934 2935 2930 2929 2936 2937 2936 2938 2916 2918 2939 2940 2941 2942 2943 2944 2941 2917 2945 2918 2943 2946 2947 2941 2939 2918 2948 2947 2946 2944 2943 2947 2948 2949 2950 2951 2952 2953 2953 2917 2951 2946 2943 2921 2953 2952 2954 2955 2956 2957 2953 2954 2958 2940 2959 2960 2952 2961 2954 2923 2960 2957 2922 2962 2919 2963 2964 2965 2956 2923 2957 2966 2967 2968 2969 2963 2965 2966 2970 2971 2971 2970 2964 2972 2973 2958 2951 2917 2916 2958 2973 2953 2974 2972 2975 2945 2917 2973 2918 2945 2942 2920 2949 2946 2939 2941 2944 2941 2918 2942 2950 2949 2976 2921 2943 2940 2948 2946 2949 2946 2921 2920 2976 2949 2977 2917 2953 2973 2978 2979 2975 2974 2975 2979 2980 2981 2982 2983 2945 2974 2942 2983 2959 2962 2977 2920 2941 2940 2943 2940 2942 2959 2976 2977 2984 2919 2921 2960 2949 2920 2977 2920 2919 2962 2984 2977 2985 2945 2973 2974 2972 2974 2973 2982 2978 2980 2945 2983 2942 2986 2983 2979 2986 2957 2959 2932 2985 2962 2940 2960 2921 2960 2959 2957 2984 2985 2987 2922 2919 2923 2977 2962 2985 2962 2922 2932 2987 2985 2988 2983 2974 2979 2980 2989 2981 2990 2991 2992 2983 2986 2959 2982 2955 2986 2993 2994 2931 2994 2988 2932 2960 2923 2919 2923 2956 2924 2987 2988 2995 2931 2922 2924 2985 2932 2988 2932 2931 2994 2995 2988 2996 2986 2979 2982 2978 2982 2979 2956 2997 2924 2986 2955 2957 2998 2955 2981 2924 2999 2931 2997 2956 2998 2934 2996 2994 2999 2924 2997 2995 2996 3000 2993 2931 2999 2988 2994 2996 2994 2993 2934 3000 2996 2933 2982 2981 2955 2963 2969 2989 2997 2990 2999 2955 2998 2956 2969 3001 2998 2999 2992 2993 3001 2990 2997 3002 2934 2993 2999 2990 2992 3000 2933 2925 2993 2992 3002 2996 2934 2933 2934 3002 2935 2925 2933 2926 2998 2981 2969 2989 2969 2981 3003 3002 2992 2998 3001 2997 2965 3004 3001 3005 2935 3002 3004 2991 2990 3006 2926 2935 2991 3003 2992 3007 2928 3006 3005 3002 3003 2933 2935 2926 2935 3005 3006 2927 2926 2928 3001 2969 2965 2970 2968 3004 2968 3008 2991 3001 3004 2990 2968 2991 3004 3008 3009 3003 3008 3003 2991 3009 3010 3005 3009 3005 3003 3010 3007 3006 3010 3006 3005 2929 2928 3007 2927 2928 2930 2926 3006 2928 2965 2964 2970 3004 2965 2970 3008 2967 3011 2966 2968 2970 3009 3011 3012 2967 3008 2968 3010 3012 3013 3011 3009 3008 3007 3013 3014 3012 3010 3009 2929 3014 2938 3013 3007 3010 2938 2936 2929 3014 2929 3007 3015 3016 3017 3015 3018 3019 3019 3016 3015 3020 3018 3021 3018 3020 3019 3022 3023 3021 3020 3021 3023 3024 3023 3022 3025 3017 3016 3026 3027 3025 3017 3025 3027 3026 3028 3029 3029 3027 3026 3030 3028 3031 3028 3030 3029 3030 3031 3032 3033 3034 3035 3036 3037 3038 3039 3040 3041 3042 3043 3044 3045 3046 3047 3048 3049 3039 3050 3051 3052 3047 3046 3053 3054 3053 3055 3033 3035 3056 3057 3058 3059 3060 3061 3058 3034 3062 3035 3060 3063 3064 3058 3056 3035 3065 3064 3063 3061 3060 3064 3065 3066 3067 3068 3069 3070 3070 3034 3068 3063 3060 3038 3070 3069 3071 3072 3073 3074 3070 3071 3075 3057 3076 3077 3069 3078 3071 3040 3077 3074 3039 3079 3036 3080 3081 3082 3073 3040 3074 3083 3084 3085 3086 3080 3082 3083 3087 3088 3088 3087 3081 3089 3090 3075 3068 3034 3033 3075 3090 3070 3091 3089 3092 3062 3034 3090 3035 3062 3059 3037 3066 3063 3056 3058 3061 3058 3035 3059 3067 3066 3093 3038 3060 3057 3065 3063 3066 3063 3038 3037 3093 3066 3094 3034 3070 3090 3095 3096 3092 3091 3092 3096 3097 3098 3099 3100 3062 3091 3059 3100 3076 3079 3094 3037 3058 3057 3060 3057 3059 3076 3093 3094 3101 3036 3038 3077 3066 3037 3094 3037 3036 3079 3101 3094 3102 3062 3090 3091 3089 3091 3090 3099 3095 3097 3062 3100 3059 3103 3100 3096 3103 3074 3076 3049 3102 3079 3057 3077 3038 3077 3076 3074 3101 3102 3104 3039 3036 3040 3094 3079 3102 3079 3039 3049 3104 3102 3105 3100 3091 3096 3097 3106 3098 3107 3108 3109 3100 3103 3076 3099 3072 3103 3110 3111 3048 3111 3105 3049 3077 3040 3036 3040 3073 3041 3104 3105 3112 3048 3039 3041 3102 3049 3105 3049 3048 3111 3112 3105 3113 3103 3096 3099 3095 3099 3096 3073 3114 3041 3103 3072 3074 3115 3072 3098 3041 3116 3048 3114 3073 3115 3051 3113 3111 3116 3041 3114 3112 3113 3117 3110 3048 3116 3105 3111 3113 3111 3110 3051 3117 3113 3050 3099 3098 3072 3080 3086 3106 3114 3107 3116 3072 3115 3073 3086 3118 3115 3116 3109 3110 3118 3107 3114 3119 3051 3110 3116 3107 3109 3117 3050 3042 3110 3109 3119 3113 3051 3050 3051 3119 3052 3042 3050 3043 3115 3098 3086 3106 3086 3098 3120 3119 3109 3115 3118 3114 3082 3121 3118 3122 3052 3119 3121 3108 3107 3123 3043 3052 3108 3120 3109 3124 3045 3123 3122 3119 3120 3050 3052 3043 3052 3122 3123 3044 3043 3045 3118 3086 3082 3087 3085 3121 3085 3125 3108 3118 3121 3107 3085 3108 3121 3125 3126 3120 3125 3120 3108 3126 3127 3122 3126 3122 3120 3127 3124 3123 3127 3123 3122 3046 3045 3124 3044 3045 3047 3043 3123 3045 3082 3081 3087 3121 3082 3087 3125 3084 3128 3083 3085 3087 3126 3128 3129 3084 3125 3085 3127 3129 3130 3128 3126 3125 3124 3130 3131 3129 3127 3126 3046 3131 3055 3130 3124 3127 3055 3053 3046 3131 3046 3124 3132 3133 3134 3135 3136 3137 3138 3139 3140 3141 3142 3143 3144 3145 3146 3147 3148 3138 3149 3150 3151 3146 3145 3152 3153 3152 3154 3132 3134 3155 3156 3157 3158 3159 3160 3157 3133 3161 3134 3159 3162 3163 3157 3155 3134 3164 3163 3162 3160 3159 3163 3164 3165 3166 3167 3168 3169 3169 3133 3167 3162 3159 3137 3169 3168 3170 3171 3172 3173 3169 3170 3174 3156 3175 3176 3168 3177 3170 3139 3176 3173 3138 3178 3135 3179 3180 3181 3172 3139 3173 3182 3183 3184 3185 3179 3181 3182 3186 3187 3187 3186 3180 3188 3189 3174 3167 3133 3132 3174 3189 3169 3190 3188 3191 3161 3133 3189 3134 3161 3158 3136 3165 3162 3155 3157 3160 3157 3134 3158 3166 3165 3192 3137 3159 3156 3164 3162 3165 3162 3137 3136 3192 3165 3193 3133 3169 3189 3194 3195 3191 3190 3191 3195 3196 3197 3198 3199 3161 3190 3158 3199 3175 3178 3193 3136 3157 3156 3159 3156 3158 3175 3192 3193 3200 3135 3137 3176 3165 3136 3193 3136 3135 3178 3200 3193 3201 3161 3189 3190 3188 3190 3189 3198 3194 3196 3161 3199 3158 3202 3199 3195 3202 3173 3175 3148 3201 3178 3156 3176 3137 3176 3175 3173 3200 3201 3203 3138 3135 3139 3193 3178 3201 3178 3138 3148 3203 3201 3204 3199 3190 3195 3196 3205 3197 3206 3207 3208 3199 3202 3175 3198 3171 3202 3209 3210 3147 3210 3204 3148 3176 3139 3135 3139 3172 3140 3203 3204 3211 3147 3138 3140 3201 3148 3204 3148 3147 3210 3211 3204 3212 3202 3195 3198 3194 3198 3195 3172 3213 3140 3202 3171 3173 3214 3171 3197 3140 3215 3147 3213 3172 3214 3150 3212 3210 3215 3140 3213 3211 3212 3216 3209 3147 3215 3204 3210 3212 3210 3209 3150 3216 3212 3149 3198 3197 3171 3179 3185 3205 3213 3206 3215 3171 3214 3172 3185 3217 3214 3215 3208 3209 3217 3206 3213 3218 3150 3209 3215 3206 3208 3216 3149 3141 3209 3208 3218 3212 3150 3149 3150 3218 3151 3141 3149 3142 3214 3197 3185 3205 3185 3197 3219 3218 3208 3214 3217 3213 3181 3220 3217 3221 3151 3218 3220 3207 3206 3222 3142 3151 3207 3219 3208 3223 3144 3222 3221 3218 3219 3149 3151 3142 3151 3221 3222 3143 3142 3144 3217 3185 3181 3186 3184 3220 3184 3224 3207 3217 3220 3206 3184 3207 3220 3224 3225 3219 3224 3219 3207 3225 3226 3221 3225 3221 3219 3226 3223 3222 3226 3222 3221 3145 3144 3223 3143 3144 3146 3142 3222 3144 3181 3180 3186 3220 3181 3186 3224 3183 3227 3182 3184 3186 3225 3227 3228 3183 3224 3184 3226 3228 3229 3227 3225 3224 3223 3229 3230 3228 3226 3225 3145 3230 3154 3229 3223 3226 3154 3152 3145 3230 3145 3223 3231 3232 3233 3233 3234 3231 3235 3232 3236 3232 3235 3233 3237 3238 3236 3235 3236 3238 3237 3239 3240 3240 3238 3237 3239 3241 3240 3231 3234 3242 3243 3242 3244 3234 3244 3242 3245 3246 3243 3243 3244 3245 3246 3247 3248 3247 3246 3245 3249 3250 3251 3252 3253 3254 3255 3256 3257 3258 3259 3260 3261 3262 3263 3264 3265 3255 3266 3267 3268 3263 3262 3269 3270 3269 3271 3249 3251 3272 3273 3274 3275 3276 3277 3274 3250 3278 3251 3276 3279 3280 3274 3272 3251 3281 3280 3279 3277 3276 3280 3281 3282 3283 3284 3285 3286 3286 3250 3284 3279 3276 3254 3286 3285 3287 3288 3289 3290 3286 3287 3291 3273 3292 3293 3285 3294 3287 3256 3293 3290 3255 3295 3252 3296 3297 3298 3289 3256 3290 3299 3300 3301 3302 3296 3298 3299 3303 3304 3304 3303 3297 3305 3306 3291 3284 3250 3249 3291 3306 3286 3307 3305 3308 3278 3250 3306 3251 3278 3275 3253 3282 3279 3272 3274 3277 3274 3251 3275 3283 3282 3309 3254 3276 3273 3281 3279 3282 3279 3254 3253 3309 3282 3310 3250 3286 3306 3311 3312 3308 3307 3308 3312 3313 3314 3315 3316 3278 3307 3275 3316 3292 3295 3310 3253 3274 3273 3276 3273 3275 3292 3309 3310 3317 3252 3254 3293 3282 3253 3310 3253 3252 3295 3317 3310 3318 3278 3306 3307 3305 3307 3306 3315 3311 3313 3278 3316 3275 3319 3316 3312 3319 3290 3292 3265 3318 3295 3273 3293 3254 3293 3292 3290 3317 3318 3320 3255 3252 3256 3310 3295 3318 3295 3255 3265 3320 3318 3321 3316 3307 3312 3313 3322 3314 3323 3324 3325 3316 3319 3292 3315 3288 3319 3326 3327 3264 3327 3321 3265 3293 3256 3252 3256 3289 3257 3320 3321 3328 3264 3255 3257 3318 3265 3321 3265 3264 3327 3328 3321 3329 3319 3312 3315 3311 3315 3312 3289 3330 3257 3319 3288 3290 3331 3288 3314 3257 3332 3264 3330 3289 3331 3267 3329 3327 3332 3257 3330 3328 3329 3333 3326 3264 3332 3321 3327 3329 3327 3326 3267 3333 3329 3266 3315 3314 3288 3296 3302 3322 3330 3323 3332 3288 3331 3289 3302 3334 3331 3332 3325 3326 3334 3323 3330 3335 3267 3326 3332 3323 3325 3333 3266 3258 3326 3325 3335 3329 3267 3266 3267 3335 3268 3258 3266 3259 3331 3314 3302 3322 3302 3314 3336 3335 3325 3331 3334 3330 3298 3337 3334 3338 3268 3335 3337 3324 3323 3339 3259 3268 3324 3336 3325 3340 3261 3339 3338 3335 3336 3266 3268 3259 3268 3338 3339 3260 3259 3261 3334 3302 3298 3303 3301 3337 3301 3341 3324 3334 3337 3323 3301 3324 3337 3341 3342 3336 3341 3336 3324 3342 3343 3338 3342 3338 3336 3343 3340 3339 3343 3339 3338 3262 3261 3340 3260 3261 3263 3259 3339 3261 3298 3297 3303 3337 3298 3303 3341 3300 3344 3299 3301 3303 3342 3344 3345 3300 3341 3301 3343 3345 3346 3344 3342 3341 3340 3346 3347 3345 3343 3342 3262 3347 3271 3346 3340 3343 3271 3269 3262 3347 3262 3340 3348 3349 3350 3349 3348 3351 3352 3350 3353 3349 3353 3350 3354 3355 3352 3352 3353 3354 3356 3355 3354 3356 3357 3355 3358 3351 3348 3359 3360 3358 3351 3358 3360 3359 3361 3362 3362 3360 3359 3362 3363 3364 3363 3362 3361 3365 3366 3367 3368 3369 3370 3370 3371 3372 3373 3370 3374 3375 3376 3377 3378 3379 3369 3373 3371 3370 3380 3381 3382 3372 3371 3383 3384 3385 3386 3387 3388 3389 3382 3390 3380 3391 3392 3384 3393 3394 3395 3386 3396 3384 3397 3398 3399 3384 3400 3391 3401 3377 3402 3403 3404 3405 3406 3376 3407 3376 3406 3402 3408 3409 3410 3398 3411 3412 3393 3395 3408 3413 3403 3405 3414 3415 3394 3385 3384 3392 3386 3385 3390 3416 3417 3391 3390 3382 3386 3389 3381 3380 3388 3381 3389 3418 3387 3366 3365 3419 3418 3367 3379 3420 3421 3379 3378 3422 3365 3420 3420 3421 3423 3421 3420 3379 3422 3424 3425 3422 3423 3424 3426 3427 3424 3372 3368 3370 3428 3373 3374 3429 3428 3374 3368 3378 3369 3430 3374 3369 3431 3419 3425 3379 3367 3430 3365 3367 3420 3425 3424 3427 3423 3422 3420 3425 3419 3422 3432 3425 3427 3370 3369 3374 3433 3428 3429 3434 3433 3429 3369 3379 3430 3430 3435 3429 3436 3437 3431 3367 3366 3435 3418 3366 3365 3431 3425 3432 3422 3419 3365 3431 3437 3419 3438 3431 3432 3374 3430 3429 3439 3433 3434 3440 3439 3434 3430 3367 3435 3435 3441 3434 3442 3443 3436 3366 3387 3441 3388 3387 3418 3436 3431 3438 3419 3437 3418 3436 3443 3437 3444 3436 3438 3429 3435 3434 3445 3439 3440 3446 3445 3440 3435 3366 3441 3441 3447 3440 3418 3437 3388 3389 3447 3387 3442 3448 3449 3442 3436 3444 3437 3443 3388 3442 3449 3443 3450 3442 3444 3434 3441 3440 3451 3445 3446 3452 3451 3446 3441 3387 3447 3447 3453 3446 3388 3443 3381 3380 3453 3389 3448 3454 3455 3448 3442 3450 3443 3449 3381 3448 3455 3449 3456 3448 3450 3440 3447 3446 3457 3451 3452 3458 3457 3452 3447 3389 3453 3453 3459 3452 3381 3449 3382 3390 3459 3380 3460 3461 3454 3454 3448 3456 3449 3455 3382 3454 3396 3455 3460 3454 3456 3446 3453 3452 3462 3457 3458 3412 3462 3458 3453 3380 3459 3459 3463 3458 3382 3455 3386 3385 3463 3390 3464 3465 3461 3454 3461 3396 3455 3396 3386 3461 3400 3396 3460 3464 3461 3452 3459 3458 3411 3462 3412 3466 3467 3399 3459 3390 3463 3463 3468 3412 3417 3469 3391 3385 3392 3468 3470 3471 3465 3461 3465 3400 3396 3400 3384 3465 3416 3400 3464 3470 3465 3458 3463 3412 3397 3411 3398 3392 3391 3469 3463 3385 3468 3472 3398 3468 3404 3417 3405 3469 3472 3392 3473 3474 3471 3465 3471 3416 3400 3416 3391 3471 3475 3416 3470 3473 3471 3412 3468 3398 3467 3397 3399 3469 3417 3404 3468 3392 3472 3399 3472 3476 3417 3475 3405 3404 3476 3469 3477 3409 3474 3471 3474 3475 3416 3475 3417 3474 3478 3475 3473 3477 3474 3398 3472 3399 3479 3467 3466 3413 3405 3478 3472 3469 3476 3466 3476 3401 3480 3408 3395 3401 3404 3403 3481 3482 3413 3474 3409 3478 3475 3478 3405 3409 3481 3478 3477 3410 3409 3399 3476 3466 3479 3402 3406 3377 3403 3483 3476 3404 3401 3377 3401 3403 3483 3413 3482 3483 3403 3413 3482 3481 3480 3409 3408 3481 3478 3481 3413 3481 3408 3480 3410 3393 3408 3479 3466 3402 3401 3402 3466 3483 3484 3375 3376 3402 3377 3482 3485 3484 3375 3377 3483 3480 3486 3485 3484 3483 3482 3395 3415 3486 3485 3482 3480 3415 3395 3394 3486 3480 3395 3487 3488 3489 3488 3490 3491 3490 3488 3487 3492 3491 3493 3490 3493 3491 3494 3492 3495 3492 3493 3495 3496 3492 3494 3489 3497 3487 3498 3499 3497 3497 3489 3498 3499 3500 3501 3500 3499 3498 3500 3502 3501 3501 3502 3503 3504 3505 3506 3507 3508 3509 3510 3511 3512 3513 3514 3515 3516 3517 3514 3506 3505 3516 3507 3505 3504 3518 3519 3517 3509 3508 3512 3514 3506 3516 3520 3521 3522 3513 3522 3521 3523 3520 3524 3520 3523 3521 3525 3526 3527 3528 3523 3524 3529 3530 3531 3532 3531 3530 3524 3533 3528 3534 3525 3535 3536 3532 3537 3533 3538 3539 3539 3528 3533 3538 3540 3526 3515 3514 3519 3517 3519 3514 3521 3523 3541 3515 3522 3513 3506 3513 3542 3523 3528 3543 3542 3521 3541 3544 3528 3539 3523 3543 3541 3540 3545 3526 3528 3544 3543 3538 3526 3539 3539 3525 3544 3545 3527 3526 3513 3506 3514 3546 3541 3543 3547 3543 3544 3513 3521 3542 3504 3542 3548 3534 3544 3525 3548 3541 3546 3535 3525 3527 3546 3543 3547 3549 3530 3529 3547 3544 3534 3539 3526 3525 3545 3549 3527 3549 3529 3527 3542 3504 3506 3508 3548 3510 3510 3546 3550 3542 3541 3548 3510 3548 3546 3550 3547 3551 3550 3546 3547 3551 3534 3552 3551 3547 3534 3552 3535 3553 3552 3534 3535 3531 3553 3529 3529 3553 3535 3527 3529 3535 3504 3508 3507 3548 3508 3504 3550 3554 3511 3512 3508 3510 3551 3555 3554 3511 3510 3550 3552 3556 3555 3554 3550 3551 3553 3557 3556 3555 3551 3552 3531 3536 3557 3556 3552 3553 3536 3531 3532 3557 3553 3531 3558 3559 3560 3558 3561 3562 3562 3559 3558 3563 3561 3564 3561 3563 3562 3565 3566 3564 3563 3564 3566 3567 3566 3565 3568 3560 3559 3569 3570 3568 3560 3568 3570 3569 3571 3572 3572 3570 3569 3573 3571 3574 3571 3573 3572 3573 3574 3575 3576 3577 3578 3579 3580 3581 3582 3583 3584 3585 3586 3587 3588 3589 3586 3578 3577 3588 3579 3577 3576 3590 3591 3589 3581 3580 3584 3586 3578 3588 3592 3593 3594 3585 3594 3593 3595 3592 3596 3592 3595 3593 3597 3598 3599 3600 3595 3596 3601 3602 3603 3604 3603 3602 3596 3605 3600 3606 3597 3607 3608 3604 3609 3605 3610 3611 3611 3600 3605 3610 3612 3598 3587 3586 3591 3589 3591 3586 3593 3595 3613 3587 3594 3585 3578 3585 3614 3595 3600 3615 3614 3593 3613 3616 3600 3611 3595 3615 3613 3612 3617 3598 3600 3616 3615 3610 3598 3611 3611 3597 3616 3617 3599 3598 3585 3578 3586 3618 3613 3615 3619 3615 3616 3585 3593 3614 3576 3614 3620 3606 3616 3597 3620 3613 3618 3607 3597 3599 3618 3615 3619 3621 3602 3601 3619 3616 3606 3611 3598 3597 3617 3621 3599 3621 3601 3599 3614 3576 3578 3580 3620 3582 3582 3618 3622 3614 3613 3620 3582 3620 3618 3622 3619 3623 3622 3618 3619 3623 3606 3624 3623 3619 3606 3624 3607 3625 3624 3606 3607 3603 3625 3601 3601 3625 3607 3599 3601 3607 3576 3580 3579 3620 3580 3576 3622 3626 3583 3584 3580 3582 3623 3627 3626 3583 3582 3622 3624 3628 3627 3626 3622 3623 3625 3629 3628 3627 3623 3624 3603 3608 3629 3628 3624 3625 3608 3603 3604 3629 3625 3603 3630 3631 3632 3631 3633 3634 3633 3631 3630 3635 3634 3636 3633 3636 3634 3637 3638 3635 3635 3636 3637 3630 3632 3639 3640 3641 3639 3639 3632 3640 3641 3642 3643 3642 3641 3640 3643 3644 3645 3642 3644 3643 3643 3645 3646 3647 3648 3649 3650 3651 3652 3652 3653 3654 3655 3652 3656 3657 3658 3659 3660 3661 3651 3655 3653 3652 3662 3663 3664 3654 3653 3665 3666 3667 3668 3669 3670 3671 3664 3672 3662 3673 3674 3666 3675 3676 3677 3668 3678 3666 3679 3680 3681 3666 3682 3673 3683 3659 3684 3685 3686 3687 3688 3658 3689 3658 3688 3684 3690 3691 3692 3680 3693 3694 3675 3677 3690 3695 3685 3687 3696 3697 3676 3667 3666 3674 3668 3667 3672 3698 3699 3673 3672 3664 3668 3671 3663 3662 3670 3663 3671 3700 3669 3648 3647 3701 3700 3649 3661 3702 3703 3661 3660 3704 3647 3702 3702 3703 3705 3703 3702 3661 3704 3706 3707 3704 3705 3706 3708 3709 3706 3654 3650 3652 3710 3655 3656 3711 3710 3656 3650 3660 3651 3712 3656 3651 3713 3701 3707 3661 3649 3712 3647 3649 3702 3707 3706 3709 3705 3704 3702 3707 3701 3704 3714 3707 3709 3652 3651 3656 3715 3710 3711 3716 3715 3711 3651 3661 3712 3712 3717 3711 3718 3719 3713 3649 3648 3717 3700 3648 3647 3713 3707 3714 3704 3701 3647 3713 3719 3701 3720 3713 3714 3656 3712 3711 3721 3715 3716 3722 3721 3716 3712 3649 3717 3717 3723 3716 3724 3725 3718 3648 3669 3723 3670 3669 3700 3718 3713 3720 3701 3719 3700 3718 3725 3719 3726 3718 3720 3711 3717 3716 3727 3721 3722 3728 3727 3722 3717 3648 3723 3723 3729 3722 3700 3719 3670 3671 3729 3669 3724 3730 3731 3724 3718 3726 3719 3725 3670 3724 3731 3725 3732 3724 3726 3716 3723 3722 3733 3727 3728 3734 3733 3728 3723 3669 3729 3729 3735 3728 3670 3725 3663 3662 3735 3671 3730 3736 3737 3730 3724 3732 3725 3731 3663 3730 3737 3731 3738 3730 3732 3722 3729 3728 3739 3733 3734 3740 3739 3734 3729 3671 3735 3735 3741 3734 3663 3731 3664 3672 3741 3662 3742 3743 3736 3736 3730 3738 3731 3737 3664 3736 3678 3737 3742 3736 3738 3728 3735 3734 3744 3739 3740 3694 3744 3740 3735 3662 3741 3741 3745 3740 3664 3737 3668 3667 3745 3672 3746 3747 3743 3736 3743 3678 3737 3678 3668 3743 3682 3678 3742 3746 3743 3734 3741 3740 3693 3744 3694 3748 3749 3681 3741 3672 3745 3745 3750 3694 3699 3751 3673 3667 3674 3750 3752 3753 3747 3743 3747 3682 3678 3682 3666 3747 3698 3682 3746 3752 3747 3740 3745 3694 3679 3693 3680 3674 3673 3751 3745 3667 3750 3754 3680 3750 3686 3699 3687 3751 3754 3674 3755 3756 3753 3747 3753 3698 3682 3698 3673 3753 3757 3698 3752 3755 3753 3694 3750 3680 3749 3679 3681 3751 3699 3686 3750 3674 3754 3681 3754 3758 3699 3757 3687 3686 3758 3751 3759 3691 3756 3753 3756 3757 3698 3757 3699 3756 3760 3757 3755 3759 3756 3680 3754 3681 3761 3749 3748 3695 3687 3760 3754 3751 3758 3748 3758 3683 3762 3690 3677 3683 3686 3685 3763 3764 3695 3756 3691 3760 3757 3760 3687 3691 3763 3760 3759 3692 3691 3681 3758 3748 3761 3684 3688 3659 3685 3765 3758 3686 3683 3659 3683 3685 3765 3695 3764 3765 3685 3695 3764 3763 3762 3691 3690 3763 3760 3763 3695 3763 3690 3762 3692 3675 3690 3761 3748 3684 3683 3684 3748 3765 3766 3657 3658 3684 3659 3764 3767 3766 3657 3659 3765 3762 3768 3767 3766 3765 3764 3677 3697 3768 3767 3764 3762 3697 3677 3676 3768 3762 3677 3769 3770 3771 3770 3769 3772 3773 3771 3774 3770 3774 3771 3775 3776 3773 3773 3774 3775 3777 3778 3776 3777 3776 3775 3778 3779 3776 3772 3769 3780 3781 3782 3780 3772 3780 3782 3781 3783 3784 3784 3782 3781 3783 3785 3784 3786 3787 3788 3789 3790 3791 3792 3793 3794 3795 3796 3797 3798 3799 3800 3801 3802 3792 3803 3804 3805 3800 3799 3806 3807 3806 3808 3786 3788 3809 3810 3811 3812 3813 3814 3811 3787 3815 3788 3813 3816 3817 3811 3809 3788 3818 3817 3816 3814 3813 3817 3818 3819 3820 3821 3822 3823 3823 3787 3821 3816 3813 3791 3823 3822 3824 3825 3826 3827 3823 3824 3828 3810 3829 3830 3822 3831 3824 3793 3830 3827 3792 3832 3789 3833 3834 3835 3826 3793 3827 3836 3837 3838 3839 3833 3835 3836 3840 3841 3841 3840 3834 3842 3843 3828 3821 3787 3786 3828 3843 3823 3844 3842 3845 3815 3787 3843 3788 3815 3812 3790 3819 3816 3809 3811 3814 3811 3788 3812 3820 3819 3846 3791 3813 3810 3818 3816 3819 3816 3791 3790 3846 3819 3847 3787 3823 3843 3848 3849 3845 3844 3845 3849 3850 3851 3852 3853 3815 3844 3812 3853 3829 3832 3847 3790 3811 3810 3813 3810 3812 3829 3846 3847 3854 3789 3791 3830 3819 3790 3847 3790 3789 3832 3854 3847 3855 3815 3843 3844 3842 3844 3843 3852 3848 3850 3815 3853 3812 3856 3853 3849 3856 3827 3829 3802 3855 3832 3810 3830 3791 3830 3829 3827 3854 3855 3857 3792 3789 3793 3847 3832 3855 3832 3792 3802 3857 3855 3858 3853 3844 3849 3850 3859 3851 3860 3861 3862 3853 3856 3829 3852 3825 3856 3863 3864 3801 3864 3858 3802 3830 3793 3789 3793 3826 3794 3857 3858 3865 3801 3792 3794 3855 3802 3858 3802 3801 3864 3865 3858 3866 3856 3849 3852 3848 3852 3849 3826 3867 3794 3856 3825 3827 3868 3825 3851 3794 3869 3801 3867 3826 3868 3804 3866 3864 3869 3794 3867 3865 3866 3870 3863 3801 3869 3858 3864 3866 3864 3863 3804 3870 3866 3803 3852 3851 3825 3833 3839 3859 3867 3860 3869 3825 3868 3826 3839 3871 3868 3869 3862 3863 3871 3860 3867 3872 3804 3863 3869 3860 3862 3870 3803 3795 3863 3862 3872 3866 3804 3803 3804 3872 3805 3795 3803 3796 3868 3851 3839 3859 3839 3851 3873 3872 3862 3868 3871 3867 3835 3874 3871 3875 3805 3872 3874 3861 3860 3876 3796 3805 3861 3873 3862 3877 3798 3876 3875 3872 3873 3803 3805 3796 3805 3875 3876 3797 3796 3798 3871 3839 3835 3840 3838 3874 3838 3878 3861 3871 3874 3860 3838 3861 3874 3878 3879 3873 3878 3873 3861 3879 3880 3875 3879 3875 3873 3880 3877 3876 3880 3876 3875 3799 3798 3877 3797 3798 3800 3796 3876 3798 3835 3834 3840 3874 3835 3840 3878 3837 3881 3836 3838 3840 3879 3881 3882 3837 3878 3838 3880 3882 3883 3881 3879 3878 3877 3883 3884 3882 3880 3879 3799 3884 3808 3883 3877 3880 3808 3806 3799 3884 3799 3877 3885 3886 3887 3885 3888 3889 3889 3886 3885 3890 3888 3891 3888 3890 3889 3892 3893 3891 3890 3891 3893 3894 3893 3892 3895 3887 3886 3896 3897 3895 3887 3895 3897 3896 3898 3899 3899 3897 3896 3900 3898 3901 3898 3900 3899 3900 3901 3902 3903 3904 3905 3906 3907 3908 3909 3910 3911 3912 3913 3914 3915 3916 3917 3918 3919 3909 3920 3921 3922 3917 3916 3923 3924 3923 3925 3903 3905 3926 3927 3928 3929 3930 3931 3928 3904 3932 3905 3930 3933 3934 3928 3926 3905 3935 3934 3933 3931 3930 3934 3935 3936 3937 3938 3939 3940 3940 3904 3938 3933 3930 3908 3940 3939 3941 3942 3943 3944 3940 3941 3945 3927 3946 3947 3939 3948 3941 3910 3947 3944 3909 3949 3906 3950 3951 3952 3943 3910 3944 3953 3954 3955 3956 3950 3952 3953 3957 3958 3958 3957 3951 3959 3960 3945 3938 3904 3903 3945 3960 3940 3961 3959 3962 3932 3904 3960 3905 3932 3929 3907 3936 3933 3926 3928 3931 3928 3905 3929 3937 3936 3963 3908 3930 3927 3935 3933 3936 3933 3908 3907 3963 3936 3964 3904 3940 3960 3965 3966 3962 3961 3962 3966 3967 3968 3969 3970 3932 3961 3929 3970 3946 3949 3964 3907 3928 3927 3930 3927 3929 3946 3963 3964 3971 3906 3908 3947 3936 3907 3964 3907 3906 3949 3971 3964 3972 3932 3960 3961 3959 3961 3960 3969 3965 3967 3932 3970 3929 3973 3970 3966 3973 3944 3946 3919 3972 3949 3927 3947 3908 3947 3946 3944 3971 3972 3974 3909 3906 3910 3964 3949 3972 3949 3909 3919 3974 3972 3975 3970 3961 3966 3967 3976 3968 3977 3978 3979 3970 3973 3946 3969 3942 3973 3980 3981 3918 3981 3975 3919 3947 3910 3906 3910 3943 3911 3974 3975 3982 3918 3909 3911 3972 3919 3975 3919 3918 3981 3982 3975 3983 3973 3966 3969 3965 3969 3966 3943 3984 3911 3973 3942 3944 3985 3942 3968 3911 3986 3918 3984 3943 3985 3921 3983 3981 3986 3911 3984 3982 3983 3987 3980 3918 3986 3975 3981 3983 3981 3980 3921 3987 3983 3920 3969 3968 3942 3950 3956 3976 3984 3977 3986 3942 3985 3943 3956 3988 3985 3986 3979 3980 3988 3977 3984 3989 3921 3980 3986 3977 3979 3987 3920 3912 3980 3979 3989 3983 3921 3920 3921 3989 3922 3912 3920 3913 3985 3968 3956 3976 3956 3968 3990 3989 3979 3985 3988 3984 3952 3991 3988 3992 3922 3989 3991 3978 3977 3993 3913 3922 3978 3990 3979 3994 3915 3993 3992 3989 3990 3920 3922 3913 3922 3992 3993 3914 3913 3915 3988 3956 3952 3957 3955 3991 3955 3995 3978 3988 3991 3977 3955 3978 3991 3995 3996 3990 3995 3990 3978 3996 3997 3992 3996 3992 3990 3997 3994 3993 3997 3993 3992 3916 3915 3994 3914 3915 3917 3913 3993 3915 3952 3951 3957 3991 3952 3957 3995 3954 3998 3953 3955 3957 3996 3998 3999 3954 3995 3955 3997 3999 4000 3998 3996 3995 3994 4000 4001 3999 3997 3996 3916 4001 3925 4000 3994 3997 3925 3923 3916 4001 3916 3994 4002 4003 4004 4002 4005 4006 4006 4003 4002 4007 4005 4008 4005 4007 4006 4009 4010 4008 4007 4008 4010 4011 4010 4009 4012 4004 4003 4013 4014 4012 4004 4012 4014 4013 4015 4016 4016 4014 4013 4017 4015 4018 4015 4017 4016 4017 4018 4019 4020 4021 4022 4023 4024 4025 4026 4027 4028 4029 4030 4031 4032 4033 4034 4035 4036 4037 4038 4039 4040 4041 4042 4043 4044 4045 4046 4047 4048 4049 4050 4051 4052 4053 4054 4055 4056 4057 4058 4059 4060 4061 4062 4063 4064 4065 4066 4067 4068 4069 4070 4071 4072 4073 4074 4075 4076 4077 4078 4079 4080 4081 4082 4083 4084 4085 4086 4087 4088 4089 4090 4091 4092 4093 4094 4095 4096 4097 4098 4099 4100 4101 4102 4103 4104 4105 4106 4107 4108 4109 4110 4111 4112 4113 4114 4115 4116 4117 4118 4119 4120 4121 4122 4123 4124 4125 4126 4127 4128 4129 4130 4131 4132 4133 4134 4135 4136 4137 4138 4139 4140 4141 4142 4143 4144 4145 4146 4147 4148 4149 4150 4151 4152 4153 4154 4155 4156 4157 4158 4159 4160 4161 4162 4163 4164 4165 4166 4167 4168 4169 4170 4171 4172 4173 4172 4171 4174 4170 4175 4170 4174 4171 4175 4176 4177 4177 4174 4175 4178 4179 4176 4177 4176 4179 4180 4178 4181 4178 4180 4179 4181 4182 4183 4183 4180 4181 4184 4185 4182 4183 4182 4185 4186 4184 4187 4184 4186 4185 4187 4188 4189 4189 4186 4187 4190 4191 4188 4189 4188 4191 4192 4190 4193 4190 4192 4191 4193 4194 4195 4195 4192 4193 4196 4197 4194 4195 4194 4197 4198 4196 4199 4196 4198 4197 4199 4200 4201 4201 4198 4199 4202 4203 4200 4201 4200 4203 4204 4202 4205 4202 4204 4203 4205 4206 4207 4207 4204 4205 4208 4209 4206 4207 4206 4209 4210 4208 4211 4208 4210 4209 4211 4212 4213 4213 4210 4211 4214 4215 4212 4213 4212 4215 4216 4214 4217 4214 4216 4215 4217 4218 4219 4219 4216 4217 4023 4025 4218 4219 4218 4025 4172 4173 4164 4165 4168 4166 4173 4165 4164 4169 4160 4167 4168 4167 4166 4161 4159 4158 4158 4160 4169 4153 4163 4162 4163 4159 4161 4152 4154 4157 4153 4162 4154 4156 4155 4146 4152 4157 4156 4147 4150 4148 4155 4147 4146 4151 4142 4149 4150 4149 4148 4143 4141 4140 4140 4142 4151 4135 4145 4144 4145 4141 4143 4134 4136 4139 4135 4144 4136 4138 4137 4128 4134 4139 4138 4129 4132 4130 4137 4129 4128 4133 4124 4131 4132 4131 4130 4125 4123 4122 4122 4124 4133 4117 4127 4126 4127 4123 4125 4116 4118 4121 4117 4126 4118 4120 4119 4110 4116 4121 4120 4111 4114 4112 4119 4111 4110 4115 4106 4113 4114 4113 4112 4107 4105 4104 4104 4106 4115 4099 4109 4108 4109 4105 4107 4098 4100 4103 4099 4108 4100 4102 4101 4092 4098 4103 4102 4093 4096 4094 4101 4093 4092 4097 4088 4095 4096 4095 4094 4089 4087 4086 4086 4088 4097 4081 4091 4090 4091 4087 4089 4080 4082 4085 4081 4090 4082 4084 4083 4074 4080 4085 4084 4075 4078 4076 4083 4075 4074 4079 4070 4077 4078 4077 4076 4071 4069 4068 4068 4070 4079 4063 4073 4072 4073 4069 4071 4062 4064 4067 4063 4072 4064 4066 4065 4056 4062 4067 4066 4057 4060 4058 4065 4057 4056 4061 4052 4059 4060 4059 4058 4053 4051 4050 4050 4052 4061 4045 4055 4054 4055 4051 4053 4044 4046 4049 4045 4054 4046 4048 4047 4038 4044 4049 4048 4039 4042 4040 4047 4039 4038 4043 4034 4041 4042 4041 4040 4035 4033 4032 4032 4034 4043 4027 4037 4036 4037 4033 4035 4026 4028 4029 4027 4036 4028 4031 4030 4022 4026 4029 4031 4020 4024 4021 4030 4020 4022 4023 4021 4024 4725 4726 4727 4728 4729 4730 4731 4732 4733 4734 4735 4736 4737 4738 4739 4740 4741 4742 4743 4744 4745 4746 4747 4748 4749 4750 4751 4752 4753 4754 4755 4756 4757 4758 4759 4760 4761 4762 4763 4764 4765 4766 4767 4768 4769 4770 4771 4772 4773 4774 4775 4776 4777 4778 4779 4780 4781 4782 4783 4784 4785 4786 4787 4788 4789 4790 4791 4792 4793 4794 4795 4796 4797 4798 4799 4800 4801 4802 4803 4804 4805 4806 4807 4808 4809 4810 4811 4812 4813 4814 4815 4816 4817 4818 4819 4820 4821 4822 4823 4824 4825 4826 4827 4828 4829 4830 4831 4832 4833 4834 4835 4836 4837 4838 4839 4840 4841 4842 4843 4844 4845 4846 4847 4848 4849 4850 4851 4852 4853 4854 4855 4856 4857 4858 4859 4860 4861 4862 4863 4864 4865 4866 4867 4868 4869 4870 4871 4872 4873 4874 4875 4876 4877 4878 4879 4880 4881 4882 4883 4884 4885 4886 4887 4888 4889 4890 4891 4892 4892 4886 4890 4893 4894 4891 4892 4891 4894 4895 4893 4896 4893 4895 4894 4896 4897 4898 4898 4895 4896 4899 4900 4897 4898 4897 4900 4901 4899 4902 4899 4901 4900 4902 4903 4904 4904 4901 4902 4905 4906 4903 4904 4903 4906 4907 4905 4908 4905 4907 4906 4908 4909 4910 4910 4907 4908 4911 4912 4909 4910 4909 4912 4913 4911 4914 4911 4913 4912 4914 4915 4916 4916 4913 4914 4917 4918 4915 4916 4915 4918 4919 4917 4920 4917 4919 4918 4920 4921 4922 4922 4919 4920 4923 4924 4921 4922 4921 4924 4925 4923 4926 4923 4925 4924 4926 4927 4928 4928 4925 4926 4929 4930 4927 4928 4927 4930 4931 4929 4932 4929 4931 4930 4932 4933 4934 4934 4931 4932 4935 4936 4933 4934 4933 4936 4937 4935 4938 4935 4937 4936 4938 4939 4940 4940 4937 4938 4941 4942 4939 4940 4939 4942 4726 4941 4727 4941 4726 4942 4885 4884 4889 4886 4885 4890 4879 4888 4887 4887 4889 4884 4882 4878 4880 4878 4888 4879 4881 4883 4872 4882 4880 4883 4874 4873 4875 4881 4872 4874 4876 4868 4877 4873 4876 4875 4866 4871 4867 4868 4867 4877 4861 4870 4869 4869 4871 4866 4864 4860 4862 4860 4870 4861 4863 4865 4854 4864 4862 4865 4856 4855 4857 4863 4854 4856 4858 4850 4859 4855 4858 4857 4848 4853 4849 4850 4849 4859 4843 4852 4851 4851 4853 4848 4846 4842 4844 4842 4852 4843 4845 4847 4836 4846 4844 4847 4838 4837 4839 4845 4836 4838 4840 4832 4841 4837 4840 4839 4830 4835 4831 4832 4831 4841 4825 4834 4833 4833 4835 4830 4828 4824 4826 4824 4834 4825 4827 4829 4818 4828 4826 4829 4820 4819 4821 4827 4818 4820 4822 4814 4823 4819 4822 4821 4812 4817 4813 4814 4813 4823 4807 4816 4815 4815 4817 4812 4810 4806 4808 4806 4816 4807 4809 4811 4800 4810 4808 4811 4802 4801 4803 4809 4800 4802 4804 4796 4805 4801 4804 4803 4794 4799 4795 4796 4795 4805 4789 4798 4797 4797 4799 4794 4792 4788 4790 4788 4798 4789 4791 4793 4782 4792 4790 4793 4784 4783 4785 4791 4782 4784 4786 4778 4787 4783 4786 4785 4776 4781 4777 4778 4777 4787 4771 4780 4779 4779 4781 4776 4774 4770 4772 4770 4780 4771 4773 4775 4764 4774 4772 4775 4766 4765 4767 4773 4764 4766 4768 4760 4769 4765 4768 4767 4758 4763 4759 4760 4759 4769 4753 4762 4761 4761 4763 4758 4756 4752 4754 4752 4762 4753 4755 4757 4746 4756 4754 4757 4748 4747 4749 4755 4746 4748 4750 4742 4751 4747 4750 4749 4740 4745 4741 4742 4741 4751 4735 4744 4743 4743 4745 4740 4738 4734 4736 4734 4744 4735 4737 4739 4728 4738 4736 4739 4730 4729 4733 4737 4728 4730 4731 4725 4732 4729 4731 4733 4727 4732 4725 4943 4944 4945 4946 4947 4948 4949 4950 4951 4952 4953 4954 4955 4956 4957 4958 4959 4960 4961 4962 4963 4964 4965 4966 4967 4965 4968 4969 4970 4971 4972 4973 4974 4975 4976 4977 4978 4979 4980 4981 4982 4983 4984 4985 4986 4987 4988 4989 4990 4991 4992 4993 4994 4995 4996 4997 4998 4999 5000 5001 5002 5003 5004 5005 5006 5007 5008 5009 5010 5011 5012 5013 5014 5015 5016 5017 5018 5019 5020 5021 5022 5023 5024 5025 5026 5027 5028 5029 5030 5031 5032 5033 5034 5035 5036 5037 5038 5039 5040 5041 5042 5043 5044 5045 5046 5047 5048 5049 5050 5051 5052 5053 5054 5055 5056 5057 5058 5059 5060 5061 5062 5063 5064 5065 5066 5067 5068 5069 5070 5071 5072 5073 5074 5075 5076 5077 5078 5079 5072 5080 5081 5082 5083 5084 5085 5086 5087 5088 5089 5090 5091 5092 5093 5094 5089 5095 5088 5095 5089 5094 5096 5097 5096 5094 5095 5098 5097 5099 5097 5096 5099 5100 5098 5101 5098 5100 5097 5101 5102 5103 5103 5100 5101 5104 5105 5102 5103 5102 5105 5106 5104 5107 5104 5106 5105 5107 5108 5109 5109 5106 5107 5110 5111 5108 5109 5108 5111 5112 5110 5113 5110 5112 5111 5113 5114 5115 5115 5112 5113 5116 5117 5114 5115 5114 5117 5118 5116 5119 5116 5118 5117 5119 5120 5121 5121 5118 5119 5122 5121 5123 5120 5123 5121 5122 5124 5125 5124 5122 5123 5126 5127 5125 5125 5124 5126 5128 5127 5129 5126 5129 5127 5128 5130 5131 5130 5128 5129 5132 5133 5131 5131 5130 5132 5134 5133 5135 5132 5135 5133 5134 5136 5137 5136 5134 5135 5138 5139 5137 5137 5136 5138 4944 5139 5140 5138 5140 5139 4945 4944 5140 5090 5093 5092 5092 5088 5090 5091 5082 5084 5091 5093 5082 5083 5086 5085 5084 5083 5085 5079 5078 5087 5086 5079 5087 5081 5141 5077 5077 5141 5078 5142 5080 5072 5080 5141 5081 5075 5071 5073 5071 5142 5072 5074 5076 5065 5075 5073 5076 5067 5066 5068 5074 5065 5067 5069 5061 5070 5066 5069 5068 5059 5143 5060 5061 5060 5070 5143 5064 5063 5064 5143 5059 5053 5062 5054 5053 5063 5062 5055 5058 5057 5055 5054 5058 5056 5047 5049 5056 5058 5047 5048 5051 5050 5049 5048 5050 5144 5042 5052 5051 5144 5052 5046 5041 5043 5043 5042 5144 5035 5045 5044 5045 5041 5046 5037 5036 5039 5035 5044 5036 5038 5040 5031 5037 5039 5038 5030 5029 5032 5040 5029 5031 5033 5145 5034 5029 5033 5032 5024 5145 5025 5145 5024 5034 5027 5023 5028 5028 5023 5025 5017 5026 5018 5017 5027 5026 5019 5021 5020 5019 5018 5021 5022 5011 5013 5020 5022 5013 5014 5016 5012 5011 5014 5012 5015 5006 5146 5015 5146 5016 5010 5005 5007 5007 5006 5015 4999 5009 5008 5009 5005 5010 5001 5000 5003 4999 5008 5000 5002 5004 4995 5001 5003 5002 4993 5147 4994 5004 4993 4995 4998 5147 4996 5147 4998 4994 4987 4997 4988 4988 4997 4996 4991 4989 4992 4991 4987 4989 4981 4992 4982 4981 4990 4992 4983 4985 4984 4983 4982 4985 4986 4975 4977 4984 4986 4977 5148 4980 4976 4975 5148 4976 4970 4979 4978 4978 4980 5148 4973 4969 4971 4969 4979 4970 4972 4974 4964 4973 4971 4974 4966 4965 5149 4972 4964 4966 4967 4968 5150 5149 4965 4967 4959 5150 4960 4968 4960 5150 4961 4963 4958 4958 4963 4959 4952 4962 4953 4953 4962 4961 4956 4954 4957 4956 4952 4954 4955 4946 4948 4955 4957 4946 4947 4949 4951 4948 4947 4951 4943 5151 4950 4949 4943 4950 4945 5151 4943 5152 5153 5154 5155 5156 5157 5158 5159 5155 5155 5157 5158 5159 5160 5161 5160 5159 5158 5162 5161 5163 5160 5163 5161 5164 5165 5162 5162 5163 5164 5166 5167 5168 5154 5167 5166 5169 5170 5171 5172 5173 5171 5172 5171 5170 5174 5175 5176 5175 5177 5178 5179 5171 5173 5180 5181 5182 5183 5184 5185 5186 5185 5179 5187 5188 5189 5187 5190 5188 5185 5186 5191 5183 5185 5191 5171 5179 5185 5192 5193 5185 5153 5194 5154 5152 5154 5166 5195 5196 5153 5194 5153 5196 5196 5193 5192 5196 5195 5193 5197 5198 5199 5200 5201 5202 5193 5203 5171 5185 5193 5171 5204 5164 5205 5206 5171 5203 5171 5207 5164 5207 5171 5206 5164 5208 5209 5207 5208 5164 5164 5210 5211 5209 5210 5164 5211 5205 5164 5212 5213 5214 5204 5165 5164 5215 5216 5217 5216 5215 5218 5218 5215 5219 5216 5220 5217 5220 5221 5222 5222 5217 5220 5221 5223 5222 5224 5225 5226 5198 5227 5199 5228 5229 5199 5230 5231 5232 5233 5234 5235 5236 5231 5230 5231 5236 5237 5238 5237 5239 5236 5239 5237 5178 5177 5240 5241 5238 5239 5177 5242 5243 5244 5245 5177 5175 5246 5247 5247 5248 5175 5246 5175 5249 5175 5250 5249 5243 5244 5177 5248 5242 5177 5251 5252 5175 5251 5175 5178 5176 5175 5252 5253 5180 5175 5254 5255 5256 5257 5258 5259 5255 5260 5256 5188 5261 5262 5190 5261 5188 5263 5264 5181 5265 5181 5262 5181 5265 5266 5263 5181 5266 5188 5262 5181 5267 5257 5259 5260 5268 5256 5259 5255 5267 5254 5267 5255 5257 5180 5258 5188 5181 5180 5258 5180 5182 5269 5270 5180 5180 5270 5188 5271 5253 5175 5253 5269 5180 5175 5174 5271 5248 5177 5175 5272 5273 5274 5240 5177 5275 5177 5276 5275 5277 5278 5279 5279 5280 5273 5281 5282 5283 5282 5281 5284 5285 5286 5241 5241 5239 5285 5273 5232 5281 5232 5273 5230 5281 5287 5288 5287 5281 5283 5289 5290 5291 5292 5293 5294 5295 5296 5297 5292 5298 5293 5299 5300 5301 5302 5296 5295 5299 5303 5300 5303 5304 5300 5305 5306 5307 5295 5308 5302 5306 5305 5309 5310 5311 5312 5312 5235 5310 5279 5313 5277 5314 5279 5288 5315 5316 5178 5317 5318 5319 5316 5319 5318 5320 5321 5322 5279 5281 5288 5314 5313 5279 5318 5317 5320 5281 5279 5273 5178 5240 5315 5280 5274 5273 5323 5177 5272 5273 5272 5177 5324 5177 5325 5177 5323 5325 5177 5324 5276 5316 5315 5319 5326 5327 5328 5317 5321 5320 5329 5330 5322 5322 5321 5329 5329 5328 5327 5329 5327 5330 5328 5297 5326 5326 5297 5296 5331 5332 5235 5333 5233 5235 5334 5335 5336 5337 5331 5235 5338 5227 5198 5339 5199 5229 5340 5341 5199 5342 5343 5344 5345 5346 5347 5348 5349 5350 5351 5347 5352 5351 5345 5347 5353 5352 5347 5354 5355 5356 5357 5356 5355 5354 5290 5358 5354 5358 5355 5358 5290 5289 5359 5360 5361 5362 5356 5357 5363 5364 5359 5363 5359 5365 5364 5366 5359 5367 5368 5359 5366 5367 5359 5369 5294 5370 5371 5372 5373 5374 5294 5369 5370 5294 5375 5376 5304 5377 5303 5377 5304 5378 5298 5376 5376 5377 5378 5293 5298 5378 5373 5372 5379 5294 5380 5375 5381 5371 5373 5373 5374 5381 5294 5374 5373 5292 5373 5382 5292 5294 5373 5373 5383 5384 5382 5373 5384 5359 5383 5373 5359 5368 5383 5359 5362 5360 5362 5357 5360 5385 5386 5360 5365 5359 5361 5360 5387 5361 5347 5388 5389 5390 5391 5392 5393 5394 5395 5391 5390 5396 5350 5349 5397 5398 5349 5346 5399 5400 5401 5349 5347 5346 5398 5397 5349 5402 5403 5404 5405 5406 5407 5408 5409 5349 5406 5405 5410 5393 5411 5396 5396 5411 5391 5335 5334 5412 5413 5414 5415 5416 5414 5342 5342 5414 5413 5417 5335 5418 5395 5394 5419 5411 5393 5395 5420 5421 5365 5422 5423 5424 5421 5424 5423 5419 5409 5408 5409 5419 5394 5349 5409 5347 5423 5422 5425 5409 5388 5347 5365 5361 5420 5360 5347 5426 5389 5426 5347 5427 5360 5428 5360 5426 5428 5387 5360 5386 5360 5427 5385 5421 5420 5424 5429 5425 5430 5422 5430 5425 5431 5432 5433 5434 5435 5429 5429 5430 5434 5433 5432 5435 5433 5435 5434 5431 5415 5432 5431 5413 5415 5199 5341 5436 5343 5437 5344 5438 5439 5440 5441 5442 5443 5444 5412 5334 5226 5225 5445 5446 5447 5448 5235 5449 5310 5450 5451 5452 5453 5454 5451 5455 5456 5457 5458 5459 5460 5455 5457 5461 5462 5463 5464 5465 5462 5466 5467 5468 5469 5464 5466 5462 5470 5462 5469 5471 5469 5472 5470 5473 5462 5462 5474 5475 5473 5474 5462 5476 5477 5462 5475 5476 5462 5478 5479 5480 5400 5399 5481 5482 5401 5400 5405 5483 5484 5407 5483 5405 5485 5486 5404 5487 5404 5484 5404 5487 5488 5485 5404 5488 5405 5484 5404 5481 5478 5480 5482 5489 5401 5403 5479 5478 5481 5480 5400 5404 5403 5405 5403 5402 5479 5490 5405 5403 5403 5491 5492 5490 5403 5492 5462 5491 5403 5462 5477 5491 5471 5493 5469 5465 5467 5462 5469 5462 5467 5472 5469 5468 5494 5469 5495 5469 5494 5470 5469 5496 5495 5497 5498 5499 5500 5499 5501 5459 5458 5502 5457 5456 5503 5504 5505 5506 5507 5508 5503 5503 5456 5507 5506 5509 5510 5511 5506 5512 5513 5512 5514 5515 5508 5507 5516 5517 5512 5200 5518 5519 5520 5521 5515 5508 5515 5521 5520 5458 5500 5500 5521 5520 5522 5458 5460 5522 5523 5458 5524 5525 5526 5200 5527 5528 5451 5450 5453 5499 5529 5497 5530 5499 5523 5531 5532 5470 5533 5534 5535 5532 5535 5534 5536 5537 5538 5499 5458 5523 5530 5529 5499 5494 5531 5470 5458 5499 5500 5501 5539 5500 5533 5536 5534 5469 5500 5540 5539 5540 5500 5541 5469 5542 5469 5540 5542 5469 5543 5496 5469 5541 5543 5532 5531 5535 5544 5545 5546 5533 5537 5536 5547 5548 5538 5538 5537 5547 5547 5546 5545 5547 5545 5548 5453 5544 5454 5546 5454 5544 5528 5549 5200 5550 5551 5335 5551 5552 5335 5417 5553 5335 5518 5200 5554 5555 5556 5557 5558 5202 5201 5559 5560 5561 5557 5559 5561 5556 5562 5557 5556 5223 5562 5218 5219 5563 5562 5223 5221 5564 5565 5165 5212 5214 5563 5563 5219 5212 5213 5566 5567 5214 5213 5567 5165 5204 5566 5566 5204 5567 5568 5165 5569 5165 5566 5569 5570 5165 5571 5165 5568 5571 5165 5570 5564 5572 5506 5565 5165 5565 5506 5506 5572 5573 5506 5573 5574 5575 5525 5524 5576 5575 5577 5524 5577 5575 5578 5576 5579 5576 5577 5579 5578 5580 5581 5581 5576 5578 5580 5574 5581 5580 5512 5574 5574 5512 5506 5513 5516 5512 5517 5511 5512 5506 5511 5509 5506 5510 5504 5335 5582 5583 5554 5200 5584 5585 5550 5335 5335 5583 5418 5553 5585 5335 5335 5552 5336 5444 5226 5445 5444 5445 5412 5224 5586 5452 5224 5452 5225 5587 5450 5586 5586 5450 5452 5588 5589 5587 5587 5586 5588 5589 5590 5591 5590 5589 5588 5443 5591 5592 5590 5592 5591 5443 5592 5441 5443 5593 5594 5442 5593 5443 5443 5595 5596 5594 5595 5443 5443 5597 5598 5596 5597 5443 5199 5443 5599 5598 5599 5443 5199 5600 5340 5199 5599 5228 5339 5600 5199 5197 5199 5436 5338 5437 5601 5227 5338 5601 5602 5342 5344 5437 5343 5601 5603 5416 5602 5602 5416 5342 5604 5605 5603 5603 5602 5604 5605 5606 5607 5606 5605 5604 5446 5607 5608 5606 5608 5607 5446 5608 5447 5446 5609 5610 5448 5609 5446 5446 5611 5612 5610 5611 5446 5446 5613 5614 5612 5613 5446 5235 5446 5615 5614 5615 5446 5616 5333 5235 5235 5615 5337 5332 5616 5235 5235 5234 5449 5311 5306 5309 5311 5309 5312 5307 5617 5308 5307 5308 5305 5618 5302 5617 5617 5302 5308 5619 5620 5618 5618 5617 5619 5620 5621 5622 5621 5620 5619 5440 5622 5623 5621 5623 5622 5440 5623 5438 5440 5624 5625 5439 5624 5440 5440 5626 5627 5625 5626 5440 5440 5628 5629 5627 5628 5440 5200 5440 5630 5629 5630 5440 5631 5201 5200 5200 5630 5527 5549 5584 5200 5631 5200 5519 5558 5560 5632 5202 5558 5632 5633 5557 5561 5560 5559 5632 5634 5555 5633 5633 5555 5557 5635 5636 5634 5634 5633 5635 5636 5637 5638 5637 5636 5635 5582 5638 5639 5637 5639 5638 5640 5582 5641 5582 5639 5641 5642 5582 5643 5582 5640 5643 5644 5582 5645 5582 5642 5645 5646 5582 5647 5582 5644 5647 5583 5582 5646</p>
        </triangles>
        <triangles count="505" material="ID11">
          <input offset="0" semantic="VERTEX" source="#ID9"/>
          <p>4220 4221 4222 4223 4224 4225 4220 4226 4221 4227 4228 4220 4220 4228 4226 4229 4230 4231 4231 4232 4233 4227 4234 4235 4236 4237 4238 4239 4240 4234 4234 4241 4239 4242 4243 4244 4242 4244 4245 4220 4234 4227 4240 4235 4234 4246 4247 4234 4248 4249 4250 4251 4248 4252 4250 4252 4248 4253 4252 4254 4252 4253 4251 4255 4256 4253 4253 4254 4255 4257 4258 4259 4255 4246 4256 4246 4234 4220 4247 4246 4255 4246 4220 4260 4220 4261 4262 4260 4220 4262 4263 4261 4257 4220 4257 4261 4257 4259 4264 4257 4264 4263 4257 4265 4266 4258 4257 4266 4267 4268 4269 4270 4271 4272 4273 4274 4269 4269 4268 4273 4275 4276 4277 4273 4276 4274 4278 4279 4280 4281 4280 4279 4282 4281 4279 4283 4284 4285 4286 4287 4288 4289 4290 4291 4292 4293 4294 4293 4295 4294 4296 4297 4295 4294 4295 4297 4232 4298 4233 4299 4297 4296 4233 4300 4301 4302 4233 4303 4231 4304 4305 4304 4231 4306 4305 4307 4231 4231 4307 4308 4300 4233 4302 4306 4233 4301 4309 4231 4310 4309 4232 4231 4230 4310 4231 4311 4231 4236 4312 4313 4314 4315 4316 4317 4314 4313 4318 4244 4319 4320 4245 4244 4320 4321 4238 4322 4323 4319 4238 4238 4324 4323 4321 4324 4238 4244 4238 4319 4325 4316 4315 4318 4313 4326 4316 4325 4314 4312 4314 4325 4315 4317 4236 4244 4236 4238 4317 4237 4236 4327 4236 4328 4236 4244 4328 4329 4231 4311 4311 4236 4327 4231 4329 4229 4306 4231 4233 4330 4331 4332 4298 4333 4233 4233 4333 4334 4335 4336 4337 4336 4332 4338 4339 4340 4341 4341 4342 4339 4343 4299 4344 4299 4343 4297 4332 4345 4292 4292 4345 4293 4339 4346 4340 4332 4339 4345 4347 4348 4349 4350 4351 4352 4339 4353 4346 4347 4349 4354 4355 4356 4357 4358 4359 4360 4355 4357 4361 4361 4357 4362 4363 4364 4365 4358 4365 4364 4363 4365 4366 4291 4367 4368 4366 4367 4291 4336 4335 4369 4370 4353 4336 4371 4232 4372 4373 4374 4375 4372 4375 4374 4376 4377 4378 4336 4353 4339 4370 4336 4369 4375 4376 4373 4339 4332 4336 4232 4371 4298 4338 4332 4331 4379 4330 4233 4332 4233 4330 4380 4381 4233 4233 4381 4379 4233 4334 4380 4372 4374 4371 4382 4383 4384 4373 4376 4378 4385 4377 4386 4377 4385 4378 4385 4384 4383 4385 4386 4384 4383 4382 4352 4382 4350 4352 4387 4388 4291 4291 4389 4289 4390 4391 4392 4393 4291 4388 4394 4286 4284 4395 4396 4284 4284 4286 4397 4398 4399 4280 4400 4281 4401 4281 4282 4401 4402 4403 4404 4399 4405 4280 4406 4407 4408 4409 4406 4408 4410 4411 4409 4407 4402 4404 4412 4411 4410 4413 4411 4412 4407 4406 4402 4410 4409 4408 4414 4403 4415 4404 4403 4416 4403 4417 4418 4418 4415 4403 4419 4403 4420 4417 4403 4419 4421 4422 4348 4423 4424 4425 4426 4421 4348 4422 4427 4348 4428 4429 4362 4361 4362 4429 4430 4428 4354 4428 4430 4429 4349 4430 4354 4424 4431 4425 4348 4427 4432 4433 4424 4423 4424 4433 4426 4348 4424 4426 4347 4434 4424 4347 4424 4348 4424 4435 4436 4434 4435 4424 4403 4424 4436 4403 4436 4420 4404 4437 4438 4416 4403 4414 4416 4439 4404 4440 4441 4442 4281 4443 4444 4445 4446 4447 4400 4448 4281 4449 4445 4447 4405 4278 4280 4450 4449 4447 4280 4451 4452 4453 4454 4455 4442 4449 4450 4456 4457 4458 4459 4460 4461 4462 4284 4396 4463 4464 4465 4466 4465 4464 4467 4468 4469 4468 4470 4471 4472 4473 4474 4475 4476 4477 4478 4479 4480 4480 4479 4481 4440 4482 4441 4450 4440 4442 4483 4414 4484 4485 4486 4487 4484 4487 4486 4482 4452 4451 4451 4441 4482 4280 4281 4451 4487 4488 4485 4451 4281 4444 4414 4483 4416 4404 4489 4281 4443 4281 4489 4490 4491 4404 4404 4491 4489 4439 4437 4404 4404 4438 4490 4484 4486 4483 4492 4493 4488 4485 4488 4493 4494 4495 4496 4497 4492 4498 4492 4497 4493 4495 4498 4496 4495 4497 4498 4494 4496 4476 4494 4476 4475 4284 4499 4285 4286 4394 4287 4500 4468 4501 4480 4475 4478 4502 4501 4503 4502 4503 4504 4391 4504 4505 4359 4351 4360 4506 4507 4508 4509 4510 4511 4512 4513 4514 4507 4515 4508 4516 4517 4518 4516 4519 4520 4518 4521 4516 4517 4513 4522 4519 4516 4521 4523 4513 4516 4524 4525 4513 4523 4516 4526 4516 4527 4528 4526 4516 4528 4529 4516 4530 4527 4516 4529 4531 4532 4533 4455 4534 4453 4535 4455 4454 4464 4536 4537 4466 4464 4537 4538 4457 4539 4540 4536 4457 4457 4541 4540 4538 4541 4457 4464 4457 4536 4534 4532 4531 4535 4454 4542 4458 4531 4533 4534 4455 4532 4457 4464 4458 4458 4533 4456 4543 4458 4464 4458 4544 4545 4543 4544 4458 4516 4458 4545 4516 4545 4530 4525 4522 4513 4513 4546 4524 4547 4513 4512 4517 4516 4513 4225 4548 4549 4514 4513 4523 4550 4551 4552 4551 4550 4553 4554 4555 4515 4554 4515 4507 4556 4557 4558 4558 4559 4560 4561 4557 4562 4275 4277 4563 4555 4564 4565 4564 4555 4554 4566 4567 4568 4569 4570 4571 4572 4573 4574 4564 4575 4565 4567 4576 4577 4578 4575 4223 4575 4578 4565 4551 4578 4223 4579 4580 4581 4551 4582 4552 4572 4583 4584 4585 4582 4551 4225 4549 4586 4587 4585 4225 4588 4523 4589 4590 4591 4592 4589 4592 4591 4593 4594 4595 4225 4585 4551 4587 4225 4586 4223 4225 4551 4224 4223 4596 4590 4592 4593 4523 4588 4514 4513 4597 4223 4596 4223 4597 4598 4599 4513 4513 4599 4597 4513 4547 4600 4513 4600 4598 4589 4591 4588 4601 4602 4603 4590 4593 4595 4604 4594 4605 4594 4604 4595 4604 4603 4602 4604 4605 4603 4602 4601 4510 4601 4511 4510 4583 4572 4606 4505 4392 4391 4607 4608 4468 4609 4468 4500 4470 4468 4610 4608 4611 4468 4572 4574 4612 4613 4614 4572 4615 4613 4572 4616 4615 4617 4616 4617 4618 4618 4580 4579 4619 4563 4277 4268 4267 4620 4276 4275 4274 4271 4620 4621 4267 4621 4620 4622 4270 4272 4272 4271 4621 4622 4265 4570 4570 4270 4622 4566 4576 4567 4570 4265 4571 4571 4623 4624 4569 4571 4624 4571 4625 4626 4623 4571 4626 4562 4557 4627 4625 4571 4628 4558 4629 4630 4631 4632 4577 4577 4576 4631 4633 4634 4631 4632 4631 4634 4635 4633 4556 4633 4635 4634 4558 4635 4556 4557 4636 4627 4629 4558 4637 4558 4560 4637 4559 4557 4561 4559 4558 4557 4638 4557 4639 4557 4556 4639 4557 4628 4571 4628 4557 4638 4257 4571 4265 4640 4641 4642 4257 4643 4571 4644 4645 4646 4646 4647 4648 4641 4648 4647 4648 4644 4646 4640 4642 4643 4641 4647 4642 4643 4257 4640 4649 4650 4651 4471 4652 4468 4468 4652 4469 4503 4505 4504 4501 4502 4500 4610 4468 4611 4609 4607 4468 4653 4390 4509 4392 4509 4390 4653 4511 4654 4511 4653 4509 4655 4654 4656 4654 4511 4656 4657 4655 4658 4655 4657 4654 4658 4659 4660 4660 4657 4658 4459 4661 4659 4660 4659 4661 4662 4663 4459 4459 4663 4661 4459 4461 4664 4459 4664 4662 4459 4665 4666 4460 4459 4666 4459 4667 4668 4665 4459 4668 4669 4667 4284 4459 4284 4667 4462 4670 4284 4284 4670 4669 4287 4481 4288 4499 4284 4397 4395 4284 4283 4479 4288 4481 4671 4475 4477 4475 4671 4478 4477 4672 4673 4673 4671 4477 4674 4675 4672 4673 4672 4675 4675 4676 4677 4676 4675 4674 4678 4679 4677 4677 4676 4678 4680 4679 4650 4678 4650 4679 4681 4682 4650 4650 4682 4680 4650 4649 4681 4650 4683 4684 4651 4650 4684 4650 4685 4686 4683 4650 4686 4687 4685 4291 4650 4291 4685 4393 4688 4291 4291 4688 4687 4358 4364 4359 4389 4291 4368 4387 4291 4290 4366 4365 4367 4689 4351 4350 4351 4689 4360 4350 4690 4691 4691 4689 4350 4692 4693 4690 4691 4690 4693 4694 4692 4695 4692 4694 4693 4695 4696 4697 4697 4694 4695 4698 4697 4474 4696 4474 4697 4699 4700 4474 4474 4700 4698 4474 4473 4699 4474 4701 4702 4472 4474 4702 4474 4703 4704 4701 4474 4704 4572 4705 4474 4703 4474 4705 4579 4581 4706 4584 4707 4572 4572 4707 4705 4618 4617 4580 4613 4615 4616 4606 4572 4612 4614 4573 4572 4706 4563 4619 4581 4563 4706 4619 4708 4709 4709 4706 4619 4710 4711 4708 4709 4708 4711 4712 4710 4713 4710 4712 4711 4713 4714 4715 4715 4712 4713 4467 4716 4714 4715 4714 4716 4717 4718 4467 4467 4718 4716 4719 4720 4467 4467 4720 4717 4721 4722 4467 4467 4722 4719 4723 4724 4467 4467 4724 4721 4469 4723 4467</p>
        </triangles>
      </mesh>
    </geometry>
  </library_geometries>

  <library_visual_scenes>
    <visual_scene id="ID1">
      <node id="ID2" name="RobotArm">
        <node>
          <matrix>-1 -1.11022e-16 4.03426e-33 -0.0318297 -1.11022e-16 1 -1.22465e-16 0.005 -2.1888e-32 -1.22465e-16 -1 -0.00407511 0 0 0 1</matrix>
          <instance_node url="#ID3"/>
        </node>
        <node>
          <matrix>-1 2.18953e-47 -2.73691e-48 0.0318297 1.09476e-47 1 5.30532e-32 0.005 -2.46519e-32 1.1951e-31 -1 -0.00407511 0 0 0 1</matrix>
          <instance_node url="#ID3"/>
        </node>
      </node>
    </visual_scene>
  </library_visual_scenes>

  <scene>
    <instance_visual_scene url="#ID1"/>
  </scene>

  <library_nodes>
    <node id="ID3" name="MB_Profile_10mmx255mm">
      <instance_geometry url="#ID4">
        <bind_material>
          <technique_common>
            <instance_material symbol="ID10" target="#ID10"/>
            <instance_material symbol="ID11" target="#ID11"/>
          </technique_common>
        </bind_material>
      </instance_geometry>
    </node>
  </library_nodes>

</COLLADA>
