<?xml version="1.0" encoding="UTF-8" standalone="no" ?>
<COLLADA version="1.4.1" xmlns="http://www.collada.org/2005/11/COLLADASchema">

  <asset>
    <contributor>
      <authoring_tool>ONSHAPE BY PTC INC, 1.192</authoring_tool>
    </contributor>
    <created>2025-01-19T12:06:34</created>
    <modified>2025-01-19T12:06:34</modified>
    <unit meter="1" name="meters"/>
    <up_axis>Z_UP</up_axis>
  </asset>

  <library_materials>
    <material id="ID9" name="ID9">
      <instance_effect url="#ID9-fx"/>
    </material>
  </library_materials>

  <library_effects>
    <effect id="ID9-fx" name="ID9">
      <profile_COMMON>
        <technique sid="COMMON">
          <lambert>
            <diffuse>
              <color sid="diffuse">0.4 0.384314 0.34902 1</color>
            </diffuse>
            <transparent opaque="A_ONE">
              <color sid="transparent">1 1 1 1</color>
            </transparent>
            <transparency>
              <float sid="transparency">1</float>
            </transparency>
          </lambert>
        </technique>
        <extra>
          <technique profile="OTHER">
            <double_sided>1</double_sided>
          </technique>
        </extra>
      </profile_COMMON>
    </effect>
  </library_effects>

  <library_geometries>
    <geometry id="ID3">
      <mesh>
        <source id="ID4">
          <float_array count="16410" id="ID5">-0.0108441 0.0714305 -0.051 -0.0108441 0.0714305 0.021 -0.00639816 0.0737182 0.021 -0.00639816 0.0737182 -0.051 -0.00388568 0.0885062 0.033 -0.00430443 0.0860416 0.031 -0.00388568 0.0885062 0.031 -0.00457387 0.0844556 0.0309169 -0.00757923 0.0667665 0.033 -0.0048404 0.0828869 0.030667 -0.00535198 0.0798758 0.029659 -0.00510092 0.0813535 0.0302486 -0.0058087 0.0771876 0.0279568 -0.00558952 0.0784776 0.0288957 -0.00616741 0.0750763 0.025565 -0.00600363 0.0760403 0.0268439 -0.00636763 0.0738978 0.0225962 -0.00629255 0.0743397 0.0241392 -0.00757923 0.0667665 -0.051 -0.00639816 0.0737182 0.021 -0.00639816 0.0737182 -0.051 -0.0111791 0.0694588 -0.049 -0.0115227 0.0674365 -0.051 -0.0115227 0.0674365 -0.049 -0.0111791 0.0694588 0.031 -0.010817 0.0715904 0.0226026 -0.0108441 0.0714305 0.021 -0.0107379 0.0720558 0.0241418 -0.010254 0.0749042 0.0279576 -0.0104489 0.073757 0.0268455 -0.0106127 0.0727926 0.0255674 -0.0100349 0.0761936 0.028896 -0.00979747 0.0775911 0.029659 -0.0115227 0.0674365 0.033 -0.00954653 0.0790681 0.0302485 -0.00833166 0.0862186 0.033 -0.00928613 0.0806008 0.0306669 -0.00901972 0.0821688 0.0309169 -0.00875041 0.0837539 0.031 -0.00833166 0.0862186 0.031 -0.0115227 0.0674365 0.031 -0.0108441 0.0714305 -0.051 -0.00920739 0.0691238 0.031 -0.0111791 0.0694588 -0.049 -0.00920739 0.0691238 -0.049 -0.0111791 0.0694588 0.031 -0.021004 0.042776 -0.051 -0.0192557 0.0503366 -0.051 -0.0161482 0.047818 -0.051 -0.0287299 0.0420481 -0.051 -0.0266466 0.0386334 -0.051 -0.0329118 0.0355112 -0.051 -0.0236377 0.0457865 -0.051 -0.0122209 0.0536125 -0.051 -0.0157116 0.0555658 -0.051 -0.0343838 0.0392305 -0.051 -0.0347714 0.0347752 -0.051 -0.0362434 0.0384944 -0.051 -0.0131086 0.0613217 -0.051 -0.00933657 0.0599907 -0.051 -0.00757923 0.0667665 -0.051 -0.0115227 0.0674365 -0.051 -0.0108441 0.0714305 -0.051 -0.00639816 0.0737182 -0.051 -0.00833166 0.0862186 0.033 -0.00757923 0.0667665 0.033 -0.00388568 0.0885062 0.033 -0.0329118 0.0355112 0.033 -0.0287299 0.0420481 0.033 -0.0343838 0.0392305 0.033 -0.0131086 0.0613217 0.033 -0.0157116 0.0555658 0.033 -0.0122209 0.0536125 0.033 -0.00933657 0.0599907 0.033 -0.0115227 0.0674365 0.033 -0.0192557 0.0503366 0.033 -0.0236377 0.0457865 0.033 -0.021004 0.042776 0.033 -0.0161482 0.047818 0.033 -0.0266466 0.0386334 0.033 -0.0362434 0.0384944 0.033 -0.0347714 0.0347752 0.033 0.0111791 0.0694588 0.031 0.0115227 0.0674365 0.031 0.00955098 0.0671015 0.031 0.0223208 0.0442812 0.031 0.0236377 0.0457865 0.031 0.0276883 0.0403408 0.031 0.00920739 0.0691238 0.031 0.017702 0.0490773 0.031 0.0192557 0.0503366 0.031 0.0112226 0.0606562 0.031 0.0287299 0.0420481 0.031 0.0336478 0.0373708 0.031 0.0157116 0.0555658 0.031 0.0139662 0.0545892 0.031 0.0131086 0.0613217 0.031 0.0343838 0.0392305 0.031 0.00955098 0.0671015 -0.049 0.0115227 0.0674365 -0.049 0.0111791 0.0694588 -0.049 0.00920739 0.0691238 -0.049 0.0131086 0.0613217 -0.049 0.0112226 0.0606562 -0.049 0.017702 0.0490773 -0.049 0.0157116 0.0555658 -0.049 0.0139662 0.0545892 -0.049 0.0223208 0.0442812 -0.049 0.0276883 0.0403408 -0.049 0.0236377 0.0457865 -0.049 0.0192557 0.0503366 -0.049 0.0287299 0.0420481 -0.049 0.0336478 0.0373708 -0.049 0.0343838 0.0392305 -0.049 0.0139662 0.0545892 -0.049 0.0112226 0.0606562 0.031 0.0139662 0.0545892 0.031 0.00955098 0.0671015 0.031 0.0112226 0.0606562 -0.049 0.00955098 0.0671015 -0.049 0.0223208 0.0442812 0.031 0.0276883 0.0403408 0.031 0.0276883 0.0403408 -0.049 0.0223208 0.0442812 -0.049 0.017702 0.0490773 -0.049 0.017702 0.0490773 0.031 0.0336478 0.0373708 0.031 0.0336478 0.0373708 -0.049 0.00920572 0.0602536 0.0135307 0.00810742 0.0640869 0.0136624 0.00812818 0.0637584 0.0133265 0.00811242 0.0634254 0.0129956 0.00893153 0.060159 0.012638 0.00910183 0.0602177 0.0130729 0.00924064 0.0602656 0.014 0.0106971 0.0565697 0.0136485 0.0108582 0.0562705 0.014 0.00970464 0.05756 0.0122943 0.008699 0.0600788 0.0122366 0.00840998 0.0599791 0.0118787 0.00807158 0.0598624 0.0115729 0.00899325 0.0578763 0.0117038 0.00936668 0.057738 0.0119867 0.00710025 0.0614728 0.0113115 0.00728098 0.0595897 0.0111468 0.00814054 0.058 0.0112436 0.00858219 0.0579673 0.0114517 0.00739517 0.0617684 0.0115261 0.00769213 0.0597315 0.011327 0.00684824 0.0594405 0.0110369 0.00674867 0.061209 0.0111443 0.00590262 0.0608351 0.011 0.00634555 0.0609917 0.0110374 0.00687117 0.058 0.011 0.00763538 0.0620862 0.0117787 0.00782293 0.062415 0.0120574 0.00796265 0.0627505 0.0123565 0.00805825 0.0630888 0.012671 0.010501 0.0568516 0.0132984 0.0102703 0.0571128 0.0129538 0.0080514 0.0644085 0.014 0.0100056 0.0573498 0.0126186 0.00772939 0.058 0.0111093 0.00730286 0.058 0.0110276 0.00810742 0.0640869 0.0136624 0.0080514 0.0644085 0.014 0.0080514 0.0644085 -0.014 0.00805825 0.0630888 0.012671 0.00811242 0.0634254 0.0129956 0.00811243 0.0634254 -0.0129956 0.00812818 0.0637584 0.0133265 0.00810742 0.0640869 -0.0136624 0.00812819 0.0637584 -0.0133266 0.00777892 0.0623283 0.000783845 0.00782293 0.062415 0.0120574 0.00786423 0.0625026 0.000623826 0.00799994 0.0628651 -7.75812e-12 0.00798052 0.0628033 0.000240657 0.00796265 0.0627505 0.0123565 0.00726785 0.0616305 0.00128867 0.00710025 0.0614728 0.0113115 0.00739517 0.0617684 0.0115261 0.00767686 0.0621507 0.000930066 0.00755796 0.0619736 0.00106345 0.00763538 0.0620862 0.0117787 0.00602368 0.0608702 0.0014222 0.00604894 0.0608782 0.00479555 0.00606288 0.0608827 0.00496246 0.00690688 0.0613175 0.00144371 0.00674867 0.061209 0.0111443 0.00560099 0.0607708 0.00580533 0.00545346 0.0607511 0.00588308 0.0055188 0.060759 0.011 0.00590262 0.0608351 0.011 0.00593879 0.0608448 0.005445 0.0058467 0.0608206 0.00558346 0.00529432 0.060738 0.00593523 0.00512833 0.0607334 0.011 0.00512833 0.0607334 0.00596032 0.00573326 0.0607949 0.00570456 0.00545389 0.0607513 0.00404211 0.00540463 0.0607462 0.00102477 0.00529461 0.0607381 0.00398981 0.00600671 0.0608648 0.0052928 0.00604865 0.060878 0.00513061 0.00625406 0.0609527 0.00147971 0.00634555 0.0609917 0.0110374 0.00600732 0.0608652 0.00463361 0.00648225 0.0610563 0.00149982 0.00559041 0.0607692 0.00119253 0.00560162 0.0607712 0.00412003 0.00573387 0.0607954 0.00422099 0.00579938 0.0608095 0.00132632 0.00584744 0.0608211 0.00434234 0.00593941 0.0608453 0.004481 0.00512833 0.0607331 0.00396466 0.00524909 0.0607359 0.000827542 0.00512833 0.0607334 0.000607056 0.00559036 0.0607692 -0.00119256 0.00545346 0.0607511 -0.00411692 0.00540467 0.0607462 -0.00102472 0.0069068 0.0613174 -0.00144377 0.00674865 0.0612091 -0.0111442 0.00670132 0.0611789 -0.00148632 0.00670138 0.0611789 0.00148643 0.00709614 0.061469 0.00137646 0.00739516 0.0617684 -0.0115261 0.00710024 0.0614729 -0.0113114 0.00726774 0.0616304 -0.00128863 0.00742177 0.0617995 0.00118358 0.00763537 0.0620862 -0.0117787 0.00755802 0.0619737 -0.00106403 0.00767704 0.062151 -0.000930975 0.0078641 0.0625024 -0.000623945 0.00782294 0.062415 -0.0120575 0.0077789 0.0623283 -0.000784342 0.00793227 0.0626667 0.000445663 0.0080583 0.0630886 -0.0126712 0.00796271 0.0627503 -0.0123567 0.00793222 0.0626666 -0.000446016 0.00742162 0.0617993 -0.00118351 0.00709602 0.0614689 -0.0013765 0.00602364 0.0608701 -0.00142215 0.00606288 0.0608827 -0.00503754 0.00604865 0.060878 -0.00486939 0.00590262 0.0608351 -0.011 0.00604894 0.0608782 -0.00520445 0.0057994 0.0608094 -0.00132624 0.00573326 0.0607949 -0.00429544 0.00593879 0.0608448 -0.004555 0.00560099 0.0607708 -0.00419467 0.00524901 0.0607359 -0.000827573 0.00529432 0.060738 -0.00406477 0.00512833 0.0607334 -0.00403968 0.00512833 0.0607334 -0.000607053 0.0058467 0.0608206 -0.00441654 0.0055188 0.060759 -0.011 0.00573387 0.0607954 -0.00577901 0.00648218 0.0610563 -0.00149985 0.0063455 0.0609919 -0.0110372 0.00625409 0.0609527 -0.00147948 0.00600671 0.0608648 -0.0047072 0.00600732 0.0608652 -0.00536639 0.00584744 0.0608211 -0.00565766 0.00593941 0.0608453 -0.005519 0.00545389 0.0607513 -0.00595789 0.00560162 0.0607712 -0.00587997 0.00529461 0.0607381 -0.00601019 0.00512833 0.0607334 -0.011 0.00512833 0.0607331 -0.00603534 0.00798059 0.0628037 -0.000240963 0.00807158 0.0598624 -0.0115729 0.00763537 0.0620862 -0.0117787 0.00840998 0.0599791 -0.0118787 0.00739516 0.0617684 -0.0115261 0.00899325 0.0578763 -0.0117038 0.00936668 0.057738 -0.0119867 0.00769213 0.0597315 -0.011327 0.00710024 0.0614729 -0.0113114 0.00858219 0.0579673 -0.0114517 0.00674865 0.0612091 -0.0111442 0.00728098 0.0595897 -0.0111468 0.00814054 0.058 -0.0112436 0.00684824 0.0594405 -0.0110369 0.0063455 0.0609919 -0.0110372 0.00970464 0.05756 -0.0122943 0.008699 0.0600788 -0.0122366 0.00687117 0.058 -0.011 0.00590262 0.0608351 -0.011 0.00730286 0.058 -0.0110276 0.00772939 0.058 -0.0111093 0.00782294 0.062415 -0.0120575 0.0080583 0.0630886 -0.0126712 0.00893153 0.060159 -0.012638 0.00796271 0.0627503 -0.0123567 0.00811243 0.0634254 -0.0129956 0.0102703 0.0571128 -0.0129538 0.00910183 0.0602177 -0.0130729 0.00812819 0.0637584 -0.0133266 0.00920572 0.0602536 -0.0135307 0.00810742 0.0640869 -0.0136624 0.0080514 0.0644085 -0.014 0.00924064 0.0602656 -0.014 0.0106971 0.0565697 -0.0136485 0.0108582 0.0562705 -0.014 0.0100056 0.0573498 -0.0126186 0.010501 0.0568516 -0.0132984 0.021004 0.042776 0.033 0.0266466 0.0386334 0.033 0.0236377 0.0457865 0.033 0.0343838 0.0392305 0.033 0.0347714 0.0347752 0.033 0.0362434 0.0384944 0.033 0.0122209 0.0536125 0.033 0.0161482 0.047818 0.033 0.0157116 0.0555658 0.033 0.0192557 0.0503366 0.033 0.0131086 0.0613217 0.033 0.0115227 0.0674365 0.033 0.00933657 0.0599907 0.033 0.00833166 0.0862186 0.033 0.00757923 0.0667665 0.033 0.00388568 0.0885062 0.033 0.0287299 0.0420481 0.033 0.0329118 0.0355112 0.033 0.0270341 0.0384 0.014 0.0329118 0.0355112 0.033 0.0266466 0.0386334 0.033 0.0122209 0.0536125 0.033 0.0161482 0.047818 -0.051 0.0161482 0.047818 0.033 0.0266466 0.0386334 -0.051 0.0270341 0.0384 -0.014 0.0232977 0.0409109 -0.014 0.0080514 0.0644085 -0.014 0.00757923 0.0667665 0.033 0.00757923 0.0667665 -0.051 0.0108582 0.0562705 -0.014 0.00933657 0.0599907 -0.051 0.0122209 0.0536125 -0.051 0.00933657 0.0599907 0.033 0.00924064 0.0602656 0.014 0.0108582 0.0562705 0.014 0.0198591 0.0438163 -0.014 0.021004 0.042776 -0.051 0.0232977 0.0409109 0.014 0.021004 0.042776 0.033 0.0198591 0.0438163 0.014 0.0329118 0.0355112 -0.051 0.0080514 0.0644085 0.014 0.00924064 0.0602656 -0.014 0.00757923 0.0667665 -0.051 0.0108441 0.0714305 -0.051 0.0115227 0.0674365 -0.051 0.0343838 0.0392305 -0.051 0.0362434 0.0384944 -0.051 0.0347714 0.0347752 -0.051 0.0287299 0.0420481 -0.051 0.0266466 0.0386334 -0.051 0.0236377 0.0457865 -0.051 0.00933657 0.0599907 -0.051 0.00639816 0.0737182 -0.051 0.0122209 0.0536125 -0.051 0.0131086 0.0613217 -0.051 0.0157116 0.0555658 -0.051 0.0192557 0.0503366 -0.051 0.0161482 0.047818 -0.051 0.021004 0.042776 -0.051 0.0329118 0.0355112 -0.051 0.0131086 0.0613217 -0.051 0.0115227 0.0674365 -0.051 0.0115227 0.0674365 -0.049 0.0236377 0.0457865 -0.051 0.0192557 0.0503366 -0.051 0.0192557 0.0503366 -0.049 0.0157116 0.0555658 -0.051 0.0131086 0.0613217 -0.049 0.0157116 0.0555658 -0.049 0.0343838 0.0392305 -0.051 0.0287299 0.0420481 -0.051 0.0287299 0.0420481 -0.049 0.0236377 0.0457865 -0.049 0.0343838 0.0392305 -0.049 0.0157116 0.0555658 0.031 0.0131086 0.0613217 0.033 0.0157116 0.0555658 0.033 0.0115227 0.0674365 0.033 0.0131086 0.0613217 0.031 0.0115227 0.0674365 0.031 0.0236377 0.0457865 0.033 0.0287299 0.0420481 0.033 0.0287299 0.0420481 0.031 0.0236377 0.0457865 0.031 0.0192557 0.0503366 0.031 0.0192557 0.0503366 0.033 0.0343838 0.0392305 0.033 0.0343838 0.0392305 0.031 0.02 0.00762822 -0.000778036 0.02 0.00811995 -0.00165702 0.02 0.00838388 -0.00144391 0.02 0.00651231 -0.000873014 0.02 0.00637178 -0.000778036 0.02 0.00588005 -0.00165702 0.02 0.00624933 -0.000660675 0.02 0.00561612 -0.00144391 0.02 0.00750396 -0.00193547 0.02 0.007169 -0.000985616 0.02 0.00716961 -0.00199279 0.02 0.00666686 -0.000942877 0.02 0.0061762 -0.00182246 0.02 0.006831 -0.000985616 0.02 0.00649604 -0.00193547 0.02 0.00683039 -0.00199279 0.02 0.007 -0.001 0.02 0.00521415 -0.000900407 0.02 0.00614847 -0.000524307 0.02 0.00607211 -0.000372856 0.02 0.00539201 -0.00118927 0.02 0.00785153 -0.000524307 0.02 0.00775067 -0.000660675 0.02 0.00860799 -0.00118927 0.02 0.00733314 -0.000942877 0.02 0.0078238 -0.00182246 0.02 0.00748769 -0.000873014 0.02 0.00891233 -0.000585646 0.02 0.00797756 -0.000210679 0.02 0.00792789 -0.000372856 0.02 0.0060009 -4.24412e-05 0.02 0.0060081 0.000127018 0.02 0.0050018 8.48824e-05 0.02 0.0089838 -0.000254036 0.02 0.0089982 8.48824e-05 0.02 0.0079991 -4.24412e-05 0.02 0.00604383 0.000292823 0.02 0.00504489 0.000421359 0.02 0.00795617 0.000292823 0.02 0.0079919 0.000127018 0.02 0.00895511 0.000421359 0.02 0.00610707 0.000450204 0.02 0.00514422 0.000745713 0.02 0.006196 0.000594633 0.02 0.00529694 0.00104861 0.02 0.00630806 0.000721956 0.02 0.00549866 0.00132135 0.02 0.00789293 0.000450204 0.02 0.00885578 0.000745713 0.02 0.00644003 0.00082851 0.02 0.00574356 0.00155607 0.02 0.007804 0.000594633 0.02 0.00870306 0.00104861 0.02 0.00769194 0.000721956 0.02 0.00825644 0.00155607 0.02 0.00755997 0.00082851 0.02 0.00850134 0.00132135 0.02 0.00725198 0.000967733 0.02 0.007338 0.00197123 0.02 0.00708481 0.000996397 0.02 0.00691519 0.000996397 0.02 0.006662 0.00197123 0.02 0.00674802 0.000967733 0.02 0.00766628 0.00188575 0.02 0.0074119 0.000911228 0.02 0.007 0.002 0.02 0.00633372 0.00188575 0.02 0.0065881 0.000911228 0.02 0.00797539 0.00174603 0.02 0.00602461 0.00174603 0.02 0.00602244 -0.000210679 0.02 0.0050162 -0.000254036 0.02 0.00508767 -0.000585646 0.02 0.00878585 -0.000900407 0.02 0.00062822 0.00622196 0.02 0.00111995 0.00534298 0.02 0.00138388 0.00555609 0.02 -0.000487695 0.00612699 0.02 -0.00062822 0.00622196 0.02 -0.00111995 0.00534298 0.02 -0.000750672 0.00633933 0.02 -0.00138388 0.00555609 0.02 0.000503956 0.00506453 0.02 0.000169001 0.00601438 0.02 0.000169612 0.00500721 0.02 -0.00033314 0.00605712 0.02 -0.000823802 0.00517754 0.02 -0.000169001 0.00601438 0.02 -0.000503956 0.00506453 0.02 -0.000169612 0.00500721 0.02 1.56198e-17 0.006 0.02 -0.00178585 0.00609959 0.02 -0.000851529 0.00647569 0.02 -0.000927889 0.00662714 0.02 -0.00160799 0.00581073 0.02 0.000851529 0.00647569 0.02 0.000750672 0.00633933 0.02 0.00160799 0.00581073 0.02 0.00033314 0.00605712 0.02 0.000823802 0.00517754 0.02 0.000487695 0.00612699 0.02 0.00191233 0.00641435 0.02 0.000977555 0.00678932 0.02 0.000927889 0.00662714 0.02 -0.000999099 0.00695756 0.02 -0.0009919 0.00712702 0.02 -0.0019982 0.00708488 0.02 0.0019838 0.00674596 0.02 0.0019982 0.00708488 0.02 0.000999099 0.00695756 0.02 -0.000956167 0.00729282 0.02 -0.00195511 0.00742136 0.02 0.000956167 0.00729282 0.02 0.0009919 0.00712702 0.02 0.00195511 0.00742136 0.02 -0.000892926 0.0074502 0.02 -0.00185578 0.00774571 0.02 -0.000803997 0.00759463 0.02 -0.00170306 0.00804861 0.02 -0.000691939 0.00772196 0.02 -0.00150134 0.00832135 0.02 0.000892926 0.0074502 0.02 0.00185578 0.00774571 0.02 -0.000559975 0.00782851 0.02 -0.00125644 0.00855607 0.02 0.000803997 0.00759463 0.02 0.00170306 0.00804861 0.02 0.000691939 0.00772196 0.02 0.00125644 0.00855607 0.02 0.000559975 0.00782851 0.02 0.00150134 0.00832135 0.02 0.000251978 0.00796773 0.02 0.000338002 0.00897123 0.02 8.48059e-05 0.0079964 0.02 -8.48059e-05 0.0079964 0.02 -0.000338002 0.00897123 0.02 -0.000251978 0.00796773 0.02 0.00066628 0.00888575 0.02 0.000411901 0.00791123 0.02 1.54361e-17 0.009 0.02 -0.00066628 0.00888575 0.02 -0.000411901 0.00791123 0.02 0.00097539 0.00874603 0.02 -0.00097539 0.00874603 0.02 -0.000977555 0.00678932 0.02 -0.0019838 0.00674596 0.02 -0.00191233 0.00641435 0.02 0.00178585 0.00609959 0.02 -0.00191233 -0.00758565 0.02 -0.000915773 -0.0074017 0.02 -0.0009694 -0.00724549 0.02 -0.00111995 -0.00865702 0.02 -0.000475947 -0.00787947 0.02 -0.000614213 -0.00778914 0.02 -0.000735724 -0.00767728 0.02 -0.00138388 -0.00844391 0.02 0.000735724 -0.00767728 0.02 0.000614213 -0.00778914 0.02 0.00138388 -0.00844391 0.02 -0.000324699 -0.00794582 0.02 -0.000503956 -0.00893547 0.02 -0.000164595 -0.00798636 0.02 0.000324699 -0.00794582 0.02 0.000164595 -0.00798636 0.02 0.000503956 -0.00893547 0.02 1.47007e-17 -0.008 0.02 0.000169612 -0.00899279 0.02 -0.000169612 -0.00899279 0.02 -0.000823802 -0.00882246 0.02 0.000475947 -0.00787947 0.02 0.00111995 -0.00865702 0.02 0.000823802 -0.00882246 0.02 -0.00178585 -0.00790041 0.02 -0.000837167 -0.00754695 0.02 -0.00160799 -0.00818927 0.02 0.00178585 -0.00790041 0.02 0.000915773 -0.0074017 0.02 0.000837167 -0.00754695 0.02 0.00160799 -0.00818927 0.02 0.00191233 -0.00758565 0.02 0.0009694 -0.00724549 0.02 -0.0019838 -0.00725404 0.02 -0.000996584 -0.00708258 0.02 -0.0019982 -0.00691512 0.02 0.000996584 -0.00708258 0.02 0.0019838 -0.00725404 0.02 -0.0009694 -0.00675451 0.02 -0.00195511 -0.00657864 0.02 -0.000996584 -0.00691742 0.02 0.0019982 -0.00691512 0.02 0.000996584 -0.00691742 0.02 -0.00185578 -0.00625429 0.02 -0.000915773 -0.0065983 0.02 -0.00170306 -0.00595139 0.02 0.0009694 -0.00675451 0.02 0.00195511 -0.00657864 0.02 -0.00066628 -0.00511424 0.02 -0.000475947 -0.00612053 0.02 -0.000324699 -0.00605418 0.02 0.00185578 -0.00625429 0.02 0.000915773 -0.0065983 0.02 -0.000338002 -0.00502877 0.02 1.45782e-17 -0.006 0.02 1.4517e-17 -0.005 0.02 0.000837167 -0.00645305 0.02 0.00170306 -0.00595139 0.02 0.000614213 -0.00621086 0.02 0.000735724 -0.00632272 0.02 0.00125644 -0.00544393 0.02 0.00150134 -0.00567865 0.02 0.000324699 -0.00605418 0.02 0.000475947 -0.00612053 0.02 0.00066628 -0.00511424 0.02 0.000164595 -0.00601364 0.02 0.000338002 -0.00502877 0.02 0.00097539 -0.00525397 0.02 -0.000614213 -0.00621086 0.02 -0.00097539 -0.00525397 0.02 -0.00125644 -0.00544393 0.02 -0.000837167 -0.00645305 0.02 -0.000735724 -0.00632272 0.02 -0.00150134 -0.00567865 0.02 -0.000164595 -0.00601364 0.0183 0.007 0.001 0.02 0.00708481 0.000996397 0.02 0.00691519 0.000996397 0.02 0.00674802 0.000967733 0.0183 0.00683541 0.000986361 0.02 0.0065881 0.000911228 0.0183 0.0066753 0.000945817 0.0183 0.00652405 0.000879474 0.02 0.00644003 0.00082851 0.02 0.00630806 0.000721956 0.0183 0.00638579 0.000789141 0.02 0.006196 0.000594633 0.0183 0.00626428 0.000677282 0.0183 0.00616283 0.000546948 0.02 0.00610707 0.000450204 0.02 0.00604383 0.000292823 0.0183 0.00608423 0.000401695 0.02 0.0060081 0.000127018 0.0183 0.0060306 0.000245485 0.0183 0.00600342 8.25793e-05 0.02 0.0060009 -4.24412e-05 0.0183 0.00600342 -8.25793e-05 0.02 0.00602244 -0.000210679 0.0183 0.0060306 -0.000245485 0.0183 0.00608423 -0.000401695 0.02 0.00607211 -0.000372856 0.02 0.00614847 -0.000524307 0.0183 0.00616283 -0.000546948 0.02 0.00624933 -0.000660675 0.0183 0.00626428 -0.000677282 0.0183 0.00638579 -0.000789141 0.02 0.00637178 -0.000778036 0.02 0.00651231 -0.000873014 0.0183 0.00652405 -0.000879474 0.02 0.00666686 -0.000942877 0.0183 0.0066753 -0.000945817 0.0183 0.00683541 -0.000986361 0.02 0.006831 -0.000985616 0.02 0.007 -0.001 0.0183 0.007 -0.001 0.0183 0.00716459 0.000986361 0.02 0.00725198 0.000967733 0.0183 0.0073247 0.000945817 0.0183 0.00747595 0.000879474 0.02 0.0074119 0.000911228 0.0183 0.00761421 0.000789141 0.02 0.00755997 0.00082851 0.02 0.00769194 0.000721956 0.0183 0.00773572 0.000677282 0.0183 0.00783717 0.000546948 0.02 0.007804 0.000594633 0.0183 0.00791577 0.000401695 0.02 0.00789293 0.000450204 0.02 0.00795617 0.000292823 0.0183 0.0079694 0.000245485 0.0183 0.00799658 8.25793e-05 0.02 0.0079919 0.000127018 0.0183 0.00799658 -8.25793e-05 0.02 0.0079991 -4.24412e-05 0.02 0.00797756 -0.000210679 0.0183 0.0079694 -0.000245485 0.0183 0.00791577 -0.000401695 0.02 0.00792789 -0.000372856 0.0183 0.00783717 -0.000546948 0.02 0.00785153 -0.000524307 0.02 0.00775067 -0.000660675 0.0183 0.00773572 -0.000677282 0.0183 0.00761421 -0.000789141 0.02 0.00762822 -0.000778036 0.0183 0.00747595 -0.000879474 0.02 0.00748769 -0.000873014 0.02 0.00733314 -0.000942877 0.0183 0.0073247 -0.000945817 0.0183 0.00716459 -0.000986361 0.02 0.007169 -0.000985616 0.0183 -0.000164595 -0.00601364 0.0183 1.28019e-17 -0.006 0.02 1.45782e-17 -0.006 0.02 -0.000164595 -0.00601364 0.0183 -0.000324699 -0.00605418 0.02 -0.000324699 -0.00605418 0.0183 -0.000475947 -0.00612053 0.0183 -0.000614213 -0.00621086 0.02 -0.000475947 -0.00612053 0.02 -0.000614213 -0.00621086 0.0183 -0.000735724 -0.00632272 0.02 -0.000735724 -0.00632272 0.0183 -0.000837167 -0.00645305 0.0183 -0.000915773 -0.0065983 0.02 -0.000837167 -0.00645305 0.02 -0.000915773 -0.0065983 0.0183 -0.0009694 -0.00675451 0.02 -0.0009694 -0.00675451 0.0183 -0.000996584 -0.00691742 0.0183 -0.000996584 -0.00708258 0.02 -0.000996584 -0.00691742 0.02 -0.000996584 -0.00708258 0.02 -0.0009694 -0.00724549 0.0183 -0.0009694 -0.00724549 0.02 -0.000915773 -0.0074017 0.0183 -0.000915773 -0.0074017 0.0183 -0.000837167 -0.00754695 0.02 -0.000837167 -0.00754695 0.02 -0.000735724 -0.00767728 0.0183 -0.000735724 -0.00767728 0.02 -0.000614213 -0.00778914 0.0183 -0.000614213 -0.00778914 0.0183 -0.000475947 -0.00787947 0.02 -0.000475947 -0.00787947 0.02 -0.000324699 -0.00794582 0.0183 -0.000324699 -0.00794582 0.02 -0.000164595 -0.00798636 0.0183 -0.000164595 -0.00798636 0.0183 1.27851e-17 -0.008 0.02 1.47007e-17 -0.008 0.02 0.000164595 -0.00601364 0.02 0.000324699 -0.00605418 0.0183 0.000164595 -0.00601364 0.0183 0.000324699 -0.00605418 0.02 0.000475947 -0.00612053 0.0183 0.000475947 -0.00612053 0.02 0.000614213 -0.00621086 0.02 0.000735724 -0.00632272 0.0183 0.000614213 -0.00621086 0.0183 0.000735724 -0.00632272 0.02 0.000837167 -0.00645305 0.0183 0.000837167 -0.00645305 0.02 0.000915773 -0.0065983 0.02 0.0009694 -0.00675451 0.0183 0.000915773 -0.0065983 0.0183 0.0009694 -0.00675451 0.02 0.000996584 -0.00691742 0.0183 0.000996584 -0.00691742 0.0183 0.000996584 -0.00708258 0.02 0.000996584 -0.00708258 0.02 0.0009694 -0.00724549 0.0183 0.0009694 -0.00724549 0.0183 0.000915773 -0.0074017 0.02 0.000915773 -0.0074017 0.0183 0.000837167 -0.00754695 0.02 0.000837167 -0.00754695 0.02 0.000735724 -0.00767728 0.0183 0.000735724 -0.00767728 0.0183 0.000614213 -0.00778914 0.02 0.000614213 -0.00778914 0.0183 0.000475947 -0.00787947 0.02 0.000475947 -0.00787947 0.02 0.000324699 -0.00794582 0.0183 0.000324699 -0.00794582 0.0183 0.000164595 -0.00798636 0.02 0.000164595 -0.00798636 0.0183 1.3721e-17 0.008 0.02 8.48059e-05 0.0079964 0.02 -8.48059e-05 0.0079964 0.02 -0.000251978 0.00796773 0.0183 -0.000164595 0.00798636 0.02 -0.000411901 0.00791123 0.0183 -0.000324699 0.00794582 0.0183 -0.000475947 0.00787947 0.02 -0.000559975 0.00782851 0.02 -0.000691939 0.00772196 0.0183 -0.000614213 0.00778914 0.02 -0.000803997 0.00759463 0.0183 -0.000735724 0.00767728 0.0183 -0.000837167 0.00754695 0.02 -0.000892926 0.0074502 0.02 -0.000956167 0.00729282 0.0183 -0.000915773 0.0074017 0.02 -0.0009919 0.00712702 0.0183 -0.0009694 0.00724549 0.0183 -0.000996584 0.00708258 0.02 -0.000999099 0.00695756 0.0183 -0.000996584 0.00691742 0.02 -0.000977555 0.00678932 0.0183 -0.0009694 0.00675451 0.0183 -0.000915773 0.0065983 0.02 -0.000927889 0.00662714 0.02 -0.000851529 0.00647569 0.0183 -0.000837167 0.00645305 0.02 -0.000750672 0.00633933 0.0183 -0.000735724 0.00632272 0.0183 -0.000614213 0.00621086 0.02 -0.00062822 0.00622196 0.02 -0.000487695 0.00612699 0.0183 -0.000475947 0.00612053 0.02 -0.00033314 0.00605712 0.0183 -0.000324699 0.00605418 0.0183 -0.000164595 0.00601364 0.02 -0.000169001 0.00601438 0.02 1.56198e-17 0.006 0.0183 1.27851e-17 0.006 0.0183 0.000164595 0.00798636 0.02 0.000251978 0.00796773 0.0183 0.000324699 0.00794582 0.0183 0.000475947 0.00787947 0.02 0.000411901 0.00791123 0.0183 0.000614213 0.00778914 0.02 0.000559975 0.00782851 0.02 0.000691939 0.00772196 0.0183 0.000735724 0.00767728 0.0183 0.000837167 0.00754695 0.02 0.000803997 0.00759463 0.0183 0.000915773 0.0074017 0.02 0.000892926 0.0074502 0.02 0.000956167 0.00729282 0.0183 0.0009694 0.00724549 0.0183 0.000996584 0.00708258 0.02 0.0009919 0.00712702 0.0183 0.000996584 0.00691742 0.02 0.000999099 0.00695756 0.02 0.000977555 0.00678932 0.0183 0.0009694 0.00675451 0.0183 0.000915773 0.0065983 0.02 0.000927889 0.00662714 0.0183 0.000837167 0.00645305 0.02 0.000851529 0.00647569 0.02 0.000750672 0.00633933 0.0183 0.000735724 0.00632272 0.0183 0.000614213 0.00621086 0.02 0.00062822 0.00622196 0.0183 0.000475947 0.00612053 0.02 0.000487695 0.00612699 0.02 0.00033314 0.00605712 0.0183 0.000324699 0.00605418 0.0183 0.000164595 0.00601364 0.02 0.000169001 0.00601438 0.0225 0.00766628 0.00188575 0.02 0.007338 0.00197123 0.02 0.00766628 0.00188575 0.02 0.007 0.002 0.0225 0.007338 0.00197123 0.0225 0.007 0.002 0.02 0.00825644 0.00155607 0.02 0.00850134 0.00132135 0.0225 0.00850134 0.00132135 0.0225 0.00825644 0.00155607 0.0225 0.00797539 0.00174603 0.02 0.00797539 0.00174603 0.0225 0.00895511 0.000421359 0.02 0.00885578 0.000745713 0.02 0.00895511 0.000421359 0.0225 0.00885578 0.000745713 0.0225 0.00870306 0.00104861 0.02 0.00870306 0.00104861 0.02 0.00891233 -0.000585646 0.0225 0.00891233 -0.000585646 0.02 0.0089838 -0.000254036 0.02 0.0089982 8.48824e-05 0.0225 0.0089838 -0.000254036 0.0225 0.0089982 8.48824e-05 0.02 0.00860799 -0.00118927 0.02 0.00838388 -0.00144391 0.0225 0.00838388 -0.00144391 0.0225 0.00878585 -0.000900407 0.02 0.00878585 -0.000900407 0.0225 0.00860799 -0.00118927 0.0225 0.00750396 -0.00193547 0.02 0.0078238 -0.00182246 0.02 0.00750396 -0.00193547 0.0225 0.0078238 -0.00182246 0.0225 0.00811995 -0.00165702 0.02 0.00811995 -0.00165702 0.02 0.00649604 -0.00193547 0.0225 0.00649604 -0.00193547 0.02 0.00683039 -0.00199279 0.02 0.00716961 -0.00199279 0.0225 0.00683039 -0.00199279 0.0225 0.00716961 -0.00199279 0.02 0.00588005 -0.00165702 0.02 0.00561612 -0.00144391 0.0225 0.00561612 -0.00144391 0.0225 0.0061762 -0.00182246 0.02 0.0061762 -0.00182246 0.0225 0.00588005 -0.00165702 0.0225 0.00508767 -0.000585646 0.02 0.00521415 -0.000900407 0.02 0.00508767 -0.000585646 0.0225 0.00521415 -0.000900407 0.0225 0.00539201 -0.00118927 0.02 0.00539201 -0.00118927 0.0225 0.00504489 0.000421359 0.0225 0.0050018 8.48824e-05 0.02 0.0050018 8.48824e-05 0.02 0.0050162 -0.000254036 0.0225 0.0050162 -0.000254036 0.02 0.00504489 0.000421359 0.0225 0.00514422 0.000745713 0.02 0.00514422 0.000745713 0.0225 0.00529694 0.00104861 0.0225 0.00549866 0.00132135 0.02 0.00529694 0.00104861 0.02 0.00549866 0.00132135 0.0225 0.00574356 0.00155607 0.02 0.00574356 0.00155607 0.0225 0.00602461 0.00174603 0.0225 0.00633372 0.00188575 0.02 0.00602461 0.00174603 0.02 0.00633372 0.00188575 0.0225 0.006662 0.00197123 0.02 0.006662 0.00197123 0.0225 0.00066628 0.00888575 0.02 0.000338002 0.00897123 0.02 0.00066628 0.00888575 0.02 1.54361e-17 0.009 0.0225 0.000338002 0.00897123 0.0225 1.4713e-17 0.009 0.02 0.00125644 0.00855607 0.02 0.00150134 0.00832135 0.0225 0.00150134 0.00832135 0.0225 0.00125644 0.00855607 0.0225 0.00097539 0.00874603 0.02 0.00097539 0.00874603 0.0225 0.00195511 0.00742136 0.02 0.00185578 0.00774571 0.02 0.00195511 0.00742136 0.0225 0.00185578 0.00774571 0.0225 0.00170306 0.00804861 0.02 0.00170306 0.00804861 0.02 0.00191233 0.00641435 0.0225 0.00191233 0.00641435 0.02 0.0019838 0.00674596 0.02 0.0019982 0.00708488 0.0225 0.0019838 0.00674596 0.0225 0.0019982 0.00708488 0.02 0.00160799 0.00581073 0.02 0.00138388 0.00555609 0.0225 0.00138388 0.00555609 0.0225 0.00178585 0.00609959 0.02 0.00178585 0.00609959 0.0225 0.00160799 0.00581073 0.0225 0.000503956 0.00506453 0.02 0.000823802 0.00517754 0.02 0.000503956 0.00506453 0.0225 0.000823802 0.00517754 0.0225 0.00111995 0.00534298 0.02 0.00111995 0.00534298 0.02 -0.000503956 0.00506453 0.0225 -0.000503956 0.00506453 0.02 -0.000169612 0.00500721 0.02 0.000169612 0.00500721 0.0225 -0.000169612 0.00500721 0.0225 0.000169612 0.00500721 0.02 -0.00111995 0.00534298 0.02 -0.00138388 0.00555609 0.0225 -0.00138388 0.00555609 0.0225 -0.000823802 0.00517754 0.02 -0.000823802 0.00517754 0.0225 -0.00111995 0.00534298 0.0225 -0.00191233 0.00641435 0.02 -0.00178585 0.00609959 0.02 -0.00191233 0.00641435 0.0225 -0.00178585 0.00609959 0.0225 -0.00160799 0.00581073 0.02 -0.00160799 0.00581073 0.0225 -0.00195511 0.00742136 0.0225 -0.0019982 0.00708488 0.02 -0.0019982 0.00708488 0.02 -0.0019838 0.00674596 0.0225 -0.0019838 0.00674596 0.02 -0.00195511 0.00742136 0.0225 -0.00185578 0.00774571 0.02 -0.00185578 0.00774571 0.0225 -0.00170306 0.00804861 0.0225 -0.00150134 0.00832135 0.02 -0.00170306 0.00804861 0.02 -0.00150134 0.00832135 0.0225 -0.00125644 0.00855607 0.02 -0.00125644 0.00855607 0.0225 -0.00097539 0.00874603 0.0225 -0.00066628 0.00888575 0.02 -0.00097539 0.00874603 0.02 -0.00066628 0.00888575 0.0225 -0.000338002 0.00897123 0.02 -0.000338002 0.00897123 0.0225 0.00066628 -0.00511424 0.02 0.000338002 -0.00502877 0.02 0.00066628 -0.00511424 0.02 1.4517e-17 -0.005 0.0225 0.000338002 -0.00502877 0.0225 1.4713e-17 -0.005 0.02 0.00125644 -0.00544393 0.02 0.00150134 -0.00567865 0.0225 0.00150134 -0.00567865 0.0225 0.00125644 -0.00544393 0.0225 0.00097539 -0.00525397 0.02 0.00097539 -0.00525397 0.0225 0.00195511 -0.00657864 0.02 0.00185578 -0.00625429 0.02 0.00195511 -0.00657864 0.0225 0.00185578 -0.00625429 0.0225 0.00170306 -0.00595139 0.02 0.00170306 -0.00595139 0.02 0.00191233 -0.00758565 0.0225 0.00191233 -0.00758565 0.02 0.0019838 -0.00725404 0.02 0.0019982 -0.00691512 0.0225 0.0019838 -0.00725404 0.0225 0.0019982 -0.00691512 0.02 0.00160799 -0.00818927 0.02 0.00138388 -0.00844391 0.0225 0.00138388 -0.00844391 0.0225 0.00178585 -0.00790041 0.02 0.00178585 -0.00790041 0.0225 0.00160799 -0.00818927 0.0225 0.000503956 -0.00893547 0.02 0.000823802 -0.00882246 0.02 0.000503956 -0.00893547 0.0225 0.000823802 -0.00882246 0.0225 0.00111995 -0.00865702 0.02 0.00111995 -0.00865702 0.02 -0.000503956 -0.00893547 0.0225 -0.000503956 -0.00893547 0.02 -0.000169612 -0.00899279 0.02 0.000169612 -0.00899279 0.0225 -0.000169612 -0.00899279 0.0225 0.000169612 -0.00899279 0.02 -0.00111995 -0.00865702 0.02 -0.00138388 -0.00844391 0.0225 -0.00138388 -0.00844391 0.0225 -0.000823802 -0.00882246 0.02 -0.000823802 -0.00882246 0.0225 -0.00111995 -0.00865702 0.0225 -0.00191233 -0.00758565 0.02 -0.00178585 -0.00790041 0.02 -0.00191233 -0.00758565 0.0225 -0.00178585 -0.00790041 0.0225 -0.00160799 -0.00818927 0.02 -0.00160799 -0.00818927 0.0225 -0.00195511 -0.00657864 0.0225 -0.0019982 -0.00691512 0.02 -0.0019982 -0.00691512 0.02 -0.0019838 -0.00725404 0.0225 -0.0019838 -0.00725404 0.02 -0.00195511 -0.00657864 0.0225 -0.00185578 -0.00625429 0.02 -0.00185578 -0.00625429 0.0225 -0.00170306 -0.00595139 0.0225 -0.00150134 -0.00567865 0.02 -0.00170306 -0.00595139 0.02 -0.00150134 -0.00567865 0.0225 -0.00125644 -0.00544393 0.02 -0.00125644 -0.00544393 0.0225 -0.00097539 -0.00525397 0.0225 -0.00066628 -0.00511424 0.02 -0.00097539 -0.00525397 0.02 -0.00066628 -0.00511424 0.0225 -0.000338002 -0.00502877 0.02 -0.000338002 -0.00502877 0.0183 -0.004 -0.006 0.0225 -0.004 -0.009 0.0225 -0.004 -0.006 0.0183 -0.004 -0.009 0.0225 -0.00397538 -0.00568713 0.0183 -0.004 -0.006 0.0225 -0.004 -0.006 0.0225 -0.00361803 -0.00482443 0.0183 -0.00378201 -0.00509202 0.0225 -0.00378201 -0.00509202 0.0225 -0.00390211 -0.00538197 0.0183 -0.00390211 -0.00538197 0.0183 -0.00397538 -0.00568713 0.0183 -0.00317557 -0.00438197 0.0225 -0.00317557 -0.00438197 0.0225 -0.00290798 -0.00421799 0.0183 -0.00361803 -0.00482443 0.0225 -0.00341421 -0.00458579 0.0183 -0.00341421 -0.00458579 0.0183 -0.00261803 -0.00409789 0.0225 -0.00261803 -0.00409789 0.0225 -0.00231287 -0.00402462 0.0183 -0.00290798 -0.00421799 0.0225 -0.002 -0.004 0.0183 -0.00231287 -0.00402462 0.0183 -0.002 -0.004 0.0183 1.27239e-17 -0.004 0.0225 -0.002 -0.004 0.0225 1.38778e-17 -0.004 0.0183 -0.002 -0.004 0.0183 0.00398634 0.000330317 0.0225 0.00398634 -0.000330317 0.0225 0.00398634 0.000330317 0.0225 0.0038776 0.000981942 0.0183 0.0038776 0.000981942 0.0225 0.00366309 0.00160678 0.0183 0.00366309 0.00160678 0.0183 0.00334867 0.00218779 0.0225 0.00334867 0.00218779 0.0225 0.0029429 0.00270913 0.0183 0.0029429 0.00270913 0.0225 0.00245685 0.00315656 0.0183 0.00245685 0.00315656 0.0183 0.00190379 0.0035179 0.0225 0.00190379 0.0035179 0.0225 0.0012988 0.00378327 0.0183 0.0012988 0.00378327 0.0225 0.000658378 0.00394545 0.0183 0.000658378 0.00394545 0.0183 1.19891e-17 0.004 0.0225 1.32989e-17 0.004 0.0183 0.00398634 -0.000330317 0.0225 0.0038776 -0.000981942 0.0183 0.0038776 -0.000981942 0.0183 0.00366309 -0.00160678 0.0225 0.00366309 -0.00160678 0.0183 0.00334867 -0.00218779 0.0225 0.00334867 -0.00218779 0.0225 0.0029429 -0.00270913 0.0183 0.0029429 -0.00270913 0.0183 0.00245685 -0.00315656 0.0225 0.00245685 -0.00315656 0.0183 0.00190379 -0.0035179 0.0225 0.00190379 -0.0035179 0.0225 0.0012988 -0.00378327 0.0183 0.0012988 -0.00378327 0.0183 0.000658378 -0.00394545 0.0225 0.000658378 -0.00394545 0.0225 1.38778e-17 -0.004 0.0183 1.27239e-17 -0.004 0.0183 -0.002 0.004 0.0225 1.32989e-17 0.004 0.0225 -0.002 0.004 0.0183 1.19891e-17 0.004 0.0225 -0.00231287 0.00402462 0.0183 -0.002 0.004 0.0225 -0.002 0.004 0.0225 -0.00317557 0.00438197 0.0183 -0.00290798 0.00421799 0.0225 -0.00290798 0.00421799 0.0225 -0.00261803 0.00409789 0.0183 -0.00261803 0.00409789 0.0183 -0.00231287 0.00402462 0.0183 -0.00361803 0.00482443 0.0225 -0.00361803 0.00482443 0.0225 -0.00378201 0.00509202 0.0183 -0.00317557 0.00438197 0.0225 -0.00341421 0.00458579 0.0183 -0.00341421 0.00458579 0.0183 -0.00390211 0.00538197 0.0225 -0.00390211 0.00538197 0.0225 -0.00397538 0.00568713 0.0183 -0.00378201 0.00509202 0.0225 -0.004 0.006 0.0183 -0.00397538 0.00568713 0.0183 -0.004 0.006 0.0183 -0.004 0.009 0.0225 -0.004 0.006 0.0225 -0.004 0.009 0.0183 -0.004 0.006 0.0225 -0.00261803 -0.0109021 0.0183 -0.00261803 -0.0109021 0.0183 -0.00231287 -0.0109754 0.0183 -0.002 -0.011 0.0225 -0.002 -0.011 0.0225 -0.00231287 -0.0109754 0.0183 -0.00317557 -0.010618 0.0225 -0.00341421 -0.0104142 0.0183 -0.00341421 -0.0104142 0.0225 -0.00317557 -0.010618 0.0183 -0.00290798 -0.010782 0.0225 -0.00290798 -0.010782 0.0225 -0.00390211 -0.00961803 0.0183 -0.00390211 -0.00961803 0.0183 -0.00378201 -0.00990798 0.0225 -0.00378201 -0.00990798 0.0183 -0.00361803 -0.0101756 0.0225 -0.00361803 -0.0101756 0.0225 -0.00397538 -0.00931287 0.0183 -0.00397538 -0.00931287 0.0183 -0.004 -0.009 0.0225 -0.004 -0.009 0.0225 -0.00397538 0.00931287 0.0183 -0.004 0.009 0.0225 -0.004 0.009 0.0225 -0.00361803 0.0101756 0.0183 -0.00378201 0.00990798 0.0225 -0.00378201 0.00990798 0.0225 -0.00390211 0.00961803 0.0183 -0.00390211 0.00961803 0.0183 -0.00397538 0.00931287 0.0183 -0.00317557 0.010618 0.0225 -0.00317557 0.010618 0.0225 -0.00290798 0.010782 0.0183 -0.00361803 0.0101756 0.0225 -0.00341421 0.0104142 0.0183 -0.00341421 0.0104142 0.0183 -0.00261803 0.0109021 0.0225 -0.00261803 0.0109021 0.0225 -0.00231287 0.0109754 0.0183 -0.00290798 0.010782 0.0225 -0.002 0.011 0.0183 -0.00231287 0.0109754 0.0183 -0.002 0.011 0.0183 0.00608423 -0.000401695 0.0183 0.00616283 -0.000546948 0.0183 0.0038776 -0.000981942 0.0183 -0.000837167 -0.00645305 0.0183 -0.000915773 -0.0065983 0.0183 -0.002 -0.004 0.0183 0.00675634 -0.00868055 0.0183 0.0029429 -0.00270913 0.0183 0.00334867 -0.00218779 0.0183 0.0060306 -0.000245485 0.0183 0.00523542 -0.00967421 0.0183 0.00245685 -0.00315656 0.0183 0.0038776 0.000981942 0.0183 0.0060306 0.000245485 0.0183 0.00398634 0.000330317 0.0183 1.31081e-17 -0.011 0.0183 0.000164595 -0.00798636 0.0183 0.000324699 -0.00794582 0.0183 0.00357169 -0.010404 0.0183 0.000475947 -0.00787947 0.0183 0.0009694 -0.00675451 0.0183 0.00190379 -0.0035179 0.0183 0.000996584 -0.00691742 0.0183 -0.0009694 -0.00724549 0.0183 -0.000915773 -0.0074017 0.0183 -0.004 -0.009 0.0183 -0.00261803 -0.00409789 0.0183 -0.0009694 -0.00675451 0.0183 -0.00290798 -0.00421799 0.0183 -0.004 -0.006 0.0183 -0.00361803 -0.00482443 0.0183 -0.00341421 -0.00458579 0.0183 -0.00390211 -0.00538197 0.0183 -0.00378201 -0.00509202 0.0183 -0.00317557 -0.00438197 0.0183 -0.00397538 -0.00568713 0.0183 -0.00341421 -0.0104142 0.0183 -0.00361803 -0.0101756 0.0183 -0.00317557 -0.010618 0.0183 -0.00397538 -0.00931287 0.0183 -0.00390211 -0.00961803 0.0183 -0.00378201 -0.00990798 0.0183 -0.000996584 -0.00691742 0.0183 -0.00290798 -0.010782 0.0183 1.27239e-17 -0.004 0.0183 -0.000324699 -0.00605418 0.0183 -0.000475947 -0.00612053 0.0183 -0.00231287 -0.00402462 0.0183 0.00357169 0.010404 0.0183 0.00523542 0.00967421 0.0183 0.00245685 0.00315656 0.0183 -0.00378201 0.00509202 0.0183 -0.004 0.006 0.0183 -0.00361803 0.00482443 0.0183 0.00675634 0.00868055 0.0183 0.0029429 0.00270913 0.0183 0.00809296 0.0074501 0.0183 0.0066753 0.000945817 0.0183 0.00683541 0.000986361 0.0183 -0.000164595 -0.00601364 0.0183 -0.000614213 -0.00621086 0.0183 -0.000735724 -0.00632272 0.0183 1.28019e-17 -0.006 0.0183 -0.000837167 -0.00754695 0.0183 -0.002 -0.011 0.0183 0.00773572 0.000677282 0.0183 0.0100735 0.00441865 0.0183 0.00783717 0.000546948 0.0183 -0.000735724 -0.00767728 0.0183 -0.000614213 -0.00778914 0.0183 1.19891e-17 0.004 0.0183 -0.000164595 0.00601364 0.0183 1.27851e-17 0.006 0.0183 0.00799658 8.25793e-05 0.0183 0.0109624 0.000908373 0.0183 0.00799658 -8.25793e-05 0.0183 0.000324699 0.00605418 0.0183 0.000658378 0.00394545 0.0183 0.00366309 0.00160678 0.0183 0.00652405 0.000879474 0.0183 0.00638579 0.000789141 0.0183 0.0066753 -0.000945817 0.0183 0.00809296 -0.0074501 0.0183 0.00616283 0.000546948 0.0183 0.00608423 0.000401695 0.0183 0.00366309 -0.00160678 0.0183 0.00626428 -0.000677282 0.0183 0.00638579 -0.000789141 0.0183 0.00652405 -0.000879474 0.0183 0.007 -0.001 0.0183 0.00716459 -0.000986361 0.0183 0.00920883 -0.00601643 0.0183 0.00747595 -0.000879474 0.0183 0.0100735 -0.00441865 0.0183 0.00920883 0.00601643 0.0183 0.007 0.001 0.0183 0.00334867 0.00218779 0.0183 0.0012988 0.00378327 0.0183 0.000837167 0.00645305 0.0183 0.000915773 0.0065983 0.0183 -0.00261803 0.00409789 0.0183 -0.00290798 0.00421799 0.0183 -0.0009694 0.00675451 0.0183 0.0009694 0.00675451 0.0183 0.000996584 0.00691742 0.0183 0.00190379 0.0035179 0.0183 -0.00317557 0.00438197 0.0183 -0.000996584 0.00691742 0.0183 -0.000164595 0.00798636 0.0183 1.17609e-17 0.011 0.0183 1.3721e-17 0.008 0.0183 -0.00341421 0.00458579 0.0183 -0.004 0.009 0.0183 -0.00290798 0.010782 0.0183 -0.000915773 0.0074017 0.0183 -0.00390211 0.00538197 0.0183 -0.00397538 0.00568713 0.0183 -0.00231287 0.0109754 0.0183 -0.00261803 0.0109021 0.0183 -0.0009694 0.00724549 0.0183 -0.000996584 0.00708258 0.0183 -0.000614213 0.00621086 0.0183 -0.000475947 0.00612053 0.0183 -0.002 0.004 0.0183 -0.00390211 0.00961803 0.0183 -0.00397538 0.00931287 0.0183 -0.000324699 0.00794582 0.0183 -0.00378201 0.00990798 0.0183 -0.00361803 0.0101756 0.0183 -0.00341421 0.0104142 0.0183 -0.00317557 0.010618 0.0183 -0.002 0.011 0.0183 -0.000837167 0.00754695 0.0183 -0.000475947 0.00787947 0.0183 -0.000614213 0.00778914 0.0183 0.00783717 -0.000546948 0.0183 0.0106634 -0.00270034 0.0183 0.00626428 0.000677282 0.0183 0.00600342 8.25793e-05 0.0183 0.00398634 -0.000330317 0.0183 0.00600342 -8.25793e-05 0.0183 0.00683541 -0.000986361 0.0183 0.0073247 -0.000945817 0.0183 0.00761421 -0.000789141 0.0183 0.00773572 -0.000677282 0.0183 0.0079694 -0.000245485 0.0183 0.0109624 -0.000908373 0.0183 0.00791577 -0.000401695 0.0183 0.0079694 0.000245485 0.0183 0.0106634 0.00270034 0.0183 0.00791577 0.000401695 0.0183 0.00761421 0.000789141 0.0183 0.00747595 0.000879474 0.0183 0.00716459 0.000986361 0.0183 0.0073247 0.000945817 0.0183 0.000164595 -0.00601364 0.0183 0.000658378 -0.00394545 0.0183 0.000324699 -0.00605418 0.0183 -0.000996584 -0.00708258 0.0183 -0.00261803 -0.0109021 0.0183 -0.00231287 -0.0109754 0.0183 -0.000475947 -0.00787947 0.0183 -0.000324699 -0.00794582 0.0183 -0.000164595 -0.00798636 0.0183 1.27851e-17 -0.008 0.0183 0.0012988 -0.00378327 0.0183 0.000915773 -0.0065983 0.0183 0.00181054 -0.01085 0.0183 0.000614213 -0.00778914 0.0183 0.000735724 -0.00767728 0.0183 0.000837167 -0.00754695 0.0183 0.0009694 -0.00724549 0.0183 0.000996584 -0.00708258 0.0183 0.000915773 -0.0074017 0.0183 0.000837167 -0.00645305 0.0183 0.000735724 -0.00632272 0.0183 0.000614213 -0.00621086 0.0183 0.000475947 -0.00612053 0.0183 0.000614213 0.00778914 0.0183 0.00181054 0.01085 0.0183 0.000735724 0.00767728 0.0183 -0.000837167 0.00645305 0.0183 -0.000735724 0.00632272 0.0183 -0.000735724 0.00767728 0.0183 -0.00231287 0.00402462 0.0183 -0.000915773 0.0065983 0.0183 -0.000324699 0.00605418 0.0183 0.000164595 0.00601364 0.0183 0.000475947 0.00612053 0.0183 0.000996584 0.00708258 0.0183 0.000614213 0.00621086 0.0183 0.000735724 0.00632272 0.0183 0.0009694 0.00724549 0.0183 0.000915773 0.0074017 0.0183 0.000837167 0.00754695 0.0183 0.000475947 0.00787947 0.0183 0.000324699 0.00794582 0.0183 0.000164595 0.00798636 0.0208 0.0109624 -0.000908373 0.0183 0.0109624 -0.000908373 0.0183 0.0109624 0.000908373 0.0208 0.0106634 -0.00270034 0.0183 0.0106634 -0.00270034 0.0183 0.0100735 -0.00441865 0.0208 0.0100735 -0.00441865 0.0208 0.00920883 -0.00601643 0.0183 0.00920883 -0.00601643 0.0208 0.00809296 -0.0074501 0.0183 0.00809296 -0.0074501 0.0183 0.00675634 -0.00868055 0.0208 0.00675634 -0.00868055 0.0208 0.00523542 -0.00967421 0.0183 0.00523542 -0.00967421 0.0208 0.00357169 -0.010404 0.0183 0.00357169 -0.010404 0.0183 0.00181054 -0.01085 0.0208 0.00181054 -0.01085 0.0208 8.78704e-18 -0.011 0.0183 1.31081e-17 -0.011 0.0208 0.0109624 0.000908373 0.0183 0.0106634 0.00270034 0.0208 0.0106634 0.00270034 0.0183 0.0100735 0.00441865 0.0208 0.0100735 0.00441865 0.0208 0.00920883 0.00601643 0.0183 0.00920883 0.00601643 0.0183 0.00809296 0.0074501 0.0208 0.00809296 0.0074501 0.0183 0.00675634 0.00868055 0.0208 0.00675634 0.00868055 0.0208 0.00523542 0.00967421 0.0183 0.00523542 0.00967421 0.0183 0.00357169 0.010404 0.0208 0.00357169 0.010404 0.0183 0.00181054 0.01085 0.0208 0.00181054 0.01085 0.0183 1.17609e-17 0.011 0.0208 1.88087e-17 0.011 0.0227708 0.0370675 -0.011 0.0208 0.0390484 -0.011 0.0229757 0.037443 -0.011 0.0208 8.78704e-18 -0.011 0.0225 -0.002 -0.011 0.0183 -0.002 -0.011 0.0183 1.31081e-17 -0.011 0.0225305 0.0362486 -0.011 0.0226214 0.0366666 -0.011 0.0225 0.0358219 -0.011 0.0225 0.0358219 0.011 0.0208 1.88087e-17 0.011 0.0225 -0.002 0.011 0.0183 -0.002 0.011 0.0183 1.17609e-17 0.011 0.0227708 0.0370675 0.011 0.0229757 0.037443 0.011 0.0208 0.0390484 0.011 0.0225305 0.0362486 0.011 0.0226214 0.0366666 0.011 0.0208 0.0200732 -0.00307322 0.0208 0.0106634 -0.00270034 0.0208 0.0109624 -0.000908373 0.0208 0.00181054 0.01085 0.0208 0.0390484 0.011 0.0208 0.00357169 0.010404 0.0208 1.88087e-17 0.011 0.0208 0.02025 -0.003 0.0208 0.00523542 0.00967421 0.0208 0.0406594 0.0112753 0.0207999 0.0411623 0.0114893 0.0207999 0.0406594 -0.0112744 0.0208 0.0289868 0.0014188 0.0208 0.024 0.00475 0.0208 0.0239268 0.00492678 0.0208 0.0285 -0.0015 0.0208 0.0287469 -0.00147954 0.0208 0.024 -0.00475 0.0208 0.00920883 -0.00601643 0.0208 0.0200732 -0.00492678 0.0208 0.00809296 -0.0074501 0.0208 0.02 -0.00475 0.0208 0.0100735 -0.00441865 0.0208 0.02025 -0.005 0.0208 0.00675634 -0.00868055 0.0208 0.0390484 -0.011 0.0208 0.00523542 -0.00967421 0.0208 0.00181054 -0.01085 0.0208 0.00357169 -0.010404 0.0208 8.78704e-18 -0.011 0.0208 0.0280127 0.00141864 0.0208 0.024 0.00325 0.0208 0.0282529 0.00147951 0.0207998 0.041162 -0.0114891 0.0208 0.00809296 0.0074501 0.0208 0.02025 0.005 0.0208 0.00920883 0.00601643 0.0208 0.0416346 0.0117661 0.0208 0.0416346 -0.0117661 0.0208 0.029214 0.00131914 0.0208 0.0294216 0.00118346 0.0208 0.0270051 -0.000123757 0.0208 0.0270459 -0.000368126 0.0208 0.02375 -0.003 0.0208 0.00675634 0.00868055 0.0208 0.02 -0.00325 0.0208 0.0270052 0.000124272 0.0208 0.0273962 -0.00101571 0.0208 0.0275786 -0.00118367 0.0208 0.02025 0.003 0.0208 0.0285 0.00149993 0.0208 0.0289864 -0.00141889 0.0208 0.0239268 -0.00492678 0.0208 0.0299542 0.000367824 0.0207999 0.0401337 0.0111225 0.0208 0.0299949 0.000123428 0.0208 0.0299948 -0.000124004 0.0208 0.02375 -0.005 0.0208 0.024 -0.00325 0.0208 0.0282527 -0.00147945 0.0208 0.0298737 0.000602441 0.0208 0.0296038 0.00101565 0.0207999 0.0395951 0.0110307 0.0208 0.0297557 0.000820454 0.0208 0.0299541 -0.000368303 0.0208 0.040133 -0.0111218 0.0208 0.0298735 -0.000602932 0.0208 0.0395944 -0.0110306 0.0208 0.0297554 -0.000820845 0.0208 0.0296033 -0.00101613 0.0208 0.0292135 -0.0013194 0.0208 0.0294213 -0.00118373 0.0208 0.0280124 -0.00141849 0.0208 0.0239268 -0.00307322 0.0208 0.0277857 -0.00131893 0.0208 0.027244 -0.000819971 0.0208 0.0271262 -0.00060209 0.0208 0.0272442 0.000820364 0.0208 0.0271264 0.000602656 0.0208 0.02375 0.003 0.0208 0.027046 0.000368638 0.0208 0.0273966 0.00101611 0.0208 0.0277862 0.00131925 0.0208 0.0239268 0.00307322 0.0208 0.027579 0.00118391 0.0208 0.0109624 0.000908373 0.0208 0.0200732 0.00307322 0.0208 0.02 0.00325 0.0208 0.0106634 0.00270034 0.0208 0.02375 0.005 0.0208 0.0100735 0.00441865 0.0208 0.0200732 0.00492678 0.0208 0.02 0.00475 0.0208 0.0287471 0.00147947 0.0225 -0.00178585 -0.00790041 0.0225 -0.004 -0.009 0.0225 -0.00160799 -0.00818927 0.0225 -0.002 -0.011 0.0225 -0.00290798 -0.010782 0.0225 -0.00261803 -0.0109021 0.0225 -0.00231287 -0.0109754 0.0225 -0.00341421 -0.0104142 0.0225 -0.00317557 -0.010618 0.0225 -0.00111995 -0.00865702 0.0225 -0.00397538 -0.00931287 0.0225 -0.00390211 -0.00961803 0.0225 -0.000823802 -0.00882246 0.0225 -0.00378201 -0.00990798 0.0225 -0.00361803 -0.0101756 0.0225 -0.00191233 -0.00758565 0.0225 -0.0019838 -0.00725404 0.0225 -0.00138388 -0.00844391 0.0225 -0.00231287 -0.00402462 0.0225 -0.00261803 -0.00409789 0.0225 -0.002 -0.004 0.0225 1.38778e-17 -0.004 0.0225 0.000338002 -0.00502877 0.0225 0.000658378 -0.00394545 0.0225 -0.00066628 -0.00511424 0.0225 -0.00097539 -0.00525397 0.0225 -0.000338002 -0.00502877 0.0225 -0.00290798 -0.00421799 0.0225 1.4713e-17 -0.005 0.0225 0.0038776 0.000981942 0.0225 0.00529694 0.00104861 0.0225 0.00366309 0.00160678 0.0225 -0.00317557 -0.00438197 0.0225 -0.00125644 -0.00544393 0.0225 -0.00341421 -0.00458579 0.0225 -0.00361803 -0.00482443 0.0225 -0.00378201 -0.00509202 0.0225 0.00170306 -0.00595139 0.0225 0.00716961 -0.00199279 0.0225 0.00683039 -0.00199279 0.0225 0.0012988 -0.00378327 0.0225 0.00125644 -0.00544393 0.0225 0.00190379 -0.0035179 0.0225 0.0061762 -0.00182246 0.0225 0.00334867 -0.00218779 0.0225 0.00649604 -0.00193547 0.0225 0.00178585 -0.00790041 0.0225 0.0200732 -0.00492678 0.0225 0.00191233 -0.00758565 0.0225 0.02025 0.003 0.0225 0.0200732 0.00307322 0.0225 0.02025 -0.003 0.0225 0.00398634 -0.000330317 0.0225 0.00508767 -0.000585646 0.0225 0.0050162 -0.000254036 0.0225 0.00334867 0.00218779 0.0225 0.00574356 0.00155607 0.0225 0.0200732 -0.00307322 0.0225 0.0012988 0.00378327 0.0225 0.00190379 0.0035179 0.0225 0.00111995 0.00534298 0.0225 0.00895511 0.000421359 0.0225 0.0089982 8.48824e-05 0.0225 -0.00341421 0.0104142 0.0225 -0.002 0.011 0.0225 -0.00317557 0.010618 0.0225 -0.002 0.004 0.0225 -0.000823802 0.00517754 0.0225 -0.00111995 0.00534298 0.0225 -0.00290798 0.010782 0.0225 -0.00231287 0.0109754 0.0225 -0.00261803 0.0109021 0.0225 -0.00261803 0.00409789 0.0225 -0.00231287 0.00402462 0.0225 -0.00191233 0.00641435 0.0225 -0.0019838 0.00674596 0.0225 -0.004 0.006 0.0225 -0.00390211 0.00538197 0.0225 -0.00138388 0.00555609 0.0225 -0.00160799 0.00581073 0.0225 -0.00341421 0.00458579 0.0225 -0.00317557 0.00438197 0.0225 -0.00290798 0.00421799 0.0225 -0.00178585 0.00609959 0.0225 -0.00397538 0.00568713 0.0225 -0.00378201 0.00509202 0.0225 -0.00361803 0.00482443 0.0225 -0.004 0.009 0.0225 -0.00170306 0.00804861 0.0225 -0.00150134 0.00832135 0.0225 -0.00195511 0.00742136 0.0225 -0.0019982 0.00708488 0.0225 -0.00378201 0.00990798 0.0225 -0.00390211 0.00961803 0.0225 -0.00097539 0.00874603 0.0225 -0.00066628 0.00888575 0.0225 -0.00361803 0.0101756 0.0225 -0.000338002 0.00897123 0.0225 1.4713e-17 0.009 0.0225 1.32989e-17 0.004 0.0225 -0.000503956 0.00506453 0.0225 0.0200732 0.00492678 0.0225 0.0019982 0.00708488 0.0225 0.0019838 0.00674596 0.0225 0.00170306 0.00804861 0.0225 0.02025 0.005 0.0225 0.00150134 0.00832135 0.0225 0.000823802 0.00517754 0.0225 0.0358219 0.011 0.0225 0.0239268 0.00492678 0.0225 0.028878 0.0014516 0.0225 0.00633372 0.00188575 0.0225 0.00602461 0.00174603 0.0225 0.027374 -0.000991012 0.0225 0.0272227 -0.000786461 0.0225 0.02375 -0.003 0.0225 0.0271082 -0.000559285 0.0225 0.0277685 -0.00130952 0.0225 0.0239268 -0.00307322 0.0225 0.0280003 -0.00141432 0.0225 0.0274621 0.00108293 0.0225 0.0239268 0.00307322 0.0225 0.02375 0.003 0.0225 0.024 0.00325 0.0225 0.028122 0.0014516 0.0225 0.0283728 0.0014946 0.0225 0.024 0.00475 0.0225 0.0358219 -0.011 0.0225 0.0299663 -0.000316019 0.0225 0.0298918 -0.000559285 0.0225 0.02375 0.005 0.0225 0.0291179 0.00136684 0.0225 0.02934 0.00124276 0.0225 0.00766628 0.00188575 0.0225 0.00797539 0.00174603 0.0225 0.02 0.00475 0.0225 0.02 0.00325 0.0225 0.00850134 0.00132135 0.0225 0.006662 0.00197123 0.0225 0.007 0.002 0.0225 0.00245685 0.00315656 0.0225 0.00561612 -0.00144391 0.0225 0.00366309 -0.00160678 0.0225 0.00588005 -0.00165702 0.0225 0.0286272 0.0014946 0.0225 0.0289997 -0.00141432 0.0225 0.0239268 -0.00492678 0.0225 0.0294423 -0.00116705 0.0225 0.0292315 -0.00130952 0.0225 0.0297773 -0.000786461 0.0225 0.029626 -0.000991012 0.0225 0.0299986 -6.36618e-05 0.0225 0.0299342 0.000439234 0.0225 0.0299878 0.000190527 0.0225 0.029706 0.00089195 0.0225 0.0298394 0.000675306 0.0225 0.0295379 0.00108293 0.0225 0.0278821 0.00136684 0.0225 0.02766 0.00124276 0.0225 0.027294 0.00089195 0.0225 0.0270658 0.000439234 0.0225 0.0271606 0.000675306 0.0225 0.0270122 0.000190527 0.0225 0.0275577 -0.00116705 0.0225 0.0270014 -6.36618e-05 0.0225 0.00398634 0.000330317 0.0225 0.00514422 0.000745713 0.0225 0.0270337 -0.000316019 0.0225 0.024 -0.00325 0.0225 0.0282465 -0.00147842 0.0225 0.0285 -0.0015 0.0225 0.024 -0.00475 0.0225 0.0287535 -0.00147842 0.0225 0.00111995 -0.00865702 0.0225 0.000823802 -0.00882246 0.0225 0.02375 -0.005 0.0225 0.02025 -0.005 0.0225 0.0050018 8.48824e-05 0.0225 0.0038776 -0.000981942 0.0225 0.00539201 -0.00118927 0.0225 0.00521415 -0.000900407 0.0225 0.0029429 -0.00270913 0.0225 -0.000503956 -0.00893547 0.0225 0.0029429 0.00270913 0.0225 0.00504489 0.000421359 0.0225 0.00549866 0.00132135 0.0225 0.00750396 -0.00193547 0.0225 0.02 -0.00475 0.0225 0.0078238 -0.00182246 0.0225 0.00160799 -0.00818927 0.0225 0.0019982 -0.00691512 0.0225 0.0019838 -0.00725404 0.0225 0.00245685 -0.00315656 0.0225 0.00195511 -0.00657864 0.0225 0.00838388 -0.00144391 0.0225 0.02 -0.00325 0.0225 0.00860799 -0.00118927 0.0225 0.00811995 -0.00165702 0.0225 0.00878585 -0.000900407 0.0225 0.0089838 -0.000254036 0.0225 0.00891233 -0.000585646 0.0225 0.00885578 0.000745713 0.0225 0.00870306 0.00104861 0.0225 0.00825644 0.00155607 0.0225 0.000658378 0.00394545 0.0225 0.007338 0.00197123 0.0225 0.00160799 0.00581073 0.0225 0.000503956 0.00506453 0.0225 0.000169612 0.00500721 0.0225 -0.000169612 0.00500721 0.0225 -0.00397538 0.00931287 0.0225 -0.00125644 0.00855607 0.0225 -0.00185578 0.00774571 0.0225 0.00138388 0.00555609 0.0225 0.00178585 0.00609959 0.0225 0.00191233 0.00641435 0.0225 0.00195511 0.00742136 0.0225 0.00185578 0.00774571 0.0225 0.00097539 0.00874603 0.0225 0.00125644 0.00855607 0.0225 0.000338002 0.00897123 0.0225 0.00066628 0.00888575 0.0225 -0.00185578 -0.00625429 0.0225 -0.00170306 -0.00595139 0.0225 -0.004 -0.006 0.0225 -0.00150134 -0.00567865 0.0225 -0.00390211 -0.00538197 0.0225 -0.00397538 -0.00568713 0.0225 -0.0019982 -0.00691512 0.0225 -0.00195511 -0.00657864 0.0225 0.00150134 -0.00567865 0.0225 -0.000169612 -0.00899279 0.0225 0.000503956 -0.00893547 0.0225 0.000169612 -0.00899279 0.0225 0.00138388 -0.00844391 0.0225 0.00185578 -0.00625429 0.0225 0.00097539 -0.00525397 0.0225 0.00066628 -0.00511424 -0.02 0.00733314 -0.000942877 -0.0183 0.007169 -0.000985616 -0.0183 0.00733314 -0.000942877 -0.0183 0.007 -0.001 -0.02 0.007169 -0.000985616 -0.02 0.007 -0.001 -0.0183 0.00762822 -0.000778036 -0.0183 0.00775067 -0.000660675 -0.02 0.00775067 -0.000660675 -0.02 0.00762822 -0.000778036 -0.02 0.00748769 -0.000873014 -0.0183 0.00748769 -0.000873014 -0.02 0.00797756 -0.000210679 -0.0183 0.00792789 -0.000372856 -0.0183 0.00797756 -0.000210679 -0.02 0.00792789 -0.000372856 -0.02 0.00785153 -0.000524307 -0.0183 0.00785153 -0.000524307 -0.0183 0.00795617 0.000292823 -0.02 0.00795617 0.000292823 -0.0183 0.0079919 0.000127018 -0.0183 0.0079991 -4.24412e-05 -0.02 0.0079919 0.000127018 -0.02 0.0079991 -4.24412e-05 -0.0183 0.007804 0.000594633 -0.0183 0.00769194 0.000721956 -0.02 0.00769194 0.000721956 -0.02 0.00789293 0.000450204 -0.0183 0.00789293 0.000450204 -0.02 0.007804 0.000594633 -0.02 0.00725198 0.000967733 -0.0183 0.0074119 0.000911228 -0.0183 0.00725198 0.000967733 -0.02 0.0074119 0.000911228 -0.02 0.00755997 0.00082851 -0.0183 0.00755997 0.00082851 -0.0183 0.00674802 0.000967733 -0.02 0.00674802 0.000967733 -0.0183 0.00691519 0.000996397 -0.0183 0.00708481 0.000996397 -0.02 0.00691519 0.000996397 -0.02 0.00708481 0.000996397 -0.0183 0.00644003 0.00082851 -0.0183 0.00630806 0.000721956 -0.02 0.00630806 0.000721956 -0.02 0.0065881 0.000911228 -0.0183 0.0065881 0.000911228 -0.02 0.00644003 0.00082851 -0.02 0.00604383 0.000292823 -0.0183 0.00610707 0.000450204 -0.0183 0.00604383 0.000292823 -0.02 0.00610707 0.000450204 -0.02 0.006196 0.000594633 -0.0183 0.006196 0.000594633 -0.02 0.00602244 -0.000210679 -0.02 0.0060009 -4.24412e-05 -0.0183 0.0060009 -4.24412e-05 -0.0183 0.0060081 0.000127018 -0.02 0.0060081 0.000127018 -0.0183 0.00602244 -0.000210679 -0.02 0.00607211 -0.000372856 -0.0183 0.00607211 -0.000372856 -0.02 0.00614847 -0.000524307 -0.02 0.00624933 -0.000660675 -0.0183 0.00614847 -0.000524307 -0.0183 0.00624933 -0.000660675 -0.02 0.00637178 -0.000778036 -0.0183 0.00637178 -0.000778036 -0.02 0.00651231 -0.000873014 -0.02 0.00666686 -0.000942877 -0.0183 0.00651231 -0.000873014 -0.0183 0.00666686 -0.000942877 -0.02 0.006831 -0.000985616 -0.0183 0.006831 -0.000985616 -0.02 0.000324699 -0.00794582 -0.0183 0.000169001 -0.00798562 -0.0183 0.00033314 -0.00794288 -0.0183 2.86342e-18 -0.008 -0.02 0.000164595 -0.00798636 -0.02 2.08832e-18 -0.008 -0.0183 0.00062822 -0.00777804 -0.0183 0.000750672 -0.00766067 -0.02 0.000735724 -0.00767728 -0.02 0.000614213 -0.00778914 -0.02 0.000475947 -0.00787947 -0.0183 0.000487695 -0.00787301 -0.02 0.0009694 -0.00724549 -0.0183 0.000927889 -0.00737286 -0.0183 0.000977555 -0.00721068 -0.02 0.000915773 -0.0074017 -0.02 0.000837167 -0.00754695 -0.0183 0.000851529 -0.00752431 -0.0183 0.000956167 -0.00670718 -0.02 0.0009694 -0.00675451 -0.0183 0.0009919 -0.00687298 -0.0183 0.000999099 -0.00704244 -0.02 0.000996584 -0.00691742 -0.02 0.000996584 -0.00708258 -0.0183 0.000803997 -0.00640537 -0.0183 0.000691939 -0.00627804 -0.02 0.000735724 -0.00632272 -0.02 0.000915773 -0.0065983 -0.0183 0.000892926 -0.0065498 -0.02 0.000837167 -0.00645305 -0.02 0.000324699 -0.00605418 -0.0183 0.000411901 -0.00608877 -0.0183 0.000251978 -0.00603227 -0.02 0.000475947 -0.00612053 -0.02 0.000614213 -0.00621086 -0.0183 0.000559975 -0.00617149 -0.0183 -0.000251978 -0.00603227 -0.02 -0.000164595 -0.00601364 -0.0183 -8.48059e-05 -0.0060036 -0.0183 8.48059e-05 -0.0060036 -0.02 1.28019e-17 -0.006 -0.02 0.000164595 -0.00601364 -0.0183 -0.000559975 -0.00617149 -0.0183 -0.000691939 -0.00627804 -0.02 -0.000614213 -0.00621086 -0.02 -0.000324699 -0.00605418 -0.0183 -0.000411901 -0.00608877 -0.02 -0.000475947 -0.00612053 -0.02 -0.000915773 -0.0065983 -0.0183 -0.000892926 -0.0065498 -0.0183 -0.000956167 -0.00670718 -0.02 -0.000837167 -0.00645305 -0.02 -0.000735724 -0.00632272 -0.0183 -0.000803997 -0.00640537 -0.02 -0.000996584 -0.00708258 -0.02 -0.000996584 -0.00691742 -0.0183 -0.000999099 -0.00704244 -0.0183 -0.0009919 -0.00687298 -0.02 -0.0009694 -0.00675451 -0.0183 -0.000977555 -0.00721068 -0.0183 -0.000927889 -0.00737286 -0.02 -0.0009694 -0.00724549 -0.0183 -0.000851529 -0.00752431 -0.02 -0.000915773 -0.0074017 -0.02 -0.000837167 -0.00754695 -0.0183 -0.000750672 -0.00766067 -0.0183 -0.00062822 -0.00777804 -0.02 -0.000735724 -0.00767728 -0.0183 -0.000487695 -0.00787301 -0.02 -0.000614213 -0.00778914 -0.02 -0.000475947 -0.00787947 -0.0183 -0.00033314 -0.00794288 -0.0183 -0.000169001 -0.00798562 -0.02 -0.000324699 -0.00794582 -0.02 -0.000164595 -0.00798636 -0.02 0.00033314 0.00605712 -0.0183 0.000169001 0.00601438 -0.0183 0.00033314 0.00605712 -0.0183 2.86342e-18 0.006 -0.02 0.000169001 0.00601438 -0.02 1.38796e-17 0.006 -0.0183 0.00062822 0.00622196 -0.0183 0.000750672 0.00633933 -0.02 0.000750672 0.00633933 -0.02 0.00062822 0.00622196 -0.02 0.000487695 0.00612699 -0.0183 0.000487695 0.00612699 -0.02 0.000977555 0.00678932 -0.0183 0.000927889 0.00662714 -0.0183 0.000977555 0.00678932 -0.02 0.000927889 0.00662714 -0.02 0.000851529 0.00647569 -0.0183 0.000851529 0.00647569 -0.0183 0.000956167 0.00729282 -0.02 0.000956167 0.00729282 -0.0183 0.0009919 0.00712702 -0.0183 0.000999099 0.00695756 -0.02 0.0009919 0.00712702 -0.02 0.000999099 0.00695756 -0.0183 0.000803997 0.00759463 -0.0183 0.000691939 0.00772196 -0.02 0.000691939 0.00772196 -0.02 0.000892926 0.0074502 -0.0183 0.000892926 0.0074502 -0.02 0.000803997 0.00759463 -0.02 0.000251978 0.00796773 -0.0183 0.000411901 0.00791123 -0.0183 0.000251978 0.00796773 -0.02 0.000411901 0.00791123 -0.02 0.000559975 0.00782851 -0.0183 0.000559975 0.00782851 -0.0183 -0.000251978 0.00796773 -0.02 -0.000251978 0.00796773 -0.0183 -8.48059e-05 0.0079964 -0.0183 8.48059e-05 0.0079964 -0.02 -8.48059e-05 0.0079964 -0.02 8.48059e-05 0.0079964 -0.0183 -0.000559975 0.00782851 -0.0183 -0.000691939 0.00772196 -0.02 -0.000691939 0.00772196 -0.02 -0.000411901 0.00791123 -0.0183 -0.000411901 0.00791123 -0.02 -0.000559975 0.00782851 -0.02 -0.000956167 0.00729282 -0.0183 -0.000892926 0.0074502 -0.0183 -0.000956167 0.00729282 -0.02 -0.000892926 0.0074502 -0.02 -0.000803997 0.00759463 -0.0183 -0.000803997 0.00759463 -0.02 -0.000977555 0.00678932 -0.02 -0.000999099 0.00695756 -0.0183 -0.000999099 0.00695756 -0.0183 -0.0009919 0.00712702 -0.02 -0.0009919 0.00712702 -0.0183 -0.000977555 0.00678932 -0.02 -0.000927889 0.00662714 -0.0183 -0.000927889 0.00662714 -0.02 -0.000851529 0.00647569 -0.02 -0.000750672 0.00633933 -0.0183 -0.000851529 0.00647569 -0.0183 -0.000750672 0.00633933 -0.02 -0.00062822 0.00622196 -0.0183 -0.00062822 0.00622196 -0.02 -0.000487695 0.00612699 -0.02 -0.00033314 0.00605712 -0.0183 -0.000487695 0.00612699 -0.0183 -0.00033314 0.00605712 -0.02 -0.000169001 0.00601438 -0.0183 -0.000169001 0.00601438 -0.02 0.00604383 0.000292823 -0.02 0.0050162 0.000254036 -0.02 0.00508767 0.000585646 -0.02 0.0089838 0.000254036 -0.02 0.0079919 0.000127018 -0.02 0.00891233 0.000585646 -0.02 0.00561612 0.00144391 -0.02 0.00630806 0.000721956 -0.02 0.00539201 0.00118927 -0.02 0.00755997 0.00082851 -0.02 0.00838388 0.00144391 -0.02 0.00769194 0.000721956 -0.02 0.00708481 0.000996397 -0.02 0.00750396 0.00193547 -0.02 0.00725198 0.000967733 -0.02 0.00691519 0.000996397 -0.02 0.00674802 0.000967733 -0.02 0.00683039 0.00199279 -0.02 0.0065881 0.000911228 -0.02 0.00649604 0.00193547 -0.02 0.00644003 0.00082851 -0.02 0.0061762 0.00182246 -0.02 0.00716961 0.00199279 -0.02 0.0078238 0.00182246 -0.02 0.0074119 0.000911228 -0.02 0.00588005 0.00165702 -0.02 0.00521415 0.000900407 -0.02 0.006196 0.000594633 -0.02 0.00811995 0.00165702 -0.02 0.00860799 0.00118927 -0.02 0.007804 0.000594633 -0.02 0.00610707 0.000450204 -0.02 0.00878585 0.000900407 -0.02 0.00789293 0.000450204 -0.02 0.00795617 0.000292823 -0.02 0.0060081 0.000127018 -0.02 0.0050018 -8.48824e-05 -0.02 0.00529694 -0.00104861 -0.02 0.00607211 -0.000372856 -0.02 0.00614847 -0.000524307 -0.02 0.0060009 -4.24412e-05 -0.02 0.00602244 -0.000210679 -0.02 0.00504489 -0.000421359 -0.02 0.0089982 -8.48824e-05 -0.02 0.00895511 -0.000421359 -0.02 0.00797756 -0.000210679 -0.02 0.0079991 -4.24412e-05 -0.02 0.00666686 -0.000942877 -0.02 0.006831 -0.000985616 -0.02 0.00633372 -0.00188575 -0.02 0.00885578 -0.000745713 -0.02 0.00792789 -0.000372856 -0.02 0.007 -0.001 -0.02 0.007 -0.002 -0.02 0.006662 -0.00197123 -0.02 0.00785153 -0.000524307 -0.02 0.00870306 -0.00104861 -0.02 0.00850134 -0.00132135 -0.02 0.00775067 -0.000660675 -0.02 0.007338 -0.00197123 -0.02 0.007169 -0.000985616 -0.02 0.00733314 -0.000942877 -0.02 0.00825644 -0.00155607 -0.02 0.00762822 -0.000778036 -0.02 0.00766628 -0.00188575 -0.02 0.00748769 -0.000873014 -0.02 0.00797539 -0.00174603 -0.02 0.00651231 -0.000873014 -0.02 0.00602461 -0.00174603 -0.02 0.00574356 -0.00155607 -0.02 0.00624933 -0.000660675 -0.02 0.00637178 -0.000778036 -0.02 0.00549866 -0.00132135 -0.02 0.00514422 -0.000745713 -0.02 -0.000956167 0.00729282 -0.02 -0.0019838 0.00725404 -0.02 -0.00191233 0.00758565 -0.02 0.0019838 0.00725404 -0.02 0.0009919 0.00712702 -0.02 0.00191233 0.00758565 -0.02 -0.00138388 0.00844391 -0.02 -0.000691939 0.00772196 -0.02 -0.00160799 0.00818927 -0.02 0.000559975 0.00782851 -0.02 0.00138388 0.00844391 -0.02 0.000691939 0.00772196 -0.02 8.48059e-05 0.0079964 -0.02 0.000503956 0.00893547 -0.02 0.000251978 0.00796773 -0.02 -8.48059e-05 0.0079964 -0.02 -0.000251978 0.00796773 -0.02 -0.000169612 0.00899279 -0.02 -0.000411901 0.00791123 -0.02 -0.000503956 0.00893547 -0.02 -0.000559975 0.00782851 -0.02 -0.000823802 0.00882246 -0.02 0.000169612 0.00899279 -0.02 0.000823802 0.00882246 -0.02 0.000411901 0.00791123 -0.02 -0.00111995 0.00865702 -0.02 -0.00178585 0.00790041 -0.02 -0.000803997 0.00759463 -0.02 0.00111995 0.00865702 -0.02 0.00160799 0.00818927 -0.02 0.000803997 0.00759463 -0.02 -0.000892926 0.0074502 -0.02 0.00178585 0.00790041 -0.02 0.000892926 0.0074502 -0.02 0.000956167 0.00729282 -0.02 -0.0009919 0.00712702 -0.02 -0.0019982 0.00691512 -0.02 -0.00170306 0.00595139 -0.02 -0.000927889 0.00662714 -0.02 -0.000851529 0.00647569 -0.02 -0.000999099 0.00695756 -0.02 -0.000977555 0.00678932 -0.02 -0.00195511 0.00657864 -0.02 0.0019982 0.00691512 -0.02 0.00195511 0.00657864 -0.02 0.000977555 0.00678932 -0.02 0.000999099 0.00695756 -0.02 -0.00033314 0.00605712 -0.02 -0.000169001 0.00601438 -0.02 -0.00066628 0.00511424 -0.02 0.00185578 0.00625429 -0.02 0.000927889 0.00662714 -0.02 1.38796e-17 0.006 -0.02 1.39047e-17 0.005 -0.02 -0.000338002 0.00502877 -0.02 0.000851529 0.00647569 -0.02 0.00170306 0.00595139 -0.02 0.00150134 0.00567865 -0.02 0.000750672 0.00633933 -0.02 0.000338002 0.00502877 -0.02 0.000169001 0.00601438 -0.02 0.00033314 0.00605712 -0.02 0.00125644 0.00544393 -0.02 0.00062822 0.00622196 -0.02 0.00066628 0.00511424 -0.02 0.000487695 0.00612699 -0.02 0.00097539 0.00525397 -0.02 -0.000487695 0.00612699 -0.02 -0.00097539 0.00525397 -0.02 -0.00125644 0.00544393 -0.02 -0.000750672 0.00633933 -0.02 -0.00062822 0.00622196 -0.02 -0.00150134 0.00567865 -0.02 -0.00185578 0.00625429 -0.02 0.00138388 -0.00555609 -0.02 0.000735724 -0.00632272 -0.02 0.000614213 -0.00621086 -0.02 0.0019838 -0.00674596 -0.02 0.0019982 -0.00708488 -0.02 0.000996584 -0.00691742 -0.02 -0.00138388 -0.00555609 -0.02 -0.000614213 -0.00621086 -0.02 -0.000735724 -0.00632272 -0.02 0.000164595 -0.00601364 -0.02 0.000169612 -0.00500721 -0.02 0.000503956 -0.00506453 -0.02 -0.000503956 -0.00506453 -0.02 -0.000169612 -0.00500721 -0.02 -0.000164595 -0.00601364 -0.02 -0.000324699 -0.00605418 -0.02 -0.000823802 -0.00517754 -0.02 -0.000475947 -0.00612053 -0.02 -0.00111995 -0.00534298 -0.02 1.28019e-17 -0.006 -0.02 -0.000837167 -0.00645305 -0.02 -0.00160799 -0.00581073 -0.02 0.000475947 -0.00612053 -0.02 0.000823802 -0.00517754 -0.02 0.00111995 -0.00534298 -0.02 -0.000915773 -0.0065983 -0.02 -0.00178585 -0.00609959 -0.02 0.000837167 -0.00645305 -0.02 0.00160799 -0.00581073 -0.02 0.00178585 -0.00609959 -0.02 0.000915773 -0.0065983 -0.02 0.00191233 -0.00641435 -0.02 0.0009694 -0.00675451 -0.02 -0.0019982 -0.00708488 -0.02 -0.000996584 -0.00691742 -0.02 -0.000996584 -0.00708258 -0.02 -0.000915773 -0.0074017 -0.02 -0.00170306 -0.00804861 -0.02 -0.00185578 -0.00774571 -0.02 -0.00195511 -0.00742136 -0.02 -0.0009694 -0.00724549 -0.02 -0.000837167 -0.00754695 -0.02 -0.00150134 -0.00832135 -0.02 0.000996584 -0.00708258 -0.02 0.00195511 -0.00742136 -0.02 0.0009694 -0.00724549 -0.02 -0.000735724 -0.00767728 -0.02 -0.00125644 -0.00855607 -0.02 0.00185578 -0.00774571 -0.02 0.000915773 -0.0074017 -0.02 -0.000614213 -0.00778914 -0.02 -0.00097539 -0.00874603 -0.02 0.00170306 -0.00804861 -0.02 0.000837167 -0.00754695 -0.02 0.00150134 -0.00832135 -0.02 0.000735724 -0.00767728 -0.02 2.08832e-18 -0.008 -0.02 -0.000338002 -0.00897123 -0.02 -0.000164595 -0.00798636 -0.02 0.00125644 -0.00855607 -0.02 0.000614213 -0.00778914 -0.02 1.29856e-17 -0.009 -0.02 0.000164595 -0.00798636 -0.02 0.000324699 -0.00794582 -0.02 0.000338002 -0.00897123 -0.02 0.00097539 -0.00874603 -0.02 0.000475947 -0.00787947 -0.02 0.00066628 -0.00888575 -0.02 -0.000475947 -0.00787947 -0.02 -0.00066628 -0.00888575 -0.02 -0.000324699 -0.00794582 -0.02 -0.0009694 -0.00675451 -0.02 -0.0019838 -0.00674596 -0.02 -0.00191233 -0.00641435 -0.02 0.000324699 -0.00605418 -0.0183 0.006196 0.000594633 -0.0183 0.0038776 0.000981942 -0.0183 0.00610707 0.000450204 -0.0183 -0.00378201 0.00990798 -0.0183 -0.00390211 0.00961803 -0.0183 -0.004 0.009 -0.0183 0.00604383 0.000292823 -0.0183 0.00398634 -0.000330317 -0.0183 0.00607211 -0.000372856 -0.0183 0.00602244 -0.000210679 -0.0183 0.00334867 0.00218779 -0.0183 0.00675634 0.00868055 -0.0183 0.0029429 0.00270913 -0.0183 0.00523542 0.00967421 -0.0183 0.00245685 0.00315656 -0.0183 0.000892926 0.0074502 -0.0183 0.000956167 0.00729282 -0.0183 0.00181054 0.01085 -0.0183 1.53137e-17 0.011 -0.0183 8.48059e-05 0.0079964 -0.0183 0.000251978 0.00796773 -0.0183 0.00357169 0.010404 -0.0183 -0.0009919 0.00712702 -0.0183 -0.000956167 0.00729282 -0.0183 0.000658378 -0.00394545 -0.0183 0.000251978 -0.00603227 -0.0183 0.000411901 -0.00608877 -0.0183 -0.000851529 0.00647569 -0.0183 -0.000927889 0.00662714 -0.0183 -0.002 0.004 -0.0183 -0.00261803 0.0109021 -0.0183 -0.00290798 0.010782 -0.0183 -0.00261803 0.00409789 -0.0183 -0.000977555 0.00678932 -0.0183 -0.00290798 0.00421799 -0.0183 -0.00341421 0.00458579 -0.0183 -0.004 0.006 -0.0183 -0.00361803 0.00482443 -0.0183 -0.00378201 0.00509202 -0.0183 -0.00390211 0.00538197 -0.0183 -0.00317557 0.00438197 -0.0183 -0.00397538 0.00568713 -0.0183 -0.00361803 0.0101756 -0.0183 -0.00341421 0.0104142 -0.0183 -0.00397538 0.00931287 -0.0183 -0.00317557 0.010618 -0.0183 -0.000999099 0.00695756 -0.0183 -0.00231287 0.00402462 -0.0183 -0.000487695 0.00612699 -0.0183 1.39659e-17 0.004 -0.0183 -0.00033314 0.00605712 -0.0183 -0.004 -0.006 -0.0183 -0.00378201 -0.00509202 -0.0183 -0.00390211 -0.00538197 -0.0183 -0.00062822 0.00622196 -0.0183 -0.00361803 -0.00482443 -0.0183 0.00523542 -0.00967421 -0.0183 0.00245685 -0.00315656 -0.0183 0.00357169 -0.010404 -0.0183 0.00675634 -0.00868055 -0.0183 0.0029429 -0.00270913 -0.0183 0.006831 -0.000985616 -0.0183 0.00666686 -0.000942877 -0.0183 0.00809296 -0.0074501 -0.0183 -0.002 0.011 -0.0183 -0.000892926 0.0074502 -0.0183 -0.000803997 0.00759463 -0.0183 -0.000169001 0.00601438 -0.0183 0.0100735 -0.00441865 -0.0183 0.0106634 -0.00270034 -0.0183 0.00775067 -0.000660675 -0.0183 2.86342e-18 0.006 -0.0183 -0.000251978 -0.00603227 -0.0183 -8.48059e-05 -0.0060036 -0.0183 1.62321e-17 -0.004 -0.0183 0.0109624 -0.000908373 -0.0183 0.0109624 0.000908373 -0.0183 0.0079991 -4.24412e-05 -0.0183 0.000999099 0.00695756 -0.0183 0.00366309 -0.00160678 -0.0183 0.00651231 -0.000873014 -0.0183 0.00637178 -0.000778036 -0.0183 0.00674802 0.000967733 -0.0183 0.00809296 0.0074501 -0.0183 0.00624933 -0.000660675 -0.0183 0.00614847 -0.000524307 -0.0183 0.0038776 -0.000981942 -0.0183 0.00366309 0.00160678 -0.0183 0.00630806 0.000721956 -0.0183 0.00644003 0.00082851 -0.0183 0.0065881 0.000911228 -0.0183 0.00708481 0.000996397 -0.0183 0.00920883 0.00601643 -0.0183 0.007804 0.000594633 -0.0183 0.0106634 0.00270034 -0.0183 0.0100735 0.00441865 -0.0183 0.00920883 -0.00601643 -0.0183 0.007 -0.001 -0.0183 0.00334867 -0.00218779 -0.0183 0.00190379 -0.0035179 -0.0183 0.0012988 -0.00378327 -0.0183 0.000892926 -0.0065498 -0.0183 0.000559975 -0.00617149 -0.0183 -0.0009919 -0.00687298 -0.0183 -0.00261803 -0.00409789 -0.0183 -0.00290798 -0.00421799 -0.0183 0.000956167 -0.00670718 -0.0183 0.0009919 -0.00687298 -0.0183 -0.00317557 -0.00438197 -0.0183 -0.000169001 -0.00798562 -0.0183 1.31081e-17 -0.011 -0.0183 2.86342e-18 -0.008 -0.0183 -0.00341421 -0.00458579 -0.0183 -0.00397538 -0.00568713 -0.0183 -0.004 -0.009 -0.0183 -0.000977555 -0.00721068 -0.0183 -0.000999099 -0.00704244 -0.0183 -0.00261803 -0.0109021 -0.0183 -0.00231287 -0.0109754 -0.0183 -0.000927889 -0.00737286 -0.0183 -0.000892926 -0.0065498 -0.0183 -0.000803997 -0.00640537 -0.0183 -0.002 -0.004 -0.0183 -0.00033314 -0.00794288 -0.0183 -0.00390211 -0.00961803 -0.0183 -0.00378201 -0.00990798 -0.0183 -0.00397538 -0.00931287 -0.0183 -0.00361803 -0.0101756 -0.0183 -0.00341421 -0.0104142 -0.0183 -0.00317557 -0.010618 -0.0183 -0.00290798 -0.010782 -0.0183 -0.000487695 -0.00787301 -0.0183 -0.00062822 -0.00777804 -0.0183 -0.002 -0.011 -0.0183 -0.000851529 -0.00752431 -0.0183 0.00755997 0.00082851 -0.0183 0.0060009 -4.24412e-05 -0.0183 0.00398634 0.000330317 -0.0183 0.0060081 0.000127018 -0.0183 0.00691519 0.000996397 -0.0183 0.00725198 0.000967733 -0.0183 0.0074119 0.000911228 -0.0183 0.00769194 0.000721956 -0.0183 0.00795617 0.000292823 -0.0183 0.0079919 0.000127018 -0.0183 0.00789293 0.000450204 -0.0183 0.00797756 -0.000210679 -0.0183 0.00792789 -0.000372856 -0.0183 0.00785153 -0.000524307 -0.0183 0.00762822 -0.000778036 -0.0183 0.00748769 -0.000873014 -0.0183 0.007169 -0.000985616 -0.0183 0.00733314 -0.000942877 -0.0183 0.00062822 -0.00777804 -0.0183 0.00181054 -0.01085 -0.0183 0.000750672 -0.00766067 -0.0183 -0.000691939 -0.00627804 -0.0183 -0.000750672 -0.00766067 -0.0183 -0.000956167 -0.00670718 -0.0183 -0.00231287 -0.00402462 -0.0183 -0.000559975 -0.00617149 -0.0183 -0.000411901 -0.00608877 -0.0183 8.48059e-05 -0.0060036 -0.0183 0.000977555 -0.00721068 -0.0183 0.000999099 -0.00704244 -0.0183 0.000691939 -0.00627804 -0.0183 0.000803997 -0.00640537 -0.0183 0.000927889 -0.00737286 -0.0183 0.000851529 -0.00752431 -0.0183 0.000487695 -0.00787301 -0.0183 0.00033314 -0.00794288 -0.0183 0.000169001 -0.00798562 -0.0183 0.00033314 0.00605712 -0.0183 0.000169001 0.00601438 -0.0183 0.000658378 0.00394545 -0.0183 0.000977555 0.00678932 -0.0183 0.00190379 0.0035179 -0.0183 -0.000750672 0.00633933 -0.0183 -0.00231287 0.0109754 -0.0183 -0.000559975 0.00782851 -0.0183 -0.000691939 0.00772196 -0.0183 -0.000411901 0.00791123 -0.0183 -0.000251978 0.00796773 -0.0183 -8.48059e-05 0.0079964 -0.0183 0.000411901 0.00791123 -0.0183 0.000927889 0.00662714 -0.0183 0.0012988 0.00378327 -0.0183 0.000559975 0.00782851 -0.0183 0.000691939 0.00772196 -0.0183 0.000803997 0.00759463 -0.0183 0.0009919 0.00712702 -0.0183 0.000851529 0.00647569 -0.0183 0.000750672 0.00633933 -0.0183 0.00062822 0.00622196 -0.0183 0.000487695 0.00612699 -0.0198 0.0109624 0.000908373 -0.0183 0.0109624 0.000908373 -0.0183 0.0109624 -0.000908373 -0.0198 0.0106634 0.00270034 -0.0183 0.0106634 0.00270034 -0.0183 0.0100735 0.00441865 -0.0198 0.0100735 0.00441865 -0.0198 0.00920883 0.00601643 -0.0183 0.00920883 0.00601643 -0.0198 0.00809296 0.0074501 -0.0183 0.00809296 0.0074501 -0.0183 0.00675634 0.00868055 -0.0198 0.00675634 0.00868055 -0.0198 0.00523542 0.00967421 -0.0183 0.00523542 0.00967421 -0.0198 0.00357169 0.010404 -0.0183 0.00357169 0.010404 -0.0183 0.00181054 0.01085 -0.0198 0.00181054 0.01085 -0.0198 6.50435e-18 0.011 -0.0183 1.53137e-17 0.011 -0.0198 0.0109624 -0.000908373 -0.0183 0.0106634 -0.00270034 -0.0198 0.0106634 -0.00270034 -0.0183 0.0100735 -0.00441865 -0.0198 0.0100735 -0.00441865 -0.0198 0.00920883 -0.00601643 -0.0183 0.00920883 -0.00601643 -0.0183 0.00809296 -0.0074501 -0.0198 0.00809296 -0.0074501 -0.0183 0.00675634 -0.00868055 -0.0198 0.00675634 -0.00868055 -0.0198 0.00523542 -0.00967421 -0.0183 0.00523542 -0.00967421 -0.0183 0.00357169 -0.010404 -0.0198 0.00357169 -0.010404 -0.0183 0.00181054 -0.01085 -0.0198 0.00181054 -0.01085 -0.0183 1.31081e-17 -0.011 -0.0198 1.92203e-17 -0.011 -0.0215 0.00766628 -0.00188575 -0.02 0.007338 -0.00197123 -0.02 0.00766628 -0.00188575 -0.02 0.007 -0.002 -0.0215 0.007338 -0.00197123 -0.0215 0.007 -0.002 -0.02 0.00825644 -0.00155607 -0.02 0.00850134 -0.00132135 -0.0215 0.00850134 -0.00132135 -0.0215 0.00825644 -0.00155607 -0.0215 0.00797539 -0.00174603 -0.02 0.00797539 -0.00174603 -0.0215 0.00895511 -0.000421359 -0.02 0.00885578 -0.000745713 -0.02 0.00895511 -0.000421359 -0.0215 0.00885578 -0.000745713 -0.0215 0.00870306 -0.00104861 -0.02 0.00870306 -0.00104861 -0.02 0.00891233 0.000585646 -0.0215 0.00891233 0.000585646 -0.02 0.0089838 0.000254036 -0.02 0.0089982 -8.48824e-05 -0.0215 0.0089838 0.000254036 -0.0215 0.0089982 -8.48824e-05 -0.02 0.00860799 0.00118927 -0.02 0.00838388 0.00144391 -0.0215 0.00838388 0.00144391 -0.0215 0.00878585 0.000900407 -0.02 0.00878585 0.000900407 -0.0215 0.00860799 0.00118927 -0.0215 0.00750396 0.00193547 -0.02 0.0078238 0.00182246 -0.02 0.00750396 0.00193547 -0.0215 0.0078238 0.00182246 -0.0215 0.00811995 0.00165702 -0.02 0.00811995 0.00165702 -0.02 0.00649604 0.00193547 -0.0215 0.00649604 0.00193547 -0.02 0.00683039 0.00199279 -0.02 0.00716961 0.00199279 -0.0215 0.00683039 0.00199279 -0.0215 0.00716961 0.00199279 -0.02 0.00588005 0.00165702 -0.02 0.00561612 0.00144391 -0.0215 0.00561612 0.00144391 -0.0215 0.0061762 0.00182246 -0.02 0.0061762 0.00182246 -0.0215 0.00588005 0.00165702 -0.0215 0.00508767 0.000585646 -0.02 0.00521415 0.000900407 -0.02 0.00508767 0.000585646 -0.0215 0.00521415 0.000900407 -0.0215 0.00539201 0.00118927 -0.02 0.00539201 0.00118927 -0.0215 0.00504489 -0.000421359 -0.0215 0.0050018 -8.48824e-05 -0.02 0.0050018 -8.48824e-05 -0.02 0.0050162 0.000254036 -0.0215 0.0050162 0.000254036 -0.02 0.00504489 -0.000421359 -0.0215 0.00514422 -0.000745713 -0.02 0.00514422 -0.000745713 -0.0215 0.00529694 -0.00104861 -0.0215 0.00549866 -0.00132135 -0.02 0.00529694 -0.00104861 -0.02 0.00549866 -0.00132135 -0.0215 0.00574356 -0.00155607 -0.02 0.00574356 -0.00155607 -0.0215 0.00602461 -0.00174603 -0.0215 0.00633372 -0.00188575 -0.02 0.00602461 -0.00174603 -0.02 0.00633372 -0.00188575 -0.0215 0.006662 -0.00197123 -0.02 0.006662 -0.00197123 -0.0215 0.00066628 0.00511424 -0.02 0.000338002 0.00502877 -0.02 0.00066628 0.00511424 -0.02 1.39047e-17 0.005 -0.0215 0.000338002 0.00502877 -0.0215 1.40223e-17 0.005 -0.02 0.00125644 0.00544393 -0.02 0.00150134 0.00567865 -0.0215 0.00150134 0.00567865 -0.0215 0.00125644 0.00544393 -0.0215 0.00097539 0.00525397 -0.02 0.00097539 0.00525397 -0.0215 0.00195511 0.00657864 -0.02 0.00185578 0.00625429 -0.02 0.00195511 0.00657864 -0.0215 0.00185578 0.00625429 -0.0215 0.00170306 0.00595139 -0.02 0.00170306 0.00595139 -0.02 0.00191233 0.00758565 -0.0215 0.00191233 0.00758565 -0.02 0.0019838 0.00725404 -0.02 0.0019982 0.00691512 -0.0215 0.0019838 0.00725404 -0.0215 0.0019982 0.00691512 -0.02 0.00160799 0.00818927 -0.02 0.00138388 0.00844391 -0.0215 0.00138388 0.00844391 -0.0215 0.00178585 0.00790041 -0.02 0.00178585 0.00790041 -0.0215 0.00160799 0.00818927 -0.0215 0.000503956 0.00893547 -0.02 0.000823802 0.00882246 -0.02 0.000503956 0.00893547 -0.0215 0.000823802 0.00882246 -0.0215 0.00111995 0.00865702 -0.02 0.00111995 0.00865702 -0.02 -0.000503956 0.00893547 -0.0215 -0.000503956 0.00893547 -0.02 -0.000169612 0.00899279 -0.02 0.000169612 0.00899279 -0.0215 -0.000169612 0.00899279 -0.0215 0.000169612 0.00899279 -0.02 -0.00111995 0.00865702 -0.02 -0.00138388 0.00844391 -0.0215 -0.00138388 0.00844391 -0.0215 -0.000823802 0.00882246 -0.02 -0.000823802 0.00882246 -0.0215 -0.00111995 0.00865702 -0.0215 -0.00191233 0.00758565 -0.02 -0.00178585 0.00790041 -0.02 -0.00191233 0.00758565 -0.0215 -0.00178585 0.00790041 -0.0215 -0.00160799 0.00818927 -0.02 -0.00160799 0.00818927 -0.0215 -0.00195511 0.00657864 -0.0215 -0.0019982 0.00691512 -0.02 -0.0019982 0.00691512 -0.02 -0.0019838 0.00725404 -0.0215 -0.0019838 0.00725404 -0.02 -0.00195511 0.00657864 -0.0215 -0.00185578 0.00625429 -0.02 -0.00185578 0.00625429 -0.0215 -0.00170306 0.00595139 -0.0215 -0.00150134 0.00567865 -0.02 -0.00170306 0.00595139 -0.02 -0.00150134 0.00567865 -0.0215 -0.00125644 0.00544393 -0.02 -0.00125644 0.00544393 -0.0215 -0.00097539 0.00525397 -0.0215 -0.00066628 0.00511424 -0.02 -0.00097539 0.00525397 -0.02 -0.00066628 0.00511424 -0.0215 -0.000338002 0.00502877 -0.02 -0.000338002 0.00502877 -0.0215 0.00066628 -0.00888575 -0.02 0.000338002 -0.00897123 -0.02 0.00066628 -0.00888575 -0.02 1.29856e-17 -0.009 -0.0215 0.000338002 -0.00897123 -0.0215 1.40223e-17 -0.009 -0.02 0.00125644 -0.00855607 -0.02 0.00150134 -0.00832135 -0.0215 0.00150134 -0.00832135 -0.0215 0.00125644 -0.00855607 -0.0215 0.00097539 -0.00874603 -0.02 0.00097539 -0.00874603 -0.0215 0.00195511 -0.00742136 -0.02 0.00185578 -0.00774571 -0.02 0.00195511 -0.00742136 -0.0215 0.00185578 -0.00774571 -0.0215 0.00170306 -0.00804861 -0.02 0.00170306 -0.00804861 -0.02 0.00191233 -0.00641435 -0.0215 0.00191233 -0.00641435 -0.02 0.0019838 -0.00674596 -0.02 0.0019982 -0.00708488 -0.0215 0.0019838 -0.00674596 -0.0215 0.0019982 -0.00708488 -0.02 0.00160799 -0.00581073 -0.02 0.00138388 -0.00555609 -0.0215 0.00138388 -0.00555609 -0.0215 0.00178585 -0.00609959 -0.02 0.00178585 -0.00609959 -0.0215 0.00160799 -0.00581073 -0.0215 0.000503956 -0.00506453 -0.02 0.000823802 -0.00517754 -0.02 0.000503956 -0.00506453 -0.0215 0.000823802 -0.00517754 -0.0215 0.00111995 -0.00534298 -0.02 0.00111995 -0.00534298 -0.02 -0.000503956 -0.00506453 -0.0215 -0.000503956 -0.00506453 -0.02 -0.000169612 -0.00500721 -0.02 0.000169612 -0.00500721 -0.0215 -0.000169612 -0.00500721 -0.0215 0.000169612 -0.00500721 -0.02 -0.00111995 -0.00534298 -0.02 -0.00138388 -0.00555609 -0.0215 -0.00138388 -0.00555609 -0.0215 -0.000823802 -0.00517754 -0.02 -0.000823802 -0.00517754 -0.0215 -0.00111995 -0.00534298 -0.0215 -0.00191233 -0.00641435 -0.02 -0.00178585 -0.00609959 -0.02 -0.00191233 -0.00641435 -0.0215 -0.00178585 -0.00609959 -0.0215 -0.00160799 -0.00581073 -0.02 -0.00160799 -0.00581073 -0.0215 -0.00195511 -0.00742136 -0.0215 -0.0019982 -0.00708488 -0.02 -0.0019982 -0.00708488 -0.02 -0.0019838 -0.00674596 -0.0215 -0.0019838 -0.00674596 -0.02 -0.00195511 -0.00742136 -0.0215 -0.00185578 -0.00774571 -0.02 -0.00185578 -0.00774571 -0.0215 -0.00170306 -0.00804861 -0.0215 -0.00150134 -0.00832135 -0.02 -0.00170306 -0.00804861 -0.02 -0.00150134 -0.00832135 -0.0215 -0.00125644 -0.00855607 -0.02 -0.00125644 -0.00855607 -0.0215 -0.00097539 -0.00874603 -0.0215 -0.00066628 -0.00888575 -0.02 -0.00097539 -0.00874603 -0.02 -0.00066628 -0.00888575 -0.0215 -0.000338002 -0.00897123 -0.02 -0.000338002 -0.00897123 -0.0215 -0.00261803 0.0109021 -0.0183 -0.00261803 0.0109021 -0.0183 -0.00231287 0.0109754 -0.0183 -0.002 0.011 -0.0215 -0.002 0.011 -0.0215 -0.00231287 0.0109754 -0.0183 -0.00317557 0.010618 -0.0215 -0.00341421 0.0104142 -0.0183 -0.00341421 0.0104142 -0.0215 -0.00317557 0.010618 -0.0183 -0.00290798 0.010782 -0.0215 -0.00290798 0.010782 -0.0215 -0.00390211 0.00961803 -0.0183 -0.00390211 0.00961803 -0.0183 -0.00378201 0.00990798 -0.0215 -0.00378201 0.00990798 -0.0183 -0.00361803 0.0101756 -0.0215 -0.00361803 0.0101756 -0.0215 -0.00397538 0.00931287 -0.0183 -0.00397538 0.00931287 -0.0183 -0.004 0.009 -0.0215 -0.004 0.009 -0.0215 -0.004 0.009 -0.0215 -0.004 0.006 -0.0183 -0.004 0.006 -0.0183 -0.004 0.009 -0.0215 -0.00397538 0.00568713 -0.0183 -0.004 0.006 -0.0215 -0.004 0.006 -0.0215 -0.00361803 0.00482443 -0.0183 -0.00378201 0.00509202 -0.0215 -0.00378201 0.00509202 -0.0215 -0.00390211 0.00538197 -0.0183 -0.00390211 0.00538197 -0.0183 -0.00397538 0.00568713 -0.0183 -0.00317557 0.00438197 -0.0215 -0.00317557 0.00438197 -0.0215 -0.00290798 0.00421799 -0.0183 -0.00361803 0.00482443 -0.0215 -0.00341421 0.00458579 -0.0183 -0.00341421 0.00458579 -0.0183 -0.00261803 0.00409789 -0.0215 -0.00261803 0.00409789 -0.0215 -0.00231287 0.00402462 -0.0183 -0.00290798 0.00421799 -0.0215 -0.002 0.004 -0.0183 -0.00231287 0.00402462 -0.0183 -0.002 0.004 -0.0215 -0.002 0.004 -0.0215 1.38778e-17 0.004 -0.0183 1.39659e-17 0.004 -0.0183 -0.002 0.004 -0.0215 0.00398634 0.000330317 -0.0215 0.00398634 -0.000330317 -0.0183 0.00398634 -0.000330317 -0.0215 0.0038776 -0.000981942 -0.0183 0.0038776 -0.000981942 -0.0183 0.00366309 -0.00160678 -0.0215 0.00366309 -0.00160678 -0.0215 0.00334867 -0.00218779 -0.0183 0.00334867 -0.00218779 -0.0215 0.0029429 -0.00270913 -0.0183 0.0029429 -0.00270913 -0.0183 0.00245685 -0.00315656 -0.0215 0.00245685 -0.00315656 -0.0215 0.00190379 -0.0035179 -0.0183 0.00190379 -0.0035179 -0.0215 0.0012988 -0.00378327 -0.0183 0.0012988 -0.00378327 -0.0183 0.000658378 -0.00394545 -0.0215 0.000658378 -0.00394545 -0.0183 1.62321e-17 -0.004 -0.0215 -9.65055e-18 -0.004 -0.0183 0.00398634 0.000330317 -0.0215 0.0038776 0.000981942 -0.0183 0.0038776 0.000981942 -0.0183 0.00366309 0.00160678 -0.0215 0.00366309 0.00160678 -0.0183 0.00334867 0.00218779 -0.0215 0.00334867 0.00218779 -0.0215 0.0029429 0.00270913 -0.0183 0.0029429 0.00270913 -0.0183 0.00245685 0.00315656 -0.0215 0.00245685 0.00315656 -0.0183 0.00190379 0.0035179 -0.0215 0.00190379 0.0035179 -0.0215 0.0012988 0.00378327 -0.0183 0.0012988 0.00378327 -0.0183 0.000658378 0.00394545 -0.0215 0.000658378 0.00394545 -0.0215 1.38778e-17 0.004 -0.0183 1.39659e-17 0.004 -0.0215 -9.65055e-18 -0.004 -0.0215 -0.002 -0.004 -0.0183 -0.002 -0.004 -0.0183 1.62321e-17 -0.004 -0.0215 -0.00261803 -0.00409789 -0.0183 -0.00261803 -0.00409789 -0.0183 -0.00231287 -0.00402462 -0.0183 -0.002 -0.004 -0.0215 -0.002 -0.004 -0.0215 -0.00231287 -0.00402462 -0.0183 -0.00317557 -0.00438197 -0.0215 -0.00341421 -0.00458579 -0.0183 -0.00341421 -0.00458579 -0.0215 -0.00317557 -0.00438197 -0.0183 -0.00290798 -0.00421799 -0.0215 -0.00290798 -0.00421799 -0.0215 -0.00390211 -0.00538197 -0.0183 -0.00390211 -0.00538197 -0.0183 -0.00378201 -0.00509202 -0.0215 -0.00378201 -0.00509202 -0.0183 -0.00361803 -0.00482443 -0.0215 -0.00361803 -0.00482443 -0.0215 -0.00397538 -0.00568713 -0.0183 -0.00397538 -0.00568713 -0.0183 -0.004 -0.006 -0.0215 -0.004 -0.006 -0.0215 -0.004 -0.006 -0.0215 -0.004 -0.009 -0.0183 -0.004 -0.009 -0.0183 -0.004 -0.006 -0.0215 -0.00397538 -0.00931287 -0.0183 -0.004 -0.009 -0.0215 -0.004 -0.009 -0.0215 -0.00361803 -0.0101756 -0.0183 -0.00378201 -0.00990798 -0.0215 -0.00378201 -0.00990798 -0.0215 -0.00390211 -0.00961803 -0.0183 -0.00390211 -0.00961803 -0.0183 -0.00397538 -0.00931287 -0.0183 -0.00317557 -0.010618 -0.0215 -0.00317557 -0.010618 -0.0215 -0.00290798 -0.010782 -0.0183 -0.00361803 -0.0101756 -0.0215 -0.00341421 -0.0104142 -0.0183 -0.00341421 -0.0104142 -0.0183 -0.00261803 -0.0109021 -0.0215 -0.00261803 -0.0109021 -0.0215 -0.00231287 -0.0109754 -0.0183 -0.00290798 -0.010782 -0.0215 -0.002 -0.011 -0.0183 -0.00231287 -0.0109754 -0.0183 -0.002 -0.011 -0.0215 -0.00178585 0.00790041 -0.0215 -0.004 0.009 -0.0215 -0.00160799 0.00818927 -0.0215 -0.002 0.011 -0.0215 -0.00290798 0.010782 -0.0215 -0.00261803 0.0109021 -0.0215 -0.00231287 0.0109754 -0.0215 -0.00341421 0.0104142 -0.0215 -0.00317557 0.010618 -0.0215 -0.00111995 0.00865702 -0.0215 -0.00397538 0.00931287 -0.0215 -0.00390211 0.00961803 -0.0215 -0.000823802 0.00882246 -0.0215 -0.00378201 0.00990798 -0.0215 -0.00361803 0.0101756 -0.0215 -0.00191233 0.00758565 -0.0215 -0.0019838 0.00725404 -0.0215 -0.00138388 0.00844391 -0.0215 -0.00231287 0.00402462 -0.0215 -0.00261803 0.00409789 -0.0215 -0.002 0.004 -0.0215 1.38778e-17 0.004 -0.0215 0.000338002 0.00502877 -0.0215 0.000658378 0.00394545 -0.0215 -0.00097539 0.00525397 -0.0215 -0.000338002 0.00502877 -0.0215 -0.00066628 0.00511424 -0.0215 -0.00290798 0.00421799 -0.0215 1.40223e-17 0.005 -0.0215 0.0038776 -0.000981942 -0.0215 0.00529694 -0.00104861 -0.0215 0.00366309 -0.00160678 -0.0215 -0.00341421 0.00458579 -0.0215 -0.00317557 0.00438197 -0.0215 -0.00125644 0.00544393 -0.0215 -0.00361803 0.00482443 -0.0215 -0.00378201 0.00509202 -0.0215 0.00170306 0.00595139 -0.0215 0.00716961 0.00199279 -0.0215 0.00683039 0.00199279 -0.0215 0.0012988 0.00378327 -0.0215 0.00125644 0.00544393 -0.0215 0.00190379 0.0035179 -0.0215 0.00178585 0.00790041 -0.0215 0.0200732 0.00492678 -0.0215 0.00191233 0.00758565 -0.0215 0.02025 0.003 -0.0215 0.02025 -0.003 -0.0215 0.0089982 -8.48824e-05 -0.0215 0.027294 0.00089195 -0.0215 0.0271606 0.000675306 -0.0215 0.02375 0.003 -0.0215 0.00334867 -0.00218779 -0.0215 0.00574356 -0.00155607 -0.0215 0.00891233 0.000585646 -0.0215 0.0200732 0.00307322 -0.0215 0.0089838 0.000254036 -0.0215 0.0012988 -0.00378327 -0.0215 0.00190379 -0.0035179 -0.0215 0.00111995 -0.00534298 -0.0215 0.00895511 -0.000421359 -0.0215 0.0200732 -0.00307322 -0.0215 -0.00341421 -0.0104142 -0.0215 -0.002 -0.011 -0.0215 -0.00317557 -0.010618 -0.0215 -0.002 -0.004 -0.0215 -0.000823802 -0.00517754 -0.0215 -0.00111995 -0.00534298 -0.0215 -0.00290798 -0.010782 -0.0215 -0.00231287 -0.0109754 -0.0215 -0.00261803 -0.0109021 -0.0215 -0.00261803 -0.00409789 -0.0215 -0.00231287 -0.00402462 -0.0215 -0.00191233 -0.00641435 -0.0215 -0.0019838 -0.00674596 -0.0215 -0.004 -0.006 -0.0215 -0.00390211 -0.00538197 -0.0215 -0.00138388 -0.00555609 -0.0215 -0.00160799 -0.00581073 -0.0215 -0.00341421 -0.00458579 -0.0215 -0.00317557 -0.00438197 -0.0215 -0.00290798 -0.00421799 -0.0215 -0.00178585 -0.00609959 -0.0215 -0.00397538 -0.00568713 -0.0215 -0.00378201 -0.00509202 -0.0215 -0.00361803 -0.00482443 -0.0215 -0.004 -0.009 -0.0215 -0.00170306 -0.00804861 -0.0215 -0.00150134 -0.00832135 -0.0215 -0.00195511 -0.00742136 -0.0215 -0.0019982 -0.00708488 -0.0215 -0.00378201 -0.00990798 -0.0215 -0.00390211 -0.00961803 -0.0215 -0.00097539 -0.00874603 -0.0215 -0.00066628 -0.00888575 -0.0215 -0.00361803 -0.0101756 -0.0215 -0.000338002 -0.00897123 -0.0215 1.40223e-17 -0.009 -0.0215 -9.65055e-18 -0.004 -0.0215 -0.000503956 -0.00506453 -0.0215 0.0200732 -0.00492678 -0.0215 0.0019982 -0.00708488 -0.0215 0.0019838 -0.00674596 -0.0215 0.00170306 -0.00804861 -0.0215 0.02025 -0.005 -0.0215 0.00150134 -0.00832135 -0.0215 0.000823802 -0.00517754 -0.0215 0.00334867 0.00218779 -0.0215 0.0061762 0.00182246 -0.0215 0.00588005 0.00165702 -0.0215 0.024 -0.00325 -0.0215 0.0285 -0.0015 -0.0215 0.024 -0.00475 -0.0215 0.00633372 -0.00188575 -0.0215 0.00602461 -0.00174603 -0.0215 0.02375 -0.003 -0.0215 0.0275577 -0.00116705 -0.0215 0.0239268 -0.00307322 -0.0215 0.0270014 -6.36618e-05 -0.0215 0.0270337 -0.000316019 -0.0215 0.0277685 -0.00130952 -0.0215 0.0280003 -0.00141432 -0.0215 0.0282465 -0.00147842 -0.0215 0.0364351 -0.011 -0.0215 0.0239268 -0.00492678 -0.0215 0.0289997 -0.00141432 -0.0215 0.02375 -0.005 -0.0215 0.0292315 -0.00130952 -0.0215 0.00766628 -0.00188575 -0.0215 0.00797539 -0.00174603 -0.0215 0.02 -0.00475 -0.0215 0.02 -0.00325 -0.0215 0.00850134 -0.00132135 -0.0215 0.006662 -0.00197123 -0.0215 0.007 -0.002 -0.0215 0.00245685 -0.00315656 -0.0215 0.027374 -0.000991012 -0.0215 0.00561612 0.00144391 -0.0215 0.00366309 0.00160678 -0.0215 0.0271082 -0.000559285 -0.0215 0.0272227 -0.000786461 -0.0215 0.0274621 0.00108293 -0.0215 0.0270122 0.000190527 -0.0215 0.0270658 0.000439234 -0.0215 0.02766 0.00124276 -0.0215 0.0239268 0.00307322 -0.0215 0.0278821 0.00136684 -0.0215 0.028122 0.0014516 -0.0215 0.00398634 -0.000330317 -0.0215 0.00514422 -0.000745713 -0.0215 0.0050162 0.000254036 -0.0215 0.0050018 -8.48824e-05 -0.0215 0.00398634 0.000330317 -0.0215 0.024 0.00325 -0.0215 0.0283728 0.0014946 -0.0215 0.024 0.00475 -0.0215 0.0286272 0.0014946 -0.0215 0.028878 0.0014516 -0.0215 0.0239268 0.00492678 -0.0215 0.0299342 0.000439234 -0.0215 0.0364351 0.011 -0.0215 0.0299878 0.000190527 -0.0215 0.0291179 0.00136684 -0.0215 0.0295379 0.00108293 -0.0215 0.02934 0.00124276 -0.0215 0.0298394 0.000675306 -0.0215 0.029706 0.00089195 -0.0215 0.0299986 -6.36618e-05 -0.0215 0.0298918 -0.000559285 -0.0215 0.0299663 -0.000316019 -0.0215 0.029626 -0.000991012 -0.0215 0.0297773 -0.000786461 -0.0215 0.0294423 -0.00116705 -0.0215 0.0287535 -0.00147842 -0.0215 0.00111995 0.00865702 -0.0215 0.02375 0.005 -0.0215 0.02025 0.005 -0.0215 0.00508767 0.000585646 -0.0215 0.0038776 0.000981942 -0.0215 0.00539201 0.00118927 -0.0215 0.00521415 0.000900407 -0.0215 0.00649604 0.00193547 -0.0215 0.0029429 0.00270913 -0.0215 -0.000503956 0.00893547 -0.0215 0.0029429 -0.00270913 -0.0215 0.00504489 -0.000421359 -0.0215 0.00549866 -0.00132135 -0.0215 0.00750396 0.00193547 -0.0215 0.02 0.00475 -0.0215 0.0078238 0.00182246 -0.0215 0.00245685 0.00315656 -0.0215 0.00195511 0.00657864 -0.0215 0.00185578 0.00625429 -0.0215 0.00838388 0.00144391 -0.0215 0.02 0.00325 -0.0215 0.00860799 0.00118927 -0.0215 0.00811995 0.00165702 -0.0215 0.00878585 0.000900407 -0.0215 0.00885578 -0.000745713 -0.0215 0.00870306 -0.00104861 -0.0215 0.00825644 -0.00155607 -0.0215 0.000658378 -0.00394545 -0.0215 0.007338 -0.00197123 -0.0215 -0.00185578 0.00625429 -0.0215 -0.00170306 0.00595139 -0.0215 -0.004 0.006 -0.0215 -0.00150134 0.00567865 -0.0215 -0.00390211 0.00538197 -0.0215 -0.00397538 0.00568713 -0.0215 -0.0019982 0.00691512 -0.0215 -0.00195511 0.00657864 -0.0215 0.00150134 0.00567865 -0.0215 0.000823802 0.00882246 -0.0215 -0.000169612 0.00899279 -0.0215 0.000503956 0.00893547 -0.0215 0.000169612 0.00899279 -0.0215 0.00138388 0.00844391 -0.0215 0.00160799 0.00818927 -0.0215 0.0019838 0.00725404 -0.0215 0.0019982 0.00691512 -0.0215 0.00097539 0.00525397 -0.0215 0.00066628 0.00511424 -0.0215 0.00160799 -0.00581073 -0.0215 0.000503956 -0.00506453 -0.0215 0.000169612 -0.00500721 -0.0215 -0.000169612 -0.00500721 -0.0215 -0.00397538 -0.00931287 -0.0215 -0.00125644 -0.00855607 -0.0215 -0.00185578 -0.00774571 -0.0215 0.00138388 -0.00555609 -0.0215 0.00178585 -0.00609959 -0.0215 0.00191233 -0.00641435 -0.0215 0.00195511 -0.00742136 -0.0215 0.00185578 -0.00774571 -0.0215 0.00097539 -0.00874603 -0.0215 0.00125644 -0.00855607 -0.0215 0.000338002 -0.00897123 -0.0215 0.00066628 -0.00888575 -0.0215 0.0364351 -0.011 -0.0198 0.0398588 -0.011 -0.0198 1.92203e-17 -0.011 -0.0215334 0.0368816 -0.011 -0.0216329 0.0373182 -0.011 -0.0217962 0.037735 -0.011 -0.0220198 0.0381229 -0.011 -0.0215 -0.002 -0.011 -0.0183 1.31081e-17 -0.011 -0.0183 -0.002 -0.011 -0.0215 -0.002 0.011 -0.0198 6.50435e-18 0.011 -0.0215 0.0364351 0.011 -0.0183 -0.002 0.011 -0.0198 0.0398588 0.011 -0.0183 1.53137e-17 0.011 -0.0216329 0.0373182 0.011 -0.0215334 0.0368816 0.011 -0.0220198 0.0381229 0.011 -0.0217962 0.037735 0.011 -0.0198 0.0200732 0.00307322 -0.0198 0.0106634 0.00270034 -0.0198 0.0109624 0.000908373 -0.0198 0.0398588 -0.011 -0.0198 0.00181054 -0.01085 -0.0198 1.92203e-17 -0.011 -0.0198 0.00357169 -0.010404 -0.0198 0.02025 0.003 -0.0198 0.00523542 -0.00967421 -0.0198 0.041574 -0.011298 -0.0197999 0.0421091 -0.0115305 -0.0197999 0.0415756 0.0112973 -0.0198 0.0289997 -0.00141432 -0.0198 0.024 -0.00475 -0.0198 0.0239268 -0.00492678 -0.0198 0.028878 0.0014516 -0.0198 0.024 0.00475 -0.0198 0.0286272 0.0014946 -0.0198 0.00920883 0.00601643 -0.0198 0.0200732 0.00492678 -0.0198 0.00809296 0.0074501 -0.0198 0.02 0.00475 -0.0198 0.0100735 0.00441865 -0.0198 0.02025 0.005 -0.0198 0.00675634 0.00868055 -0.0198 0.0398588 0.011 -0.0198 0.00523542 0.00967421 -0.0198 0.029706 0.00089195 -0.0198 0.0295379 0.00108293 -0.0198 0.00181054 0.01085 -0.0198 0.00357169 0.010404 -0.0198 6.50435e-18 0.011 -0.0198 0.0282465 -0.00147842 -0.0198 0.024 -0.00325 -0.0198 0.0285 -0.0015 -0.0197998 0.0421089 0.0115304 -0.0198 0.00809296 -0.0074501 -0.0198 0.02025 -0.005 -0.0198 0.00920883 -0.00601643 -0.0198 0.0426088 -0.0118323 -0.0198 0.0426088 0.0118323 -0.0198 0.0292315 -0.00130952 -0.0197999 0.0404414 -0.0110332 -0.0198 0.029626 -0.000991012 -0.0198 0.0270122 0.000190527 -0.0198 0.0270658 0.000439234 -0.0198 0.02375 0.003 -0.0198 0.00675634 -0.00868055 -0.0198 0.02 0.00325 -0.0198 0.0270014 -6.36618e-05 -0.0198 0.0239268 0.00307322 -0.0198 0.0274621 0.00108293 -0.0198 0.02025 -0.003 -0.0197999 0.0410147 -0.0111325 -0.0198 0.0299986 -6.36618e-05 -0.0198 0.0299663 -0.000316019 -0.0198 0.0239268 0.00492678 -0.0198 0.02375 0.005 -0.0198 0.0280003 -0.00141432 -0.0198 0.0277685 -0.00130952 -0.0198 0.0239268 -0.00307322 -0.0198 0.0283728 0.0014946 -0.0198 0.024 0.00325 -0.0198 0.028122 0.0014516 -0.0198 0.0294423 -0.00116705 -0.0198 0.0297773 -0.000786461 -0.0198 0.0298918 -0.000559285 -0.0198 0.0299878 0.000190527 -0.0198 0.0410154 0.011132 -0.0198 0.0299342 0.000439234 -0.0198 0.0298394 0.000675306 -0.0197999 0.0404411 0.0110332 -0.0198 0.0291179 0.00136684 -0.0198 0.02934 0.00124276 -0.0198 0.0278821 0.00136684 -0.0198 0.02766 0.00124276 -0.0198 0.027294 0.00089195 -0.0198 0.0271606 0.000675306 -0.0198 0.0272227 -0.000786461 -0.0198 0.0271082 -0.000559285 -0.0198 0.02375 -0.003 -0.0198 0.0270337 -0.000316019 -0.0198 0.027374 -0.000991012 -0.0198 0.0275577 -0.00116705 -0.0198 0.0200732 -0.00307322 -0.0198 0.0109624 -0.000908373 -0.0198 0.02 -0.00325 -0.0198 0.0106634 -0.00270034 -0.0198 0.02375 -0.005 -0.0198 0.0100735 -0.00441865 -0.0198 0.0200732 -0.00492678 -0.0198 0.02 -0.00475 -0.0198 0.0287535 -0.00147842 -0.017702 0.0490773 -0.049 -0.0223208 0.0442812 0.031 -0.017702 0.0490773 0.031 -0.0276883 0.0403408 0.031 -0.0223208 0.0442812 -0.049 -0.0276883 0.0403408 -0.049 -0.0336478 0.0373708 0.031 -0.0336478 0.0373708 -0.049 -0.0139662 0.0545892 -0.049 -0.0139662 0.0545892 0.031 -0.0112226 0.0606562 -0.049 -0.0112226 0.0606562 0.031 -0.00955098 0.0671015 -0.049 -0.00955098 0.0671015 0.031 -0.0336478 0.0373708 0.031 -0.0287299 0.0420481 0.031 -0.0276883 0.0403408 0.031 -0.00955098 0.0671015 0.031 -0.0111791 0.0694588 0.031 -0.00920739 0.0691238 0.031 -0.0192557 0.0503366 0.031 -0.0223208 0.0442812 0.031 -0.0236377 0.0457865 0.031 -0.017702 0.0490773 0.031 -0.0157116 0.0555658 0.031 -0.0139662 0.0545892 0.031 -0.0112226 0.0606562 0.031 -0.0131086 0.0613217 0.031 -0.0115227 0.0674365 0.031 -0.0343838 0.0392305 0.031 -0.0287299 0.0420481 -0.049 -0.0343838 0.0392305 -0.049 -0.0336478 0.0373708 -0.049 -0.0157116 0.0555658 -0.049 -0.0139662 0.0545892 -0.049 -0.0131086 0.0613217 -0.049 -0.0192557 0.0503366 -0.049 -0.0236377 0.0457865 -0.049 -0.0223208 0.0442812 -0.049 -0.0276883 0.0403408 -0.049 -0.017702 0.0490773 -0.049 -0.0111791 0.0694588 -0.049 -0.0115227 0.0674365 -0.049 -0.00955098 0.0671015 -0.049 -0.0112226 0.0606562 -0.049 -0.00920739 0.0691238 -0.049 -0.0161482 0.047818 -0.051 -0.0122209 0.0536125 -0.051 -0.0161482 0.047818 0.033 -0.0122209 0.0536125 0.033 -0.00933657 0.0599907 0.033 -0.0108582 0.0562705 0.014 -0.00924064 0.0602656 0.014 -0.0080514 0.0644085 0.014 -0.021004 0.042776 0.033 -0.0189273 0.0447241 0.014 -0.0261023 0.0389714 0.014 -0.022353 0.041646 0.014 -0.0266466 0.0386334 0.033 -0.0266466 0.0386334 -0.051 -0.0329118 0.0355112 0.033 -0.0329118 0.0355112 -0.051 -0.0108582 0.0562705 -0.014 -0.00933657 0.0599907 -0.051 -0.00924064 0.0602656 -0.014 -0.00757923 0.0667665 0.033 -0.0080514 0.0644085 -0.014 -0.00757923 0.0667665 -0.051 -0.0261023 0.0389714 -0.014 -0.0189273 0.0447241 -0.014 -0.022353 0.041646 -0.014 -0.021004 0.042776 -0.051 -0.0192557 0.0503366 0.031 -0.0236377 0.0457865 0.033 -0.0192557 0.0503366 0.033 -0.0287299 0.0420481 0.033 -0.0236377 0.0457865 0.031 -0.0287299 0.0420481 0.031 -0.0343838 0.0392305 0.033 -0.0343838 0.0392305 0.031 -0.0157116 0.0555658 0.031 -0.0157116 0.0555658 0.033 -0.0131086 0.0613217 0.031 -0.0131086 0.0613217 0.033 -0.0115227 0.0674365 0.031 -0.0115227 0.0674365 0.033 -0.0192557 0.0503366 -0.049 -0.0192557 0.0503366 -0.051 -0.0236377 0.0457865 -0.049 -0.0236377 0.0457865 -0.051 -0.0287299 0.0420481 -0.049 -0.0343838 0.0392305 -0.049 -0.0287299 0.0420481 -0.051 -0.0343838 0.0392305 -0.051 -0.0157116 0.0555658 -0.051 -0.0157116 0.0555658 -0.049 -0.0131086 0.0613217 -0.051 -0.0131086 0.0613217 -0.049 -0.0115227 0.0674365 -0.051 -0.0115227 0.0674365 -0.049 -0.00512833 0.0607334 -0.011 0.00687117 0.058 -0.011 -0.00687117 0.058 -0.011 -0.0055188 0.060759 -0.011 -0.00590262 0.0608351 -0.011 0.00512833 0.0607334 -0.011 0.0055188 0.060759 -0.011 0.00590262 0.0608351 -0.011 0.0208 0.0285 0.00149993 0.0225 0.0286272 0.0014946 0.0225 0.0283728 0.0014946 0.0225 0.028122 0.0014516 0.0208 0.0282529 0.00147951 0.0225 0.0278821 0.00136684 0.0208 0.0280127 0.00141864 0.0208 0.0277862 0.00131925 0.0225 0.02766 0.00124276 0.0225 0.0274621 0.00108293 0.0208 0.027579 0.00118391 0.0225 0.027294 0.00089195 0.0208 0.0273966 0.00101611 0.0208 0.0272442 0.000820364 0.0225 0.0271606 0.000675306 0.0225 0.0270658 0.000439234 0.0208 0.0271264 0.000602656 0.0225 0.0270122 0.000190527 0.0208 0.027046 0.000368638 0.0208 0.0270052 0.000124272 0.0225 0.0270014 -6.36618e-05 0.0208 0.0270051 -0.000123757 0.0225 0.0270337 -0.000316019 0.0208 0.0270459 -0.000368126 0.0208 0.0271262 -0.00060209 0.0225 0.0271082 -0.000559285 0.0225 0.0272227 -0.000786461 0.0208 0.027244 -0.000819971 0.0225 0.027374 -0.000991012 0.0208 0.0273962 -0.00101571 0.0208 0.0275786 -0.00118367 0.0225 0.0275577 -0.00116705 0.0225 0.0277685 -0.00130952 0.0208 0.0277857 -0.00131893 0.0225 0.0280003 -0.00141432 0.0208 0.0280124 -0.00141849 0.0208 0.0282527 -0.00147945 0.0225 0.0282465 -0.00147842 0.0225 0.0285 -0.0015 0.0208 0.0285 -0.0015 0.0208 0.0287471 0.00147947 0.0225 0.028878 0.0014516 0.0208 0.0289868 0.0014188 0.0208 0.029214 0.00131914 0.0225 0.0291179 0.00136684 0.0208 0.0294216 0.00118346 0.0225 0.02934 0.00124276 0.0225 0.0295379 0.00108293 0.0208 0.0296038 0.00101565 0.0208 0.0297557 0.000820454 0.0225 0.029706 0.00089195 0.0208 0.0298737 0.000602441 0.0225 0.0298394 0.000675306 0.0225 0.0299342 0.000439234 0.0208 0.0299542 0.000367824 0.0208 0.0299949 0.000123428 0.0225 0.0299878 0.000190527 0.0208 0.0299948 -0.000124004 0.0225 0.0299986 -6.36618e-05 0.0225 0.0299663 -0.000316019 0.0208 0.0299541 -0.000368303 0.0208 0.0298735 -0.000602932 0.0225 0.0298918 -0.000559285 0.0208 0.0297554 -0.000820845 0.0225 0.0297773 -0.000786461 0.0225 0.029626 -0.000991012 0.0208 0.0296033 -0.00101613 0.0208 0.0294213 -0.00118373 0.0225 0.0294423 -0.00116705 0.0208 0.0292135 -0.0013194 0.0225 0.0292315 -0.00130952 0.0225 0.0289997 -0.00141432 0.0208 0.0289864 -0.00141889 0.0208 0.0287469 -0.00147954 0.0225 0.0287535 -0.00147842 0.0225 0.02 0.00325 0.0225 0.0200732 0.00307322 0.0208 0.0200732 0.00307322 0.0208 0.02 0.00325 0.0208 0.02025 0.003 0.0225 0.02025 0.003 0.0208 0.02375 0.003 0.0208 0.02025 0.003 0.0225 0.02025 0.003 0.0225 0.02375 0.003 0.0225 0.02375 0.003 0.0225 0.0239268 0.00307322 0.0208 0.0239268 0.00307322 0.0208 0.02375 0.003 0.0208 0.024 0.00325 0.0225 0.024 0.00325 0.0208 0.024 0.00475 0.0208 0.024 0.00325 0.0225 0.024 0.00325 0.0225 0.024 0.00475 0.0225 0.024 0.00475 0.0225 0.0239268 0.00492678 0.0208 0.0239268 0.00492678 0.0208 0.024 0.00475 0.0208 0.02375 0.005 0.0225 0.02375 0.005 0.0208 0.02025 0.005 0.0208 0.02375 0.005 0.0225 0.02375 0.005 0.0225 0.02025 0.005 0.0225 0.02025 0.005 0.0225 0.0200732 0.00492678 0.0208 0.0200732 0.00492678 0.0208 0.02025 0.005 0.0208 0.02 0.00475 0.0225 0.02 0.00475 0.0225 0.02025 -0.003 0.0225 0.0200732 -0.00307322 0.0208 0.0200732 -0.00307322 0.0208 0.02025 -0.003 0.0208 0.02 -0.00325 0.0225 0.02 -0.00325 0.0225 0.02 -0.00475 0.0225 0.0200732 -0.00492678 0.0208 0.0200732 -0.00492678 0.0208 0.02 -0.00475 0.0208 0.02025 -0.005 0.0225 0.02025 -0.005 0.0208 0.02375 -0.005 0.0208 0.02025 -0.005 0.0225 0.02025 -0.005 0.0225 0.02375 -0.005 0.0225 0.02375 -0.005 0.0225 0.0239268 -0.00492678 0.0208 0.0239268 -0.00492678 0.0208 0.02375 -0.005 0.0208 0.024 -0.00475 0.0225 0.024 -0.00475 0.0208 0.024 -0.00325 0.0208 0.024 -0.00475 0.0225 0.024 -0.00475 0.0225 0.024 -0.00325 0.0225 0.024 -0.00325 0.0225 0.0239268 -0.00307322 0.0208 0.0239268 -0.00307322 0.0208 0.024 -0.00325 0.0208 0.02375 -0.003 0.0225 0.02375 -0.003 0.0208 0.02025 -0.003 0.0208 0.02375 -0.003 0.0225 0.02375 -0.003 0.0225 0.02025 -0.003 -0.00397485 0.0607334 -0.000447858 -0.00501444 0.0607334 -0.000207658 -0.005 0.0607334 2.04493e-17 -0.00512833 0.0607334 -0.000607053 -0.00465245 0.0607334 -0.0040789 -0.00480915 0.0607334 -0.00404576 -0.00496917 0.0607334 -0.00603703 -0.00512833 0.0607334 -0.011 -0.00512833 0.0607334 -0.00601907 -0.00465276 0.0607334 -0.00599627 -0.00450341 0.0607334 -0.00593862 -0.00480938 0.0607334 -0.00602935 -0.00436517 0.0607334 -0.00585788 -0.00424158 0.0607334 -0.0057561 -0.00393706 0.0607334 -0.00503754 -0.00282843 0.0607334 -0.00282843 -0.00231469 0.0607334 -0.00326224 -0.00413581 0.0607334 -0.00563589 -0.00326224 0.0607334 -0.00231469 -0.00398791 0.0607334 -0.00472271 -0.00405034 0.0607334 -0.0045752 -0.00413551 0.0607334 -0.0044396 -0.00424123 0.0607334 -0.00431933 -0.00360388 0.0607334 -0.00173553 0.00415458 0.0607334 -0.00461955 0.00312733 0.0607334 -0.00249396 0.00350089 0.0607334 -0.00193488 0.00415415 0.0607334 -0.00545466 0.00147869 0.0607334 -0.00675175 0.00409608 0.0607334 -0.0052926 -0.00512833 0.0607334 0.011 -0.00126956 0.0607334 0.0072988 -0.00138541 0.0607334 0.0070749 -0.0050575 0.0607334 0.000411318 -0.00399371 0.0607334 0.000224282 -0.00501444 0.0607334 0.000207658 -0.0033869 0.0607334 0.00212813 -0.00403884 0.0607334 0.00452285 -0.00298257 0.0607334 0.00266539 -0.00512834 0.0607334 0.000607052 -0.00389971 0.0607334 0.000890084 -0.00384367 0.0607334 -0.00110734 -0.0050575 0.0607334 -0.000411318 -0.00496915 0.0607334 -0.00403807 -0.00512833 0.0607333 -0.00405603 -0.0046224 0.0607334 0.00591165 -0.00478819 0.0607334 0.00595129 -0.00423759 0.0607334 0.00424781 -0.00369552 0.0607334 0.00153073 -0.0043299 0.0607334 0.00416787 -0.00450305 0.0607334 -0.00413663 -0.00462771 0.0607334 0.00401151 -0.00447218 0.0607334 0.00407708 -0.00496052 0.0607334 0.00396273 -0.00479206 0.0607334 0.00397303 -0.00512833 0.0607334 0.00398093 -0.00111816 0.0607334 0.00749985 -0.00412636 0.0607334 0.00437691 -0.00249396 0.0607334 0.00312733 -0.00394354 0.0607334 0.0048486 -0.00146223 0.0607334 0.00683442 -0.00110734 0.0607334 -0.00384367 -0.00111816 0.0607334 -0.00550015 -0.00126956 0.0607334 -0.0057012 0.00434907 0.0607334 0.00566262 0.00512833 0.0607334 0.011 0.00447957 0.0607334 0.00577458 0.00409608 0.0607334 0.0047074 0.00306473 0.0607334 0.00257042 0.00406668 0.0607334 0.00487698 0.00478788 0.0607334 0.00592384 0.00462729 0.0607334 0.00586251 0.00257187 0.0607334 0.00306349 0.00200079 0.0607334 0.00346356 0.00147869 0.0607334 0.00624825 2.29292e-13 0.0607334 0.00799995 0.00423965 0.0607334 0.00552994 -0.000415737 0.0607334 0.00505879 -0.000670025 0.0607334 0.00394348 -0.000651191 0.0607334 0.00514874 -0.00432284 0.0607334 0.00575159 -0.00446577 0.0607334 0.00584443 -0.00419777 0.0607334 0.00563584 -0.00495832 0.0607334 0.0059622 -0.00512833 0.0607332 0.00594397 0.000224282 0.0607334 -0.00399371 0.000890084 0.0607334 -0.00389971 0.00051374 0.0607334 -0.00509075 0.00495637 0.0607334 0.00595675 0.00512833 0.0607334 0.00596032 0.000999046 0.0607334 0.00538115 0.000695055 0.0607334 0.0039391 0.00079738 0.0607334 0.00522955 0.00141555 0.0607334 0.00600393 0.00406678 0.0607334 0.00504907 -0.00144158 0.0607334 0.00608561 -0.00135167 0.0607334 0.00584967 -0.00193488 0.0607334 0.00350089 -0.00393863 0.0607334 0.00501887 -0.00149062 0.0607334 0.00633294 0.00140974 0.0607334 -0.00598768 0.00212813 0.0607334 -0.0033869 0.00147724 0.0607334 -0.00623968 0.00114939 0.0607334 -0.00553622 0.00153073 0.0607334 -0.00369552 0.00129929 0.0607334 -0.0057505 0.00394348 0.0607334 -0.000670025 0.0050466 0.0607334 -0.000370901 0.00512833 0.0607334 -0.000607053 0.00500521 0.0607334 -0.000124599 0.004 0.0607334 1.77636e-17 0.00504663 0.0607334 0.000371091 0.00500522 0.0607334 0.00012496 0.00393928 0.0607334 0.000694313 0.00375894 0.0607334 0.00136756 0.00478676 0.0607334 0.0040014 0.00512833 0.0607334 0.000607056 0.00495549 0.0607334 0.00396829 0.00512833 0.0607331 0.00396466 0.00434907 0.0607334 -0.00433738 0.00423965 0.0607334 -0.00447006 0.00462729 0.0607334 -0.00413749 0.00377553 0.0607334 -0.00132112 0.00478788 0.0607334 -0.00407616 0.00447957 0.0607334 -0.00422542 0.00495637 0.0607334 -0.00404325 0.00512833 0.0607334 -0.00403968 0.00406678 0.0607334 -0.00495093 0.00266539 0.0607334 -0.00298257 -0.000415737 0.0607334 -0.00794121 -0.000168746 0.0607334 -0.00799043 0.00096458 0.0607334 -0.00535128 0.000750547 0.0607334 -0.00520131 -0.00138541 0.0607334 -0.0059251 -0.00173553 0.0607334 -0.00360388 -0.000934612 0.0607334 -0.00532679 -0.000724653 0.0607334 -0.0051867 -0.0039627 0.0607334 0.00518752 -0.0014976 0.0607334 0.00658458 -0.000447858 0.0607334 -0.00397485 -0.00146223 0.0607334 -0.00616558 -0.0014976 0.0607334 -0.00641542 -0.0043648 0.0607334 -0.00421747 0.00131254 0.0607334 -0.00722602 0.00512833 0.0607334 -0.011 0.00117266 0.0607334 -0.00743534 -0.00149062 0.0607334 -0.00666706 -0.00398807 0.0607334 -0.0053529 0.00434828 0.0607334 -0.00573694 0.00423909 0.0607334 -0.00560426 0.00462621 0.0607334 -0.00593708 0.00447861 0.0607334 -0.00584899 0.00495549 0.0607334 -0.00603171 0.00478676 0.0607334 -0.0059986 0.00512833 0.0607331 -0.00603534 0.00141555 0.0607334 -0.00699607 -0.00394986 0.0607334 -0.00487775 -0.0039499 0.0607334 -0.00519737 -0.00144158 0.0607334 -0.00691439 -0.00405057 0.0607334 -0.00550033 -0.00122361 0.0607334 -0.00736759 -0.00135167 0.0607334 -0.00715033 -0.000868636 0.0607334 -0.00772285 -0.00106123 0.0607334 -0.00756002 -0.000651191 0.0607334 -0.00785126 8.33993e-05 0.0607334 -0.00799765 0.000999046 0.0607334 -0.00761885 0.000573529 0.0607334 -0.00788599 0.000333507 0.0607334 -0.00796245 0.00079738 0.0607334 -0.00777045 0.0015 0.0607334 -0.0065 0.00406668 0.0607334 -0.00512302 0.00447861 0.0607334 0.00415101 0.00434828 0.0607334 0.00426306 0.00346446 0.0607334 0.00199932 -0.00025087 0.0607334 -0.00502113 2.29292e-13 0.0607334 -0.00500005 0.000261376 0.0607334 -0.00502298 0.00415415 0.0607334 0.00454534 -0.000494519 0.0607334 -0.00508391 -0.00397727 0.0607334 0.00468165 0.00423909 0.0607334 0.00439574 0.00409638 0.0607334 -0.00478144 0.00462621 0.0607334 0.00406292 0.00131254 0.0607334 0.00577398 0.00117266 0.0607334 0.00556466 0.0013688 0.0607334 0.00375843 1.38778e-17 0.0607334 0.004 -0.000168746 0.0607334 0.00500957 0.000333507 0.0607334 0.00503755 0.0015 0.0607334 0.0065 -0.000868636 0.0607334 0.00527715 -0.00132112 0.0607334 0.00377553 -0.00106123 0.0607334 0.00543998 -0.000494519 0.0607334 0.00791609 -0.00025087 0.0607334 0.00797887 -0.000934612 0.0607334 0.00767321 -0.000724653 0.0607334 0.0078133 -0.00122361 0.0607334 0.00563241 -0.00409417 0.0607334 0.00550055 -0.00401505 0.0607334 0.00534965 8.33993e-05 0.0607334 0.00500235 0.000573529 0.0607334 0.00511401 0.00409638 0.0607334 0.00521856 0.00147724 0.0607334 0.00676032 0.00415458 0.0607334 0.00538045 0.00140974 0.0607334 0.00701232 0.00114939 0.0607334 0.00746378 0.00129929 0.0607334 0.0072495 0.000750547 0.0607334 0.00779869 0.00096458 0.0607334 0.00764871 0.000261376 0.0607334 0.00797702 0.00051374 0.0607334 0.00790925 0.00590262 0.0608351 0.011 0.0055188 0.060759 0.011 0.00687117 0.058 0.011 0.00512833 0.0607334 0.011 -0.00512833 0.0607334 0.011 -0.00687117 0.058 0.011 -0.0055188 0.060759 0.011 -0.00590262 0.0608351 0.011 0.00814054 0.058 -0.0112436 0.00606299 0.058 -0.00503754 0.00604861 0.058 -0.00520655 0.0015 0.058 -0.0065 0.00147842 0.058 -0.0067535 0.00423448 0.058 -0.00559752 0.00766705 0.058 -0.00094233 0.00656366 0.058 -0.00149865 0.00584103 0.058 -0.00440932 0.00681602 0.058 -0.00146633 0.00600587 0.058 -0.0047044 0.00705928 0.058 -0.00139183 0.00434104 0.058 -0.00572948 -0.00533295 0.058 0.00094233 -0.00364491 0.058 0.0016476 -0.00550899 0.058 0.00112601 -0.00814054 0.058 0.0112436 -0.00774276 0.058 0.000839962 -0.00758293 0.058 0.00103791 -0.00786684 0.058 0.000617852 -0.0079516 0.058 0.000377967 -0.00180081 0.058 -0.0035717 -0.00124276 0.058 -0.00566004 -0.00108293 0.058 -0.00546209 -0.0014516 0.058 -0.00612203 -0.00395139 0.058 -0.00520655 -0.0014946 0.058 -0.00637279 6.36618e-05 0.058 -0.00799865 0.00687117 0.058 -0.011 0.000316019 0.058 -0.00796633 -0.0079946 0.058 -0.000127209 -0.0079946 0.058 0.000127209 -0.00669053 0.058 -0.00148785 -0.00584823 0.058 -0.00462564 -0.00576552 0.058 -0.00447757 0.000169765 0.058 -0.0039964 -0.000508071 0.058 -0.0039676 -0.000190527 0.058 -0.00501215 -0.00393701 0.058 -0.00503754 -0.00136684 0.058 -0.00588215 -0.00571354 0.058 -0.00127729 -0.00594072 0.058 -0.00139183 -0.00522983 0.058 -0.00408138 -0.00399413 0.058 -0.00537068 -0.00693923 0.058 -0.00143425 -0.00590474 0.058 -0.00478557 -0.00739195 0.058 -0.001206 -0.0059334 0.058 -0.00495274 -0.00717531 0.058 -0.00133939 -0.0044127 0.058 -0.00588907 -0.00456415 0.058 -0.00596543 -0.00136684 0.058 -0.00711785 -0.00427633 0.058 -0.00578822 -0.00687117 0.058 -0.011 -0.00472633 0.058 -0.0060151 -0.00489457 0.058 -0.00603664 -0.00506403 0.058 -0.00602945 -0.00538721 0.058 -0.00593047 -0.00553164 0.058 -0.00584154 -0.00565896 0.058 -0.00572948 -0.00774276 0.058 -0.000839962 -0.00814054 0.058 -0.0112436 -0.00758293 0.058 -0.00103791 -0.00772947 0.058 -0.011109 -0.00730291 0.058 -0.0110272 -0.00584823 0.058 -0.00544945 -0.0079516 0.058 -0.000377967 -0.00786684 0.058 -0.000617852 -0.0057127 0.058 0.00433134 -0.00580885 0.058 0.00447266 -0.00669053 0.058 0.00148785 -0.00587952 0.058 0.0046283 -0.00592266 0.058 0.00479369 -0.00717531 0.058 0.00133939 -0.00545588 0.058 0.0041076 -0.00559388 0.058 0.00420846 -0.00618398 0.058 0.00146633 -0.00643634 0.058 0.00149865 -0.00496912 0.058 0.00396297 -0.00571354 0.058 0.00127729 -0.00594072 0.058 0.00139183 -0.00479843 0.058 0.0039721 -0.00513886 0.058 0.00398304 -0.00423755 0.058 0.00424778 -0.00331404 0.058 0.0022399 -0.00288782 0.058 0.00276776 -0.00387093 0.058 0.00100791 -0.00519048 0.058 0.000731542 -0.00432988 0.058 0.00416785 -0.005 0.058 2.13163e-17 -0.00398559 0.058 0.000339224 -0.00502158 0.058 0.000253501 0.00656366 0.058 0.00149865 0.00572367 0.058 0.00421178 0.00630947 0.058 0.00148785 -0.00395139 0.058 -0.00486854 -0.00237853 0.058 -0.00321599 0.00461279 0.058 -0.00414462 0.00477017 0.058 -0.00408138 0.00349206 0.058 -0.00195078 -0.00456415 0.058 -0.00410966 -0.00331404 0.058 -0.0022399 -0.00364491 0.058 -0.0016476 0.00141432 0.058 -0.00699971 0.00446836 0.058 -0.00584154 -0.00643634 0.058 -0.00149865 -0.00565896 0.058 -0.00434561 0.00415176 0.058 -0.00544945 0.00493598 0.058 -0.00602945 0.00477017 0.058 -0.00599371 0.00116705 0.058 -0.00744233 0.00130952 0.058 -0.00723154 0.000786461 0.058 -0.00777729 0.000991012 0.058 -0.00762601 0.000559285 0.058 -0.00789183 -0.000190527 0.058 -0.00798785 -0.000675306 0.058 -0.00783939 -0.000439234 0.058 -0.00793425 -0.00406399 0.058 -0.00552524 -0.00108293 0.058 -0.00753791 -0.00089195 0.058 -0.007706 -0.00415897 0.058 -0.00566576 -0.0014516 0.058 -0.00687797 -0.00124276 0.058 -0.00733996 -0.00618398 0.058 -0.00146633 -0.00089195 0.058 -0.005294 -0.00117129 0.058 -0.00382467 -0.00406399 0.058 -0.00454985 -0.00399413 0.058 -0.0047044 -0.00288782 0.058 -0.00276776 -0.00506403 0.058 -0.00404564 -0.00489457 0.058 -0.00403845 -0.00550899 0.058 -0.00112601 -0.00415897 0.058 -0.00440932 -0.000675306 0.058 -0.00516061 -0.00427633 0.058 -0.00428687 6.36618e-05 0.058 -0.00500135 0.000316019 0.058 -0.00503367 0.000559285 0.058 -0.00510817 0.000786461 0.058 -0.00522271 0.000842717 0.058 -0.00391022 0.00394246 0.058 -0.000676003 0.0050484 0.058 -0.000377967 0.004 0.058 7.10543e-18 0.0050054 0.058 -0.000127209 -0.00502158 0.058 -0.000253501 -0.00398559 0.058 -0.000339224 0.00560805 0.058 -0.001206 0.00493598 0.058 -0.00404564 0.00510543 0.058 -0.00403845 0.00409526 0.058 -0.00528952 0.0040666 0.058 -0.00512235 0.00147842 0.058 -0.0062465 0.00415176 0.058 -0.00462564 0.0026427 0.058 -0.00300269 0.00409526 0.058 -0.00478557 0.00461279 0.058 -0.00593047 0.00600587 0.058 -0.00537068 0.00772939 0.058 -0.0111093 0.00606077 0.058 -0.00143425 0.0055873 0.058 -0.00418602 0.00630947 0.058 -0.00148785 0.00593601 0.058 -0.00552524 0.00730286 0.058 -0.0110276 0.00584103 0.058 -0.00566576 0.0055873 0.058 -0.00588907 0.00572367 0.058 -0.00578822 0.00510543 0.058 -0.00603664 0.00527367 0.058 -0.0060151 0.00543585 0.058 -0.00596543 0.00141432 0.058 -0.00600029 0.00513316 0.058 -0.000617852 0.0040666 0.058 -0.00495274 0.00209723 0.058 -0.00340612 0.00423448 0.058 -0.00447757 0.00311214 0.058 -0.00251288 0.00377151 0.058 -0.00133256 0.00446836 0.058 -0.00423355 0.00541707 0.058 -0.00103791 0.00543585 0.058 -0.00410966 0.00582469 0.058 -0.00133939 0.00527367 0.058 -0.00405999 0.00572367 0.058 -0.00428687 0.00593601 0.058 -0.00454985 -0.000508071 0.058 0.0039676 -0.000190527 0.058 0.00501215 -0.000439234 0.058 0.00506575 0.00681602 0.058 0.00146633 0.00705928 0.058 0.00139183 0.00600587 0.058 0.00462932 0.00728646 0.058 -0.00127729 0.00749101 0.058 -0.00112601 0.00604861 0.058 -0.00486854 0.00780952 0.058 -0.000731542 -0.0014946 0.058 -0.00662721 -0.00522983 0.058 -0.00599371 -0.0059334 0.058 -0.00512235 -0.00576552 0.058 -0.00559752 -0.00590474 0.058 -0.00528952 -0.00553164 0.058 -0.00423355 -0.00538721 0.058 -0.00414462 -0.00472633 0.058 -0.00405999 -0.0044127 0.058 -0.00418602 -0.000439234 0.058 -0.00506575 0.00814054 0.058 0.0112436 0.008 0.058 2.84217e-17 0.00543585 0.058 0.00589034 0.0055873 0.058 0.00581398 0.00687117 0.058 0.011 0.00791432 0.058 -0.00049971 0.00797842 0.058 -0.000253501 -0.00508568 0.058 0.00049971 0.00525724 0.058 -0.000839962 0.00149143 0.058 -0.00371156 0.00130952 0.058 -0.00576846 0.0050054 0.058 0.000127209 0.00116705 0.058 -0.00555767 0.0050484 0.058 0.000377967 0.00394246 0.058 0.000676003 0.000991012 0.058 -0.00537399 -0.00508568 0.058 -0.00049971 0.00510543 0.058 0.00396336 0.00560805 0.058 0.001206 0.00582469 0.058 0.00133939 0.00149143 0.058 0.00371156 0.000991012 0.058 0.00537399 0.000842717 0.058 0.00391022 0.00541707 0.058 0.00103791 0.00493598 0.058 0.00397056 0.000169765 0.058 0.0039964 0.000316019 0.058 0.00503367 6.36618e-05 0.058 0.00500135 0.00728646 0.058 0.00127729 0.00749101 0.058 0.00112601 0.00604861 0.058 0.00479345 0.00606299 0.058 0.00496246 0.00584103 0.058 0.00559068 0.00730286 0.058 0.0110276 0.00766705 0.058 0.00094233 0.00593601 0.058 0.00545015 0.00772939 0.058 0.0111093 0.00780952 0.058 0.000731542 0.00604861 0.058 0.00513146 0.00797842 0.058 0.000253501 0.00791432 0.058 0.00049971 0.00513316 0.058 0.000617852 0.00377151 0.058 0.00133256 -0.00387093 0.058 -0.00100791 0.00434104 0.058 -0.00434561 -0.00519048 0.058 -0.000731542 -0.00533295 0.058 -0.00094233 0.00543585 0.058 0.00403457 0.00527367 0.058 0.0039849 -0.00447407 0.058 0.00407606 -0.00463179 0.058 0.00401017 -0.00089195 0.058 0.005294 -0.00108293 0.058 0.00546209 -0.00117129 0.058 0.00382467 -0.00393878 0.058 0.00502195 -0.0014516 0.058 0.00612203 -0.00396349 0.058 0.00519108 0.00593601 0.058 0.00447476 0.00584103 0.058 0.00433424 0.000559285 0.058 0.00510817 0.00116705 0.058 0.00555767 0.00130952 0.058 0.00576846 0.00477017 0.058 0.00400629 0.00311214 0.058 0.00251288 0.00446836 0.058 0.00415846 0.00434104 0.058 0.00427052 0.0026427 0.058 0.00300269 0.00415176 0.058 0.00455055 0.00409526 0.058 0.00471048 0.00525724 0.058 0.000839962 0.00209723 0.058 0.00340612 0.00141432 0.058 0.00600029 0.00423448 0.058 0.00440248 0.000786461 0.058 0.00522271 -0.0014946 0.058 0.00637279 -0.00401665 0.058 0.00535354 -0.000675306 0.058 0.00516061 -0.00180081 0.058 0.0035717 -0.00124276 0.058 0.00566004 -0.00136684 0.058 0.00588215 -0.0040967 0.058 0.00550456 -0.0014946 0.058 0.00662721 -0.0042013 0.058 0.00563975 -0.0014516 0.058 0.00687797 -0.00432739 0.058 0.00575515 -0.00462881 0.058 0.00591378 -0.00124276 0.058 0.00733996 -0.00687117 0.058 0.011 -0.0044713 0.058 0.00584739 -0.000439234 0.058 0.00793425 -0.000190527 0.058 0.00798785 -0.00730291 0.058 0.0110272 -0.00571072 0.058 0.005596 -0.00108293 0.058 0.00753791 -0.00479533 0.058 0.00595237 -0.00496598 0.058 0.00596204 -0.000675306 0.058 0.00783939 -0.00089195 0.058 0.007706 6.36618e-05 0.058 0.00799865 0.000559285 0.058 0.00789183 0.000316019 0.058 0.00796633 0.000991012 0.058 0.00762601 0.000786461 0.058 0.00777729 0.00130952 0.058 0.00723154 0.00116705 0.058 0.00744233 0.0040666 0.058 0.00487765 0.00423448 0.058 0.00552243 0.00147842 0.058 0.0067535 0.0015 0.058 0.0065 -0.00394323 0.058 0.00485108 -0.00237853 0.058 0.00321599 -0.00592213 0.058 0.0051343 -0.00587847 0.058 0.00529956 -0.00772947 0.058 0.011109 -0.00530271 0.058 0.00403172 -0.00593701 0.058 0.00496402 -0.00739195 0.058 0.001206 -0.00693923 0.058 0.00143425 -0.00136684 0.058 0.00711785 -0.00580731 0.058 0.00545498 -0.00513579 0.058 0.0059425 -0.0054532 0.058 0.00581893 -0.00559152 0.058 0.00571851 -0.0052998 0.058 0.00589433 -0.00397671 0.058 0.00468346 -0.00403826 0.058 0.00452399 -0.00412606 0.058 0.00437734 0.0040666 0.058 0.00504726 0.00446836 0.058 0.00576645 0.00141432 0.058 0.00699971 0.00434104 0.058 0.00565439 0.0055873 0.058 0.00411093 0.00606077 0.058 0.00143425 0.00461279 0.058 0.00406953 0.00349206 0.058 0.00195078 0.00409526 0.058 0.00521443 0.00147842 0.058 0.0062465 0.00415176 0.058 0.00537436 0.00461279 0.058 0.00585538 0.00477017 0.058 0.00591862 0.00510543 0.058 0.00596155 0.00493598 0.058 0.00595436 0.00527367 0.058 0.00594001 0.00572367 0.058 0.00571313 0.00600587 0.058 0.0052956 -0.0079946 0.058 0.000127209 -0.00798052 0.0628033 0.000240817 -0.0079516 0.058 0.000377967 -0.00799999 0.0628652 1.32828e-07 -0.00508568 0.058 -0.00049971 -0.0050575 0.0607334 -0.000411318 -0.00512833 0.0607334 -0.000607053 -0.0079946 0.058 -0.000127209 -0.00533295 0.058 -0.00094233 -0.00524903 0.0607358 -0.000827687 -0.00540467 0.0607462 -0.00102481 -0.00786684 0.058 -0.000617852 -0.00793222 0.0626666 -0.000445812 -0.0079516 0.058 -0.000377967 -0.00559036 0.0607693 -0.0011927 -0.00579939 0.0608094 -0.00132632 -0.00571354 0.058 -0.00127729 -0.00550899 0.058 -0.00112601 -0.00618398 0.058 -0.00146633 -0.00602361 0.0608702 -0.00142233 -0.00625404 0.0609527 -0.00147969 -0.00594072 0.058 -0.00139183 -0.00669053 0.058 -0.00148785 -0.00670131 0.0611789 -0.00148642 -0.00690679 0.0613175 -0.00144378 -0.0064822 0.0610564 -0.00149988 -0.00643634 0.058 -0.00149865 -0.00693923 0.058 -0.00143425 -0.00709604 0.0614689 -0.00137649 -0.00717531 0.058 -0.00133939 -0.00777886 0.0623282 -0.000783919 -0.00774276 0.058 -0.000839962 -0.00758293 0.058 -0.00103791 -0.00742159 0.0617994 -0.00118349 -0.00755786 0.0619736 -0.00106346 -0.00739195 0.058 -0.001206 -0.00726773 0.0616304 -0.00128863 -0.00767681 0.0621507 -0.000930122 -0.00786409 0.0625026 -0.000623925 -0.00519048 0.058 -0.000731542 -0.00798057 0.0628036 -0.000240857 -0.00502158 0.058 -0.000253501 -0.00793222 0.0626666 0.000445791 -0.00501444 0.0607334 -0.000207658 -0.005 0.058 2.13163e-17 -0.005 0.0607334 2.04493e-17 -0.00786684 0.058 0.000617852 -0.00777873 0.0623284 0.000784118 -0.00786414 0.0625024 0.000623779 -0.00774276 0.058 0.000839962 -0.00767646 0.0621512 0.000930554 -0.00755761 0.0619739 0.0010637 -0.00758293 0.058 0.00103791 -0.00739195 0.058 0.001206 -0.00742163 0.0617994 0.00118348 -0.00726775 0.0616304 0.00128864 -0.00717531 0.058 0.00133939 -0.00709602 0.0614689 0.00137651 -0.00693923 0.058 0.00143425 -0.00669053 0.058 0.00148785 -0.00690682 0.0613175 0.00144379 -0.00670126 0.061179 0.00148645 -0.00648214 0.0610563 0.00149991 -0.00625395 0.0609528 0.00147969 -0.00643634 0.058 0.00149865 -0.00618398 0.058 0.00146633 -0.00602351 0.0608702 0.00142231 -0.00579933 0.0608095 0.00132631 -0.00594072 0.058 0.00139183 -0.00559026 0.0607693 0.00119263 -0.00571354 0.058 0.00127729 -0.00550899 0.058 0.00112601 -0.00540463 0.0607462 0.00102477 -0.00524898 0.0607359 0.000827608 -0.00533295 0.058 0.00094233 -0.00512834 0.0607334 0.000607052 -0.00519048 0.058 0.000731542 -0.00508568 0.058 0.00049971 -0.0050575 0.0607334 0.000411318 -0.00501444 0.0607334 0.000207658 -0.00502158 0.058 0.000253501 -0.0014946 0.058 -0.00662721 -0.00149062 0.0607334 -0.00666706 -0.0014976 0.0607334 -0.00641542 -0.00144158 0.0607334 -0.00691439 -0.0014516 0.058 -0.00687797 -0.00136684 0.058 -0.00711785 -0.00135167 0.0607334 -0.00715033 -0.00124276 0.058 -0.00733996 -0.00122361 0.0607334 -0.00736759 -0.00108293 0.058 -0.00753791 -0.00106123 0.0607334 -0.00756002 -0.00089195 0.058 -0.007706 -0.000675306 0.058 -0.00783939 -0.000868636 0.0607334 -0.00772285 -0.000439234 0.058 -0.00793425 -0.000651191 0.0607334 -0.00785126 -0.000415737 0.0607334 -0.00794121 -0.000190527 0.058 -0.00798785 6.36618e-05 0.058 -0.00799865 -0.000168746 0.0607334 -0.00799043 0.000316019 0.058 -0.00796633 8.33993e-05 0.0607334 -0.00799765 0.000333507 0.0607334 -0.00796245 0.000559285 0.058 -0.00789183 0.000786461 0.058 -0.00777729 0.000573529 0.0607334 -0.00788599 0.000991012 0.058 -0.00762601 0.00079738 0.0607334 -0.00777045 0.000999046 0.0607334 -0.00761885 0.00116705 0.058 -0.00744233 0.00130952 0.058 -0.00723154 0.00117266 0.0607334 -0.00743534 0.00141432 0.058 -0.00699971 0.00131254 0.0607334 -0.00722602 0.00141555 0.0607334 -0.00699607 0.00147842 0.058 -0.0067535 0.0015 0.058 -0.0065 0.00147869 0.0607334 -0.00675175 0.0015 0.0607334 -0.0065 -0.0014946 0.058 -0.00637279 -0.00146223 0.0607334 -0.00616558 -0.0014516 0.058 -0.00612203 -0.00138541 0.0607334 -0.0059251 -0.00136684 0.058 -0.00588215 -0.00124276 0.058 -0.00566004 -0.00126956 0.0607334 -0.0057012 -0.00111816 0.0607334 -0.00550015 -0.00108293 0.058 -0.00546209 -0.000934612 0.0607334 -0.00532679 -0.00089195 0.058 -0.005294 -0.000675306 0.058 -0.00516061 -0.000724653 0.0607334 -0.0051867 -0.000494519 0.0607334 -0.00508391 -0.000439234 0.058 -0.00506575 -0.00025087 0.0607334 -0.00502113 -0.000190527 0.058 -0.00501215 6.36618e-05 0.058 -0.00500135 2.29292e-13 0.0607334 -0.00500005 0.000261376 0.0607334 -0.00502298 0.000316019 0.058 -0.00503367 0.00051374 0.0607334 -0.00509075 0.000559285 0.058 -0.00510817 0.000786461 0.058 -0.00522271 0.000750547 0.0607334 -0.00520131 0.00096458 0.0607334 -0.00535128 0.000991012 0.058 -0.00537399 0.00114939 0.0607334 -0.00553622 0.00116705 0.058 -0.00555767 0.00130952 0.058 -0.00576846 0.00129929 0.0607334 -0.0057505 0.00140974 0.0607334 -0.00598768 0.00141432 0.058 -0.00600029 0.00147724 0.0607334 -0.00623968 0.00147842 0.058 -0.0062465 0.00434828 0.0607334 -0.00573694 0.00434104 0.058 -0.00572948 0.00446836 0.058 -0.00584154 0.00512833 0.0607334 -0.00403968 0.00527367 0.058 -0.00405999 0.00510543 0.058 -0.00403845 0.0058467 0.0608206 -0.00441654 0.00593879 0.0608448 -0.004555 0.00593601 0.058 -0.00454985 0.00461279 0.058 -0.00593047 0.00447861 0.0607334 -0.00584899 0.00584103 0.058 -0.00440932 0.00477017 0.058 -0.00599371 0.00462621 0.0607334 -0.00593708 0.00478676 0.0607334 -0.0059986 0.00493598 0.058 -0.00602945 0.00510543 0.058 -0.00603664 0.00495549 0.0607334 -0.00603171 0.00527367 0.058 -0.0060151 0.00512833 0.0607331 -0.00603534 0.00529461 0.0607381 -0.00601019 0.00543585 0.058 -0.00596543 0.0055873 0.058 -0.00588907 0.00545389 0.0607513 -0.00595789 0.00572367 0.058 -0.00578822 0.00560162 0.0607712 -0.00587997 0.00573387 0.0607954 -0.00577901 0.00584103 0.058 -0.00566576 0.00584744 0.0608211 -0.00565766 0.00593601 0.058 -0.00552524 0.00600587 0.058 -0.00537068 0.00593941 0.0608453 -0.005519 0.00606299 0.058 -0.00503754 0.00606288 0.0608827 -0.00503754 0.00604894 0.0608782 -0.00520445 0.00600732 0.0608652 -0.00536639 0.00604861 0.058 -0.00520655 0.00423909 0.0607334 -0.00560426 0.00415415 0.0607334 -0.00545466 0.00423448 0.058 -0.00559752 0.00415176 0.058 -0.00544945 0.00409608 0.0607334 -0.0052926 0.00406668 0.0607334 -0.00512302 0.00409526 0.058 -0.00528952 0.0040666 0.058 -0.00495274 0.0040666 0.058 -0.00512235 0.00409526 0.058 -0.00478557 0.00406678 0.0607334 -0.00495093 0.00409638 0.0607334 -0.00478144 0.00415176 0.058 -0.00462564 0.00415458 0.0607334 -0.00461955 0.00423448 0.058 -0.00447757 0.00434104 0.058 -0.00434561 0.00423965 0.0607334 -0.00447006 0.00434907 0.0607334 -0.00433738 0.00446836 0.058 -0.00423355 0.00447957 0.0607334 -0.00422542 0.00461279 0.058 -0.00414462 0.00477017 0.058 -0.00408138 0.00462729 0.0607334 -0.00413749 0.00478788 0.0607334 -0.00407616 0.00493598 0.058 -0.00404564 0.00495637 0.0607334 -0.00404325 0.00545346 0.0607511 -0.00411692 0.00543585 0.058 -0.00410966 0.00529432 0.060738 -0.00406477 0.00573326 0.0607949 -0.00429544 0.00560099 0.0607708 -0.00419467 0.00572367 0.058 -0.00428687 0.0055873 0.058 -0.00418602 0.00600671 0.0608648 -0.0047072 0.00604861 0.058 -0.00486854 0.00600587 0.058 -0.0047044 0.00604865 0.060878 -0.00486939 -0.0059334 0.058 -0.00495274 -0.0059334 0.058 -0.00512235 -0.00593699 0.0608444 -0.00503716 -0.00590474 0.058 -0.00528952 -0.00592215 0.0608404 -0.0052092 -0.00587804 0.0608287 -0.00537585 -0.00584823 0.058 -0.00544945 -0.00576552 0.058 -0.00559752 -0.0058062 0.0608111 -0.005532 -0.00565896 0.058 -0.00572948 -0.00570891 0.0607903 -0.00567327 -0.00558892 0.0607691 -0.00579581 -0.00450341 0.0607334 -0.00593862 -0.0044127 0.058 -0.00588907 -0.00436517 0.0607334 -0.00585788 -0.00553164 0.058 -0.00584154 -0.00544949 0.0607508 -0.00589622 -0.00465276 0.0607334 -0.00599627 -0.00480938 0.0607334 -0.00602935 -0.00472633 0.058 -0.0060151 -0.00456415 0.058 -0.00596543 -0.00489457 0.058 -0.00603664 -0.00496917 0.0607334 -0.00603703 -0.00506403 0.058 -0.00602945 -0.00512833 0.0607334 -0.00601907 -0.00522983 0.058 -0.00599371 -0.00529443 0.0607381 -0.00597147 -0.00538721 0.058 -0.00593047 -0.00427633 0.058 -0.00578822 -0.00424158 0.0607334 -0.0057561 -0.00415897 0.058 -0.00566576 -0.00406399 0.058 -0.00552524 -0.00413581 0.0607334 -0.00563589 -0.00399413 0.058 -0.00537068 -0.00405057 0.0607334 -0.00550033 -0.00398807 0.0607334 -0.0053529 -0.00395139 0.058 -0.00520655 -0.00393701 0.058 -0.00503754 -0.0039499 0.0607334 -0.00519737 -0.00393706 0.0607334 -0.00503754 -0.005922 0.0608402 -0.00486511 -0.00590474 0.058 -0.00478557 -0.00587779 0.0608284 -0.00469859 -0.00580587 0.0608108 -0.00454253 -0.00584823 0.058 -0.00462564 -0.00570857 0.06079 -0.00440139 -0.00576552 0.058 -0.00447757 -0.00565896 0.058 -0.00434561 -0.00558855 0.0607689 -0.00427894 -0.00544917 0.0607506 -0.00417865 -0.00553164 0.058 -0.00423355 -0.00529405 0.0607381 -0.00410346 -0.00538721 0.058 -0.00414462 -0.00522983 0.058 -0.00408138 -0.00512833 0.0607333 -0.00405603 -0.00496915 0.0607334 -0.00403807 -0.00506403 0.058 -0.00404564 -0.00480915 0.0607334 -0.00404576 -0.00489457 0.058 -0.00403845 -0.00472633 0.058 -0.00405999 -0.00465245 0.0607334 -0.0040789 -0.00450305 0.0607334 -0.00413663 -0.00456415 0.058 -0.00410966 -0.0043648 0.0607334 -0.00421747 -0.0044127 0.058 -0.00418602 -0.00427633 0.058 -0.00428687 -0.00424123 0.0607334 -0.00431933 -0.00413551 0.0607334 -0.0044396 -0.00415897 0.058 -0.00440932 -0.00405034 0.0607334 -0.0045752 -0.00406399 0.058 -0.00454985 -0.00399413 0.058 -0.0047044 -0.00398791 0.0607334 -0.00472271 -0.00394986 0.0607334 -0.00487775 -0.00395139 0.058 -0.00486854 0.00625409 0.0609527 -0.00147948 0.00606077 0.058 -0.00143425 0.00630947 0.058 -0.00148785 0.00513316 0.058 0.000617852 0.0050484 0.058 0.000377967 0.00512833 0.0607334 0.000607056 0.00656366 0.058 -0.00149865 0.00648218 0.0610563 -0.00149985 0.00670132 0.0611789 -0.00148632 0.0069068 0.0613174 -0.00144377 0.00681602 0.058 -0.00146633 0.00705928 0.058 -0.00139183 0.00709602 0.0614689 -0.0013765 0.00728646 0.058 -0.00127729 0.00726774 0.0616304 -0.00128863 0.00749101 0.058 -0.00112601 0.00742162 0.0617993 -0.00118351 0.00755802 0.0619737 -0.00106403 0.00766705 0.058 -0.00094233 0.0077789 0.0623283 -0.000784342 0.00780952 0.058 -0.000731542 0.00767704 0.062151 -0.000930975 0.00793222 0.0626666 -0.000446016 0.00791432 0.058 -0.00049971 0.00797842 0.058 -0.000253501 0.0078641 0.0625024 -0.000623945 0.008 0.058 2.84217e-17 0.00798059 0.0628037 -0.000240963 0.00799994 0.0628651 -7.75812e-12 0.00602364 0.0608701 -0.00142215 0.0057994 0.0608094 -0.00132624 0.00582469 0.058 -0.00133939 0.00560805 0.058 -0.001206 0.00559036 0.0607692 -0.00119256 0.00540467 0.0607462 -0.00102472 0.00541707 0.058 -0.00103791 0.00524901 0.0607359 -0.000827573 0.00525724 0.058 -0.000839962 0.00513316 0.058 -0.000617852 0.00512833 0.0607334 -0.000607053 0.0050466 0.0607334 -0.000370901 0.0050484 0.058 -0.000377967 0.00500521 0.0607334 -0.000124599 0.0050054 0.058 -0.000127209 0.0050054 0.058 0.000127209 0.00500522 0.0607334 0.00012496 0.00504663 0.0607334 0.000371091 0.00541707 0.058 0.00103791 0.00540463 0.0607462 0.00102477 0.00559041 0.0607692 0.00119253 0.00524909 0.0607359 0.000827542 0.00525724 0.058 0.000839962 0.00625406 0.0609527 0.00147971 0.00606077 0.058 0.00143425 0.00602368 0.0608702 0.0014222 0.00579938 0.0608095 0.00132632 0.00582469 0.058 0.00133939 0.00560805 0.058 0.001206 0.00728646 0.058 0.00127729 0.00705928 0.058 0.00139183 0.00709614 0.061469 0.00137646 0.00656366 0.058 0.00149865 0.00648225 0.0610563 0.00149982 0.00670138 0.0611789 0.00148643 0.00777892 0.0623283 0.000783845 0.00766705 0.058 0.00094233 0.00767686 0.0621507 0.000930066 0.00749101 0.058 0.00112601 0.00755796 0.0619736 0.00106345 0.00780952 0.058 0.000731542 0.00786423 0.0625026 0.000623826 0.00793227 0.0626667 0.000445663 0.00791432 0.058 0.00049971 0.00798052 0.0628033 0.000240657 0.00797842 0.058 0.000253501 0.00742177 0.0617995 0.00118358 0.00726785 0.0616305 0.00128867 0.00690688 0.0613175 0.00144371 0.00681602 0.058 0.00146633 0.00630947 0.058 0.00148785 -0.00282843 0.0607334 -0.00282843 -0.00288782 0.058 -0.00276776 -0.00237853 0.058 -0.00321599 0.000169765 0.058 0.0039964 -0.000508071 0.058 0.0039676 1.38778e-17 0.0607334 0.004 -0.00180081 0.058 -0.0035717 -0.00231469 0.0607334 -0.00326224 -0.00117129 0.058 -0.00382467 -0.00173553 0.0607334 -0.00360388 -0.00110734 0.0607334 -0.00384367 -0.000508071 0.058 -0.0039676 0.000169765 0.058 -0.0039964 -0.000447858 0.0607334 -0.00397485 0.000842717 0.058 -0.00391022 0.000224282 0.0607334 -0.00399371 0.000890084 0.0607334 -0.00389971 0.00149143 0.058 -0.00371156 0.00209723 0.058 -0.00340612 0.00153073 0.0607334 -0.00369552 0.0026427 0.058 -0.00300269 0.00212813 0.0607334 -0.0033869 0.00266539 0.0607334 -0.00298257 0.00311214 0.058 -0.00251288 0.00349206 0.058 -0.00195078 0.00312733 0.0607334 -0.00249396 0.00377151 0.058 -0.00133256 0.00350089 0.0607334 -0.00193488 0.00377553 0.0607334 -0.00132112 0.00394246 0.058 -0.000676003 0.004 0.058 7.10543e-18 0.00394348 0.0607334 -0.000670025 0.004 0.0607334 1.77636e-17 -0.00326224 0.0607334 -0.00231469 -0.00360388 0.0607334 -0.00173553 -0.00331404 0.058 -0.0022399 -0.00364491 0.058 -0.0016476 -0.00384367 0.0607334 -0.00110734 -0.00397485 0.0607334 -0.000447858 -0.00387093 0.058 -0.00100791 -0.00399371 0.0607334 0.000224282 -0.00398559 0.058 -0.000339224 -0.00398559 0.058 0.000339224 -0.00389971 0.0607334 0.000890084 -0.00369552 0.0607334 0.00153073 -0.00387093 0.058 0.00100791 -0.0033869 0.0607334 0.00212813 -0.00364491 0.058 0.0016476 -0.00331404 0.058 0.0022399 -0.00298257 0.0607334 0.00266539 -0.00249396 0.0607334 0.00312733 -0.00288782 0.058 0.00276776 -0.00193488 0.0607334 0.00350089 -0.00237853 0.058 0.00321599 -0.00180081 0.058 0.0035717 -0.00132112 0.0607334 0.00377553 -0.000670025 0.0607334 0.00394348 -0.00117129 0.058 0.00382467 0.00149143 0.058 0.00371156 0.0013688 0.0607334 0.00375843 0.00200079 0.0607334 0.00346356 0.000695055 0.0607334 0.0039391 0.000842717 0.058 0.00391022 0.00346446 0.0607334 0.00199932 0.00311214 0.058 0.00251288 0.00306473 0.0607334 0.00257042 0.00257187 0.0607334 0.00306349 0.0026427 0.058 0.00300269 0.00209723 0.058 0.00340612 0.00393928 0.0607334 0.000694313 0.00377151 0.058 0.00133256 0.00375894 0.0607334 0.00136756 0.00349206 0.058 0.00195078 0.00394246 0.058 0.000676003 -0.0014946 0.058 0.00637279 -0.00149062 0.0607334 0.00633294 -0.0014976 0.0607334 0.00658458 -0.00144158 0.0607334 0.00608561 -0.0014516 0.058 0.00612203 -0.00136684 0.058 0.00588215 -0.00135167 0.0607334 0.00584967 -0.00124276 0.058 0.00566004 -0.00122361 0.0607334 0.00563241 -0.00108293 0.058 0.00546209 -0.00106123 0.0607334 0.00543998 -0.00089195 0.058 0.005294 -0.000675306 0.058 0.00516061 -0.000868636 0.0607334 0.00527715 -0.000439234 0.058 0.00506575 -0.000651191 0.0607334 0.00514874 -0.000415737 0.0607334 0.00505879 -0.000190527 0.058 0.00501215 6.36618e-05 0.058 0.00500135 -0.000168746 0.0607334 0.00500957 0.000316019 0.058 0.00503367 8.33993e-05 0.0607334 0.00500235 0.000333507 0.0607334 0.00503755 0.000559285 0.058 0.00510817 0.000786461 0.058 0.00522271 0.000573529 0.0607334 0.00511401 0.000991012 0.058 0.00537399 0.00079738 0.0607334 0.00522955 0.000999046 0.0607334 0.00538115 0.00116705 0.058 0.00555767 0.00130952 0.058 0.00576846 0.00117266 0.0607334 0.00556466 0.00141432 0.058 0.00600029 0.00131254 0.0607334 0.00577398 0.00141555 0.0607334 0.00600393 0.00147842 0.058 0.0062465 0.0015 0.058 0.0065 0.00147869 0.0607334 0.00624825 0.0015 0.0607334 0.0065 -0.0014946 0.058 0.00662721 -0.00146223 0.0607334 0.00683442 -0.0014516 0.058 0.00687797 -0.00138541 0.0607334 0.0070749 -0.00136684 0.058 0.00711785 -0.00124276 0.058 0.00733996 -0.00126956 0.0607334 0.0072988 -0.00111816 0.0607334 0.00749985 -0.00108293 0.058 0.00753791 -0.000934612 0.0607334 0.00767321 -0.00089195 0.058 0.007706 -0.000675306 0.058 0.00783939 -0.000724653 0.0607334 0.0078133 -0.000494519 0.0607334 0.00791609 -0.000439234 0.058 0.00793425 -0.00025087 0.0607334 0.00797887 -0.000190527 0.058 0.00798785 6.36618e-05 0.058 0.00799865 2.29292e-13 0.0607334 0.00799995 0.000261376 0.0607334 0.00797702 0.000316019 0.058 0.00796633 0.00051374 0.0607334 0.00790925 0.000559285 0.058 0.00789183 0.000786461 0.058 0.00777729 0.000750547 0.0607334 0.00779869 0.00096458 0.0607334 0.00764871 0.000991012 0.058 0.00762601 0.00114939 0.0607334 0.00746378 0.00116705 0.058 0.00744233 0.00130952 0.058 0.00723154 0.00129929 0.0607334 0.0072495 0.00140974 0.0607334 0.00701232 0.00141432 0.058 0.00699971 0.00147724 0.0607334 0.00676032 0.00147842 0.058 0.0067535 -0.00559152 0.058 0.00571851 -0.00558852 0.0607689 0.00572109 -0.0054532 0.058 0.00581893 -0.00544914 0.0607506 0.00582137 -0.0052998 0.058 0.00589433 -0.00513579 0.058 0.0059425 -0.00529394 0.0607381 0.00589657 -0.00512833 0.0607332 0.00594397 -0.00496598 0.058 0.00596204 -0.00495832 0.0607334 0.0059622 -0.00479533 0.058 0.00595237 -0.00462881 0.058 0.00591378 -0.00478819 0.0607334 0.00595129 -0.0046224 0.0607334 0.00591165 -0.0044713 0.058 0.00584739 -0.00446577 0.0607334 0.00584443 -0.00432739 0.058 0.00575515 -0.0042013 0.058 0.00563975 -0.00432284 0.0607334 0.00575159 -0.00419777 0.0607334 0.00563584 -0.0040967 0.058 0.00550456 -0.00409417 0.0607334 0.00550055 -0.00401665 0.058 0.00535354 -0.00396349 0.058 0.00519108 -0.00401505 0.0607334 0.00534965 -0.0039627 0.0607334 0.00518752 -0.00393878 0.058 0.00502195 -0.00393863 0.0607334 0.00501887 -0.00394323 0.058 0.00485108 -0.00397671 0.058 0.00468346 -0.00394354 0.0607334 0.0048486 -0.00397727 0.0607334 0.00468165 -0.00403826 0.058 0.00452399 -0.00403884 0.0607334 0.00452285 -0.00412606 0.058 0.00437734 -0.00423755 0.058 0.00424778 -0.00412636 0.0607334 0.00437691 -0.00423759 0.0607334 0.00424781 -0.00570855 0.06079 0.00559863 -0.00571072 0.058 0.005596 -0.00580585 0.0608108 0.00545751 -0.00580731 0.058 0.00545498 -0.00587778 0.0608284 0.00530144 -0.005922 0.0608402 0.00513492 -0.00587847 0.058 0.00529956 -0.00592213 0.058 0.0051343 -0.00593701 0.058 0.00496402 -0.00592266 0.058 0.00479369 -0.00593699 0.0608444 0.00496287 -0.00592216 0.0608404 0.00479083 -0.00587952 0.058 0.0046283 -0.00587805 0.0608287 0.00462418 -0.00580885 0.058 0.00447266 -0.00580621 0.0608111 0.00446802 -0.00570892 0.0607903 0.00432675 -0.0057127 0.058 0.00433134 -0.00559388 0.058 0.00420846 -0.00558894 0.0607691 0.0042042 -0.00545588 0.058 0.0041076 -0.0054495 0.0607508 0.00410379 -0.00529443 0.0607381 0.00402853 -0.00530271 0.058 0.00403172 -0.00513886 0.058 0.00398304 -0.00512833 0.0607334 0.00398093 -0.00496912 0.058 0.00396297 -0.00496052 0.0607334 0.00396273 -0.00479206 0.0607334 0.00397303 -0.00479843 0.058 0.0039721 -0.00463179 0.058 0.00401017 -0.00462771 0.0607334 0.00401151 -0.00447407 0.058 0.00407606 -0.00447218 0.0607334 0.00407708 -0.00432988 0.058 0.00416785 -0.0043299 0.0607334 0.00416787 -0.00432988 0.058 0.00416785 -0.00423755 0.058 0.00424778 -0.00423759 0.0607334 0.00424781 -0.0043299 0.0607334 0.00416787 0.00434828 0.0607334 0.00426306 0.00434104 0.058 0.00427052 0.00446836 0.058 0.00415846 0.00512833 0.0607334 0.00596032 0.00527367 0.058 0.00594001 0.00510543 0.058 0.00596155 0.0058467 0.0608206 0.00558346 0.00593879 0.0608448 0.005445 0.00593601 0.058 0.00545015 0.00461279 0.058 0.00406953 0.00447861 0.0607334 0.00415101 0.00584103 0.058 0.00559068 0.00477017 0.058 0.00400629 0.00462621 0.0607334 0.00406292 0.00478676 0.0607334 0.0040014 0.00493598 0.058 0.00397056 0.00510543 0.058 0.00396336 0.00495549 0.0607334 0.00396829 0.00527367 0.058 0.0039849 0.00512833 0.0607331 0.00396466 0.00529461 0.0607381 0.00398981 0.00543585 0.058 0.00403457 0.0055873 0.058 0.00411093 0.00545389 0.0607513 0.00404211 0.00572367 0.058 0.00421178 0.00560162 0.0607712 0.00412003 0.00573387 0.0607954 0.00422099 0.00584103 0.058 0.00433424 0.00584744 0.0608211 0.00434234 0.00593601 0.058 0.00447476 0.00600587 0.058 0.00462932 0.00593941 0.0608453 0.004481 0.00606299 0.058 0.00496246 0.00606288 0.0608827 0.00496246 0.00604894 0.0608782 0.00479555 0.00600732 0.0608652 0.00463361 0.00604861 0.058 0.00479345 0.00423909 0.0607334 0.00439574 0.00415415 0.0607334 0.00454534 0.00423448 0.058 0.00440248 0.00415176 0.058 0.00455055 0.00409608 0.0607334 0.0047074 0.00406668 0.0607334 0.00487698 0.00409526 0.058 0.00471048 0.0040666 0.058 0.00504726 0.0040666 0.058 0.00487765 0.00409526 0.058 0.00521443 0.00406678 0.0607334 0.00504907 0.00409638 0.0607334 0.00521856 0.00415176 0.058 0.00537436 0.00415458 0.0607334 0.00538045 0.00423448 0.058 0.00552243 0.00434104 0.058 0.00565439 0.00423965 0.0607334 0.00552994 0.00434907 0.0607334 0.00566262 0.00446836 0.058 0.00576645 0.00447957 0.0607334 0.00577458 0.00461279 0.058 0.00585538 0.00477017 0.058 0.00591862 0.00462729 0.0607334 0.00586251 0.00478788 0.0607334 0.00592384 0.00493598 0.058 0.00595436 0.00495637 0.0607334 0.00595675 0.00545346 0.0607511 0.00588308 0.00543585 0.058 0.00589034 0.00529432 0.060738 0.00593523 0.00573326 0.0607949 0.00570456 0.00560099 0.0607708 0.00580533 0.00572367 0.058 0.00571313 0.0055873 0.058 0.00581398 0.00600671 0.0608648 0.0052928 0.00604861 0.058 0.00513146 0.00600587 0.058 0.0052956 0.00604865 0.060878 0.00513061 -0.0215 0.0289997 -0.00141432 -0.0198 0.0287535 -0.00147842 -0.0198 0.0289997 -0.00141432 -0.0198 0.0285 -0.0015 -0.0215 0.0287535 -0.00147842 -0.0215 0.0285 -0.0015 -0.0198 0.0294423 -0.00116705 -0.0198 0.029626 -0.000991012 -0.0215 0.029626 -0.000991012 -0.0215 0.0294423 -0.00116705 -0.0215 0.0292315 -0.00130952 -0.0198 0.0292315 -0.00130952 -0.0215 0.0299663 -0.000316019 -0.0198 0.0298918 -0.000559285 -0.0198 0.0299663 -0.000316019 -0.0215 0.0298918 -0.000559285 -0.0215 0.0297773 -0.000786461 -0.0198 0.0297773 -0.000786461 -0.0198 0.0299342 0.000439234 -0.0215 0.0299342 0.000439234 -0.0198 0.0299878 0.000190527 -0.0198 0.0299986 -6.36618e-05 -0.0215 0.0299878 0.000190527 -0.0215 0.0299986 -6.36618e-05 -0.0198 0.029706 0.00089195 -0.0198 0.0295379 0.00108293 -0.0215 0.0295379 0.00108293 -0.0215 0.0298394 0.000675306 -0.0198 0.0298394 0.000675306 -0.0215 0.029706 0.00089195 -0.0215 0.028878 0.0014516 -0.0198 0.0291179 0.00136684 -0.0198 0.028878 0.0014516 -0.0215 0.0291179 0.00136684 -0.0215 0.02934 0.00124276 -0.0198 0.02934 0.00124276 -0.0198 0.028122 0.0014516 -0.0215 0.028122 0.0014516 -0.0198 0.0283728 0.0014946 -0.0198 0.0286272 0.0014946 -0.0215 0.0283728 0.0014946 -0.0215 0.0286272 0.0014946 -0.0198 0.02766 0.00124276 -0.0198 0.0274621 0.00108293 -0.0215 0.0274621 0.00108293 -0.0215 0.0278821 0.00136684 -0.0198 0.0278821 0.00136684 -0.0215 0.02766 0.00124276 -0.0215 0.0270658 0.000439234 -0.0198 0.0271606 0.000675306 -0.0198 0.0270658 0.000439234 -0.0215 0.0271606 0.000675306 -0.0215 0.027294 0.00089195 -0.0198 0.027294 0.00089195 -0.0215 0.0270337 -0.000316019 -0.0215 0.0270014 -6.36618e-05 -0.0198 0.0270014 -6.36618e-05 -0.0198 0.0270122 0.000190527 -0.0215 0.0270122 0.000190527 -0.0198 0.0270337 -0.000316019 -0.0215 0.0271082 -0.000559285 -0.0198 0.0271082 -0.000559285 -0.0215 0.0272227 -0.000786461 -0.0215 0.027374 -0.000991012 -0.0198 0.0272227 -0.000786461 -0.0198 0.027374 -0.000991012 -0.0215 0.0275577 -0.00116705 -0.0198 0.0275577 -0.00116705 -0.0215 0.0277685 -0.00130952 -0.0215 0.0280003 -0.00141432 -0.0198 0.0277685 -0.00130952 -0.0198 0.0280003 -0.00141432 -0.0215 0.0282465 -0.00147842 -0.0198 0.0282465 -0.00147842 -0.0215 0.0200732 0.00307322 -0.0198 0.0200732 0.00307322 -0.0215 0.02025 0.003 -0.0198 0.02025 0.003 -0.0198 0.02 0.00325 -0.0215 0.02 0.00325 -0.0215 0.0200732 0.00492678 -0.0198 0.0200732 0.00492678 -0.0215 0.02 0.00475 -0.0198 0.02 0.00475 -0.0198 0.02025 0.005 -0.0215 0.02025 0.005 -0.0215 0.02025 0.005 -0.0198 0.02375 0.005 -0.0198 0.02025 0.005 -0.0215 0.02375 0.005 -0.0215 0.0239268 0.00492678 -0.0198 0.0239268 0.00492678 -0.0215 0.02375 0.005 -0.0198 0.02375 0.005 -0.0198 0.024 0.00475 -0.0215 0.024 0.00475 -0.0215 0.024 0.00475 -0.0198 0.024 0.00325 -0.0198 0.024 0.00475 -0.0215 0.024 0.00325 -0.0215 0.0239268 0.00307322 -0.0198 0.0239268 0.00307322 -0.0215 0.024 0.00325 -0.0198 0.024 0.00325 -0.0198 0.02375 0.003 -0.0215 0.02375 0.003 -0.0215 0.02375 0.003 -0.0198 0.02025 0.003 -0.0198 0.02375 0.003 -0.0215 0.02025 0.003 -0.0215 0.0200732 -0.00307322 -0.0198 0.0200732 -0.00307322 -0.0215 0.02 -0.00325 -0.0198 0.02 -0.00325 -0.0198 0.02025 -0.003 -0.0215 0.02025 -0.003 -0.0215 0.02025 -0.003 -0.0198 0.02375 -0.003 -0.0198 0.02025 -0.003 -0.0215 0.02375 -0.003 -0.0215 0.0239268 -0.00307322 -0.0198 0.0239268 -0.00307322 -0.0215 0.02375 -0.003 -0.0198 0.02375 -0.003 -0.0198 0.024 -0.00325 -0.0215 0.024 -0.00325 -0.0215 0.024 -0.00325 -0.0198 0.024 -0.00475 -0.0198 0.024 -0.00325 -0.0215 0.024 -0.00475 -0.0215 0.0239268 -0.00492678 -0.0198 0.0239268 -0.00492678 -0.0215 0.024 -0.00475 -0.0198 0.024 -0.00475 -0.0198 0.02375 -0.005 -0.0215 0.02375 -0.005 -0.0215 0.02375 -0.005 -0.0198 0.02025 -0.005 -0.0198 0.02375 -0.005 -0.0215 0.02025 -0.005 -0.0215 0.0200732 -0.00492678 -0.0198 0.0200732 -0.00492678 -0.0215 0.02025 -0.005 -0.0198 0.02025 -0.005 -0.0198 0.02 -0.00475 -0.0215 0.02 -0.00475 0.00858219 0.0579673 0.0114517 0.00814054 0.058 0.0112436 0.00814054 0.058 -0.0112436 0.00970464 0.05756 -0.0122943 0.00970464 0.05756 0.0122943 0.00936668 0.057738 -0.0119867 0.00936668 0.057738 0.0119867 0.00899325 0.0578763 0.0117038 0.00899325 0.0578763 -0.0117038 0.0102703 0.0571128 -0.0129538 0.010501 0.0568516 -0.0132984 0.010501 0.0568516 0.0132984 0.0100056 0.0573498 0.0126186 0.0100056 0.0573498 -0.0126186 0.0102703 0.0571128 0.0129538 0.0106971 0.0565697 -0.0136485 0.0106971 0.0565697 0.0136485 0.0108582 0.0562705 0.014 0.0108582 0.0562705 -0.014 0.00858219 0.0579673 -0.0114517 -0.00893153 0.060159 -0.012638 -0.008699 0.0600788 -0.0122366 -0.00970464 0.05756 -0.0122943 -0.00936668 0.057738 -0.0119867 -0.0100056 0.0573498 -0.0126186 -0.0102703 0.0571128 -0.0129538 -0.00910183 0.0602177 -0.0130729 -0.00805825 0.0630888 -0.012671 -0.00920572 0.0602536 -0.0135307 -0.010501 0.0568516 -0.0132984 -0.00812818 0.0637584 -0.0133265 -0.00924064 0.0602656 -0.014 -0.0106971 0.0565697 -0.0136485 -0.0108582 0.0562705 -0.014 -0.00810742 0.0640869 -0.0136624 -0.0080514 0.0644085 -0.014 -0.00840998 0.0599791 -0.0118787 -0.00899325 0.0578763 -0.0117038 -0.00807158 0.0598624 -0.0115729 -0.00763538 0.0620862 -0.0117787 -0.00739517 0.0617684 -0.0115261 -0.00769213 0.0597315 -0.011327 -0.00858219 0.0579673 -0.0114517 -0.00710025 0.0614728 -0.0113115 -0.00728098 0.0595897 -0.0111468 -0.00814054 0.058 -0.0112436 -0.00684824 0.0594405 -0.0110369 -0.00772947 0.058 -0.011109 -0.00590262 0.0608351 -0.011 -0.00730291 0.058 -0.0110272 -0.00634555 0.0609917 -0.0110374 -0.00687117 0.058 -0.011 -0.00674867 0.061209 -0.0111443 -0.00782293 0.062415 -0.0120574 -0.00796265 0.0627505 -0.0123565 -0.00811242 0.0634254 -0.0129956 -0.0100056 0.0573498 -0.0126186 -0.00970464 0.05756 -0.0122943 -0.00985972 0.057459 0.0124545 -0.0101753 0.0572048 0.0128269 -0.0102703 0.0571128 -0.0129538 -0.0104464 0.0569193 0.0132116 -0.010501 0.0568516 -0.0132984 -0.0106971 0.0565697 -0.0136485 -0.0106744 0.0566062 0.0136046 -0.0108582 0.0562705 0.014 -0.0108582 0.0562705 -0.014 -0.00949752 0.057676 0.0120993 -0.00909013 0.0578461 0.0117717 -0.00936668 0.057738 -0.0119867 -0.00899325 0.0578763 -0.0117038 -0.0086353 0.057959 0.0114807 -0.00858219 0.0579673 -0.0114517 -0.00814054 0.058 0.0112436 -0.00814054 0.058 -0.0112436 -0.00512833 0.0607334 -0.011 -0.0055188 0.060759 -0.011 -0.00529443 0.0607381 -0.00597147 -0.00590262 0.0608351 -0.011 -0.00593699 0.0608444 -0.00503716 -0.00592215 0.0608404 -0.0052092 -0.00602361 0.0608702 -0.00142233 -0.00579939 0.0608094 -0.00132632 -0.005922 0.0608402 -0.00486511 -0.00512833 0.0607334 -0.00601907 -0.00544949 0.0607508 -0.00589622 -0.00570891 0.0607903 -0.00567327 -0.00558892 0.0607691 -0.00579581 -0.0058062 0.0608111 -0.005532 -0.00587804 0.0608287 -0.00537585 -0.00558855 0.0607689 -0.00427894 -0.00559036 0.0607693 -0.0011927 -0.00544917 0.0607506 -0.00417865 -0.00570857 0.06079 -0.00440139 -0.00540467 0.0607462 -0.00102481 -0.00529405 0.0607381 -0.00410346 -0.00512833 0.0607333 -0.00405603 -0.00524903 0.0607358 -0.000827687 -0.00512833 0.0607334 -0.000607053 -0.00763537 0.0620862 0.0117787 -0.00767646 0.0621512 0.000930554 -0.00777873 0.0623284 0.000784118 -0.00580587 0.0608108 -0.00454253 -0.00587779 0.0608284 -0.00469859 -0.0064822 0.0610564 -0.00149988 -0.00634555 0.0609917 -0.0110374 -0.00674867 0.061209 -0.0111443 -0.00625404 0.0609527 -0.00147969 -0.00709604 0.0614689 -0.00137649 -0.00690679 0.0613175 -0.00144378 -0.00710025 0.0614728 -0.0113115 -0.00670131 0.0611789 -0.00148642 -0.00739517 0.0617684 -0.0115261 -0.00763538 0.0620862 -0.0117787 -0.00755786 0.0619736 -0.00106346 -0.00726773 0.0616304 -0.00128863 -0.00742159 0.0617994 -0.00118349 -0.00793222 0.0626666 -0.000445812 -0.00786409 0.0625026 -0.000623925 -0.00796265 0.0627505 -0.0123565 -0.00782293 0.062415 -0.0120574 -0.00777886 0.0623282 -0.000783919 -0.00805825 0.0630888 -0.012671 -0.00799999 0.0628652 1.32828e-07 -0.00798057 0.0628036 -0.000240857 -0.00811243 0.0634254 0.0129956 -0.0080583 0.0630886 0.0126712 -0.00811242 0.0634254 -0.0129956 -0.00796271 0.0627503 0.0123567 -0.00812818 0.0637584 -0.0133265 -0.00812819 0.0637584 0.0133266 -0.00602351 0.0608702 0.00142231 -0.00625395 0.0609528 0.00147969 -0.0063455 0.0609919 0.0110372 -0.00674865 0.0612091 0.0111442 -0.00670126 0.061179 0.00148645 -0.00690682 0.0613175 0.00144379 -0.00590262 0.0608351 0.011 -0.00593699 0.0608444 0.00496287 -0.005922 0.0608402 0.00513492 -0.00592216 0.0608404 0.00479083 -0.00579933 0.0608095 0.00132631 -0.00587805 0.0608287 0.00462418 -0.00570892 0.0607903 0.00432675 -0.00580621 0.0608111 0.00446802 -0.00559026 0.0607693 0.00119263 -0.00558894 0.0607691 0.0042042 -0.0054495 0.0607508 0.00410379 -0.00540463 0.0607462 0.00102477 -0.00524898 0.0607359 0.000827608 -0.00529443 0.0607381 0.00402853 -0.00512833 0.0607334 0.00398093 -0.00512834 0.0607334 0.000607052 -0.0055188 0.060759 0.011 -0.00570855 0.06079 0.00559863 -0.00587778 0.0608284 0.00530144 -0.00648214 0.0610563 0.00149991 -0.00580585 0.0608108 0.00545751 -0.00710024 0.0614729 0.0113114 -0.00709602 0.0614689 0.00137651 -0.00726775 0.0616304 0.00128864 -0.00739516 0.0617684 0.0115261 -0.00558852 0.0607689 0.00572109 -0.00742163 0.0617994 0.00118348 -0.00529394 0.0607381 0.00589657 -0.00544914 0.0607506 0.00582137 -0.00512833 0.0607334 0.011 -0.00512833 0.0607332 0.00594397 -0.00755761 0.0619739 0.0010637 -0.00782294 0.062415 0.0120575 -0.00786414 0.0625024 0.000623779 -0.00793222 0.0626666 0.000445791 -0.00798052 0.0628033 0.000240817 -0.00810742 0.0640869 -0.0136624 -0.00810742 0.0640869 0.0136624 -0.0080514 0.0644085 0.014 -0.0080514 0.0644085 -0.014 -0.00767681 0.0621507 -0.000930122 -0.00893153 0.060159 0.012638 -0.00910183 0.0602177 0.0130729 -0.0101753 0.0572048 0.0128269 -0.0104464 0.0569193 0.0132116 -0.00920572 0.0602536 0.0135307 -0.0080583 0.0630886 0.0126712 -0.0106744 0.0566062 0.0136046 -0.00812819 0.0637584 0.0133266 -0.00810742 0.0640869 0.0136624 -0.0080514 0.0644085 0.014 -0.00924064 0.0602656 0.014 -0.00811243 0.0634254 0.0129956 -0.00684824 0.0594405 0.0110369 -0.0063455 0.0609919 0.0110372 -0.00728098 0.0595897 0.0111468 -0.0108582 0.0562705 0.014 -0.008699 0.0600788 0.0122366 -0.00796271 0.0627503 0.0123567 -0.00840998 0.0599791 0.0118787 -0.00782294 0.062415 0.0120575 -0.00985972 0.057459 0.0124545 -0.00949752 0.057676 0.0120993 -0.00909013 0.0578461 0.0117717 -0.00807158 0.0598624 0.0115729 -0.00739516 0.0617684 0.0115261 -0.00763537 0.0620862 0.0117787 -0.0086353 0.057959 0.0114807 -0.00769213 0.0597315 0.011327 -0.00710024 0.0614729 0.0113114 -0.00772947 0.058 0.011109 -0.00674865 0.0612091 0.0111442 -0.00590262 0.0608351 0.011 -0.00730291 0.058 0.0110272 -0.00687117 0.058 0.011 -0.00814054 0.058 0.0112436 0.025428 0.0388209 -0.0123565 0.0250659 0.0387902 -0.0120574 0.0229525 0.0404536 -0.0122366 0.0231007 0.0406499 -0.012638 0.0257794 0.0388089 -0.012671 0.0208 0.0416346 -0.0117661 0.0207667 0.0420773 -0.0120948 0.0227683 0.0402096 -0.0118787 0.0232092 0.0407937 -0.0130729 0.0261165 0.0387578 -0.0129956 0.0264384 0.0386713 -0.0133265 0.0232754 0.0408814 -0.0135307 0.0203472 0.04322 -0.0132091 0.0201208 0.0435357 -0.0136032 0.0270341 0.0384 -0.014 0.0267449 0.0385514 -0.0136624 0.0232977 0.0409109 -0.014 0.0198591 0.0438163 -0.014 0.0246955 0.0387118 -0.0117787 0.0243196 0.0385799 -0.0115261 0.0225526 0.0399239 -0.0115729 0.0239482 0.0383892 -0.0113115 0.0223108 0.0396036 -0.011327 0.0235898 0.0381347 -0.0111443 0.0220487 0.0392564 -0.0111468 0.02326 0.0378171 -0.0110374 0.0208 0.040133 -0.0111218 0.0229757 0.037443 -0.011 0.0208 0.0390484 -0.011 0.0205336 0.042872 -0.0128236 0.0206761 0.0424905 -0.0124494 0.0207998 0.041162 -0.0114891 0.0207999 0.0406594 -0.0112744 0.0208 0.0395944 -0.0110306 0.0205336 0.042872 0.0128236 0.0203472 0.0432199 0.0132092 0.0205336 0.042872 -0.0128236 0.0201208 0.0435357 -0.0136032 0.0203472 0.04322 -0.0132091 0.0198591 0.0438163 -0.014 0.0201209 0.0435356 0.0136033 0.0198591 0.0438163 0.014 0.0206761 0.0424905 -0.0124494 0.0206762 0.0424904 0.0124495 0.0207669 0.0420772 0.012095 0.0207667 0.0420773 -0.0120948 0.0208 0.0416346 0.0117661 0.0208 0.0416346 -0.0117661 0.0226214 0.0366666 0.011 0.0225305 0.0362486 -0.011 0.0226214 0.0366666 -0.011 0.0232601 0.0378169 0.0110372 0.0229757 0.037443 0.011 0.0229757 0.037443 -0.011 0.0225 0.0358219 -0.011 0.0225305 0.0362486 0.011 0.0225 0.0358219 0.011 0.0227708 0.0370675 0.011 0.0227708 0.0370675 -0.011 0.0243196 0.0385799 -0.0115261 0.0243196 0.0385799 0.0115261 0.0239482 0.0383892 -0.0113115 0.0239483 0.0383891 0.0113114 0.0235899 0.0381347 0.0111442 0.0235898 0.0381347 -0.0111443 0.0254279 0.0388211 0.0123567 0.025428 0.0388209 -0.0123565 0.0257792 0.038809 0.0126712 0.0246955 0.0387118 0.0117787 0.0246955 0.0387118 -0.0117787 0.0250659 0.0387902 0.0120575 0.0261165 0.0387578 0.0129956 0.0261165 0.0387578 -0.0129956 0.0264384 0.0386713 0.0133266 0.0257794 0.0388089 -0.012671 0.0264384 0.0386713 -0.0133265 0.0267449 0.0385514 0.0136624 0.0270341 0.0384 0.014 0.0267449 0.0385514 -0.0136624 0.0270341 0.0384 -0.014 0.0250659 0.0387902 -0.0120574 0.02326 0.0378171 -0.0110374 0.0227683 0.0402096 0.0118787 0.0225526 0.0399239 0.0115729 0.0246955 0.0387118 0.0117787 0.0232092 0.0407937 0.0130729 0.0232754 0.0408814 0.0135307 0.0203472 0.0432199 0.0132092 0.0264384 0.0386713 0.0133266 0.0261165 0.0387578 0.0129956 0.0220487 0.0392564 0.0111468 0.0232601 0.0378169 0.0110372 0.0235899 0.0381347 0.0111442 0.0232977 0.0409109 0.014 0.0267449 0.0385514 0.0136624 0.0270341 0.0384 0.014 0.0201209 0.0435356 0.0136033 0.0198591 0.0438163 0.014 0.0231007 0.0406499 0.012638 0.0257792 0.038809 0.0126712 0.0229525 0.0404536 0.0122366 0.0254279 0.0388211 0.0123567 0.0250659 0.0387902 0.0120575 0.0243196 0.0385799 0.0115261 0.0207669 0.0420772 0.012095 0.0223108 0.0396036 0.011327 0.0239483 0.0383891 0.0113114 0.0207999 0.0395951 0.0110307 0.0208 0.0390484 0.011 0.0229757 0.037443 0.011 0.0207999 0.0401337 0.0111225 0.0208 0.0406594 0.0112753 0.0207999 0.0411623 0.0114893 0.0208 0.0416346 0.0117661 0.0206762 0.0424904 0.0124495 0.0205336 0.042872 0.0128236 -0.019685 0.0434295 -0.0125025 -0.0197697 0.0430319 -0.0121552 -0.0219946 0.041199 -0.0122366 -0.0222611 0.0415314 -0.0130729 -0.0221484 0.0413909 -0.012638 -0.0248589 0.0394136 -0.012671 -0.0223299 0.0416171 -0.0135307 -0.0193815 0.0441367 -0.0132375 -0.0255139 0.0392587 -0.0133263 -0.0195541 0.0437975 -0.0128644 -0.0245078 0.0394352 -0.0123562 -0.0258171 0.0391306 -0.0136622 -0.0191718 0.044446 -0.013617 -0.022353 0.041646 -0.014 -0.0261023 0.0389714 -0.014 -0.0189273 0.0447241 -0.014 -0.0218033 0.0409604 -0.0118787 -0.0215794 0.0406811 -0.0115729 -0.0198 0.0426088 -0.0118323 -0.0198 0.041574 -0.011298 -0.0213283 0.040368 -0.011327 -0.0197999 0.0421091 -0.0115305 -0.0230164 0.0390429 -0.0113108 -0.0210563 0.0400287 -0.0111468 -0.0197999 0.0410147 -0.0111325 -0.0197999 0.0404414 -0.0110332 -0.0223129 0.0384887 -0.011037 -0.0220198 0.0381229 -0.011 -0.0198 0.0398588 -0.011 -0.0251946 0.0393537 -0.0129956 -0.0241452 0.0394143 -0.0120572 -0.0237726 0.0393458 -0.0117782 -0.0233936 0.0392237 -0.0115261 -0.0226512 0.0387981 -0.0111435 -0.0233936 0.0392236 0.0115261 -0.0237726 0.0393458 -0.0117782 -0.0233936 0.0392237 -0.0115261 -0.0241452 0.0394143 -0.0120572 -0.0237726 0.0393458 0.0117782 -0.0241452 0.0394143 0.0120573 -0.0245078 0.0394352 -0.0123562 -0.0245077 0.0394354 0.0123564 -0.0248589 0.0394136 -0.012671 -0.0251946 0.0393537 -0.0129956 -0.0248587 0.0394137 0.0126712 -0.0251946 0.0393537 0.0129956 -0.0255139 0.0392587 -0.0133263 -0.0255139 0.0392587 0.0133264 -0.0258171 0.0391306 -0.0136622 -0.0261023 0.0389714 -0.014 -0.0258171 0.0391306 0.0136623 -0.0261023 0.0389714 0.014 -0.0230165 0.0390428 0.0113108 -0.0230164 0.0390429 -0.0113108 -0.0226512 0.0387981 0.0111435 -0.0223132 0.0384886 0.0110367 -0.0226512 0.0387981 -0.0111435 -0.0223129 0.0384887 -0.011037 -0.0220198 0.0381229 0.011 -0.0220198 0.0381229 -0.011 -0.0217962 0.037735 0.011 -0.0216329 0.0373182 0.011 -0.0217962 0.037735 -0.011 -0.0216329 0.0373182 -0.011 -0.0215334 0.0368816 0.011 -0.0215334 0.0368816 -0.011 -0.0215 0.0364351 0.011 -0.0215 0.0364351 -0.011 -0.0197698 0.0430318 0.0121554 -0.0198 0.0426088 0.0118323 -0.0198 0.0426088 -0.0118323 -0.0193815 0.0441367 -0.0132375 -0.0193816 0.0441366 0.0132376 -0.0195541 0.0437975 -0.0128644 -0.0196851 0.0434294 0.0125026 -0.019685 0.0434295 -0.0125025 -0.0189273 0.0447241 0.014 -0.0191718 0.0444459 0.0136172 -0.0191718 0.044446 -0.013617 -0.0189273 0.0447241 -0.014 -0.0195541 0.0437974 0.0128645 -0.0197697 0.0430319 -0.0121552 -0.0223299 0.0416171 0.0135307 -0.0255139 0.0392587 0.0133264 -0.0222611 0.0415314 0.0130729 -0.0189273 0.0447241 0.014 -0.022353 0.041646 0.014 -0.0191718 0.0444459 0.0136172 -0.0221484 0.0413909 0.012638 -0.0219946 0.041199 0.0122366 -0.0196851 0.0434294 0.0125026 -0.0193816 0.0441366 0.0132376 -0.0218033 0.0409604 0.0118787 -0.0215794 0.0406811 0.0115729 -0.0198 0.0426088 0.0118323 -0.0197698 0.0430318 0.0121554 -0.0197998 0.0421089 0.0115304 -0.0213283 0.040368 0.011327 -0.0210563 0.0400287 0.0111468 -0.0230165 0.0390428 0.0113108 -0.0197999 0.0404411 0.0110332 -0.0220198 0.0381229 0.011 -0.0198 0.0398588 0.011 -0.0223132 0.0384886 0.0110367 -0.0197999 0.0415756 0.0112973 -0.0233936 0.0392236 0.0115261 -0.0248587 0.0394137 0.0126712 -0.0245077 0.0394354 0.0123564 -0.0195541 0.0437974 0.0128645 -0.0261023 0.0389714 0.014 -0.0258171 0.0391306 0.0136623 -0.0226512 0.0387981 0.0111435 -0.0198 0.0410154 0.011132 -0.0237726 0.0393458 0.0117782 -0.0241452 0.0394143 0.0120573 -0.0251946 0.0393537 0.0129956 0.0336478 0.0373708 0.031 0.0343838 0.0392305 -0.049 0.0336478 0.0373708 -0.049 0.0343838 0.0392305 0.031 0.0362434 0.0384944 -0.051 0.0343838 0.0392305 -0.051 0.0343838 0.0392305 -0.049 0.0362434 0.0384944 0.033 0.0343838 0.0392305 0.031 0.0343838 0.0392305 0.033 0.0329118 0.0355112 -0.051 0.0347714 0.0347752 0.033 0.0329118 0.0355112 0.033 0.0347714 0.0347752 -0.051 0.0347714 0.0347752 -0.051 0.0362434 0.0384944 0.033 0.0347714 0.0347752 0.033 0.0362434 0.0384944 -0.051 -0.0336478 0.0373708 0.031 -0.0343838 0.0392305 -0.049 -0.0343838 0.0392305 0.031 -0.0336478 0.0373708 -0.049 -0.0347714 0.0347752 0.033 -0.0329118 0.0355112 -0.051 -0.0329118 0.0355112 0.033 -0.0347714 0.0347752 -0.051 -0.0343838 0.0392305 0.031 -0.0362434 0.0384944 -0.051 -0.0362434 0.0384944 0.033 -0.0343838 0.0392305 -0.051 -0.0343838 0.0392305 -0.049 -0.0343838 0.0392305 0.033 -0.0362434 0.0384944 0.033 -0.0347714 0.0347752 -0.051 -0.0347714 0.0347752 0.033 -0.0362434 0.0384944 -0.051 0.0208 0.02 0.00325 0.0208 0.02 0.00475 0.0225 0.02 0.00475 0.0225 0.02 0.00325 0.0225 0.02 -0.00325 0.0208 0.02 -0.00475 0.0208 0.02 -0.00325 0.0225 0.02 -0.00475 -0.0198 0.02 -0.00325 -0.0215 0.02 -0.00475 -0.0215 0.02 -0.00325 -0.0198 0.02 -0.00475 -0.0198 0.02 0.00475 -0.0215 0.02 0.00325 -0.0215 0.02 0.00475 -0.0198 0.02 0.00325 -0.00955098 0.0671015 0.031 -0.00920739 0.0691238 -0.049 -0.00955098 0.0671015 -0.049 -0.00920739 0.0691238 0.031 0.0111791 0.0694588 -0.049 0.0111791 0.0694588 0.031 0.00920739 0.0691238 0.031 0.00920739 0.0691238 -0.049 0.00639816 0.0737182 -0.051 0.00639816 0.0737182 0.021 0.0108441 0.0714305 0.021 0.0108441 0.0714305 -0.051 0.0115227 0.0674365 -0.051 0.0108441 0.0714305 -0.051 0.0111791 0.0694588 -0.049 0.00928638 0.0805993 0.030667 0.00901985 0.082168 0.0309169 0.00833166 0.0862186 0.033 0.0115227 0.0674365 -0.049 0.0111791 0.0694588 0.031 0.0115227 0.0674365 0.033 0.0115227 0.0674365 0.031 0.00875041 0.0837539 0.031 0.00833166 0.0862186 0.031 0.00954691 0.0790659 0.0302486 0.00979797 0.0775882 0.029659 0.0102547 0.0749 0.0279568 0.0100355 0.07619 0.0288957 0.0106134 0.0727886 0.025565 0.0104496 0.0737527 0.0268439 0.0108136 0.0716102 0.0225962 0.0107385 0.0720521 0.0241392 0.0108441 0.0714305 0.021 0.00639816 0.0737182 0.021 0.00757923 0.0667665 0.033 0.00637099 0.073878 0.0226026 0.00757923 0.0667665 -0.051 0.00616674 0.0750803 0.0255674 0.00629193 0.0743434 0.0241418 0.00580799 0.0771918 0.0279576 0.00600289 0.0760446 0.0268455 0.00535148 0.0798787 0.029659 0.00558891 0.0784812 0.028896 0.00510054 0.0813557 0.0302485 0.00484014 0.0828884 0.0306669 0.00388568 0.0885062 0.033 0.00457374 0.0844564 0.0309169 0.00430443 0.0860416 0.031 0.00388568 0.0885062 0.031 0.00639816 0.0737182 -0.051 0.00955098 0.0671015 -0.049 0.00920739 0.0691238 0.031 0.00955098 0.0671015 0.031 0.00920739 0.0691238 -0.049 0.00388568 0.0885062 0.033 0.00833166 0.0862186 0.033 0.00833166 0.0862186 0.031 0.00388568 0.0885062 0.031 0.00833166 0.0862186 0.031 0.00430443 0.0860416 0.031 0.00388568 0.0885062 0.031 0.00875041 0.0837539 0.031 -0.00388568 0.0885062 0.033 -0.00388568 0.0885062 0.031 -0.00833166 0.0862186 0.031 -0.00833166 0.0862186 0.033 -0.00833166 0.0862186 0.031 -0.00430443 0.0860416 0.031 -0.00875041 0.0837539 0.031 -0.00388568 0.0885062 0.031 -0.00629255 0.0743397 0.0241392 -0.0107379 0.0720558 0.0241418 -0.0106127 0.0727926 0.0255674 -0.0108441 0.0714305 0.021 -0.00636763 0.0738978 0.0225962 -0.00639816 0.0737182 0.021 -0.010254 0.0749042 0.0279576 -0.0100349 0.0761936 0.028896 -0.0058087 0.0771876 0.0279568 -0.00600363 0.0760403 0.0268439 -0.00616741 0.0750763 0.025565 -0.0104489 0.073757 0.0268455 -0.00510092 0.0813535 0.0302486 -0.00954653 0.0790681 0.0302485 -0.00928613 0.0806008 0.0306669 -0.00535198 0.0798758 0.029659 -0.00558952 0.0784776 0.0288957 -0.00979747 0.0775911 0.029659 -0.00901972 0.0821688 0.0309169 -0.0048404 0.0828869 0.030667 -0.00875041 0.0837539 0.031 -0.00457387 0.0844556 0.0309169 -0.00430443 0.0860416 0.031 -0.010817 0.0715904 0.0226026 0.00484014 0.0828884 0.0306669 0.00901985 0.082168 0.0309169 0.00928638 0.0805993 0.030667 0.00875041 0.0837539 0.031 0.00457374 0.0844564 0.0309169 0.00430443 0.0860416 0.031 0.00979797 0.0775882 0.029659 0.0100355 0.07619 0.0288957 0.00558891 0.0784812 0.028896 0.00535148 0.0798787 0.029659 0.00510054 0.0813557 0.0302485 0.00954691 0.0790659 0.0302486 0.00616674 0.0750803 0.0255674 0.0104496 0.0737527 0.0268439 0.0106134 0.0727886 0.025565 0.00600289 0.0760446 0.0268455 0.00580799 0.0771918 0.0279576 0.0102547 0.0749 0.0279568 0.00629193 0.0743434 0.0241418 0.0107385 0.0720521 0.0241392 0.00637099 0.073878 0.0226026 0.0108136 0.0716102 0.0225962 0.00639816 0.0737182 0.021 0.0108441 0.0714305 0.021</float_array>
          <technique_common>
            <accessor count="5470" source="#ID5" stride="3">
              <param name="X" type="float"/>
              <param name="Y" type="float"/>
              <param name="Z" type="float"/>
            </accessor>
          </technique_common>
        </source>
        <source id="ID6">
          <float_array count="16410" id="ID7">-0.457525 0.889197 0 -0.457525 0.889197 0 -0.457525 0.889197 0 -0.457525 0.889197 0 0.985872 -0.167498 0 0.985872 -0.167498 0 0.985872 -0.167498 0 0.985872 -0.167498 0 0.985872 -0.167498 0 0.985872 -0.167498 0 0.985872 -0.167498 0 0.985872 -0.167498 0 0.985872 -0.167498 0 0.985872 -0.167498 0 0.985872 -0.167498 0 0.985872 -0.167498 0 0.985872 -0.167498 0 0.985872 -0.167498 0 0.985872 -0.167498 0 0.985872 -0.167498 0 0.985872 -0.167498 0 -0.985872 0.167498 0 -0.985872 0.167498 0 -0.985872 0.167498 0 -0.985872 0.167498 0 -0.985872 0.167498 0 -0.985872 0.167498 0 -0.985872 0.167498 0 -0.985872 0.167498 0 -0.985872 0.167498 0 -0.985872 0.167498 0 -0.985872 0.167498 0 -0.985872 0.167498 0 -0.985872 0.167498 0 -0.985872 0.167498 0 -0.985872 0.167498 0 -0.985872 0.167498 0 -0.985872 0.167498 0 -0.985872 0.167498 0 -0.985872 0.167498 0 -0.985872 0.167498 0 -0.985872 0.167498 0 -0.167498 -0.985872 -0 -0.167498 -0.985872 -0 -0.167498 -0.985872 -0 -0.167498 -0.985872 -0 0 0 -1 0 0 -1 0 0 -1 0 0 -1 0 0 -1 0 0 -1 0 0 -1 0 0 -1 0 0 -1 0 0 -1 0 0 -1 0 0 -1 0 0 -1 0 0 -1 0 0 -1 0 0 -1 0 0 -1 0 0 -1 0 0 1 0 0 1 0 0 1 0 0 1 0 0 1 0 0 1 0 0 1 0 0 1 0 0 1 0 0 1 0 0 1 0 0 1 0 0 1 0 0 1 0 0 1 0 0 1 0 0 1 0 0 1 -0 -0 -1 -0 -0 -1 -0 -0 -1 -0 -0 -1 -0 -0 -1 -0 -0 -1 -0 -0 -1 -0 -0 -1 -0 -0 -1 -0 -0 -1 -0 -0 -1 -0 -0 -1 -0 -0 -1 -0 -0 -1 -0 -0 -1 -0 -0 -1 0 0 1 0 0 1 0 0 1 0 0 1 0 0 1 0 0 1 0 0 1 0 0 1 0 0 1 0 0 1 0 0 1 0 0 1 0 0 1 0 0 1 0 0 1 0 0 1 0.872661 0.488327 0 0.943011 0.332763 0 0.872661 0.488327 0 0.985872 0.167498 0 0.943011 0.332763 0 0.985872 0.167498 0 0.65844 0.752633 0 0.520813 0.853671 0 0.520813 0.853671 0 0.65844 0.752633 0 0.776873 0.629657 0 0.776873 0.629657 0 0.368006 0.929824 0 0.368006 0.929824 0 -0.933711 -0.322042 0.156434 -0.966359 -0.231273 0.112534 -0.945892 -0.234286 0.224496 -0.912876 -0.233634 0.334772 -0.842313 -0.290519 0.45399 -0.899082 -0.310098 0.309017 -0.94535 -0.326057 -8.74228e-08 -0.903111 -0.413126 0.117121 -0.905897 -0.423498 -8.74228e-08 -0.75856 -0.318392 0.568518 -0.764804 -0.263785 0.587785 -0.668464 -0.230557 0.707107 -0.555663 -0.191651 0.809017 -0.596698 -0.24105 0.765406 -0.685643 -0.28211 0.67105 -0.425023 -0.126382 0.896316 -0.292129 -0.100757 0.951057 -0.367464 -0.144129 0.918802 -0.490339 -0.194887 0.849462 -0.542961 -0.158664 0.824633 -0.42918 -0.148027 0.891006 -0.147885 -0.0510065 0.987688 -0.292932 -0.0882361 0.952053 7.22333e-08 2.1961e-08 1 -0.149441 -0.0453559 0.98773 7.05714e-08 2.68257e-08 1 -0.646115 -0.184851 0.740517 -0.734003 -0.204965 0.647479 -0.807315 -0.219463 0.547795 -0.866856 -0.228865 0.442924 -0.887468 -0.397174 0.233782 -0.858537 -0.375935 0.348694 -0.974356 -0.225011 -8.74228e-08 -0.815897 -0.349689 0.460466 -0.248963 -0.0966533 0.963678 -0.125488 -0.0482066 0.990923 -0.993038 -0.117792 -0 -0.974356 -0.225011 -0 -0.974356 -0.225011 -0 -0.976642 0.214873 0 -0.994712 0.102704 0 -0.99472 0.102624 0 -0.999966 -0.00827926 -0 -0.993036 -0.117813 -0 -0.999965 -0.0083155 -0 -0.883528 0.468378 0 -0.898223 0.439541 0 -0.911965 0.410269 0 -0.957199 0.28943 0 -0.95072 0.31005 0 -0.944791 0.327673 0 -0.713173 0.700988 0 -0.657308 0.753622 0 -0.755614 0.655017 0 -0.84951 0.527572 0 -0.809878 0.586599 0 -0.83571 0.54917 0 -0.298451 0.954425 0 -0.306875 0.95175 0 -0.311516 0.950241 0 -0.592852 0.805311 0 -0.540082 0.841613 0 -0.157554 0.98751 0 -0.108379 0.99411 0 -0.130156 0.991494 0 -0.258097 0.966119 0 -0.270142 0.962821 0 -0.239449 0.970909 0 -0.0553331 0.998468 0 1.33171e-07 1 0 1.33171e-07 1 0 -0.20164 0.97946 0 -0.10852 0.994094 0 -0.0921 0.99575 0 -0.055425 0.998463 0 -0.292782 0.956179 0 -0.306764 0.951786 0 -0.375247 0.926925 0 -0.405688 0.914012 0 -0.293009 0.95611 0 -0.451308 0.892368 0 -0.15403 0.988066 0 -0.157769 0.987476 0 -0.201858 0.979415 0 -0.223685 0.974662 0 -0.239719 0.970842 0 -0.270376 0.962755 0 1.33171e-07 1 0 -0.0402541 0.999189 0 1.33171e-07 1 0 -0.154008 0.98807 0 -0.108378 0.99411 0 -0.0921133 0.995749 0 -0.592825 0.805332 0 -0.54006 0.841626 0 -0.524329 0.851516 0 -0.524351 0.851502 0 -0.655936 0.754816 0 -0.755614 0.655017 0 -0.657246 0.753676 0 -0.713139 0.701023 0 -0.764479 0.644649 0 -0.835728 0.549143 0 -0.809898 0.586571 0 -0.849572 0.527473 0 -0.911927 0.410352 0 -0.898286 0.439412 0 -0.883526 0.468381 0 -0.934643 0.355587 0 -0.976642 0.214873 0 -0.944799 0.327651 0 -0.934637 0.355603 0 -0.76443 0.644707 0 -0.655898 0.754849 0 -0.298434 0.95443 0 -0.311516 0.950241 0 -0.306764 0.951786 0 -0.258097 0.966119 0 -0.306875 0.95175 0 -0.223689 0.97466 0 -0.20164 0.97946 0 -0.270142 0.962821 0 -0.157554 0.98751 0 -0.0402283 0.999191 0 -0.0553331 0.998468 0 1.33171e-07 1 0 1.33171e-07 1 0 -0.239449 0.970909 0 -0.130156 0.991494 0 -0.201858 0.979415 0 -0.451283 0.892381 0 -0.405508 0.914091 0 -0.375252 0.926923 0 -0.292782 0.956179 0 -0.293009 0.95611 0 -0.239719 0.970842 0 -0.270376 0.962755 0 -0.10852 0.994094 0 -0.157769 0.987476 0 -0.055425 0.998463 0 1.33171e-07 1 0 1.33171e-07 1 0 -0.950766 0.309911 0 -0.555663 -0.191651 -0.809017 -0.646097 -0.184839 -0.740536 -0.668464 -0.230557 -0.707107 -0.542961 -0.158664 -0.824633 -0.596698 -0.24105 -0.765406 -0.685643 -0.28211 -0.67105 -0.42918 -0.148027 -0.891006 -0.425102 -0.126399 -0.896276 -0.490339 -0.194887 -0.849463 -0.292964 -0.0882406 -0.952043 -0.292129 -0.100757 -0.951056 -0.367464 -0.144129 -0.918802 -0.147885 -0.0510065 -0.987688 -0.14963 -0.0454124 -0.987699 -0.75856 -0.318392 -0.568518 -0.764804 -0.263785 -0.587785 1.11467e-08 4.23711e-09 -1 1.14092e-08 3.46874e-09 -1 -0.125488 -0.0482066 -0.990923 -0.248964 -0.0966534 -0.963678 -0.733916 -0.204936 -0.647586 -0.866856 -0.228865 -0.442924 -0.842313 -0.290519 -0.453991 -0.807306 -0.219455 -0.547811 -0.91285 -0.233627 -0.334847 -0.858537 -0.375935 -0.348694 -0.899082 -0.310098 -0.309017 -0.945886 -0.234279 -0.224529 -0.933711 -0.322042 -0.156434 -0.966358 -0.231268 -0.112553 -0.974356 -0.225011 -8.74228e-08 -0.94535 -0.326057 -8.74228e-08 -0.903111 -0.413126 -0.117121 -0.905897 -0.423498 -8.74228e-08 -0.815897 -0.349689 -0.460466 -0.887468 -0.397174 -0.233782 0 0 1 0 0 1 0 0 1 0 0 1 0 0 1 0 0 1 0 0 1 0 0 1 0 0 1 0 0 1 0 0 1 0 0 1 0 0 1 0 0 1 0 0 1 0 0 1 0 0 1 0 0 1 -0.511364 -0.859364 0 -0.368006 -0.929824 0 -0.520813 -0.853671 0 -0.872661 -0.488327 -0 -0.776873 -0.629657 -0 -0.776873 -0.629657 -0 -0.520813 -0.853671 0 -0.511364 -0.859364 0 -0.602495 -0.798122 0 -0.974356 -0.225011 -0 -0.985872 -0.167498 -0 -0.985872 -0.167498 -0 -0.905897 -0.423498 -0 -0.943011 -0.332763 -0 -0.872661 -0.488327 -0 -0.943011 -0.332763 -0 -0.94535 -0.326057 -0 -0.905897 -0.423498 -0 -0.686364 -0.727259 0 -0.65844 -0.752633 0 -0.602495 -0.798122 0 -0.65844 -0.752633 0 -0.686364 -0.727259 0 -0.368006 -0.929824 0 -0.974356 -0.225011 -0 -0.94535 -0.326057 -0 0 0 -1 0 0 -1 0 0 -1 0 0 -1 0 0 -1 0 0 -1 0 0 -1 0 0 -1 0 0 -1 0 0 -1 0 0 -1 0 0 -1 0 0 -1 0 0 -1 0 0 -1 0 0 -1 0 0 -1 0 0 -1 0.943011 0.332763 0 0.985872 0.167498 0 0.985872 0.167498 0 0.65844 0.752633 0 0.776873 0.629658 0 0.776873 0.629658 0 0.87266 0.488328 0 0.943011 0.332763 0 0.87266 0.488328 0 0.368006 0.929823 0 0.520814 0.85367 0 0.520814 0.85367 0 0.65844 0.752633 0 0.368006 0.929823 0 0.872661 0.488327 0 0.943011 0.332763 0 0.872661 0.488327 0 0.985872 0.167498 0 0.943011 0.332763 0 0.985872 0.167498 0 0.65844 0.752633 0 0.520813 0.853671 0 0.520813 0.853671 0 0.65844 0.752633 0 0.776873 0.629657 0 0.776873 0.629657 0 0.368006 0.929824 0 0.368006 0.929824 0 1 3.1186e-16 -3.02079e-32 1 3.1186e-16 -3.02079e-32 1 3.1186e-16 -3.02079e-32 1 3.1186e-16 -3.02079e-32 1 3.1186e-16 -3.02079e-32 1 3.1186e-16 -3.02079e-32 1 3.1186e-16 -3.02079e-32 1 3.1186e-16 -3.02079e-32 1 3.1186e-16 -3.02079e-32 1 3.1186e-16 -3.02079e-32 1 3.1186e-16 -3.02079e-32 1 3.1186e-16 -3.02079e-32 1 3.1186e-16 -3.02079e-32 1 3.1186e-16 -3.02079e-32 1 3.1186e-16 -3.02079e-32 1 3.1186e-16 -3.02079e-32 1 3.1186e-16 -3.02079e-32 1 3.1186e-16 -3.02079e-32 1 3.1186e-16 -3.02079e-32 1 3.1186e-16 -3.02079e-32 1 3.1186e-16 -3.02079e-32 1 3.1186e-16 -3.02079e-32 1 3.1186e-16 -3.02079e-32 1 3.1186e-16 -3.02079e-32 1 3.1186e-16 -3.02079e-32 1 3.1186e-16 -3.02079e-32 1 3.1186e-16 -3.02079e-32 1 3.1186e-16 -3.02079e-32 1 3.1186e-16 -3.02079e-32 1 3.1186e-16 -3.02079e-32 1 3.1186e-16 -3.02079e-32 1 3.1186e-16 -3.02079e-32 1 3.1186e-16 -3.02079e-32 1 3.1186e-16 -3.02079e-32 1 3.1186e-16 -3.02079e-32 1 3.1186e-16 -3.02079e-32 1 3.1186e-16 -3.02079e-32 1 3.1186e-16 -3.02079e-32 1 3.1186e-16 -3.02079e-32 1 3.1186e-16 -3.02079e-32 1 3.1186e-16 -3.02079e-32 1 3.1186e-16 -3.02079e-32 1 3.1186e-16 -3.02079e-32 1 3.1186e-16 -3.02079e-32 1 3.1186e-16 -3.02079e-32 1 3.1186e-16 -3.02079e-32 1 3.1186e-16 -3.02079e-32 1 3.1186e-16 -3.02079e-32 1 3.1186e-16 -3.02079e-32 1 3.1186e-16 -3.02079e-32 1 3.1186e-16 -3.02079e-32 1 3.1186e-16 -3.02079e-32 1 3.1186e-16 -3.02079e-32 1 3.1186e-16 -3.02079e-32 1 3.1186e-16 -3.02079e-32 1 3.1186e-16 -3.02079e-32 1 3.1186e-16 -3.02079e-32 1 3.1186e-16 -3.02079e-32 1 3.1186e-16 -3.02079e-32 1 3.1186e-16 -3.02079e-32 1 3.1186e-16 -3.02079e-32 1 3.1186e-16 -3.02079e-32 1 3.1186e-16 -3.02079e-32 1 3.1186e-16 -3.02079e-32 1 3.1186e-16 -3.02079e-32 1 3.1186e-16 -3.02079e-32 1 3.1186e-16 -3.02079e-32 1 3.1186e-16 -3.02079e-32 1 3.1186e-16 -3.02079e-32 1 3.1186e-16 -3.02079e-32 1 3.1186e-16 -3.02079e-32 1 3.1186e-16 -3.02079e-32 1 3.1186e-16 -3.02079e-32 1 3.1186e-16 -3.02079e-32 1 3.1186e-16 -3.02079e-32 1 3.1186e-16 -3.02079e-32 1 3.1186e-16 -3.02079e-32 1 3.1186e-16 -3.02079e-32 1 3.1186e-16 -3.02079e-32 1 3.1186e-16 -3.02079e-32 1 3.1186e-16 -3.02079e-32 1 3.1186e-16 -3.02079e-32 1 3.1186e-16 -3.02079e-32 1 3.1186e-16 -3.02079e-32 1 3.1186e-16 -3.02079e-32 1 3.1186e-16 -3.02079e-32 1 3.1186e-16 -3.02079e-32 1 3.1186e-16 -3.02079e-32 1 3.1186e-16 -3.02079e-32 1 3.1186e-16 -3.02079e-32 1 3.1186e-16 -3.02079e-32 1 3.1186e-16 -3.02079e-32 1 3.1186e-16 -3.02079e-32 1 3.1186e-16 -3.02079e-32 1 3.1186e-16 -3.02079e-32 1 3.1186e-16 -3.02079e-32 1 3.1186e-16 -3.02079e-32 1 3.1186e-16 -3.02079e-32 1 3.1186e-16 -3.02079e-32 1 3.1186e-16 -3.02079e-32 1 3.1186e-16 -3.02079e-32 1 3.1186e-16 -3.02079e-32 1 3.1186e-16 -3.02079e-32 1 3.1186e-16 -3.02079e-32 1 3.1186e-16 -3.02079e-32 1 3.1186e-16 -3.02079e-32 1 3.1186e-16 -3.02079e-32 1 3.1186e-16 -3.02079e-32 1 3.1186e-16 -3.02079e-32 1 3.1186e-16 -3.02079e-32 1 3.1186e-16 -3.02079e-32 1 3.1186e-16 -3.02079e-32 1 3.1186e-16 -3.02079e-32 1 3.1186e-16 -3.02079e-32 1 3.1186e-16 -3.02079e-32 1 3.1186e-16 -3.02079e-32 1 3.1186e-16 -3.02079e-32 1 3.1186e-16 -3.02079e-32 1 3.1186e-16 -3.02079e-32 1 3.1186e-16 -3.02079e-32 1 3.1186e-16 -3.02079e-32 1 3.1186e-16 -3.02079e-32 1 3.1186e-16 -3.02079e-32 1 3.1186e-16 -3.02079e-32 1 3.1186e-16 -3.02079e-32 1 3.1186e-16 -3.02079e-32 1 3.1186e-16 -3.02079e-32 1 3.1186e-16 -3.02079e-32 1 3.1186e-16 -3.02079e-32 1 3.1186e-16 -3.02079e-32 1 3.1186e-16 -3.02079e-32 1 3.1186e-16 -3.02079e-32 1 3.1186e-16 -3.02079e-32 1 3.1186e-16 -3.02079e-32 1 3.1186e-16 -3.02079e-32 1 3.1186e-16 -3.02079e-32 1 3.1186e-16 -3.02079e-32 1 3.1186e-16 -3.02079e-32 1 3.1186e-16 -3.02079e-32 1 3.1186e-16 -3.02079e-32 1 3.1186e-16 -3.02079e-32 1 3.1186e-16 -3.02079e-32 1 3.1186e-16 -3.02079e-32 1 3.1186e-16 -3.02079e-32 1 3.1186e-16 -3.02079e-32 1 3.1186e-16 -3.02079e-32 1 3.1186e-16 -3.02079e-32 1 3.1186e-16 -3.02079e-32 1 3.1186e-16 -3.02079e-32 1 3.1186e-16 -3.02079e-32 1 3.1186e-16 -3.02079e-32 1 3.1186e-16 -3.02079e-32 1 3.1186e-16 -3.02079e-32 1 3.1186e-16 -3.02079e-32 1 3.1186e-16 -3.02079e-32 1 3.1186e-16 -3.02079e-32 1 3.1186e-16 -3.02079e-32 1 3.1186e-16 -3.02079e-32 1 3.1186e-16 -3.02079e-32 1 3.1186e-16 -3.02079e-32 1 3.1186e-16 -3.02079e-32 1 3.1186e-16 -3.02079e-32 1 3.1186e-16 -3.02079e-32 1 3.1186e-16 -3.02079e-32 1 3.1186e-16 -3.02079e-32 1 3.1186e-16 -3.02079e-32 1 3.1186e-16 -3.02079e-32 1 3.1186e-16 -3.02079e-32 1 3.1186e-16 -3.02079e-32 1 3.1186e-16 -3.02079e-32 1 3.1186e-16 -3.02079e-32 1 3.1186e-16 -3.02079e-32 1 3.1186e-16 -3.02079e-32 1 3.1186e-16 -3.02079e-32 1 3.1186e-16 -3.02079e-32 1 3.1186e-16 -3.02079e-32 1 3.1186e-16 -3.02079e-32 1 3.1186e-16 -3.02079e-32 1 3.1186e-16 -3.02079e-32 1 3.1186e-16 -3.02079e-32 1 3.1186e-16 -3.02079e-32 1 3.1186e-16 -3.02079e-32 1 3.1186e-16 -3.02079e-32 1 3.1186e-16 -3.02079e-32 1 3.1186e-16 -3.02079e-32 1 3.1186e-16 -3.02079e-32 1 3.1186e-16 -3.02079e-32 1 3.1186e-16 -3.02079e-32 1 3.1186e-16 -3.02079e-32 1 3.1186e-16 -3.02079e-32 1 3.1186e-16 -3.02079e-32 1 3.1186e-16 -3.02079e-32 1 3.1186e-16 -3.02079e-32 1 3.1186e-16 -3.02079e-32 1 3.1186e-16 -3.02079e-32 1 3.1186e-16 -3.02079e-32 1 3.1186e-16 -3.02079e-32 1 3.1186e-16 -3.02079e-32 1 3.1186e-16 -3.02079e-32 1 3.1186e-16 -3.02079e-32 1 3.1186e-16 -3.02079e-32 1 3.1186e-16 -3.02079e-32 1 3.1186e-16 -3.02079e-32 1 3.1186e-16 -3.02079e-32 1 3.1186e-16 -3.02079e-32 1 3.1186e-16 -3.02079e-32 1 3.1186e-16 -3.02079e-32 1 3.1186e-16 -3.02079e-32 1 3.1186e-16 -3.02079e-32 1 3.1186e-16 -3.02079e-32 1 3.1186e-16 -3.02079e-32 1 3.1186e-16 -3.02079e-32 1 3.1186e-16 -3.02079e-32 1 3.1186e-16 -3.02079e-32 1 3.1186e-16 -3.02079e-32 1 3.1186e-16 -3.02079e-32 1 3.1186e-16 -3.02079e-32 1 3.1186e-16 -3.02079e-32 1 3.1186e-16 -3.02079e-32 1 3.1186e-16 -3.02079e-32 1 3.1186e-16 -3.02079e-32 1 3.1186e-16 -3.02079e-32 1 3.1186e-16 -3.02079e-32 2.72637e-23 -8.74228e-08 -1 2.64476e-17 -0.0848059 -0.996397 -2.64476e-17 0.0848059 -0.996397 -7.8582e-17 0.251978 -0.967733 -5.13305e-17 0.164595 -0.986361 -1.28456e-16 0.411901 -0.911229 -1.01261e-16 0.324699 -0.945817 -1.48429e-16 0.475947 -0.879474 -1.74634e-16 0.559975 -0.82851 -2.15788e-16 0.691939 -0.721956 -1.91549e-16 0.614213 -0.78914 -2.50735e-16 0.803997 -0.594633 -2.29443e-16 0.735724 -0.677282 -2.61079e-16 0.837166 -0.546948 -2.78468e-16 0.892926 -0.450204 -2.98191e-16 0.956167 -0.292823 -2.85593e-16 0.915773 -0.401695 -3.09334e-16 0.9919 -0.127018 -3.02318e-16 0.9694 -0.245485 -3.10795e-16 0.996584 -0.0825792 -3.11579e-16 0.999099 0.0424412 -3.10795e-16 0.996584 0.0825794 -3.04861e-16 0.977555 0.210679 -3.02318e-16 0.9694 0.245485 -2.85593e-16 0.915773 0.401695 -2.89372e-16 0.927889 0.372856 -2.65558e-16 0.851529 0.524307 -2.61079e-16 0.837166 0.546948 -2.34105e-16 0.750672 0.660675 -2.29443e-16 0.735724 0.677282 -1.91549e-16 0.614213 0.789141 -1.95917e-16 0.62822 0.778036 -1.52093e-16 0.487695 0.873014 -1.48429e-16 0.475947 0.879474 -1.03893e-16 0.33314 0.942877 -1.01261e-16 0.324699 0.945817 -5.13305e-17 0.164595 0.986361 -5.27047e-17 0.169001 0.985616 3.26291e-31 -9.49411e-16 1 4.27745e-27 -1.37158e-11 1 5.13306e-17 -0.164595 -0.986361 7.8582e-17 -0.251978 -0.967733 1.01261e-16 -0.324699 -0.945817 1.48429e-16 -0.475947 -0.879474 1.28456e-16 -0.411901 -0.911228 1.91549e-16 -0.614213 -0.78914 1.74634e-16 -0.559975 -0.82851 2.15788e-16 -0.691939 -0.721956 2.29443e-16 -0.735724 -0.677282 2.61079e-16 -0.837167 -0.546948 2.50735e-16 -0.803997 -0.594633 2.85593e-16 -0.915773 -0.401695 2.78468e-16 -0.892926 -0.450204 2.98191e-16 -0.956167 -0.292823 3.02318e-16 -0.9694 -0.245486 3.10795e-16 -0.996584 -0.0825794 3.09334e-16 -0.9919 -0.127018 3.10795e-16 -0.996584 0.0825794 3.11579e-16 -0.999099 0.0424415 3.04861e-16 -0.977555 0.210679 3.02318e-16 -0.9694 0.245485 2.85593e-16 -0.915773 0.401695 2.89372e-16 -0.927889 0.372856 2.61079e-16 -0.837166 0.546948 2.65558e-16 -0.851529 0.524307 2.34105e-16 -0.750672 0.660675 2.29443e-16 -0.735724 0.677282 1.91549e-16 -0.614213 0.789141 1.95917e-16 -0.62822 0.778036 1.48429e-16 -0.475947 0.879474 1.52093e-16 -0.487695 0.873014 1.03893e-16 -0.33314 0.942877 1.01261e-16 -0.324699 0.945817 5.13305e-17 -0.164595 0.986361 5.27047e-17 -0.169001 0.985616 -5.13305e-17 0.164595 -0.986361 2.72637e-23 -8.74228e-08 -1 2.72637e-23 -8.74228e-08 -1 -5.13305e-17 0.164595 -0.986361 -1.01261e-16 0.324699 -0.945817 -1.01261e-16 0.3247 -0.945817 -1.48429e-16 0.475947 -0.879474 -1.91549e-16 0.614213 -0.78914 -1.48429e-16 0.475947 -0.879474 -1.91549e-16 0.614213 -0.789141 -2.29443e-16 0.735724 -0.677282 -2.29443e-16 0.735724 -0.677282 -2.61079e-16 0.837166 -0.546948 -2.85593e-16 0.915773 -0.401695 -2.61079e-16 0.837166 -0.546948 -2.85593e-16 0.915773 -0.401695 -3.02318e-16 0.9694 -0.245485 -3.02318e-16 0.9694 -0.245485 -3.10795e-16 0.996584 -0.0825792 -3.10795e-16 0.996584 0.0825794 -3.10795e-16 0.996584 -0.0825794 -3.10795e-16 0.996584 0.0825794 -3.02318e-16 0.9694 0.245485 -3.02318e-16 0.9694 0.245485 -2.85593e-16 0.915773 0.401695 -2.85593e-16 0.915773 0.401695 -2.61079e-16 0.837166 0.546948 -2.61079e-16 0.837166 0.546948 -2.29443e-16 0.735724 0.677282 -2.29443e-16 0.735724 0.677282 -1.91549e-16 0.614213 0.789141 -1.91549e-16 0.614213 0.789141 -1.48429e-16 0.475947 0.879474 -1.48429e-16 0.475947 0.879474 -1.01261e-16 0.324699 0.945817 -1.01261e-16 0.324699 0.945817 -5.13305e-17 0.164595 0.986361 -5.13305e-17 0.164595 0.986361 4.27717e-27 -1.37149e-11 1 4.93038e-32 -6.12323e-17 1 5.13306e-17 -0.164595 -0.986361 1.01261e-16 -0.324699 -0.945817 5.13306e-17 -0.164595 -0.986361 1.01261e-16 -0.324699 -0.945817 1.48429e-16 -0.475947 -0.879474 1.48429e-16 -0.475947 -0.879474 1.91549e-16 -0.614213 -0.78914 2.29443e-16 -0.735724 -0.677282 1.91549e-16 -0.614213 -0.78914 2.29443e-16 -0.735724 -0.677282 2.61079e-16 -0.837167 -0.546948 2.61079e-16 -0.837167 -0.546948 2.85593e-16 -0.915773 -0.401695 3.02318e-16 -0.9694 -0.245486 2.85593e-16 -0.915773 -0.401695 3.02318e-16 -0.9694 -0.245486 3.10795e-16 -0.996584 -0.0825794 3.10795e-16 -0.996584 -0.0825794 3.10795e-16 -0.996584 0.0825794 3.10795e-16 -0.996584 0.0825794 3.02318e-16 -0.9694 0.245486 3.02318e-16 -0.9694 0.245485 2.85593e-16 -0.915773 0.401695 2.85593e-16 -0.915773 0.401695 2.61079e-16 -0.837166 0.546948 2.61079e-16 -0.837166 0.546948 2.29443e-16 -0.735724 0.677282 2.29443e-16 -0.735724 0.677282 1.91549e-16 -0.614213 0.789141 1.91549e-16 -0.614213 0.78914 1.48429e-16 -0.475947 0.879474 1.48429e-16 -0.475948 0.879474 1.01261e-16 -0.3247 0.945817 1.01261e-16 -0.324699 0.945817 5.13305e-17 -0.164595 0.986361 5.13305e-17 -0.164595 0.986361 2.72637e-23 -8.74228e-08 -1 2.64476e-17 -0.0848059 -0.996397 -2.64476e-17 0.0848059 -0.996397 -7.8582e-17 0.251978 -0.967733 -5.13305e-17 0.164595 -0.986361 -1.28456e-16 0.411901 -0.911229 -1.01261e-16 0.324699 -0.945817 -1.48429e-16 0.475947 -0.879474 -1.74634e-16 0.559975 -0.82851 -2.15788e-16 0.691939 -0.721956 -1.91549e-16 0.614213 -0.78914 -2.50735e-16 0.803997 -0.594633 -2.29443e-16 0.735724 -0.677282 -2.61079e-16 0.837166 -0.546948 -2.78468e-16 0.892926 -0.450204 -2.98191e-16 0.956167 -0.292823 -2.85593e-16 0.915773 -0.401695 -3.09334e-16 0.9919 -0.127018 -3.02318e-16 0.9694 -0.245485 -3.10795e-16 0.996584 -0.0825792 -3.11579e-16 0.999099 0.0424412 -3.10795e-16 0.996584 0.0825794 -3.04861e-16 0.977555 0.210679 -3.02318e-16 0.9694 0.245485 -2.85593e-16 0.915773 0.401695 -2.89372e-16 0.927889 0.372856 -2.65558e-16 0.851529 0.524307 -2.61079e-16 0.837166 0.546948 -2.34105e-16 0.750672 0.660675 -2.29443e-16 0.735724 0.677282 -1.91549e-16 0.614213 0.789141 -1.95917e-16 0.62822 0.778036 -1.52093e-16 0.487695 0.873014 -1.48429e-16 0.475947 0.879474 -1.03893e-16 0.33314 0.942877 -1.01261e-16 0.324699 0.945817 -5.13305e-17 0.164595 0.986361 -5.27047e-17 0.169001 0.985616 1.87798e-31 -5.05322e-16 1 4.27731e-27 -1.37154e-11 1 5.13306e-17 -0.164595 -0.986361 7.8582e-17 -0.251978 -0.967733 1.01261e-16 -0.324699 -0.945817 1.48429e-16 -0.475947 -0.879474 1.28456e-16 -0.411901 -0.911228 1.91549e-16 -0.614213 -0.78914 1.74634e-16 -0.559975 -0.82851 2.15788e-16 -0.691939 -0.721956 2.29443e-16 -0.735724 -0.677282 2.61079e-16 -0.837167 -0.546948 2.50735e-16 -0.803997 -0.594633 2.85593e-16 -0.915773 -0.401695 2.78468e-16 -0.892926 -0.450204 2.98191e-16 -0.956167 -0.292823 3.02318e-16 -0.9694 -0.245486 3.10795e-16 -0.996584 -0.0825794 3.09334e-16 -0.9919 -0.127018 3.10795e-16 -0.996584 0.0825794 3.11579e-16 -0.999099 0.0424415 3.04861e-16 -0.977555 0.210679 3.02318e-16 -0.9694 0.245485 2.85593e-16 -0.915773 0.401695 2.89372e-16 -0.927889 0.372856 2.61079e-16 -0.837166 0.546948 2.65558e-16 -0.851529 0.524307 2.34105e-16 -0.750672 0.660675 2.29443e-16 -0.735724 0.677282 1.91549e-16 -0.614213 0.789141 1.95917e-16 -0.62822 0.778036 1.48429e-16 -0.475947 0.879474 1.52093e-16 -0.487695 0.873014 1.03893e-16 -0.33314 0.942877 1.01261e-16 -0.324699 0.945817 5.13305e-17 -0.164595 0.986361 5.27047e-17 -0.169001 0.985616 1.03893e-16 -0.33314 -0.942877 5.27047e-17 -0.169001 -0.985616 1.03893e-16 -0.33314 -0.942877 -5.45274e-23 1.74846e-07 -1 5.27047e-17 -0.169001 -0.985616 9.41792e-23 -3.01992e-07 -1 1.95917e-16 -0.62822 -0.778036 2.34105e-16 -0.750672 -0.660675 2.34105e-16 -0.750672 -0.660675 1.95917e-16 -0.62822 -0.778036 1.52093e-16 -0.487695 -0.873014 1.52093e-16 -0.487695 -0.873014 3.04861e-16 -0.977555 -0.210679 2.89372e-16 -0.927889 -0.372856 3.04861e-16 -0.977555 -0.210679 2.89372e-16 -0.927889 -0.372857 2.65558e-16 -0.851529 -0.524307 2.65558e-16 -0.851529 -0.524307 2.98191e-16 -0.956167 0.292823 2.98191e-16 -0.956167 0.292823 3.09334e-16 -0.9919 0.127018 3.11579e-16 -0.999099 -0.0424415 3.09334e-16 -0.9919 0.127018 3.11579e-16 -0.999099 -0.042441 2.50735e-16 -0.803997 0.594633 2.15788e-16 -0.691939 0.721956 2.15788e-16 -0.691939 0.721956 2.78468e-16 -0.892926 0.450204 2.78468e-16 -0.892926 0.450204 2.50735e-16 -0.803997 0.594633 7.8582e-17 -0.251978 0.967733 1.28456e-16 -0.411901 0.911228 7.8582e-17 -0.251978 0.967733 1.28456e-16 -0.411901 0.911228 1.74634e-16 -0.559975 0.82851 1.74634e-16 -0.559975 0.82851 -7.8582e-17 0.251978 0.967733 -7.8582e-17 0.251978 0.967733 -2.64476e-17 0.0848059 0.996397 2.64476e-17 -0.0848059 0.996397 -2.64476e-17 0.0848059 0.996397 2.64476e-17 -0.0848059 0.996397 -1.74634e-16 0.559975 0.82851 -2.15788e-16 0.691939 0.721956 -2.15788e-16 0.691939 0.721956 -1.28456e-16 0.411901 0.911228 -1.28456e-16 0.411901 0.911229 -1.74634e-16 0.559975 0.82851 -2.98191e-16 0.956167 0.292823 -2.78468e-16 0.892926 0.450204 -2.98191e-16 0.956167 0.292823 -2.78468e-16 0.892926 0.450204 -2.50735e-16 0.803997 0.594633 -2.50735e-16 0.803997 0.594633 -3.04861e-16 0.977555 -0.210679 -3.11579e-16 0.999099 -0.0424412 -3.11579e-16 0.999099 -0.0424412 -3.09334e-16 0.9919 0.127018 -3.09334e-16 0.9919 0.127018 -3.04861e-16 0.977555 -0.210679 -2.89372e-16 0.927889 -0.372857 -2.89372e-16 0.927889 -0.372856 -2.65558e-16 0.851529 -0.524307 -2.34105e-16 0.750672 -0.660675 -2.65558e-16 0.851529 -0.524307 -2.34105e-16 0.750672 -0.660675 -1.95917e-16 0.62822 -0.778036 -1.95917e-16 0.62822 -0.778036 -1.52093e-16 0.487695 -0.873014 -1.03893e-16 0.33314 -0.942877 -1.52093e-16 0.487695 -0.873014 -1.03893e-16 0.33314 -0.942877 -5.27047e-17 0.169001 -0.985616 -5.27047e-17 0.169001 -0.985616 1.03893e-16 -0.33314 -0.942877 5.27047e-17 -0.169001 -0.985616 1.03893e-16 -0.33314 -0.942877 -5.45274e-23 1.74846e-07 -1 5.27047e-17 -0.169001 -0.985616 9.41792e-23 -3.01992e-07 -1 1.95917e-16 -0.62822 -0.778036 2.34105e-16 -0.750672 -0.660675 2.34105e-16 -0.750672 -0.660675 1.95917e-16 -0.62822 -0.778036 1.52093e-16 -0.487695 -0.873014 1.52093e-16 -0.487695 -0.873014 3.04861e-16 -0.977555 -0.210679 2.89372e-16 -0.927889 -0.372856 3.04861e-16 -0.977555 -0.210679 2.89372e-16 -0.927889 -0.372857 2.65558e-16 -0.851529 -0.524307 2.65558e-16 -0.851529 -0.524307 2.98191e-16 -0.956167 0.292823 2.98191e-16 -0.956167 0.292823 3.09334e-16 -0.9919 0.127018 3.11579e-16 -0.999099 -0.0424415 3.09334e-16 -0.9919 0.127018 3.11579e-16 -0.999099 -0.042441 2.50735e-16 -0.803997 0.594633 2.15788e-16 -0.691939 0.721956 2.15788e-16 -0.691939 0.721956 2.78468e-16 -0.892926 0.450204 2.78468e-16 -0.892926 0.450204 2.50735e-16 -0.803997 0.594633 7.8582e-17 -0.251978 0.967733 1.28456e-16 -0.411901 0.911228 7.8582e-17 -0.251978 0.967733 1.28456e-16 -0.411901 0.911228 1.74634e-16 -0.559975 0.82851 1.74634e-16 -0.559975 0.82851 -7.8582e-17 0.251978 0.967733 -7.8582e-17 0.251978 0.967733 -2.64476e-17 0.0848059 0.996397 2.64476e-17 -0.0848059 0.996397 -2.64476e-17 0.0848059 0.996397 2.64476e-17 -0.0848059 0.996397 -1.74634e-16 0.559975 0.82851 -2.15788e-16 0.691939 0.721956 -2.15788e-16 0.691939 0.721956 -1.28456e-16 0.411901 0.911228 -1.28456e-16 0.411901 0.911229 -1.74634e-16 0.559975 0.82851 -2.98191e-16 0.956167 0.292823 -2.78468e-16 0.892926 0.450204 -2.98191e-16 0.956167 0.292823 -2.78468e-16 0.892926 0.450204 -2.50735e-16 0.803997 0.594633 -2.50735e-16 0.803997 0.594633 -3.04861e-16 0.977555 -0.210679 -3.11579e-16 0.999099 -0.0424412 -3.11579e-16 0.999099 -0.0424412 -3.09334e-16 0.9919 0.127018 -3.09334e-16 0.9919 0.127018 -3.04861e-16 0.977555 -0.210679 -2.89372e-16 0.927889 -0.372857 -2.89372e-16 0.927889 -0.372856 -2.65558e-16 0.851529 -0.524307 -2.34105e-16 0.750672 -0.660675 -2.65558e-16 0.851529 -0.524307 -2.34105e-16 0.750672 -0.660675 -1.95917e-16 0.62822 -0.778036 -1.95917e-16 0.62822 -0.778036 -1.52093e-16 0.487695 -0.873014 -1.03893e-16 0.33314 -0.942877 -1.52093e-16 0.487695 -0.873014 -1.03893e-16 0.33314 -0.942877 -5.27047e-17 0.169001 -0.985616 -5.27047e-17 0.169001 -0.985616 1.03893e-16 -0.33314 -0.942877 5.27047e-17 -0.169001 -0.985616 1.03893e-16 -0.33314 -0.942877 -5.45274e-23 1.74846e-07 -1 5.27047e-17 -0.169001 -0.985616 9.41792e-23 -3.01992e-07 -1 1.95917e-16 -0.62822 -0.778036 2.34105e-16 -0.750672 -0.660675 2.34105e-16 -0.750672 -0.660675 1.95917e-16 -0.62822 -0.778036 1.52093e-16 -0.487695 -0.873014 1.52093e-16 -0.487695 -0.873014 3.04861e-16 -0.977555 -0.210679 2.89372e-16 -0.927889 -0.372856 3.04861e-16 -0.977555 -0.210679 2.89372e-16 -0.927889 -0.372857 2.65558e-16 -0.851529 -0.524307 2.65558e-16 -0.851529 -0.524307 2.98191e-16 -0.956167 0.292823 2.98191e-16 -0.956167 0.292823 3.09334e-16 -0.9919 0.127018 3.11579e-16 -0.999099 -0.0424415 3.09334e-16 -0.9919 0.127018 3.11579e-16 -0.999099 -0.042441 2.50735e-16 -0.803997 0.594633 2.15788e-16 -0.691939 0.721956 2.15788e-16 -0.691939 0.721956 2.78468e-16 -0.892926 0.450204 2.78468e-16 -0.892926 0.450204 2.50735e-16 -0.803997 0.594633 7.8582e-17 -0.251978 0.967733 1.28456e-16 -0.411901 0.911228 7.8582e-17 -0.251978 0.967733 1.28456e-16 -0.411901 0.911228 1.74634e-16 -0.559975 0.82851 1.74634e-16 -0.559975 0.82851 -7.8582e-17 0.251978 0.967733 -7.8582e-17 0.251978 0.967733 -2.64476e-17 0.0848059 0.996397 2.64476e-17 -0.0848059 0.996397 -2.64476e-17 0.0848059 0.996397 2.64476e-17 -0.0848059 0.996397 -1.74634e-16 0.559975 0.82851 -2.15788e-16 0.691939 0.721956 -2.15788e-16 0.691939 0.721956 -1.28456e-16 0.411901 0.911228 -1.28456e-16 0.411901 0.911229 -1.74634e-16 0.559975 0.82851 -2.98191e-16 0.956167 0.292823 -2.78468e-16 0.892926 0.450204 -2.98191e-16 0.956167 0.292823 -2.78468e-16 0.892926 0.450204 -2.50735e-16 0.803997 0.594633 -2.50735e-16 0.803997 0.594633 -3.04861e-16 0.977555 -0.210679 -3.11579e-16 0.999099 -0.0424412 -3.11579e-16 0.999099 -0.0424412 -3.09334e-16 0.9919 0.127018 -3.09334e-16 0.9919 0.127018 -3.04861e-16 0.977555 -0.210679 -2.89372e-16 0.927889 -0.372857 -2.89372e-16 0.927889 -0.372856 -2.65558e-16 0.851529 -0.524307 -2.34105e-16 0.750672 -0.660675 -2.65558e-16 0.851529 -0.524307 -2.34105e-16 0.750672 -0.660675 -1.95917e-16 0.62822 -0.778036 -1.95917e-16 0.62822 -0.778036 -1.52093e-16 0.487695 -0.873014 -1.03893e-16 0.33314 -0.942877 -1.52093e-16 0.487695 -0.873014 -1.03893e-16 0.33314 -0.942877 -5.27047e-17 0.169001 -0.985616 -5.27047e-17 0.169001 -0.985616 3.1186e-16 -1 -6.12323e-17 3.1186e-16 -1 -6.12323e-17 3.1186e-16 -1 -6.12323e-17 3.1186e-16 -1 -6.12323e-17 3.08021e-16 -0.987688 0.156435 3.1186e-16 -1 5.96244e-09 3.1186e-16 -1 5.96244e-09 2.523e-16 -0.809017 0.587785 2.7787e-16 -0.891007 0.45399 2.7787e-16 -0.891007 0.45399 2.96597e-16 -0.951057 0.309017 2.96597e-16 -0.951057 0.309017 3.08021e-16 -0.987688 0.156435 1.83307e-16 -0.587785 0.809017 1.83307e-16 -0.587785 0.809017 1.41582e-16 -0.453991 0.891007 2.523e-16 -0.809017 0.587785 2.20519e-16 -0.707107 0.707107 2.20519e-16 -0.707107 0.707107 9.63702e-17 -0.309017 0.951057 9.63702e-17 -0.309017 0.951057 4.87858e-17 -0.156435 0.987688 1.41582e-16 -0.453991 0.891007 2.16854e-23 -6.95355e-08 1 4.87857e-17 -0.156434 0.987688 -5.2668e-23 1.68883e-07 1 4.93038e-32 -6.12323e-17 1 4.93038e-32 -6.12323e-17 1 4.93038e-32 -6.12323e-17 1 4.93038e-32 -6.12323e-17 1 3.10795e-16 -0.996584 -0.0825793 3.10795e-16 -0.996584 0.0825795 3.10795e-16 -0.996584 -0.0825793 3.02318e-16 -0.9694 -0.245486 3.02318e-16 -0.9694 -0.245486 2.85593e-16 -0.915773 -0.401695 2.85593e-16 -0.915773 -0.401695 2.61079e-16 -0.837166 -0.546948 2.61079e-16 -0.837166 -0.546948 2.29443e-16 -0.735724 -0.677282 2.29443e-16 -0.735724 -0.677282 1.91549e-16 -0.614213 -0.789141 1.91549e-16 -0.614213 -0.789141 1.48429e-16 -0.475947 -0.879474 1.48429e-16 -0.475947 -0.879474 1.01261e-16 -0.3247 -0.945817 1.01261e-16 -0.3247 -0.945817 5.13305e-17 -0.164595 -0.986361 5.13305e-17 -0.164595 -0.986361 1.36319e-23 -4.37114e-08 -1 1.36319e-23 -4.37114e-08 -1 3.10795e-16 -0.996584 0.0825795 3.02318e-16 -0.9694 0.245486 3.02318e-16 -0.9694 0.245486 2.85593e-16 -0.915773 0.401695 2.85593e-16 -0.915773 0.401695 2.61079e-16 -0.837166 0.546948 2.61079e-16 -0.837166 0.546948 2.29443e-16 -0.735724 0.677281 2.29443e-16 -0.735724 0.677281 1.91549e-16 -0.614213 0.789141 1.91549e-16 -0.614213 0.789141 1.48429e-16 -0.475947 0.879474 1.48429e-16 -0.475947 0.879474 1.01261e-16 -0.3247 0.945817 1.01261e-16 -0.3247 0.945817 5.13306e-17 -0.164595 0.986361 5.13306e-17 -0.164595 0.986361 -3.7189e-24 1.19249e-08 1 -3.7189e-24 1.19249e-08 1 -4.93038e-32 6.12323e-17 -1 -4.93038e-32 6.12323e-17 -1 -4.93038e-32 6.12323e-17 -1 -4.93038e-32 6.12323e-17 -1 4.87857e-17 -0.156435 -0.987688 1.85945e-24 -5.96244e-09 -1 1.85945e-24 -5.96244e-09 -1 1.83307e-16 -0.587785 -0.809017 1.41582e-16 -0.45399 -0.891007 1.41582e-16 -0.45399 -0.891007 9.63701e-17 -0.309017 -0.951057 9.63701e-17 -0.309017 -0.951057 4.87857e-17 -0.156435 -0.987688 2.523e-16 -0.809017 -0.587785 2.523e-16 -0.809017 -0.587785 2.7787e-16 -0.891007 -0.453991 1.83307e-16 -0.587785 -0.809017 2.20519e-16 -0.707107 -0.707107 2.20519e-16 -0.707107 -0.707107 2.96597e-16 -0.951057 -0.309017 2.96597e-16 -0.951057 -0.309017 3.08021e-16 -0.987688 -0.156435 2.7787e-16 -0.891007 -0.453991 3.1186e-16 -1 -6.95355e-08 3.08021e-16 -0.987688 -0.156434 3.1186e-16 -1 1.68883e-07 3.1186e-16 -1 -6.12323e-17 3.1186e-16 -1 -6.12323e-17 3.1186e-16 -1 -6.12323e-17 3.1186e-16 -1 -6.12323e-17 9.63702e-17 -0.309017 -0.951057 9.63702e-17 -0.309017 -0.951057 4.87858e-17 -0.156435 -0.987688 2.16854e-23 -6.95355e-08 -1 -5.2668e-23 1.68883e-07 -1 4.87857e-17 -0.156434 -0.987688 1.83307e-16 -0.587785 -0.809017 2.20519e-16 -0.707107 -0.707107 2.20519e-16 -0.707107 -0.707107 1.83307e-16 -0.587785 -0.809017 1.41582e-16 -0.453991 -0.891007 1.41582e-16 -0.453991 -0.891007 2.96597e-16 -0.951057 -0.309017 2.96597e-16 -0.951057 -0.309017 2.7787e-16 -0.891007 -0.45399 2.7787e-16 -0.891007 -0.45399 2.523e-16 -0.809017 -0.587785 2.523e-16 -0.809017 -0.587785 3.08021e-16 -0.987688 -0.156435 3.08021e-16 -0.987688 -0.156435 3.1186e-16 -1 -5.96245e-09 3.1186e-16 -1 -5.96245e-09 3.08021e-16 -0.987688 0.156435 3.1186e-16 -1 5.96244e-09 3.1186e-16 -1 5.96244e-09 2.523e-16 -0.809017 0.587785 2.7787e-16 -0.891007 0.45399 2.7787e-16 -0.891007 0.45399 2.96597e-16 -0.951057 0.309017 2.96597e-16 -0.951057 0.309017 3.08021e-16 -0.987688 0.156435 1.83307e-16 -0.587785 0.809017 1.83307e-16 -0.587785 0.809017 1.41582e-16 -0.453991 0.891007 2.523e-16 -0.809017 0.587785 2.20519e-16 -0.707107 0.707107 2.20519e-16 -0.707107 0.707107 9.63702e-17 -0.309017 0.951057 9.63702e-17 -0.309017 0.951057 4.87858e-17 -0.156435 0.987688 1.41582e-16 -0.453991 0.891007 2.16854e-23 -6.95355e-08 1 4.87857e-17 -0.156434 0.987688 -5.2668e-23 1.68883e-07 1 -1 -3.1186e-16 3.02079e-32 -1 -3.1186e-16 3.02079e-32 -1 -3.1186e-16 3.02079e-32 -1 -3.1186e-16 3.02079e-32 -1 -3.1186e-16 3.02079e-32 -1 -3.1186e-16 3.02079e-32 -1 -3.1186e-16 3.02079e-32 -1 -3.1186e-16 3.02079e-32 -1 -3.1186e-16 3.02079e-32 -1 -3.1186e-16 3.02079e-32 -1 -3.1186e-16 3.02079e-32 -1 -3.1186e-16 3.02079e-32 -1 -3.1186e-16 3.02079e-32 -1 -3.1186e-16 3.02079e-32 -1 -3.1186e-16 3.02079e-32 -1 -3.1186e-16 3.02079e-32 -1 -3.1186e-16 3.02079e-32 -1 -3.1186e-16 3.02079e-32 -1 -3.1186e-16 3.02079e-32 -1 -3.1186e-16 3.02079e-32 -1 -3.1186e-16 3.02079e-32 -1 -3.1186e-16 3.02079e-32 -1 -3.1186e-16 3.02079e-32 -1 -3.1186e-16 3.02079e-32 -1 -3.1186e-16 3.02079e-32 -1 -3.1186e-16 3.02079e-32 -1 -3.1186e-16 3.02079e-32 -1 -3.1186e-16 3.02079e-32 -1 -3.1186e-16 3.02079e-32 -1 -3.1186e-16 3.02079e-32 -1 -3.1186e-16 3.02079e-32 -1 -3.1186e-16 3.02079e-32 -1 -3.1186e-16 3.02079e-32 -1 -3.1186e-16 3.02079e-32 -1 -3.1186e-16 3.02079e-32 -1 -3.1186e-16 3.02079e-32 -1 -3.1186e-16 3.02079e-32 -1 -3.1186e-16 3.02079e-32 -1 -3.1186e-16 3.02079e-32 -1 -3.1186e-16 3.02079e-32 -1 -3.1186e-16 3.02079e-32 -1 -3.1186e-16 3.02079e-32 -1 -3.1186e-16 3.02079e-32 -1 -3.1186e-16 3.02079e-32 -1 -3.1186e-16 3.02079e-32 -1 -3.1186e-16 3.02079e-32 -1 -3.1186e-16 3.02079e-32 -1 -3.1186e-16 3.02079e-32 -1 -3.1186e-16 3.02079e-32 -1 -3.1186e-16 3.02079e-32 -1 -3.1186e-16 3.02079e-32 -1 -3.1186e-16 3.02079e-32 -1 -3.1186e-16 3.02079e-32 -1 -3.1186e-16 3.02079e-32 -1 -3.1186e-16 3.02079e-32 -1 -3.1186e-16 3.02079e-32 -1 -3.1186e-16 3.02079e-32 -1 -3.1186e-16 3.02079e-32 -1 -3.1186e-16 3.02079e-32 -1 -3.1186e-16 3.02079e-32 -1 -3.1186e-16 3.02079e-32 -1 -3.1186e-16 3.02079e-32 -1 -3.1186e-16 3.02079e-32 -1 -3.1186e-16 3.02079e-32 -1 -3.1186e-16 3.02079e-32 -1 -3.1186e-16 3.02079e-32 -1 -3.1186e-16 3.02079e-32 -1 -3.1186e-16 3.02079e-32 -1 -3.1186e-16 3.02079e-32 -1 -3.1186e-16 3.02079e-32 -1 -3.1186e-16 3.02079e-32 -1 -3.1186e-16 3.02079e-32 -1 -3.1186e-16 3.02079e-32 -1 -3.1186e-16 3.02079e-32 -1 -3.1186e-16 3.02079e-32 -1 -3.1186e-16 3.02079e-32 -1 -3.1186e-16 3.02079e-32 -1 -3.1186e-16 3.02079e-32 -1 -3.1186e-16 3.02079e-32 -1 -3.1186e-16 3.02079e-32 -1 -3.1186e-16 3.02079e-32 -1 -3.1186e-16 3.02079e-32 -1 -3.1186e-16 3.02079e-32 -1 -3.1186e-16 3.02079e-32 -1 -3.1186e-16 3.02079e-32 -1 -3.1186e-16 3.02079e-32 -1 -3.1186e-16 3.02079e-32 -1 -3.1186e-16 3.02079e-32 -1 -3.1186e-16 3.02079e-32 -1 -3.1186e-16 3.02079e-32 -1 -3.1186e-16 3.02079e-32 -1 -3.1186e-16 3.02079e-32 -1 -3.1186e-16 3.02079e-32 -1 -3.1186e-16 3.02079e-32 -1 -3.1186e-16 3.02079e-32 -1 -3.1186e-16 3.02079e-32 -1 -3.1186e-16 3.02079e-32 -1 -3.1186e-16 3.02079e-32 -1 -3.1186e-16 3.02079e-32 -1 -3.1186e-16 3.02079e-32 -1 -3.1186e-16 3.02079e-32 -1 -3.1186e-16 3.02079e-32 -1 -3.1186e-16 3.02079e-32 -1 -3.1186e-16 3.02079e-32 -1 -3.1186e-16 3.02079e-32 -1 -3.1186e-16 3.02079e-32 -1 -3.1186e-16 3.02079e-32 -1 -3.1186e-16 3.02079e-32 -1 -3.1186e-16 3.02079e-32 -1 -3.1186e-16 3.02079e-32 -1 -3.1186e-16 3.02079e-32 -1 -3.1186e-16 3.02079e-32 -1 -3.1186e-16 3.02079e-32 -1 -3.1186e-16 3.02079e-32 -1 -3.1186e-16 3.02079e-32 -1 -3.1186e-16 3.02079e-32 -1 -3.1186e-16 3.02079e-32 -1 -3.1186e-16 3.02079e-32 -1 -3.1186e-16 3.02079e-32 -1 -3.1186e-16 3.02079e-32 -1 -3.1186e-16 3.02079e-32 -1 -3.1186e-16 3.02079e-32 -1 -3.1186e-16 3.02079e-32 -1 -3.1186e-16 3.02079e-32 -1 -3.1186e-16 3.02079e-32 -1 -3.1186e-16 3.02079e-32 -1 -3.1186e-16 3.02079e-32 -1 -3.1186e-16 3.02079e-32 -1 -3.1186e-16 3.02079e-32 -1 -3.1186e-16 3.02079e-32 -1 -3.1186e-16 3.02079e-32 -1 -3.1186e-16 3.02079e-32 -1 -3.1186e-16 3.02079e-32 -1 -3.1186e-16 3.02079e-32 -1 -3.1186e-16 3.02079e-32 -1 -3.1186e-16 3.02079e-32 -1 -3.1186e-16 3.02079e-32 -1 -3.1186e-16 3.02079e-32 -1 -3.1186e-16 3.02079e-32 -1 -3.1186e-16 3.02079e-32 -1 -3.1186e-16 3.02079e-32 -1 -3.1186e-16 3.02079e-32 -1 -3.1186e-16 3.02079e-32 -1 -3.1186e-16 3.02079e-32 -1 -3.1186e-16 3.02079e-32 -1 -3.1186e-16 3.02079e-32 -1 -3.1186e-16 3.02079e-32 -1 -3.1186e-16 3.02079e-32 -1 -3.1186e-16 3.02079e-32 -1 -3.1186e-16 3.02079e-32 -1 -3.1186e-16 3.02079e-32 -1 -3.1186e-16 3.02079e-32 -1 -3.1186e-16 3.02079e-32 -1 -3.1186e-16 3.02079e-32 -1 -3.1186e-16 3.02079e-32 -1 -3.1186e-16 3.02079e-32 -1 -3.1186e-16 3.02079e-32 -1 -3.1186e-16 3.02079e-32 -1 -3.1186e-16 3.02079e-32 -1 -3.1186e-16 3.02079e-32 -1 -3.1186e-16 3.02079e-32 -1 -3.1186e-16 3.02079e-32 -1 -3.1186e-16 3.02079e-32 -1 -3.1186e-16 3.02079e-32 -1 -3.1186e-16 3.02079e-32 -1 -3.1186e-16 3.02079e-32 -1 -3.1186e-16 3.02079e-32 -1 -3.1186e-16 3.02079e-32 -1 -3.1186e-16 3.02079e-32 -1 -3.1186e-16 3.02079e-32 -1 -3.1186e-16 3.02079e-32 -1 -3.1186e-16 3.02079e-32 -1 -3.1186e-16 3.02079e-32 -1 -3.1186e-16 3.02079e-32 -1 -3.1186e-16 3.02079e-32 -1 -3.1186e-16 3.02079e-32 -1 -3.1186e-16 3.02079e-32 -1 -3.1186e-16 3.02079e-32 -1 -3.1186e-16 3.02079e-32 -1 -3.1186e-16 3.02079e-32 -1 -3.1186e-16 3.02079e-32 -1 -3.1186e-16 3.02079e-32 -1 -3.1186e-16 3.02079e-32 -1 -3.1186e-16 3.02079e-32 -1 -3.1186e-16 3.02079e-32 -1 -3.1186e-16 3.02079e-32 -1 -3.1186e-16 3.02079e-32 -1 -3.1186e-16 3.02079e-32 -1 -3.1186e-16 3.02079e-32 -1 -3.1186e-16 3.02079e-32 -1 -3.1186e-16 3.02079e-32 -1 -3.1186e-16 3.02079e-32 -1 -3.1186e-16 3.02079e-32 -1 -3.1186e-16 3.02079e-32 -1 -3.1186e-16 3.02079e-32 -1 -3.1186e-16 3.02079e-32 -1 -3.1186e-16 3.02079e-32 -1 -3.1186e-16 3.02079e-32 -3.10795e-16 0.996584 -0.0825793 -3.10795e-16 0.996584 -0.0825793 -3.10795e-16 0.996584 0.0825795 -3.02318e-16 0.9694 -0.245486 -3.02318e-16 0.9694 -0.245486 -2.85593e-16 0.915773 -0.401695 -2.85593e-16 0.915773 -0.401695 -2.61079e-16 0.837166 -0.546948 -2.61079e-16 0.837166 -0.546948 -2.29443e-16 0.735724 -0.677282 -2.29443e-16 0.735724 -0.677282 -1.91549e-16 0.614213 -0.789141 -1.91549e-16 0.614213 -0.789141 -1.48429e-16 0.475947 -0.879474 -1.48429e-16 0.475947 -0.879474 -1.01261e-16 0.3247 -0.945817 -1.01261e-16 0.3247 -0.945817 -5.13305e-17 0.164595 -0.986361 -5.13305e-17 0.164595 -0.986361 -1.36319e-23 4.37114e-08 -1 -1.36319e-23 4.37114e-08 -1 -3.10795e-16 0.996584 0.0825795 -3.02318e-16 0.9694 0.245486 -3.02318e-16 0.9694 0.245486 -2.85593e-16 0.915773 0.401695 -2.85593e-16 0.915773 0.401695 -2.61079e-16 0.837166 0.546948 -2.61079e-16 0.837166 0.546948 -2.29443e-16 0.735724 0.677281 -2.29443e-16 0.735724 0.677281 -1.91549e-16 0.614213 0.789141 -1.91549e-16 0.614213 0.789141 -1.48429e-16 0.475947 0.879474 -1.48429e-16 0.475947 0.879474 -1.01261e-16 0.3247 0.945817 -1.01261e-16 0.3247 0.945817 -5.13306e-17 0.164595 0.986361 -5.13306e-17 0.164595 0.986361 3.7189e-24 -1.19249e-08 1 3.7189e-24 -1.19249e-08 1 -4.93038e-32 6.12323e-17 -1 -4.93038e-32 6.12323e-17 -1 -4.93038e-32 6.12323e-17 -1 -4.93038e-32 6.12323e-17 -1 -4.93038e-32 6.12323e-17 -1 -4.93038e-32 6.12323e-17 -1 -4.93038e-32 6.12323e-17 -1 -4.93038e-32 6.12323e-17 -1 -4.93038e-32 6.12323e-17 -1 -4.93038e-32 6.12323e-17 -1 4.93038e-32 -6.12323e-17 1 4.93038e-32 -6.12323e-17 1 4.93038e-32 -6.12323e-17 1 4.93038e-32 -6.12323e-17 1 4.93038e-32 -6.12323e-17 1 4.93038e-32 -6.12323e-17 1 4.93038e-32 -6.12323e-17 1 4.93038e-32 -6.12323e-17 1 4.93038e-32 -6.12323e-17 1 4.93038e-32 -6.12323e-17 1 -1 -3.1186e-16 3.02079e-32 -1 -3.1186e-16 3.02079e-32 -1 -3.1186e-16 3.02079e-32 -1 -3.1186e-16 3.02079e-32 -1 -3.1186e-16 3.02079e-32 -1 -3.1186e-16 3.02079e-32 -1 -3.1186e-16 3.02079e-32 -1 -3.1186e-16 3.02079e-32 -1 -3.1186e-16 3.02079e-32 -1 -3.1186e-16 3.02079e-32 -1 -3.1186e-16 3.02079e-32 -1 -3.1186e-16 3.02079e-32 -1 -3.1186e-16 3.02079e-32 -1 -3.1186e-16 3.02079e-32 -1 -3.1186e-16 3.02079e-32 -1 -3.1186e-16 3.02079e-32 -1 -3.1186e-16 3.02079e-32 -1 -3.1186e-16 3.02079e-32 -1 -3.1186e-16 3.02079e-32 -1 -3.1186e-16 3.02079e-32 -1 -3.1186e-16 3.02079e-32 -1 -3.1186e-16 3.02079e-32 -1 -3.1186e-16 3.02079e-32 -1 -3.1186e-16 3.02079e-32 -1 -3.1186e-16 3.02079e-32 -1 -3.1186e-16 3.02079e-32 -1 -3.1186e-16 3.02079e-32 -1 -3.1186e-16 3.02079e-32 -1 -3.1186e-16 3.02079e-32 -1 -3.1186e-16 3.02079e-32 -1 -3.1186e-16 3.02079e-32 -1 -3.1186e-16 3.02079e-32 -1 -3.1186e-16 3.02079e-32 -1 -3.1186e-16 3.02079e-32 -1 -3.1186e-16 3.02079e-32 -1 -3.1186e-16 3.02079e-32 -1 -3.1186e-16 3.02079e-32 -1 -3.1186e-16 3.02079e-32 -1 -3.1186e-16 3.02079e-32 -1 -3.1186e-16 3.02079e-32 -1 -3.1186e-16 3.02079e-32 -1 -3.1186e-16 3.02079e-32 -1 -3.1186e-16 3.02079e-32 -1 -3.1186e-16 3.02079e-32 -1 -3.1186e-16 3.02079e-32 -1 -3.1186e-16 3.02079e-32 -1 -3.1186e-16 3.02079e-32 -1 -3.1186e-16 3.02079e-32 -1 -3.1186e-16 3.02079e-32 -1 -3.1186e-16 3.02079e-32 -1 -3.1186e-16 3.02079e-32 -1 -3.1186e-16 3.02079e-32 -1 -3.1186e-16 3.02079e-32 -1 -3.1186e-16 3.02079e-32 -1 -3.1186e-16 3.02079e-32 -1 -3.1186e-16 3.02079e-32 -1 -3.1186e-16 3.02079e-32 -1 -3.1186e-16 3.02079e-32 -1 -3.1186e-16 3.02079e-32 -1 -3.1186e-16 3.02079e-32 -1 -3.1186e-16 3.02079e-32 -1 -3.1186e-16 3.02079e-32 -1 -3.1186e-16 3.02079e-32 -1 -3.1186e-16 3.02079e-32 -1 -3.1186e-16 3.02079e-32 -1 -3.1186e-16 3.02079e-32 -1 -3.1186e-16 3.02079e-32 -1 -3.1186e-16 3.02079e-32 -1 -3.1186e-16 3.02079e-32 -1 -3.1186e-16 3.02079e-32 -1 -3.1186e-16 3.02079e-32 -1 -3.1186e-16 3.02079e-32 -1 -3.1186e-16 3.02079e-32 -1 -3.1186e-16 3.02079e-32 -1 -3.1186e-16 3.02079e-32 -1 -3.1186e-16 3.02079e-32 -1 -3.1186e-16 3.02079e-32 -1 -3.1186e-16 3.02079e-32 -1 -3.1186e-16 3.02079e-32 -1 -3.1186e-16 3.02079e-32 -1 -3.1186e-16 3.02079e-32 -1 -3.1186e-16 3.02079e-32 -1 -3.1186e-16 3.02079e-32 -1 -3.1186e-16 3.02079e-32 -1 -3.1186e-16 3.02079e-32 -1 -3.1186e-16 3.02079e-32 -1 -3.1186e-16 3.02079e-32 -1 -3.1186e-16 3.02079e-32 -1 -3.1186e-16 3.02079e-32 -1 -3.1186e-16 3.02079e-32 -1 -3.1186e-16 3.02079e-32 -1 -3.1186e-16 3.02079e-32 -1 -3.1186e-16 3.02079e-32 -1 -3.1186e-16 3.02079e-32 1 3.1186e-16 -3.02079e-32 1 3.1186e-16 -3.02079e-32 1 3.1186e-16 -3.02079e-32 1 3.1186e-16 -3.02079e-32 1 3.1186e-16 -3.02079e-32 1 3.1186e-16 -3.02079e-32 1 3.1186e-16 -3.02079e-32 1 3.1186e-16 -3.02079e-32 1 3.1186e-16 -3.02079e-32 1 3.1186e-16 -3.02079e-32 1 3.1186e-16 -3.02079e-32 1 3.1186e-16 -3.02079e-32 1 3.1186e-16 -3.02079e-32 1 3.1186e-16 -3.02079e-32 1 3.1186e-16 -3.02079e-32 1 3.1186e-16 -3.02079e-32 1 3.1186e-16 -3.02079e-32 1 3.1186e-16 -3.02079e-32 1 3.1186e-16 -3.02079e-32 1 3.1186e-16 -3.02079e-32 1 3.1186e-16 -3.02079e-32 1 3.1186e-16 -3.02079e-32 1 3.1186e-16 -3.02079e-32 1 3.1186e-16 -3.02079e-32 1 3.1186e-16 -3.02079e-32 1 3.1186e-16 -3.02079e-32 1 3.1186e-16 -3.02079e-32 1 3.1186e-16 -3.02079e-32 1 3.1186e-16 -3.02079e-32 1 3.1186e-16 -3.02079e-32 1 3.1186e-16 -3.02079e-32 1 3.1186e-16 -3.02079e-32 1 3.1186e-16 -3.02079e-32 1 3.1186e-16 -3.02079e-32 1 3.1186e-16 -3.02079e-32 1 3.1186e-16 -3.02079e-32 1 3.1186e-16 -3.02079e-32 1 3.1186e-16 -3.02079e-32 1 3.1186e-16 -3.02079e-32 1 3.1186e-16 -3.02079e-32 1 3.1186e-16 -3.02079e-32 1 3.1186e-16 -3.02079e-32 1 3.1186e-16 -3.02079e-32 1 3.1186e-16 -3.02079e-32 1 3.1186e-16 -3.02079e-32 1 3.1186e-16 -3.02079e-32 1 3.1186e-16 -3.02079e-32 1 3.1186e-16 -3.02079e-32 1 3.1186e-16 -3.02079e-32 1 3.1186e-16 -3.02079e-32 1 3.1186e-16 -3.02079e-32 1 3.1186e-16 -3.02079e-32 1 3.1186e-16 -3.02079e-32 1 3.1186e-16 -3.02079e-32 1 3.1186e-16 -3.02079e-32 1 3.1186e-16 -3.02079e-32 1 3.1186e-16 -3.02079e-32 1 3.1186e-16 -3.02079e-32 1 3.1186e-16 -3.02079e-32 1 3.1186e-16 -3.02079e-32 1 3.1186e-16 -3.02079e-32 1 3.1186e-16 -3.02079e-32 1 3.1186e-16 -3.02079e-32 1 3.1186e-16 -3.02079e-32 1 3.1186e-16 -3.02079e-32 1 3.1186e-16 -3.02079e-32 1 3.1186e-16 -3.02079e-32 1 3.1186e-16 -3.02079e-32 1 3.1186e-16 -3.02079e-32 1 3.1186e-16 -3.02079e-32 1 3.1186e-16 -3.02079e-32 1 3.1186e-16 -3.02079e-32 1 3.1186e-16 -3.02079e-32 1 3.1186e-16 -3.02079e-32 1 3.1186e-16 -3.02079e-32 1 3.1186e-16 -3.02079e-32 1 3.1186e-16 -3.02079e-32 1 3.1186e-16 -3.02079e-32 1 3.1186e-16 -3.02079e-32 1 3.1186e-16 -3.02079e-32 1 3.1186e-16 -3.02079e-32 1 3.1186e-16 -3.02079e-32 1 3.1186e-16 -3.02079e-32 1 3.1186e-16 -3.02079e-32 1 3.1186e-16 -3.02079e-32 1 3.1186e-16 -3.02079e-32 1 3.1186e-16 -3.02079e-32 1 3.1186e-16 -3.02079e-32 1 3.1186e-16 -3.02079e-32 1 3.1186e-16 -3.02079e-32 1 3.1186e-16 -3.02079e-32 1 3.1186e-16 -3.02079e-32 1 3.1186e-16 -3.02079e-32 1 3.1186e-16 -3.02079e-32 1 3.1186e-16 -3.02079e-32 1 3.1186e-16 -3.02079e-32 1 3.1186e-16 -3.02079e-32 1 3.1186e-16 -3.02079e-32 1 3.1186e-16 -3.02079e-32 1 3.1186e-16 -3.02079e-32 1 3.1186e-16 -3.02079e-32 1 3.1186e-16 -3.02079e-32 1 3.1186e-16 -3.02079e-32 1 3.1186e-16 -3.02079e-32 1 3.1186e-16 -3.02079e-32 1 3.1186e-16 -3.02079e-32 1 3.1186e-16 -3.02079e-32 1 3.1186e-16 -3.02079e-32 1 3.1186e-16 -3.02079e-32 1 3.1186e-16 -3.02079e-32 1 3.1186e-16 -3.02079e-32 1 3.1186e-16 -3.02079e-32 1 3.1186e-16 -3.02079e-32 1 3.1186e-16 -3.02079e-32 1 3.1186e-16 -3.02079e-32 1 3.1186e-16 -3.02079e-32 1 3.1186e-16 -3.02079e-32 1 3.1186e-16 -3.02079e-32 1 3.1186e-16 -3.02079e-32 1 3.1186e-16 -3.02079e-32 1 3.1186e-16 -3.02079e-32 1 3.1186e-16 -3.02079e-32 1 3.1186e-16 -3.02079e-32 1 3.1186e-16 -3.02079e-32 1 3.1186e-16 -3.02079e-32 1 3.1186e-16 -3.02079e-32 1 3.1186e-16 -3.02079e-32 1 3.1186e-16 -3.02079e-32 1 3.1186e-16 -3.02079e-32 1 3.1186e-16 -3.02079e-32 1 3.1186e-16 -3.02079e-32 1 3.1186e-16 -3.02079e-32 1 3.1186e-16 -3.02079e-32 1 3.1186e-16 -3.02079e-32 1 3.1186e-16 -3.02079e-32 1 3.1186e-16 -3.02079e-32 1 3.1186e-16 -3.02079e-32 1 3.1186e-16 -3.02079e-32 1 3.1186e-16 -3.02079e-32 1 3.1186e-16 -3.02079e-32 1 3.1186e-16 -3.02079e-32 1 3.1186e-16 -3.02079e-32 1 3.1186e-16 -3.02079e-32 1 3.1186e-16 -3.02079e-32 1 3.1186e-16 -3.02079e-32 1 3.1186e-16 -3.02079e-32 1 3.1186e-16 -3.02079e-32 1 3.1186e-16 -3.02079e-32 1 3.1186e-16 -3.02079e-32 1 3.1186e-16 -3.02079e-32 1 3.1186e-16 -3.02079e-32 1 3.1186e-16 -3.02079e-32 1 3.1186e-16 -3.02079e-32 1 3.1186e-16 -3.02079e-32 1 3.1186e-16 -3.02079e-32 1 3.1186e-16 -3.02079e-32 1 3.1186e-16 -3.02079e-32 1 3.1186e-16 -3.02079e-32 1 3.1186e-16 -3.02079e-32 1 3.1186e-16 -3.02079e-32 1 3.1186e-16 -3.02079e-32 1 3.1186e-16 -3.02079e-32 1 3.1186e-16 -3.02079e-32 1 3.1186e-16 -3.02079e-32 1 3.1186e-16 -3.02079e-32 1 3.1186e-16 -3.02079e-32 1 3.1186e-16 -3.02079e-32 1 3.1186e-16 -3.02079e-32 1 3.1186e-16 -3.02079e-32 1 3.1186e-16 -3.02079e-32 1 3.1186e-16 -3.02079e-32 1 3.1186e-16 -3.02079e-32 1 3.1186e-16 -3.02079e-32 1 3.1186e-16 -3.02079e-32 1 3.1186e-16 -3.02079e-32 1 3.1186e-16 -3.02079e-32 1 3.1186e-16 -3.02079e-32 1 3.1186e-16 -3.02079e-32 1 3.1186e-16 -3.02079e-32 1 3.1186e-16 -3.02079e-32 1 3.1186e-16 -3.02079e-32 1 3.1186e-16 -3.02079e-32 1 3.1186e-16 -3.02079e-32 1 3.1186e-16 -3.02079e-32 1 3.1186e-16 -3.02079e-32 1 3.1186e-16 -3.02079e-32 1 3.1186e-16 -3.02079e-32 1 3.1186e-16 -3.02079e-32 1 3.1186e-16 -3.02079e-32 1 3.1186e-16 -3.02079e-32 1 3.1186e-16 -3.02079e-32 1 3.1186e-16 -3.02079e-32 1 3.1186e-16 -3.02079e-32 1 3.1186e-16 -3.02079e-32 1 3.1186e-16 -3.02079e-32 1 3.1186e-16 -3.02079e-32 1 3.1186e-16 -3.02079e-32 1 3.1186e-16 -3.02079e-32 1 3.1186e-16 -3.02079e-32 1 3.1186e-16 -3.02079e-32 1 3.1186e-16 -3.02079e-32 1 3.1186e-16 -3.02079e-32 1 3.1186e-16 -3.02079e-32 1 3.1186e-16 -3.02079e-32 1 3.1186e-16 -3.02079e-32 1 3.1186e-16 -3.02079e-32 1 3.1186e-16 -3.02079e-32 1 3.1186e-16 -3.02079e-32 1 3.1186e-16 -3.02079e-32 1 3.1186e-16 -3.02079e-32 1 3.1186e-16 -3.02079e-32 1 3.1186e-16 -3.02079e-32 1 3.1186e-16 -3.02079e-32 1 3.1186e-16 -3.02079e-32 1 3.1186e-16 -3.02079e-32 1 3.1186e-16 -3.02079e-32 1 3.1186e-16 -3.02079e-32 1 3.1186e-16 -3.02079e-32 1 3.1186e-16 -3.02079e-32 1 3.1186e-16 -3.02079e-32 1 3.1186e-16 -3.02079e-32 1 3.1186e-16 -3.02079e-32 1 3.1186e-16 -3.02079e-32 1 3.1186e-16 -3.02079e-32 1 3.1186e-16 -3.02079e-32 1 3.1186e-16 -3.02079e-32 1 3.1186e-16 -3.02079e-32 1 3.1186e-16 -3.02079e-32 1 3.1186e-16 -3.02079e-32 1 3.1186e-16 -3.02079e-32 1 3.1186e-16 -3.02079e-32 1 3.1186e-16 -3.02079e-32 1 3.1186e-16 -3.02079e-32 1 3.1186e-16 -3.02079e-32 1 3.1186e-16 -3.02079e-32 1 3.1186e-16 -3.02079e-32 1 3.1186e-16 -3.02079e-32 1 3.1186e-16 -3.02079e-32 1.03893e-16 -0.33314 0.942877 5.27047e-17 -0.169001 0.985616 1.03893e-16 -0.33314 0.942877 -5.45274e-23 1.74846e-07 1 5.27047e-17 -0.169001 0.985616 9.41792e-23 -3.01992e-07 1 1.95917e-16 -0.62822 0.778036 2.34105e-16 -0.750672 0.660675 2.34105e-16 -0.750672 0.660675 1.95917e-16 -0.62822 0.778036 1.52093e-16 -0.487695 0.873014 1.52093e-16 -0.487695 0.873014 3.04861e-16 -0.977555 0.210679 2.89372e-16 -0.927889 0.372856 3.04861e-16 -0.977555 0.210679 2.89372e-16 -0.927889 0.372857 2.65558e-16 -0.851529 0.524307 2.65558e-16 -0.851529 0.524307 2.98191e-16 -0.956167 -0.292823 2.98191e-16 -0.956167 -0.292823 3.09334e-16 -0.9919 -0.127018 3.11579e-16 -0.999099 0.0424415 3.09334e-16 -0.9919 -0.127018 3.11579e-16 -0.999099 0.042441 2.50735e-16 -0.803997 -0.594633 2.15788e-16 -0.691939 -0.721956 2.15788e-16 -0.691939 -0.721956 2.78468e-16 -0.892926 -0.450204 2.78468e-16 -0.892926 -0.450204 2.50735e-16 -0.803997 -0.594633 7.8582e-17 -0.251978 -0.967733 1.28456e-16 -0.411901 -0.911228 7.8582e-17 -0.251978 -0.967733 1.28456e-16 -0.411901 -0.911228 1.74634e-16 -0.559975 -0.82851 1.74634e-16 -0.559975 -0.82851 -7.8582e-17 0.251978 -0.967733 -7.8582e-17 0.251978 -0.967733 -2.64476e-17 0.0848059 -0.996397 2.64476e-17 -0.0848059 -0.996397 -2.64476e-17 0.0848059 -0.996397 2.64476e-17 -0.0848059 -0.996397 -1.74634e-16 0.559975 -0.82851 -2.15788e-16 0.691939 -0.721956 -2.15788e-16 0.691939 -0.721956 -1.28456e-16 0.411901 -0.911228 -1.28456e-16 0.411901 -0.911229 -1.74634e-16 0.559975 -0.82851 -2.98191e-16 0.956167 -0.292823 -2.78468e-16 0.892926 -0.450204 -2.98191e-16 0.956167 -0.292823 -2.78468e-16 0.892926 -0.450204 -2.50735e-16 0.803997 -0.594633 -2.50735e-16 0.803997 -0.594633 -3.04861e-16 0.977555 0.210679 -3.11579e-16 0.999099 0.0424412 -3.11579e-16 0.999099 0.0424412 -3.09334e-16 0.9919 -0.127018 -3.09334e-16 0.9919 -0.127018 -3.04861e-16 0.977555 0.210679 -2.89372e-16 0.927889 0.372857 -2.89372e-16 0.927889 0.372856 -2.65558e-16 0.851529 0.524307 -2.34105e-16 0.750672 0.660675 -2.65558e-16 0.851529 0.524307 -2.34105e-16 0.750672 0.660675 -1.95917e-16 0.62822 0.778036 -1.95917e-16 0.62822 0.778036 -1.52093e-16 0.487695 0.873014 -1.03893e-16 0.33314 0.942877 -1.52093e-16 0.487695 0.873014 -1.03893e-16 0.33314 0.942877 -5.27047e-17 0.169001 0.985616 -5.27047e-17 0.169001 0.985616 1.01261e-16 -0.324699 0.945817 5.27047e-17 -0.169001 0.985616 1.03893e-16 -0.33314 0.942877 -5.45274e-23 1.74846e-07 1 5.13305e-17 -0.164595 0.986361 9.41792e-23 -3.01992e-07 1 1.95917e-16 -0.62822 0.778036 2.34105e-16 -0.750672 0.660675 2.29443e-16 -0.735724 0.677282 1.91549e-16 -0.614213 0.789141 1.48429e-16 -0.475947 0.879474 1.52093e-16 -0.487695 0.873014 3.02318e-16 -0.9694 0.245485 2.89372e-16 -0.927889 0.372856 3.04861e-16 -0.977555 0.210679 2.85593e-16 -0.915773 0.401695 2.61079e-16 -0.837166 0.546948 2.65558e-16 -0.851529 0.524307 2.98191e-16 -0.956167 -0.292823 3.02318e-16 -0.9694 -0.245486 3.09334e-16 -0.9919 -0.127018 3.11579e-16 -0.999099 0.0424415 3.10795e-16 -0.996584 -0.0825794 3.10795e-16 -0.996584 0.0825794 2.50735e-16 -0.803997 -0.594633 2.15788e-16 -0.691939 -0.721956 2.29443e-16 -0.735724 -0.677282 2.85593e-16 -0.915773 -0.401695 2.78468e-16 -0.892926 -0.450204 2.61079e-16 -0.837167 -0.546948 1.01261e-16 -0.324699 -0.945817 1.28456e-16 -0.411901 -0.911228 7.8582e-17 -0.251978 -0.967733 1.48429e-16 -0.475947 -0.879474 1.91549e-16 -0.614213 -0.78914 1.74634e-16 -0.559975 -0.82851 -7.8582e-17 0.251978 -0.967733 -5.13305e-17 0.164595 -0.986361 -2.64476e-17 0.0848059 -0.996397 2.64476e-17 -0.0848059 -0.996397 2.72637e-23 -8.74228e-08 -1 5.13306e-17 -0.164595 -0.986361 -1.74634e-16 0.559975 -0.82851 -2.15788e-16 0.691939 -0.721956 -1.91549e-16 0.614213 -0.78914 -1.01261e-16 0.324699 -0.945817 -1.28456e-16 0.411901 -0.911229 -1.48429e-16 0.475947 -0.879474 -2.85593e-16 0.915773 -0.401695 -2.78468e-16 0.892926 -0.450204 -2.98191e-16 0.956167 -0.292823 -2.61079e-16 0.837166 -0.546948 -2.29443e-16 0.735724 -0.677282 -2.50735e-16 0.803997 -0.594633 -3.10795e-16 0.996584 0.0825794 -3.10795e-16 0.996584 -0.0825792 -3.11579e-16 0.999099 0.0424412 -3.09334e-16 0.9919 -0.127018 -3.02318e-16 0.9694 -0.245485 -3.04861e-16 0.977555 0.210679 -2.89372e-16 0.927889 0.372856 -3.02318e-16 0.9694 0.245485 -2.65558e-16 0.851529 0.524307 -2.85593e-16 0.915773 0.401695 -2.61079e-16 0.837166 0.546948 -2.34105e-16 0.750672 0.660675 -1.95917e-16 0.62822 0.778036 -2.29443e-16 0.735724 0.677282 -1.52093e-16 0.487695 0.873014 -1.91549e-16 0.614213 0.789141 -1.48429e-16 0.475947 0.879474 -1.03893e-16 0.33314 0.942877 -5.27047e-17 0.169001 0.985616 -1.01261e-16 0.324699 0.945817 -5.13305e-17 0.164595 0.986361 1.03893e-16 -0.33314 0.942877 5.27047e-17 -0.169001 0.985616 1.03893e-16 -0.33314 0.942877 -5.45274e-23 1.74846e-07 1 5.27047e-17 -0.169001 0.985616 9.41792e-23 -3.01992e-07 1 1.95917e-16 -0.62822 0.778036 2.34105e-16 -0.750672 0.660675 2.34105e-16 -0.750672 0.660675 1.95917e-16 -0.62822 0.778036 1.52093e-16 -0.487695 0.873014 1.52093e-16 -0.487695 0.873014 3.04861e-16 -0.977555 0.210679 2.89372e-16 -0.927889 0.372856 3.04861e-16 -0.977555 0.210679 2.89372e-16 -0.927889 0.372857 2.65558e-16 -0.851529 0.524307 2.65558e-16 -0.851529 0.524307 2.98191e-16 -0.956167 -0.292823 2.98191e-16 -0.956167 -0.292823 3.09334e-16 -0.9919 -0.127018 3.11579e-16 -0.999099 0.0424415 3.09334e-16 -0.9919 -0.127018 3.11579e-16 -0.999099 0.042441 2.50735e-16 -0.803997 -0.594633 2.15788e-16 -0.691939 -0.721956 2.15788e-16 -0.691939 -0.721956 2.78468e-16 -0.892926 -0.450204 2.78468e-16 -0.892926 -0.450204 2.50735e-16 -0.803997 -0.594633 7.8582e-17 -0.251978 -0.967733 1.28456e-16 -0.411901 -0.911228 7.8582e-17 -0.251978 -0.967733 1.28456e-16 -0.411901 -0.911228 1.74634e-16 -0.559975 -0.82851 1.74634e-16 -0.559975 -0.82851 -7.8582e-17 0.251978 -0.967733 -7.8582e-17 0.251978 -0.967733 -2.64476e-17 0.0848059 -0.996397 2.64476e-17 -0.0848059 -0.996397 -2.64476e-17 0.0848059 -0.996397 2.64476e-17 -0.0848059 -0.996397 -1.74634e-16 0.559975 -0.82851 -2.15788e-16 0.691939 -0.721956 -2.15788e-16 0.691939 -0.721956 -1.28456e-16 0.411901 -0.911228 -1.28456e-16 0.411901 -0.911229 -1.74634e-16 0.559975 -0.82851 -2.98191e-16 0.956167 -0.292823 -2.78468e-16 0.892926 -0.450204 -2.98191e-16 0.956167 -0.292823 -2.78468e-16 0.892926 -0.450204 -2.50735e-16 0.803997 -0.594633 -2.50735e-16 0.803997 -0.594633 -3.04861e-16 0.977555 0.210679 -3.11579e-16 0.999099 0.0424412 -3.11579e-16 0.999099 0.0424412 -3.09334e-16 0.9919 -0.127018 -3.09334e-16 0.9919 -0.127018 -3.04861e-16 0.977555 0.210679 -2.89372e-16 0.927889 0.372857 -2.89372e-16 0.927889 0.372856 -2.65558e-16 0.851529 0.524307 -2.34105e-16 0.750672 0.660675 -2.65558e-16 0.851529 0.524307 -2.34105e-16 0.750672 0.660675 -1.95917e-16 0.62822 0.778036 -1.95917e-16 0.62822 0.778036 -1.52093e-16 0.487695 0.873014 -1.03893e-16 0.33314 0.942877 -1.52093e-16 0.487695 0.873014 -1.03893e-16 0.33314 0.942877 -5.27047e-17 0.169001 0.985616 -5.27047e-17 0.169001 0.985616 -1 -3.1186e-16 3.02079e-32 -1 -3.1186e-16 3.02079e-32 -1 -3.1186e-16 3.02079e-32 -1 -3.1186e-16 3.02079e-32 -1 -3.1186e-16 3.02079e-32 -1 -3.1186e-16 3.02079e-32 -1 -3.1186e-16 3.02079e-32 -1 -3.1186e-16 3.02079e-32 -1 -3.1186e-16 3.02079e-32 -1 -3.1186e-16 3.02079e-32 -1 -3.1186e-16 3.02079e-32 -1 -3.1186e-16 3.02079e-32 -1 -3.1186e-16 3.02079e-32 -1 -3.1186e-16 3.02079e-32 -1 -3.1186e-16 3.02079e-32 -1 -3.1186e-16 3.02079e-32 -1 -3.1186e-16 3.02079e-32 -1 -3.1186e-16 3.02079e-32 -1 -3.1186e-16 3.02079e-32 -1 -3.1186e-16 3.02079e-32 -1 -3.1186e-16 3.02079e-32 -1 -3.1186e-16 3.02079e-32 -1 -3.1186e-16 3.02079e-32 -1 -3.1186e-16 3.02079e-32 -1 -3.1186e-16 3.02079e-32 -1 -3.1186e-16 3.02079e-32 -1 -3.1186e-16 3.02079e-32 -1 -3.1186e-16 3.02079e-32 -1 -3.1186e-16 3.02079e-32 -1 -3.1186e-16 3.02079e-32 -1 -3.1186e-16 3.02079e-32 -1 -3.1186e-16 3.02079e-32 -1 -3.1186e-16 3.02079e-32 -1 -3.1186e-16 3.02079e-32 -1 -3.1186e-16 3.02079e-32 -1 -3.1186e-16 3.02079e-32 -1 -3.1186e-16 3.02079e-32 -1 -3.1186e-16 3.02079e-32 -1 -3.1186e-16 3.02079e-32 -1 -3.1186e-16 3.02079e-32 -1 -3.1186e-16 3.02079e-32 -1 -3.1186e-16 3.02079e-32 -1 -3.1186e-16 3.02079e-32 -1 -3.1186e-16 3.02079e-32 -1 -3.1186e-16 3.02079e-32 -1 -3.1186e-16 3.02079e-32 -1 -3.1186e-16 3.02079e-32 -1 -3.1186e-16 3.02079e-32 -1 -3.1186e-16 3.02079e-32 -1 -3.1186e-16 3.02079e-32 -1 -3.1186e-16 3.02079e-32 -1 -3.1186e-16 3.02079e-32 -1 -3.1186e-16 3.02079e-32 -1 -3.1186e-16 3.02079e-32 -1 -3.1186e-16 3.02079e-32 -1 -3.1186e-16 3.02079e-32 -1 -3.1186e-16 3.02079e-32 -1 -3.1186e-16 3.02079e-32 -1 -3.1186e-16 3.02079e-32 -1 -3.1186e-16 3.02079e-32 -1 -3.1186e-16 3.02079e-32 -1 -3.1186e-16 3.02079e-32 -1 -3.1186e-16 3.02079e-32 -1 -3.1186e-16 3.02079e-32 -1 -3.1186e-16 3.02079e-32 -1 -3.1186e-16 3.02079e-32 -1 -3.1186e-16 3.02079e-32 -1 -3.1186e-16 3.02079e-32 -1 -3.1186e-16 3.02079e-32 -1 -3.1186e-16 3.02079e-32 -1 -3.1186e-16 3.02079e-32 -1 -3.1186e-16 3.02079e-32 -1 -3.1186e-16 3.02079e-32 -1 -3.1186e-16 3.02079e-32 -1 -3.1186e-16 3.02079e-32 -1 -3.1186e-16 3.02079e-32 -1 -3.1186e-16 3.02079e-32 -1 -3.1186e-16 3.02079e-32 -1 -3.1186e-16 3.02079e-32 -1 -3.1186e-16 3.02079e-32 -1 -3.1186e-16 3.02079e-32 -1 -3.1186e-16 3.02079e-32 -1 -3.1186e-16 3.02079e-32 -1 -3.1186e-16 3.02079e-32 -1 -3.1186e-16 3.02079e-32 -1 -3.1186e-16 3.02079e-32 -1 -3.1186e-16 3.02079e-32 -1 -3.1186e-16 3.02079e-32 -1 -3.1186e-16 3.02079e-32 -1 -3.1186e-16 3.02079e-32 -1 -3.1186e-16 3.02079e-32 -1 -3.1186e-16 3.02079e-32 -1 -3.1186e-16 3.02079e-32 -1 -3.1186e-16 3.02079e-32 -1 -3.1186e-16 3.02079e-32 -1 -3.1186e-16 3.02079e-32 -1 -3.1186e-16 3.02079e-32 -1 -3.1186e-16 3.02079e-32 -1 -3.1186e-16 3.02079e-32 -1 -3.1186e-16 3.02079e-32 -1 -3.1186e-16 3.02079e-32 -1 -3.1186e-16 3.02079e-32 -1 -3.1186e-16 3.02079e-32 -1 -3.1186e-16 3.02079e-32 -1 -3.1186e-16 3.02079e-32 -1 -3.1186e-16 3.02079e-32 -1 -3.1186e-16 3.02079e-32 -1 -3.1186e-16 3.02079e-32 -1 -3.1186e-16 3.02079e-32 -1 -3.1186e-16 3.02079e-32 -1 -3.1186e-16 3.02079e-32 -1 -3.1186e-16 3.02079e-32 -1 -3.1186e-16 3.02079e-32 -1 -3.1186e-16 3.02079e-32 -1 -3.1186e-16 3.02079e-32 -1 -3.1186e-16 3.02079e-32 -1 -3.1186e-16 3.02079e-32 -1 -3.1186e-16 3.02079e-32 -1 -3.1186e-16 3.02079e-32 -1 -3.1186e-16 3.02079e-32 -1 -3.1186e-16 3.02079e-32 -1 -3.1186e-16 3.02079e-32 -1 -3.1186e-16 3.02079e-32 -1 -3.1186e-16 3.02079e-32 -1 -3.1186e-16 3.02079e-32 -1 -3.1186e-16 3.02079e-32 -1 -3.1186e-16 3.02079e-32 -1 -3.1186e-16 3.02079e-32 -1 -3.1186e-16 3.02079e-32 -1 -3.1186e-16 3.02079e-32 -1 -3.1186e-16 3.02079e-32 -1 -3.1186e-16 3.02079e-32 -1 -3.1186e-16 3.02079e-32 -1 -3.1186e-16 3.02079e-32 -1 -3.1186e-16 3.02079e-32 -1 -3.1186e-16 3.02079e-32 -1 -3.1186e-16 3.02079e-32 -1 -3.1186e-16 3.02079e-32 -1 -3.1186e-16 3.02079e-32 -1 -3.1186e-16 3.02079e-32 -1 -3.1186e-16 3.02079e-32 -1 -3.1186e-16 3.02079e-32 -1 -3.1186e-16 3.02079e-32 -1 -3.1186e-16 3.02079e-32 -1 -3.1186e-16 3.02079e-32 -1 -3.1186e-16 3.02079e-32 -1 -3.1186e-16 3.02079e-32 -1 -3.1186e-16 3.02079e-32 -1 -3.1186e-16 3.02079e-32 -1 -3.1186e-16 3.02079e-32 -1 -3.1186e-16 3.02079e-32 -1 -3.1186e-16 3.02079e-32 -1 -3.1186e-16 3.02079e-32 -1 -3.1186e-16 3.02079e-32 -1 -3.1186e-16 3.02079e-32 -1 -3.1186e-16 3.02079e-32 -1 -3.1186e-16 3.02079e-32 -1 -3.1186e-16 3.02079e-32 -1 -3.1186e-16 3.02079e-32 -1 -3.1186e-16 3.02079e-32 -1 -3.1186e-16 3.02079e-32 -1 -3.1186e-16 3.02079e-32 -1 -3.1186e-16 3.02079e-32 -1 -3.1186e-16 3.02079e-32 -1 -3.1186e-16 3.02079e-32 -1 -3.1186e-16 3.02079e-32 -1 -3.1186e-16 3.02079e-32 -1 -3.1186e-16 3.02079e-32 -1 -3.1186e-16 3.02079e-32 -1 -3.1186e-16 3.02079e-32 -1 -3.1186e-16 3.02079e-32 -1 -3.1186e-16 3.02079e-32 -1 -3.1186e-16 3.02079e-32 -1 -3.1186e-16 3.02079e-32 -1 -3.1186e-16 3.02079e-32 -1 -3.1186e-16 3.02079e-32 -1 -3.1186e-16 3.02079e-32 -1 -3.1186e-16 3.02079e-32 -1 -3.1186e-16 3.02079e-32 -1 -3.1186e-16 3.02079e-32 -1 -3.1186e-16 3.02079e-32 -1 -3.1186e-16 3.02079e-32 -1 -3.1186e-16 3.02079e-32 -1 -3.1186e-16 3.02079e-32 -1 -3.1186e-16 3.02079e-32 -1 -3.1186e-16 3.02079e-32 -1 -3.1186e-16 3.02079e-32 -1 -3.1186e-16 3.02079e-32 -1 -3.1186e-16 3.02079e-32 -1 -3.1186e-16 3.02079e-32 -1 -3.1186e-16 3.02079e-32 -1 -3.1186e-16 3.02079e-32 -1 -3.1186e-16 3.02079e-32 -1 -3.1186e-16 3.02079e-32 -1 -3.1186e-16 3.02079e-32 -1 -3.1186e-16 3.02079e-32 -1 -3.1186e-16 3.02079e-32 -1 -3.1186e-16 3.02079e-32 -1 -3.1186e-16 3.02079e-32 -1 -3.1186e-16 3.02079e-32 -1 -3.1186e-16 3.02079e-32 -1 -3.1186e-16 3.02079e-32 -1 -3.1186e-16 3.02079e-32 -1 -3.1186e-16 3.02079e-32 -1 -3.1186e-16 3.02079e-32 -1 -3.1186e-16 3.02079e-32 -1 -3.1186e-16 3.02079e-32 -1 -3.1186e-16 3.02079e-32 -1 -3.1186e-16 3.02079e-32 -1 -3.1186e-16 3.02079e-32 -1 -3.1186e-16 3.02079e-32 -1 -3.1186e-16 3.02079e-32 -1 -3.1186e-16 3.02079e-32 -1 -3.1186e-16 3.02079e-32 -1 -3.1186e-16 3.02079e-32 -1 -3.1186e-16 3.02079e-32 -1 -3.1186e-16 3.02079e-32 -1 -3.1186e-16 3.02079e-32 -1 -3.1186e-16 3.02079e-32 -1 -3.1186e-16 3.02079e-32 -1 -3.1186e-16 3.02079e-32 -1 -3.1186e-16 3.02079e-32 -1 -3.1186e-16 3.02079e-32 1 3.1186e-16 -3.02079e-32 1 3.1186e-16 -3.02079e-32 1 3.1186e-16 -3.02079e-32 1 3.1186e-16 -3.02079e-32 1 3.1186e-16 -3.02079e-32 1 3.1186e-16 -3.02079e-32 1 3.1186e-16 -3.02079e-32 1 3.1186e-16 -3.02079e-32 1 3.1186e-16 -3.02079e-32 1 3.1186e-16 -3.02079e-32 1 3.1186e-16 -3.02079e-32 1 3.1186e-16 -3.02079e-32 1 3.1186e-16 -3.02079e-32 1 3.1186e-16 -3.02079e-32 1 3.1186e-16 -3.02079e-32 1 3.1186e-16 -3.02079e-32 1 3.1186e-16 -3.02079e-32 1 3.1186e-16 -3.02079e-32 1 3.1186e-16 -3.02079e-32 1 3.1186e-16 -3.02079e-32 1 3.1186e-16 -3.02079e-32 1 3.1186e-16 -3.02079e-32 1 3.1186e-16 -3.02079e-32 1 3.1186e-16 -3.02079e-32 1 3.1186e-16 -3.02079e-32 1 3.1186e-16 -3.02079e-32 1 3.1186e-16 -3.02079e-32 1 3.1186e-16 -3.02079e-32 1 3.1186e-16 -3.02079e-32 1 3.1186e-16 -3.02079e-32 1 3.1186e-16 -3.02079e-32 1 3.1186e-16 -3.02079e-32 1 3.1186e-16 -3.02079e-32 1 3.1186e-16 -3.02079e-32 1 3.1186e-16 -3.02079e-32 1 3.1186e-16 -3.02079e-32 1 3.1186e-16 -3.02079e-32 1 3.1186e-16 -3.02079e-32 1 3.1186e-16 -3.02079e-32 1 3.1186e-16 -3.02079e-32 1 3.1186e-16 -3.02079e-32 1 3.1186e-16 -3.02079e-32 1 3.1186e-16 -3.02079e-32 1 3.1186e-16 -3.02079e-32 1 3.1186e-16 -3.02079e-32 1 3.1186e-16 -3.02079e-32 1 3.1186e-16 -3.02079e-32 1 3.1186e-16 -3.02079e-32 1 3.1186e-16 -3.02079e-32 1 3.1186e-16 -3.02079e-32 1 3.1186e-16 -3.02079e-32 1 3.1186e-16 -3.02079e-32 1 3.1186e-16 -3.02079e-32 1 3.1186e-16 -3.02079e-32 1 3.1186e-16 -3.02079e-32 1 3.1186e-16 -3.02079e-32 1 3.1186e-16 -3.02079e-32 1 3.1186e-16 -3.02079e-32 1 3.1186e-16 -3.02079e-32 1 3.1186e-16 -3.02079e-32 1 3.1186e-16 -3.02079e-32 1 3.1186e-16 -3.02079e-32 1 3.1186e-16 -3.02079e-32 1 3.1186e-16 -3.02079e-32 1 3.1186e-16 -3.02079e-32 1 3.1186e-16 -3.02079e-32 1 3.1186e-16 -3.02079e-32 1 3.1186e-16 -3.02079e-32 1 3.1186e-16 -3.02079e-32 1 3.1186e-16 -3.02079e-32 1 3.1186e-16 -3.02079e-32 1 3.1186e-16 -3.02079e-32 1 3.1186e-16 -3.02079e-32 1 3.1186e-16 -3.02079e-32 1 3.1186e-16 -3.02079e-32 1 3.1186e-16 -3.02079e-32 1 3.1186e-16 -3.02079e-32 1 3.1186e-16 -3.02079e-32 1 3.1186e-16 -3.02079e-32 1 3.1186e-16 -3.02079e-32 1 3.1186e-16 -3.02079e-32 1 3.1186e-16 -3.02079e-32 1 3.1186e-16 -3.02079e-32 1 3.1186e-16 -3.02079e-32 1 3.1186e-16 -3.02079e-32 1 3.1186e-16 -3.02079e-32 1 3.1186e-16 -3.02079e-32 1 3.1186e-16 -3.02079e-32 1 3.1186e-16 -3.02079e-32 1 3.1186e-16 -3.02079e-32 1 3.1186e-16 -3.02079e-32 1 3.1186e-16 -3.02079e-32 1 3.1186e-16 -3.02079e-32 1 3.1186e-16 -3.02079e-32 1 3.1186e-16 -3.02079e-32 1 3.1186e-16 -3.02079e-32 1 3.1186e-16 -3.02079e-32 1 3.1186e-16 -3.02079e-32 1 3.1186e-16 -3.02079e-32 1 3.1186e-16 -3.02079e-32 1 3.1186e-16 -3.02079e-32 1 3.1186e-16 -3.02079e-32 1 3.1186e-16 -3.02079e-32 1 3.1186e-16 -3.02079e-32 1 3.1186e-16 -3.02079e-32 1 3.1186e-16 -3.02079e-32 1 3.1186e-16 -3.02079e-32 1 3.1186e-16 -3.02079e-32 1 3.1186e-16 -3.02079e-32 1 3.1186e-16 -3.02079e-32 1 3.1186e-16 -3.02079e-32 1 3.1186e-16 -3.02079e-32 1 3.1186e-16 -3.02079e-32 1 3.1186e-16 -3.02079e-32 1 3.1186e-16 -3.02079e-32 1 3.1186e-16 -3.02079e-32 1 3.1186e-16 -3.02079e-32 1 3.1186e-16 -3.02079e-32 1 3.1186e-16 -3.02079e-32 1 3.1186e-16 -3.02079e-32 1 3.1186e-16 -3.02079e-32 1 3.1186e-16 -3.02079e-32 1 3.1186e-16 -3.02079e-32 1 3.1186e-16 -3.02079e-32 1 3.1186e-16 -3.02079e-32 1 3.1186e-16 -3.02079e-32 1 3.1186e-16 -3.02079e-32 1 3.1186e-16 -3.02079e-32 1 3.1186e-16 -3.02079e-32 1 3.1186e-16 -3.02079e-32 1 3.1186e-16 -3.02079e-32 1 3.1186e-16 -3.02079e-32 1 3.1186e-16 -3.02079e-32 1 3.1186e-16 -3.02079e-32 1 3.1186e-16 -3.02079e-32 1 3.1186e-16 -3.02079e-32 1 3.1186e-16 -3.02079e-32 1 3.1186e-16 -3.02079e-32 1 3.1186e-16 -3.02079e-32 1 3.1186e-16 -3.02079e-32 1 3.1186e-16 -3.02079e-32 1 3.1186e-16 -3.02079e-32 1 3.1186e-16 -3.02079e-32 1 3.1186e-16 -3.02079e-32 1 3.1186e-16 -3.02079e-32 1 3.1186e-16 -3.02079e-32 1 3.1186e-16 -3.02079e-32 1 3.1186e-16 -3.02079e-32 1 3.1186e-16 -3.02079e-32 1 3.1186e-16 -3.02079e-32 1 3.1186e-16 -3.02079e-32 1 3.1186e-16 -3.02079e-32 1 3.1186e-16 -3.02079e-32 1 3.1186e-16 -3.02079e-32 1 3.1186e-16 -3.02079e-32 1 3.1186e-16 -3.02079e-32 1 3.1186e-16 -3.02079e-32 1 3.1186e-16 -3.02079e-32 1 3.1186e-16 -3.02079e-32 1 3.1186e-16 -3.02079e-32 1 3.1186e-16 -3.02079e-32 1 3.1186e-16 -3.02079e-32 1 3.1186e-16 -3.02079e-32 1 3.1186e-16 -3.02079e-32 1 3.1186e-16 -3.02079e-32 1 3.1186e-16 -3.02079e-32 1 3.1186e-16 -3.02079e-32 1 3.1186e-16 -3.02079e-32 1 3.1186e-16 -3.02079e-32 1 3.1186e-16 -3.02079e-32 1 3.1186e-16 -3.02079e-32 1 3.1186e-16 -3.02079e-32 1 3.1186e-16 -3.02079e-32 1 3.1186e-16 -3.02079e-32 1 3.1186e-16 -3.02079e-32 1 3.1186e-16 -3.02079e-32 1 3.1186e-16 -3.02079e-32 1 3.1186e-16 -3.02079e-32 1 3.1186e-16 -3.02079e-32 1 3.1186e-16 -3.02079e-32 1 3.1186e-16 -3.02079e-32 1 3.1186e-16 -3.02079e-32 1 3.1186e-16 -3.02079e-32 1 3.1186e-16 -3.02079e-32 1 3.1186e-16 -3.02079e-32 1 3.1186e-16 -3.02079e-32 1 3.1186e-16 -3.02079e-32 1 3.1186e-16 -3.02079e-32 1 3.1186e-16 -3.02079e-32 1 3.1186e-16 -3.02079e-32 1 3.1186e-16 -3.02079e-32 1 3.1186e-16 -3.02079e-32 1 3.1186e-16 -3.02079e-32 1 3.1186e-16 -3.02079e-32 1 3.1186e-16 -3.02079e-32 -3.10795e-16 0.996584 0.0825793 -3.10795e-16 0.996584 0.0825793 -3.10795e-16 0.996584 -0.0825795 -3.02318e-16 0.9694 0.245486 -3.02318e-16 0.9694 0.245486 -2.85593e-16 0.915773 0.401695 -2.85593e-16 0.915773 0.401695 -2.61079e-16 0.837166 0.546948 -2.61079e-16 0.837166 0.546948 -2.29443e-16 0.735724 0.677282 -2.29443e-16 0.735724 0.677282 -1.91549e-16 0.614213 0.789141 -1.91549e-16 0.614213 0.789141 -1.48429e-16 0.475947 0.879474 -1.48429e-16 0.475947 0.879474 -1.01261e-16 0.3247 0.945817 -1.01261e-16 0.3247 0.945817 -5.13305e-17 0.164595 0.986361 -5.13305e-17 0.164595 0.986361 -1.36319e-23 4.37114e-08 1 -1.36319e-23 4.37114e-08 1 -3.10795e-16 0.996584 -0.0825795 -3.02318e-16 0.9694 -0.245486 -3.02318e-16 0.9694 -0.245486 -2.85593e-16 0.915773 -0.401695 -2.85593e-16 0.915773 -0.401695 -2.61079e-16 0.837166 -0.546948 -2.61079e-16 0.837166 -0.546948 -2.29443e-16 0.735724 -0.677281 -2.29443e-16 0.735724 -0.677281 -1.91549e-16 0.614213 -0.789141 -1.91549e-16 0.614213 -0.789141 -1.48429e-16 0.475947 -0.879474 -1.48429e-16 0.475947 -0.879474 -1.01261e-16 0.3247 -0.945817 -1.01261e-16 0.3247 -0.945817 -5.13306e-17 0.164595 -0.986361 -5.13306e-17 0.164595 -0.986361 3.7189e-24 -1.19249e-08 -1 3.7189e-24 -1.19249e-08 -1 1.03893e-16 -0.33314 0.942877 5.27047e-17 -0.169001 0.985616 1.03893e-16 -0.33314 0.942877 -5.45274e-23 1.74846e-07 1 5.27047e-17 -0.169001 0.985616 9.41792e-23 -3.01992e-07 1 1.95917e-16 -0.62822 0.778036 2.34105e-16 -0.750672 0.660675 2.34105e-16 -0.750672 0.660675 1.95917e-16 -0.62822 0.778036 1.52093e-16 -0.487695 0.873014 1.52093e-16 -0.487695 0.873014 3.04861e-16 -0.977555 0.210679 2.89372e-16 -0.927889 0.372856 3.04861e-16 -0.977555 0.210679 2.89372e-16 -0.927889 0.372857 2.65558e-16 -0.851529 0.524307 2.65558e-16 -0.851529 0.524307 2.98191e-16 -0.956167 -0.292823 2.98191e-16 -0.956167 -0.292823 3.09334e-16 -0.9919 -0.127018 3.11579e-16 -0.999099 0.0424415 3.09334e-16 -0.9919 -0.127018 3.11579e-16 -0.999099 0.042441 2.50735e-16 -0.803997 -0.594633 2.15788e-16 -0.691939 -0.721956 2.15788e-16 -0.691939 -0.721956 2.78468e-16 -0.892926 -0.450204 2.78468e-16 -0.892926 -0.450204 2.50735e-16 -0.803997 -0.594633 7.8582e-17 -0.251978 -0.967733 1.28456e-16 -0.411901 -0.911228 7.8582e-17 -0.251978 -0.967733 1.28456e-16 -0.411901 -0.911228 1.74634e-16 -0.559975 -0.82851 1.74634e-16 -0.559975 -0.82851 -7.8582e-17 0.251978 -0.967733 -7.8582e-17 0.251978 -0.967733 -2.64476e-17 0.0848059 -0.996397 2.64476e-17 -0.0848059 -0.996397 -2.64476e-17 0.0848059 -0.996397 2.64476e-17 -0.0848059 -0.996397 -1.74634e-16 0.559975 -0.82851 -2.15788e-16 0.691939 -0.721956 -2.15788e-16 0.691939 -0.721956 -1.28456e-16 0.411901 -0.911228 -1.28456e-16 0.411901 -0.911229 -1.74634e-16 0.559975 -0.82851 -2.98191e-16 0.956167 -0.292823 -2.78468e-16 0.892926 -0.450204 -2.98191e-16 0.956167 -0.292823 -2.78468e-16 0.892926 -0.450204 -2.50735e-16 0.803997 -0.594633 -2.50735e-16 0.803997 -0.594633 -3.04861e-16 0.977555 0.210679 -3.11579e-16 0.999099 0.0424412 -3.11579e-16 0.999099 0.0424412 -3.09334e-16 0.9919 -0.127018 -3.09334e-16 0.9919 -0.127018 -3.04861e-16 0.977555 0.210679 -2.89372e-16 0.927889 0.372857 -2.89372e-16 0.927889 0.372856 -2.65558e-16 0.851529 0.524307 -2.34105e-16 0.750672 0.660675 -2.65558e-16 0.851529 0.524307 -2.34105e-16 0.750672 0.660675 -1.95917e-16 0.62822 0.778036 -1.95917e-16 0.62822 0.778036 -1.52093e-16 0.487695 0.873014 -1.03893e-16 0.33314 0.942877 -1.52093e-16 0.487695 0.873014 -1.03893e-16 0.33314 0.942877 -5.27047e-17 0.169001 0.985616 -5.27047e-17 0.169001 0.985616 1.03893e-16 -0.33314 0.942877 5.27047e-17 -0.169001 0.985616 1.03893e-16 -0.33314 0.942877 -5.45274e-23 1.74846e-07 1 5.27047e-17 -0.169001 0.985616 9.41792e-23 -3.01992e-07 1 1.95917e-16 -0.62822 0.778036 2.34105e-16 -0.750672 0.660675 2.34105e-16 -0.750672 0.660675 1.95917e-16 -0.62822 0.778036 1.52093e-16 -0.487695 0.873014 1.52093e-16 -0.487695 0.873014 3.04861e-16 -0.977555 0.210679 2.89372e-16 -0.927889 0.372856 3.04861e-16 -0.977555 0.210679 2.89372e-16 -0.927889 0.372857 2.65558e-16 -0.851529 0.524307 2.65558e-16 -0.851529 0.524307 2.98191e-16 -0.956167 -0.292823 2.98191e-16 -0.956167 -0.292823 3.09334e-16 -0.9919 -0.127018 3.11579e-16 -0.999099 0.0424415 3.09334e-16 -0.9919 -0.127018 3.11579e-16 -0.999099 0.042441 2.50735e-16 -0.803997 -0.594633 2.15788e-16 -0.691939 -0.721956 2.15788e-16 -0.691939 -0.721956 2.78468e-16 -0.892926 -0.450204 2.78468e-16 -0.892926 -0.450204 2.50735e-16 -0.803997 -0.594633 7.8582e-17 -0.251978 -0.967733 1.28456e-16 -0.411901 -0.911228 7.8582e-17 -0.251978 -0.967733 1.28456e-16 -0.411901 -0.911228 1.74634e-16 -0.559975 -0.82851 1.74634e-16 -0.559975 -0.82851 -7.8582e-17 0.251978 -0.967733 -7.8582e-17 0.251978 -0.967733 -2.64476e-17 0.0848059 -0.996397 2.64476e-17 -0.0848059 -0.996397 -2.64476e-17 0.0848059 -0.996397 2.64476e-17 -0.0848059 -0.996397 -1.74634e-16 0.559975 -0.82851 -2.15788e-16 0.691939 -0.721956 -2.15788e-16 0.691939 -0.721956 -1.28456e-16 0.411901 -0.911228 -1.28456e-16 0.411901 -0.911229 -1.74634e-16 0.559975 -0.82851 -2.98191e-16 0.956167 -0.292823 -2.78468e-16 0.892926 -0.450204 -2.98191e-16 0.956167 -0.292823 -2.78468e-16 0.892926 -0.450204 -2.50735e-16 0.803997 -0.594633 -2.50735e-16 0.803997 -0.594633 -3.04861e-16 0.977555 0.210679 -3.11579e-16 0.999099 0.0424412 -3.11579e-16 0.999099 0.0424412 -3.09334e-16 0.9919 -0.127018 -3.09334e-16 0.9919 -0.127018 -3.04861e-16 0.977555 0.210679 -2.89372e-16 0.927889 0.372857 -2.89372e-16 0.927889 0.372856 -2.65558e-16 0.851529 0.524307 -2.34105e-16 0.750672 0.660675 -2.65558e-16 0.851529 0.524307 -2.34105e-16 0.750672 0.660675 -1.95917e-16 0.62822 0.778036 -1.95917e-16 0.62822 0.778036 -1.52093e-16 0.487695 0.873014 -1.03893e-16 0.33314 0.942877 -1.52093e-16 0.487695 0.873014 -1.03893e-16 0.33314 0.942877 -5.27047e-17 0.169001 0.985616 -5.27047e-17 0.169001 0.985616 1.03893e-16 -0.33314 0.942877 5.27047e-17 -0.169001 0.985616 1.03893e-16 -0.33314 0.942877 -5.45274e-23 1.74846e-07 1 5.27047e-17 -0.169001 0.985616 9.41792e-23 -3.01992e-07 1 1.95917e-16 -0.62822 0.778036 2.34105e-16 -0.750672 0.660675 2.34105e-16 -0.750672 0.660675 1.95917e-16 -0.62822 0.778036 1.52093e-16 -0.487695 0.873014 1.52093e-16 -0.487695 0.873014 3.04861e-16 -0.977555 0.210679 2.89372e-16 -0.927889 0.372856 3.04861e-16 -0.977555 0.210679 2.89372e-16 -0.927889 0.372857 2.65558e-16 -0.851529 0.524307 2.65558e-16 -0.851529 0.524307 2.98191e-16 -0.956167 -0.292823 2.98191e-16 -0.956167 -0.292823 3.09334e-16 -0.9919 -0.127018 3.11579e-16 -0.999099 0.0424415 3.09334e-16 -0.9919 -0.127018 3.11579e-16 -0.999099 0.042441 2.50735e-16 -0.803997 -0.594633 2.15788e-16 -0.691939 -0.721956 2.15788e-16 -0.691939 -0.721956 2.78468e-16 -0.892926 -0.450204 2.78468e-16 -0.892926 -0.450204 2.50735e-16 -0.803997 -0.594633 7.8582e-17 -0.251978 -0.967733 1.28456e-16 -0.411901 -0.911228 7.8582e-17 -0.251978 -0.967733 1.28456e-16 -0.411901 -0.911228 1.74634e-16 -0.559975 -0.82851 1.74634e-16 -0.559975 -0.82851 -7.8582e-17 0.251978 -0.967733 -7.8582e-17 0.251978 -0.967733 -2.64476e-17 0.0848059 -0.996397 2.64476e-17 -0.0848059 -0.996397 -2.64476e-17 0.0848059 -0.996397 2.64476e-17 -0.0848059 -0.996397 -1.74634e-16 0.559975 -0.82851 -2.15788e-16 0.691939 -0.721956 -2.15788e-16 0.691939 -0.721956 -1.28456e-16 0.411901 -0.911228 -1.28456e-16 0.411901 -0.911229 -1.74634e-16 0.559975 -0.82851 -2.98191e-16 0.956167 -0.292823 -2.78468e-16 0.892926 -0.450204 -2.98191e-16 0.956167 -0.292823 -2.78468e-16 0.892926 -0.450204 -2.50735e-16 0.803997 -0.594633 -2.50735e-16 0.803997 -0.594633 -3.04861e-16 0.977555 0.210679 -3.11579e-16 0.999099 0.0424412 -3.11579e-16 0.999099 0.0424412 -3.09334e-16 0.9919 -0.127018 -3.09334e-16 0.9919 -0.127018 -3.04861e-16 0.977555 0.210679 -2.89372e-16 0.927889 0.372857 -2.89372e-16 0.927889 0.372856 -2.65558e-16 0.851529 0.524307 -2.34105e-16 0.750672 0.660675 -2.65558e-16 0.851529 0.524307 -2.34105e-16 0.750672 0.660675 -1.95917e-16 0.62822 0.778036 -1.95917e-16 0.62822 0.778036 -1.52093e-16 0.487695 0.873014 -1.03893e-16 0.33314 0.942877 -1.52093e-16 0.487695 0.873014 -1.03893e-16 0.33314 0.942877 -5.27047e-17 0.169001 0.985616 -5.27047e-17 0.169001 0.985616 9.63702e-17 -0.309017 0.951057 9.63702e-17 -0.309017 0.951057 4.87858e-17 -0.156435 0.987688 2.16854e-23 -6.95355e-08 1 -5.2668e-23 1.68883e-07 1 4.87857e-17 -0.156434 0.987688 1.83307e-16 -0.587785 0.809017 2.20519e-16 -0.707107 0.707107 2.20519e-16 -0.707107 0.707107 1.83307e-16 -0.587785 0.809017 1.41582e-16 -0.453991 0.891007 1.41582e-16 -0.453991 0.891007 2.96597e-16 -0.951057 0.309017 2.96597e-16 -0.951057 0.309017 2.7787e-16 -0.891007 0.45399 2.7787e-16 -0.891007 0.45399 2.523e-16 -0.809017 0.587785 2.523e-16 -0.809017 0.587785 3.08021e-16 -0.987688 0.156435 3.08021e-16 -0.987688 0.156435 3.1186e-16 -1 5.96244e-09 3.1186e-16 -1 5.96244e-09 3.1186e-16 -1 -6.12323e-17 3.1186e-16 -1 -6.12323e-17 3.1186e-16 -1 -6.12323e-17 3.1186e-16 -1 -6.12323e-17 3.08021e-16 -0.987688 -0.156435 3.1186e-16 -1 -5.96244e-09 3.1186e-16 -1 -5.96244e-09 2.523e-16 -0.809017 -0.587785 2.7787e-16 -0.891007 -0.45399 2.7787e-16 -0.891007 -0.45399 2.96597e-16 -0.951057 -0.309017 2.96597e-16 -0.951057 -0.309017 3.08021e-16 -0.987688 -0.156435 1.83307e-16 -0.587785 -0.809017 1.83307e-16 -0.587785 -0.809017 1.41582e-16 -0.453991 -0.891007 2.523e-16 -0.809017 -0.587785 2.20519e-16 -0.707107 -0.707107 2.20519e-16 -0.707107 -0.707107 9.63702e-17 -0.309017 -0.951057 9.63702e-17 -0.309017 -0.951057 4.87858e-17 -0.156435 -0.987688 1.41582e-16 -0.453991 -0.891007 2.16854e-23 -6.95355e-08 -1 4.87857e-17 -0.156434 -0.987688 -5.2668e-23 1.68883e-07 -1 -4.93038e-32 6.12323e-17 -1 -4.93038e-32 6.12323e-17 -1 -4.93038e-32 6.12323e-17 -1 -4.93038e-32 6.12323e-17 -1 3.10795e-16 -0.996584 -0.0825793 3.10795e-16 -0.996584 0.0825795 3.10795e-16 -0.996584 0.0825795 3.02318e-16 -0.9694 0.245486 3.02318e-16 -0.9694 0.245486 2.85593e-16 -0.915773 0.401695 2.85593e-16 -0.915773 0.401695 2.61079e-16 -0.837166 0.546948 2.61079e-16 -0.837166 0.546948 2.29443e-16 -0.735724 0.677281 2.29443e-16 -0.735724 0.677281 1.91549e-16 -0.614213 0.789141 1.91549e-16 -0.614213 0.789141 1.48429e-16 -0.475947 0.879474 1.48429e-16 -0.475947 0.879474 1.01261e-16 -0.3247 0.945817 1.01261e-16 -0.3247 0.945817 5.13306e-17 -0.164595 0.986361 5.13306e-17 -0.164595 0.986361 -3.7189e-24 1.19249e-08 1 -3.7189e-24 1.19249e-08 1 3.10795e-16 -0.996584 -0.0825793 3.02318e-16 -0.9694 -0.245486 3.02318e-16 -0.9694 -0.245486 2.85593e-16 -0.915773 -0.401695 2.85593e-16 -0.915773 -0.401695 2.61079e-16 -0.837166 -0.546948 2.61079e-16 -0.837166 -0.546948 2.29443e-16 -0.735724 -0.677282 2.29443e-16 -0.735724 -0.677282 1.91549e-16 -0.614213 -0.789141 1.91549e-16 -0.614213 -0.789141 1.48429e-16 -0.475947 -0.879474 1.48429e-16 -0.475947 -0.879474 1.01261e-16 -0.3247 -0.945817 1.01261e-16 -0.3247 -0.945817 5.13305e-17 -0.164595 -0.986361 5.13305e-17 -0.164595 -0.986361 1.36319e-23 -4.37114e-08 -1 1.36319e-23 -4.37114e-08 -1 4.93038e-32 -6.12323e-17 1 4.93038e-32 -6.12323e-17 1 4.93038e-32 -6.12323e-17 1 4.93038e-32 -6.12323e-17 1 9.63702e-17 -0.309017 0.951057 9.63702e-17 -0.309017 0.951057 4.87858e-17 -0.156435 0.987688 2.16854e-23 -6.95355e-08 1 -5.2668e-23 1.68883e-07 1 4.87857e-17 -0.156434 0.987688 1.83307e-16 -0.587785 0.809017 2.20519e-16 -0.707107 0.707107 2.20519e-16 -0.707107 0.707107 1.83307e-16 -0.587785 0.809017 1.41582e-16 -0.453991 0.891007 1.41582e-16 -0.453991 0.891007 2.96597e-16 -0.951057 0.309017 2.96597e-16 -0.951057 0.309017 2.7787e-16 -0.891007 0.45399 2.7787e-16 -0.891007 0.45399 2.523e-16 -0.809017 0.587785 2.523e-16 -0.809017 0.587785 3.08021e-16 -0.987688 0.156435 3.08021e-16 -0.987688 0.156435 3.1186e-16 -1 5.96244e-09 3.1186e-16 -1 5.96244e-09 3.1186e-16 -1 -6.12323e-17 3.1186e-16 -1 -6.12323e-17 3.1186e-16 -1 -6.12323e-17 3.1186e-16 -1 -6.12323e-17 3.08021e-16 -0.987688 -0.156435 3.1186e-16 -1 -5.96244e-09 3.1186e-16 -1 -5.96244e-09 2.523e-16 -0.809017 -0.587785 2.7787e-16 -0.891007 -0.45399 2.7787e-16 -0.891007 -0.45399 2.96597e-16 -0.951057 -0.309017 2.96597e-16 -0.951057 -0.309017 3.08021e-16 -0.987688 -0.156435 1.83307e-16 -0.587785 -0.809017 1.83307e-16 -0.587785 -0.809017 1.41582e-16 -0.453991 -0.891007 2.523e-16 -0.809017 -0.587785 2.20519e-16 -0.707107 -0.707107 2.20519e-16 -0.707107 -0.707107 9.63702e-17 -0.309017 -0.951057 9.63702e-17 -0.309017 -0.951057 4.87858e-17 -0.156435 -0.987688 1.41582e-16 -0.453991 -0.891007 2.16854e-23 -6.95355e-08 -1 4.87857e-17 -0.156434 -0.987688 -5.2668e-23 1.68883e-07 -1 -1 -3.1186e-16 3.02079e-32 -1 -3.1186e-16 3.02079e-32 -1 -3.1186e-16 3.02079e-32 -1 -3.1186e-16 3.02079e-32 -1 -3.1186e-16 3.02079e-32 -1 -3.1186e-16 3.02079e-32 -1 -3.1186e-16 3.02079e-32 -1 -3.1186e-16 3.02079e-32 -1 -3.1186e-16 3.02079e-32 -1 -3.1186e-16 3.02079e-32 -1 -3.1186e-16 3.02079e-32 -1 -3.1186e-16 3.02079e-32 -1 -3.1186e-16 3.02079e-32 -1 -3.1186e-16 3.02079e-32 -1 -3.1186e-16 3.02079e-32 -1 -3.1186e-16 3.02079e-32 -1 -3.1186e-16 3.02079e-32 -1 -3.1186e-16 3.02079e-32 -1 -3.1186e-16 3.02079e-32 -1 -3.1186e-16 3.02079e-32 -1 -3.1186e-16 3.02079e-32 -1 -3.1186e-16 3.02079e-32 -1 -3.1186e-16 3.02079e-32 -1 -3.1186e-16 3.02079e-32 -1 -3.1186e-16 3.02079e-32 -1 -3.1186e-16 3.02079e-32 -1 -3.1186e-16 3.02079e-32 -1 -3.1186e-16 3.02079e-32 -1 -3.1186e-16 3.02079e-32 -1 -3.1186e-16 3.02079e-32 -1 -3.1186e-16 3.02079e-32 -1 -3.1186e-16 3.02079e-32 -1 -3.1186e-16 3.02079e-32 -1 -3.1186e-16 3.02079e-32 -1 -3.1186e-16 3.02079e-32 -1 -3.1186e-16 3.02079e-32 -1 -3.1186e-16 3.02079e-32 -1 -3.1186e-16 3.02079e-32 -1 -3.1186e-16 3.02079e-32 -1 -3.1186e-16 3.02079e-32 -1 -3.1186e-16 3.02079e-32 -1 -3.1186e-16 3.02079e-32 -1 -3.1186e-16 3.02079e-32 -1 -3.1186e-16 3.02079e-32 -1 -3.1186e-16 3.02079e-32 -1 -3.1186e-16 3.02079e-32 -1 -3.1186e-16 3.02079e-32 -1 -3.1186e-16 3.02079e-32 -1 -3.1186e-16 3.02079e-32 -1 -3.1186e-16 3.02079e-32 -1 -3.1186e-16 3.02079e-32 -1 -3.1186e-16 3.02079e-32 -1 -3.1186e-16 3.02079e-32 -1 -3.1186e-16 3.02079e-32 -1 -3.1186e-16 3.02079e-32 -1 -3.1186e-16 3.02079e-32 -1 -3.1186e-16 3.02079e-32 -1 -3.1186e-16 3.02079e-32 -1 -3.1186e-16 3.02079e-32 -1 -3.1186e-16 3.02079e-32 -1 -3.1186e-16 3.02079e-32 -1 -3.1186e-16 3.02079e-32 -1 -3.1186e-16 3.02079e-32 -1 -3.1186e-16 3.02079e-32 -1 -3.1186e-16 3.02079e-32 -1 -3.1186e-16 3.02079e-32 -1 -3.1186e-16 3.02079e-32 -1 -3.1186e-16 3.02079e-32 -1 -3.1186e-16 3.02079e-32 -1 -3.1186e-16 3.02079e-32 -1 -3.1186e-16 3.02079e-32 -1 -3.1186e-16 3.02079e-32 -1 -3.1186e-16 3.02079e-32 -1 -3.1186e-16 3.02079e-32 -1 -3.1186e-16 3.02079e-32 -1 -3.1186e-16 3.02079e-32 -1 -3.1186e-16 3.02079e-32 -1 -3.1186e-16 3.02079e-32 -1 -3.1186e-16 3.02079e-32 -1 -3.1186e-16 3.02079e-32 -1 -3.1186e-16 3.02079e-32 -1 -3.1186e-16 3.02079e-32 -1 -3.1186e-16 3.02079e-32 -1 -3.1186e-16 3.02079e-32 -1 -3.1186e-16 3.02079e-32 -1 -3.1186e-16 3.02079e-32 -1 -3.1186e-16 3.02079e-32 -1 -3.1186e-16 3.02079e-32 -1 -3.1186e-16 3.02079e-32 -1 -3.1186e-16 3.02079e-32 -1 -3.1186e-16 3.02079e-32 -1 -3.1186e-16 3.02079e-32 -1 -3.1186e-16 3.02079e-32 -1 -3.1186e-16 3.02079e-32 -1 -3.1186e-16 3.02079e-32 -1 -3.1186e-16 3.02079e-32 -1 -3.1186e-16 3.02079e-32 -1 -3.1186e-16 3.02079e-32 -1 -3.1186e-16 3.02079e-32 -1 -3.1186e-16 3.02079e-32 -1 -3.1186e-16 3.02079e-32 -1 -3.1186e-16 3.02079e-32 -1 -3.1186e-16 3.02079e-32 -1 -3.1186e-16 3.02079e-32 -1 -3.1186e-16 3.02079e-32 -1 -3.1186e-16 3.02079e-32 -1 -3.1186e-16 3.02079e-32 -1 -3.1186e-16 3.02079e-32 -1 -3.1186e-16 3.02079e-32 -1 -3.1186e-16 3.02079e-32 -1 -3.1186e-16 3.02079e-32 -1 -3.1186e-16 3.02079e-32 -1 -3.1186e-16 3.02079e-32 -1 -3.1186e-16 3.02079e-32 -1 -3.1186e-16 3.02079e-32 -1 -3.1186e-16 3.02079e-32 -1 -3.1186e-16 3.02079e-32 -1 -3.1186e-16 3.02079e-32 -1 -3.1186e-16 3.02079e-32 -1 -3.1186e-16 3.02079e-32 -1 -3.1186e-16 3.02079e-32 -1 -3.1186e-16 3.02079e-32 -1 -3.1186e-16 3.02079e-32 -1 -3.1186e-16 3.02079e-32 -1 -3.1186e-16 3.02079e-32 -1 -3.1186e-16 3.02079e-32 -1 -3.1186e-16 3.02079e-32 -1 -3.1186e-16 3.02079e-32 -1 -3.1186e-16 3.02079e-32 -1 -3.1186e-16 3.02079e-32 -1 -3.1186e-16 3.02079e-32 -1 -3.1186e-16 3.02079e-32 -1 -3.1186e-16 3.02079e-32 -1 -3.1186e-16 3.02079e-32 -1 -3.1186e-16 3.02079e-32 -1 -3.1186e-16 3.02079e-32 -1 -3.1186e-16 3.02079e-32 -1 -3.1186e-16 3.02079e-32 -1 -3.1186e-16 3.02079e-32 -1 -3.1186e-16 3.02079e-32 -1 -3.1186e-16 3.02079e-32 -1 -3.1186e-16 3.02079e-32 -1 -3.1186e-16 3.02079e-32 -1 -3.1186e-16 3.02079e-32 -1 -3.1186e-16 3.02079e-32 -1 -3.1186e-16 3.02079e-32 -1 -3.1186e-16 3.02079e-32 -1 -3.1186e-16 3.02079e-32 -1 -3.1186e-16 3.02079e-32 -1 -3.1186e-16 3.02079e-32 -1 -3.1186e-16 3.02079e-32 -1 -3.1186e-16 3.02079e-32 -1 -3.1186e-16 3.02079e-32 -1 -3.1186e-16 3.02079e-32 -1 -3.1186e-16 3.02079e-32 -1 -3.1186e-16 3.02079e-32 -1 -3.1186e-16 3.02079e-32 -1 -3.1186e-16 3.02079e-32 -1 -3.1186e-16 3.02079e-32 -1 -3.1186e-16 3.02079e-32 -1 -3.1186e-16 3.02079e-32 -1 -3.1186e-16 3.02079e-32 -1 -3.1186e-16 3.02079e-32 -1 -3.1186e-16 3.02079e-32 -1 -3.1186e-16 3.02079e-32 -1 -3.1186e-16 3.02079e-32 -1 -3.1186e-16 3.02079e-32 -1 -3.1186e-16 3.02079e-32 -1 -3.1186e-16 3.02079e-32 -1 -3.1186e-16 3.02079e-32 -1 -3.1186e-16 3.02079e-32 -1 -3.1186e-16 3.02079e-32 -1 -3.1186e-16 3.02079e-32 -1 -3.1186e-16 3.02079e-32 -1 -3.1186e-16 3.02079e-32 -1 -3.1186e-16 3.02079e-32 -1 -3.1186e-16 3.02079e-32 -1 -3.1186e-16 3.02079e-32 -1 -3.1186e-16 3.02079e-32 -1 -3.1186e-16 3.02079e-32 -1 -3.1186e-16 3.02079e-32 -1 -3.1186e-16 3.02079e-32 -1 -3.1186e-16 3.02079e-32 -1 -3.1186e-16 3.02079e-32 -1 -3.1186e-16 3.02079e-32 -1 -3.1186e-16 3.02079e-32 -1 -3.1186e-16 3.02079e-32 -1 -3.1186e-16 3.02079e-32 -1 -3.1186e-16 3.02079e-32 -1 -3.1186e-16 3.02079e-32 -1 -3.1186e-16 3.02079e-32 -1 -3.1186e-16 3.02079e-32 -1 -3.1186e-16 3.02079e-32 -1 -3.1186e-16 3.02079e-32 -1 -3.1186e-16 3.02079e-32 -1 -3.1186e-16 3.02079e-32 -1 -3.1186e-16 3.02079e-32 -1 -3.1186e-16 3.02079e-32 -1 -3.1186e-16 3.02079e-32 -1 -3.1186e-16 3.02079e-32 -1 -3.1186e-16 3.02079e-32 -1 -3.1186e-16 3.02079e-32 -1 -3.1186e-16 3.02079e-32 -1 -3.1186e-16 3.02079e-32 -1 -3.1186e-16 3.02079e-32 -1 -3.1186e-16 3.02079e-32 -1 -3.1186e-16 3.02079e-32 -1 -3.1186e-16 3.02079e-32 -1 -3.1186e-16 3.02079e-32 -1 -3.1186e-16 3.02079e-32 -1 -3.1186e-16 3.02079e-32 -1 -3.1186e-16 3.02079e-32 -1 -3.1186e-16 3.02079e-32 -1 -3.1186e-16 3.02079e-32 -1 -3.1186e-16 3.02079e-32 -1 -3.1186e-16 3.02079e-32 -1 -3.1186e-16 3.02079e-32 -1 -3.1186e-16 3.02079e-32 -1 -3.1186e-16 3.02079e-32 -1 -3.1186e-16 3.02079e-32 -1 -3.1186e-16 3.02079e-32 -1 -3.1186e-16 3.02079e-32 -1 -3.1186e-16 3.02079e-32 -1 -3.1186e-16 3.02079e-32 -1 -3.1186e-16 3.02079e-32 -1 -3.1186e-16 3.02079e-32 -1 -3.1186e-16 3.02079e-32 -1 -3.1186e-16 3.02079e-32 -1 -3.1186e-16 3.02079e-32 -1 -3.1186e-16 3.02079e-32 -1 -3.1186e-16 3.02079e-32 -1 -3.1186e-16 3.02079e-32 -1 -3.1186e-16 3.02079e-32 -1 -3.1186e-16 3.02079e-32 -1 -3.1186e-16 3.02079e-32 -1 -3.1186e-16 3.02079e-32 -1 -3.1186e-16 3.02079e-32 -1 -3.1186e-16 3.02079e-32 -4.93038e-32 6.12323e-17 -1 -4.93038e-32 6.12323e-17 -1 -4.93038e-32 6.12323e-17 -1 -4.93038e-32 6.12323e-17 -1 -4.93038e-32 6.12323e-17 -1 -4.93038e-32 6.12323e-17 -1 -4.93038e-32 6.12323e-17 -1 -4.93038e-32 6.12323e-17 -1 -4.93038e-32 6.12323e-17 -1 -4.93038e-32 6.12323e-17 -1 4.93038e-32 -6.12323e-17 1 4.93038e-32 -6.12323e-17 1 4.93038e-32 -6.12323e-17 1 4.93038e-32 -6.12323e-17 1 4.93038e-32 -6.12323e-17 1 4.93038e-32 -6.12323e-17 1 4.93038e-32 -6.12323e-17 1 4.93038e-32 -6.12323e-17 1 4.93038e-32 -6.12323e-17 1 4.93038e-32 -6.12323e-17 1 1 3.1186e-16 -3.02079e-32 1 3.1186e-16 -3.02079e-32 1 3.1186e-16 -3.02079e-32 1 3.1186e-16 -3.02079e-32 1 3.1186e-16 -3.02079e-32 1 3.1186e-16 -3.02079e-32 1 3.1186e-16 -3.02079e-32 1 3.1186e-16 -3.02079e-32 1 3.1186e-16 -3.02079e-32 1 3.1186e-16 -3.02079e-32 1 3.1186e-16 -3.02079e-32 1 3.1186e-16 -3.02079e-32 1 3.1186e-16 -3.02079e-32 1 3.1186e-16 -3.02079e-32 1 3.1186e-16 -3.02079e-32 1 3.1186e-16 -3.02079e-32 1 3.1186e-16 -3.02079e-32 1 3.1186e-16 -3.02079e-32 1 3.1186e-16 -3.02079e-32 1 3.1186e-16 -3.02079e-32 1 3.1186e-16 -3.02079e-32 1 3.1186e-16 -3.02079e-32 1 3.1186e-16 -3.02079e-32 1 3.1186e-16 -3.02079e-32 1 3.1186e-16 -3.02079e-32 1 3.1186e-16 -3.02079e-32 1 3.1186e-16 -3.02079e-32 1 3.1186e-16 -3.02079e-32 1 3.1186e-16 -3.02079e-32 1 3.1186e-16 -3.02079e-32 1 3.1186e-16 -3.02079e-32 1 3.1186e-16 -3.02079e-32 1 3.1186e-16 -3.02079e-32 1 3.1186e-16 -3.02079e-32 1 3.1186e-16 -3.02079e-32 1 3.1186e-16 -3.02079e-32 1 3.1186e-16 -3.02079e-32 1 3.1186e-16 -3.02079e-32 1 3.1186e-16 -3.02079e-32 1 3.1186e-16 -3.02079e-32 1 3.1186e-16 -3.02079e-32 1 3.1186e-16 -3.02079e-32 1 3.1186e-16 -3.02079e-32 1 3.1186e-16 -3.02079e-32 1 3.1186e-16 -3.02079e-32 1 3.1186e-16 -3.02079e-32 1 3.1186e-16 -3.02079e-32 1 3.1186e-16 -3.02079e-32 1 3.1186e-16 -3.02079e-32 1 3.1186e-16 -3.02079e-32 1 3.1186e-16 -3.02079e-32 1 3.1186e-16 -3.02079e-32 1 3.1186e-16 -3.02079e-32 1 3.1186e-16 -3.02079e-32 1 3.1186e-16 -3.02079e-32 1 3.1186e-16 -3.02079e-32 1 3.1186e-16 -3.02079e-32 1 3.1186e-16 -3.02079e-32 1 3.1186e-16 -3.02079e-32 1 3.1186e-16 -3.02079e-32 1 3.1186e-16 -3.02079e-32 1 3.1186e-16 -3.02079e-32 1 3.1186e-16 -3.02079e-32 1 3.1186e-16 -3.02079e-32 1 3.1186e-16 -3.02079e-32 1 3.1186e-16 -3.02079e-32 1 3.1186e-16 -3.02079e-32 1 3.1186e-16 -3.02079e-32 1 3.1186e-16 -3.02079e-32 1 3.1186e-16 -3.02079e-32 1 3.1186e-16 -3.02079e-32 1 3.1186e-16 -3.02079e-32 1 3.1186e-16 -3.02079e-32 1 3.1186e-16 -3.02079e-32 1 3.1186e-16 -3.02079e-32 1 3.1186e-16 -3.02079e-32 1 3.1186e-16 -3.02079e-32 1 3.1186e-16 -3.02079e-32 1 3.1186e-16 -3.02079e-32 1 3.1186e-16 -3.02079e-32 1 3.1186e-16 -3.02079e-32 1 3.1186e-16 -3.02079e-32 1 3.1186e-16 -3.02079e-32 1 3.1186e-16 -3.02079e-32 1 3.1186e-16 -3.02079e-32 1 3.1186e-16 -3.02079e-32 1 3.1186e-16 -3.02079e-32 1 3.1186e-16 -3.02079e-32 1 3.1186e-16 -3.02079e-32 1 3.1186e-16 -3.02079e-32 1 3.1186e-16 -3.02079e-32 1 3.1186e-16 -3.02079e-32 1 3.1186e-16 -3.02079e-32 -0.776873 0.629658 0 -0.65844 0.752633 0 -0.776873 0.629658 0 -0.520814 0.85367 0 -0.65844 0.752633 0 -0.520814 0.85367 0 -0.368006 0.929823 0 -0.368006 0.929823 0 -0.87266 0.488328 0 -0.87266 0.488328 0 -0.943011 0.332763 0 -0.943011 0.332763 0 -0.985872 0.167498 0 -0.985872 0.167498 0 -0 -0 -1 -0 -0 -1 -0 -0 -1 -0 -0 -1 -0 -0 -1 -0 -0 -1 -0 -0 -1 -0 -0 -1 -0 -0 -1 -0 -0 -1 -0 -0 -1 -0 -0 -1 -0 -0 -1 -0 -0 -1 -0 -0 -1 -0 -0 -1 0 0 1 0 0 1 0 0 1 0 0 1 0 0 1 0 0 1 0 0 1 0 0 1 0 0 1 0 0 1 0 0 1 0 0 1 0 0 1 0 0 1 0 0 1 0 0 1 0.776873 -0.629658 0 0.87266 -0.488328 0 0.776873 -0.629658 0 0.87266 -0.488328 0 0.943011 -0.332763 0 0.905897 -0.423498 0 0.94535 -0.326057 0 0.974356 -0.225011 0 0.65844 -0.752633 0 0.709091 -0.705117 0 0.534091 -0.845427 0 0.625537 -0.780194 0 0.520814 -0.85367 0 0.520814 -0.85367 0 0.368006 -0.929823 0 0.368006 -0.929823 0 0.905897 -0.423498 0 0.943011 -0.332763 0 0.94535 -0.326057 0 0.985872 -0.167498 0 0.974356 -0.225011 0 0.985872 -0.167498 0 0.534091 -0.845427 0 0.709091 -0.705117 0 0.625537 -0.780194 0 0.65844 -0.752633 0 -0.776873 0.629658 0 -0.65844 0.752633 0 -0.776873 0.629658 0 -0.520814 0.85367 0 -0.65844 0.752633 0 -0.520814 0.85367 0 -0.368006 0.929823 0 -0.368006 0.929823 0 -0.87266 0.488328 0 -0.87266 0.488328 0 -0.943011 0.332763 0 -0.943011 0.332763 0 -0.985872 0.167498 0 -0.985872 0.167498 0 -0.776873 0.629657 0 -0.776873 0.629657 0 -0.65844 0.752633 0 -0.65844 0.752633 0 -0.520813 0.853671 0 -0.368006 0.929824 0 -0.520813 0.853671 0 -0.368006 0.929824 0 -0.872661 0.488327 0 -0.872661 0.488327 0 -0.943011 0.332763 0 -0.943011 0.332763 0 -0.985872 0.167498 0 -0.985872 0.167498 0 -0 -0 -1 -0 -0 -1 -0 -0 -1 -0 -0 -1 -0 -0 -1 -0 -0 -1 -0 -0 -1 -0 -0 -1 -7.13519e-20 0.000228794 -1 2.64476e-17 -0.0848059 -0.996397 -2.64476e-17 0.0848059 -0.996397 -7.8582e-17 0.251978 -0.967733 -5.13971e-17 0.164808 -0.986326 -1.28456e-16 0.411901 -0.911229 -1.01321e-16 0.324893 -0.945751 -1.48482e-16 0.476117 -0.879382 -1.74634e-16 0.559975 -0.82851 -2.15788e-16 0.691939 -0.721956 -1.91593e-16 0.614355 -0.78903 -2.50735e-16 0.803997 -0.594633 -2.29479e-16 0.735838 -0.677158 -2.61106e-16 0.837252 -0.546817 -2.78468e-16 0.892926 -0.450204 -2.98191e-16 0.956167 -0.292823 -2.85612e-16 0.915831 -0.401563 -3.09334e-16 0.9919 -0.127018 -3.02328e-16 0.969433 -0.245357 -3.10798e-16 0.996594 -0.0824595 -3.11579e-16 0.999099 0.0424412 -3.10792e-16 0.996576 0.0826873 -3.04861e-16 0.977555 0.210679 -3.0231e-16 0.969377 0.245579 -2.85583e-16 0.91574 0.401772 -2.89372e-16 0.927889 0.372856 -2.65558e-16 0.851529 0.524307 -2.61067e-16 0.837127 0.547009 -2.34105e-16 0.750672 0.660675 -2.2943e-16 0.735683 0.677326 -1.91537e-16 0.614175 0.78917 -1.95917e-16 0.62822 0.778036 -1.52093e-16 0.487695 0.873014 -1.48419e-16 0.475916 0.879491 -1.03893e-16 0.33314 0.942877 -1.01254e-16 0.324677 0.945825 -5.13268e-17 0.164583 0.986363 -5.27047e-17 0.169001 0.985616 4.93038e-32 -6.12323e-17 1 4.27717e-27 -1.37149e-11 1 5.12639e-17 -0.164381 -0.986397 7.8582e-17 -0.251978 -0.967733 1.01201e-16 -0.324506 -0.945884 1.48376e-16 -0.475778 -0.879565 1.28456e-16 -0.411901 -0.911228 1.91504e-16 -0.61407 -0.789251 1.74634e-16 -0.559975 -0.82851 2.15788e-16 -0.691939 -0.721956 2.29408e-16 -0.73561 -0.677406 2.61052e-16 -0.837081 -0.547079 2.50735e-16 -0.803997 -0.594633 2.85575e-16 -0.915715 -0.401828 2.78468e-16 -0.892926 -0.450204 2.98191e-16 -0.956167 -0.292823 3.02307e-16 -0.969368 -0.245614 3.10792e-16 -0.996575 -0.0826991 3.09334e-16 -0.9919 -0.127018 3.10798e-16 -0.996593 0.0824715 3.11579e-16 -0.999099 0.0424415 3.04861e-16 -0.977555 0.210679 3.02325e-16 -0.969424 0.245392 2.85604e-16 -0.915807 0.401618 2.89372e-16 -0.927889 0.372856 2.61091e-16 -0.837206 0.546888 2.65558e-16 -0.851529 0.524307 2.34105e-16 -0.750672 0.660675 2.29456e-16 -0.735765 0.677237 1.9156e-16 -0.614251 0.789111 1.95917e-16 -0.62822 0.778036 1.48439e-16 -0.475979 0.879456 1.52093e-16 -0.487695 0.873014 1.03893e-16 -0.33314 0.942877 1.01268e-16 -0.324723 0.945809 5.13342e-17 -0.164606 0.986359 5.27047e-17 -0.169001 0.985616 -3.1186e-16 1 5.96244e-09 -2.20519e-16 0.707107 0.707107 -2.20519e-16 0.707107 0.707107 -3.1186e-16 1 5.96244e-09 -2.16854e-23 6.95355e-08 1 5.2668e-23 -1.68883e-07 1 4.93038e-32 -6.12323e-17 1 4.93038e-32 -6.12323e-17 1 4.93038e-32 -6.12323e-17 1 4.93038e-32 -6.12323e-17 1 1.85945e-24 -5.96244e-09 1 2.20519e-16 -0.707107 0.707107 2.20519e-16 -0.707107 0.707107 1.85945e-24 -5.96244e-09 1 3.1186e-16 -1 6.95355e-08 3.1186e-16 -1 -1.68883e-07 3.1186e-16 -1 -6.12323e-17 3.1186e-16 -1 -6.12323e-17 3.1186e-16 -1 -6.12323e-17 3.1186e-16 -1 -6.12323e-17 3.1186e-16 -1 -5.96244e-09 2.20519e-16 -0.707107 -0.707107 2.20519e-16 -0.707107 -0.707107 3.1186e-16 -1 -5.96244e-09 2.16854e-23 -6.95355e-08 -1 -5.2668e-23 1.68883e-07 -1 -4.93038e-32 6.12323e-17 -1 -4.93038e-32 6.12323e-17 -1 -4.93038e-32 6.12323e-17 -1 -4.93038e-32 6.12323e-17 -1 -1.85945e-24 5.96244e-09 -1 -2.20519e-16 0.707107 -0.707107 -2.20519e-16 0.707107 -0.707107 -1.85945e-24 5.96244e-09 -1 -3.1186e-16 1 -6.95355e-08 -3.1186e-16 1 1.68883e-07 -1.85945e-24 5.96244e-09 -1 -2.20519e-16 0.707107 -0.707107 -2.20519e-16 0.707107 -0.707107 -1.85945e-24 5.96244e-09 -1 -3.1186e-16 1 -6.95355e-08 -3.1186e-16 1 1.68883e-07 -3.1186e-16 1 5.96244e-09 -2.20519e-16 0.707107 0.707107 -2.20519e-16 0.707107 0.707107 -3.1186e-16 1 5.96244e-09 -2.16854e-23 6.95355e-08 1 5.2668e-23 -1.68883e-07 1 4.93038e-32 -6.12323e-17 1 4.93038e-32 -6.12323e-17 1 4.93038e-32 -6.12323e-17 1 4.93038e-32 -6.12323e-17 1 1.85945e-24 -5.96244e-09 1 2.20519e-16 -0.707107 0.707107 2.20519e-16 -0.707107 0.707107 1.85945e-24 -5.96244e-09 1 3.1186e-16 -1 6.95355e-08 3.1186e-16 -1 -1.68883e-07 3.1186e-16 -1 -6.12323e-17 3.1186e-16 -1 -6.12323e-17 3.1186e-16 -1 -6.12323e-17 3.1186e-16 -1 -6.12323e-17 3.1186e-16 -1 -5.96244e-09 2.20519e-16 -0.707107 -0.707107 2.20519e-16 -0.707107 -0.707107 3.1186e-16 -1 -5.96244e-09 2.16854e-23 -6.95355e-08 -1 -5.2668e-23 1.68883e-07 -1 -4.93038e-32 6.12323e-17 -1 -4.93038e-32 6.12323e-17 -1 -4.93038e-32 6.12323e-17 -1 -4.93038e-32 6.12323e-17 -1 0 1 0 0 1 0 0 1 0 0 1 0 0 1 0 0 1 0 0 1 0 0 1 0 0 1 0 0 1 0 0 1 0 0 1 0 0 1 0 0 1 0 0 1 0 0 1 0 0 1 0 0 1 0 0 1 0 0 1 0 0 1 0 0 1 0 0 1 0 0 1 0 0 1 0 0 1 0 0 1 0 0 1 0 0 1 0 0 1 0 0 1 0 0 1 0 0 1 0 0 1 0 0 1 0 0 1 0 0 1 0 0 1 0 0 1 0 0 1 0 0 1 0 0 1 0 0 1 0 0 1 0 0 1 0 0 1 0 0 1 0 0 1 0 0 1 0 0 1 0 0 1 0 0 1 0 0 1 0 0 1 0 0 1 0 0 1 0 0 1 0 0 1 0 0 1 0 0 1 0 0 1 0 0 1 0 0 1 0 0 1 0 0 1 0 0 1 0 0 1 0 0 1 0 0 1 0 0 1 0 0 1 0 0 1 0 0 1 0 0 1 0 0 1 0 0 1 0 0 1 0 0 1 0 0 1 0 0 1 0 0 1 0 0 1 0 0 1 0 0 1 0 0 1 0 0 1 0 0 1 0 0 1 0 0 1 0 0 1 0 0 1 0 0 1 0 0 1 0 0 1 0 0 1 0 0 1 0 0 1 0 0 1 0 0 1 0 0 1 0 0 1 0 0 1 0 0 1 0 0 1 0 0 1 0 0 1 0 0 1 0 0 1 0 0 1 0 0 1 0 0 1 0 0 1 0 0 1 0 0 1 0 0 1 0 0 1 0 0 1 0 0 1 0 0 1 0 0 1 0 0 1 0 0 1 0 0 1 0 0 1 0 0 1 0 0 1 0 0 1 0 0 1 0 0 1 0 0 1 0 0 1 0 0 1 0 0 1 0 0 1 0 0 1 0 0 1 0 0 1 0 0 1 0 0 1 0 0 1 0 0 1 0 0 1 0 0 1 0 0 1 0 0 1 0 0 1 0 0 1 0 0 1 0 0 1 0 0 1 0 0 1 0 0 1 0 0 1 0 0 1 0 0 1 0 0 1 0 0 1 0 0 1 0 0 1 0 0 1 0 0 1 0 0 1 0 0 1 0 0 1 0 0 1 0 0 1 0 0 1 0 0 1 0 0 1 0 0 1 0 0 1 0 0 1 0 0 1 0 0 1 0 0 1 0 0 1 0 0 1 0 0 1 0 0 1 0 0 1 0 0 1 0 0 1 0 0 1 0 0 1 0 0 1 0 0 1 0 0 1 0 0 1 0 0 1 0 0 1 0 0 1 0 0 1 0 0 1 0 0 1 0 0 1 0 0 1 0 0 1 0 0 1 0 0 1 0 0 1 0 0 1 0 0 1 0 0 1 0 0 1 0 0 1 0 0 1 0 0 1 0 0 1 0 0 1 0 0 1 0 0 1 0 0 1 0 0 1 0 0 0 1 0 0 1 0 0 1 0 0 1 0 0 1 0 0 1 0 0 1 0 0 1 3.1186e-16 -1 0 3.1186e-16 -1 0 3.1186e-16 -1 0 3.1186e-16 -1 0 3.1186e-16 -1 0 3.1186e-16 -1 0 3.1186e-16 -1 0 3.1186e-16 -1 0 3.1186e-16 -1 0 3.1186e-16 -1 0 3.1186e-16 -1 0 3.1186e-16 -1 0 3.1186e-16 -1 0 3.1186e-16 -1 0 3.1186e-16 -1 0 3.1186e-16 -1 0 3.1186e-16 -1 0 3.1186e-16 -1 0 3.1186e-16 -1 0 3.1186e-16 -1 0 3.1186e-16 -1 0 3.1186e-16 -1 0 3.1186e-16 -1 0 3.1186e-16 -1 0 3.1186e-16 -1 0 3.1186e-16 -1 0 3.1186e-16 -1 0 3.1186e-16 -1 0 3.1186e-16 -1 0 3.1186e-16 -1 0 3.1186e-16 -1 0 3.1186e-16 -1 0 3.1186e-16 -1 0 3.1186e-16 -1 0 3.1186e-16 -1 0 3.1186e-16 -1 0 3.1186e-16 -1 0 3.1186e-16 -1 0 3.1186e-16 -1 0 3.1186e-16 -1 0 3.1186e-16 -1 0 3.1186e-16 -1 0 3.1186e-16 -1 0 3.1186e-16 -1 0 3.1186e-16 -1 0 3.1186e-16 -1 0 3.1186e-16 -1 0 3.1186e-16 -1 0 3.1186e-16 -1 0 3.1186e-16 -1 0 3.1186e-16 -1 0 3.1186e-16 -1 0 3.1186e-16 -1 0 3.1186e-16 -1 0 3.1186e-16 -1 0 3.1186e-16 -1 0 3.1186e-16 -1 0 3.1186e-16 -1 0 3.1186e-16 -1 0 3.1186e-16 -1 0 3.1186e-16 -1 0 3.1186e-16 -1 0 3.1186e-16 -1 0 3.1186e-16 -1 0 3.1186e-16 -1 0 3.1186e-16 -1 0 3.1186e-16 -1 0 3.1186e-16 -1 0 3.1186e-16 -1 0 3.1186e-16 -1 0 3.1186e-16 -1 0 3.1186e-16 -1 0 3.1186e-16 -1 0 3.1186e-16 -1 0 3.1186e-16 -1 0 3.1186e-16 -1 0 3.1186e-16 -1 0 3.1186e-16 -1 0 3.1186e-16 -1 0 3.1186e-16 -1 0 3.1186e-16 -1 0 3.1186e-16 -1 0 3.1186e-16 -1 0 3.1186e-16 -1 0 3.1186e-16 -1 0 3.1186e-16 -1 0 3.1186e-16 -1 0 3.1186e-16 -1 0 3.1186e-16 -1 0 3.1186e-16 -1 0 3.1186e-16 -1 0 3.1186e-16 -1 0 3.1186e-16 -1 0 3.1186e-16 -1 0 3.1186e-16 -1 0 3.1186e-16 -1 0 3.1186e-16 -1 0 3.1186e-16 -1 0 3.1186e-16 -1 0 3.1186e-16 -1 0 3.1186e-16 -1 0 3.1186e-16 -1 0 3.1186e-16 -1 0 3.1186e-16 -1 0 3.1186e-16 -1 0 3.1186e-16 -1 0 3.1186e-16 -1 0 3.1186e-16 -1 0 3.1186e-16 -1 0 3.1186e-16 -1 0 3.1186e-16 -1 0 3.1186e-16 -1 0 3.1186e-16 -1 0 3.1186e-16 -1 0 3.1186e-16 -1 0 3.1186e-16 -1 0 3.1186e-16 -1 0 3.1186e-16 -1 0 3.1186e-16 -1 0 3.1186e-16 -1 0 3.1186e-16 -1 0 3.1186e-16 -1 0 3.1186e-16 -1 0 3.1186e-16 -1 0 3.1186e-16 -1 0 3.1186e-16 -1 0 3.1186e-16 -1 0 3.1186e-16 -1 0 3.1186e-16 -1 0 3.1186e-16 -1 0 3.1186e-16 -1 0 3.1186e-16 -1 0 3.1186e-16 -1 0 3.1186e-16 -1 0 3.1186e-16 -1 0 3.1186e-16 -1 0 3.1186e-16 -1 0 3.1186e-16 -1 0 3.1186e-16 -1 0 3.1186e-16 -1 0 3.1186e-16 -1 0 3.1186e-16 -1 0 3.1186e-16 -1 0 3.1186e-16 -1 0 3.1186e-16 -1 0 3.1186e-16 -1 0 3.1186e-16 -1 0 3.1186e-16 -1 0 3.1186e-16 -1 0 3.1186e-16 -1 0 3.1186e-16 -1 0 3.1186e-16 -1 0 3.1186e-16 -1 0 3.1186e-16 -1 0 3.1186e-16 -1 0 3.1186e-16 -1 0 3.1186e-16 -1 0 3.1186e-16 -1 0 3.1186e-16 -1 0 3.1186e-16 -1 0 3.1186e-16 -1 0 3.1186e-16 -1 0 3.1186e-16 -1 0 3.1186e-16 -1 0 3.1186e-16 -1 0 3.1186e-16 -1 0 3.1186e-16 -1 0 3.1186e-16 -1 0 3.1186e-16 -1 0 3.1186e-16 -1 0 3.1186e-16 -1 0 3.1186e-16 -1 0 3.1186e-16 -1 0 3.1186e-16 -1 0 3.1186e-16 -1 0 3.1186e-16 -1 0 3.1186e-16 -1 0 3.1186e-16 -1 0 3.1186e-16 -1 0 3.1186e-16 -1 0 3.1186e-16 -1 0 3.1186e-16 -1 0 3.1186e-16 -1 0 3.1186e-16 -1 0 3.1186e-16 -1 0 3.1186e-16 -1 0 3.1186e-16 -1 0 3.1186e-16 -1 0 3.1186e-16 -1 0 3.1186e-16 -1 0 3.1186e-16 -1 0 3.1186e-16 -1 0 3.1186e-16 -1 0 3.1186e-16 -1 0 3.1186e-16 -1 0 3.1186e-16 -1 0 3.1186e-16 -1 0 3.1186e-16 -1 0 3.1186e-16 -1 0 3.1186e-16 -1 0 3.1186e-16 -1 0 3.1186e-16 -1 0 3.1186e-16 -1 0 3.1186e-16 -1 0 3.1186e-16 -1 0 3.1186e-16 -1 0 3.1186e-16 -1 0 3.1186e-16 -1 0 3.1186e-16 -1 0 3.1186e-16 -1 0 3.1186e-16 -1 0 3.1186e-16 -1 0 3.1186e-16 -1 0 3.1186e-16 -1 0 3.1186e-16 -1 0 3.1186e-16 -1 0 3.1186e-16 -1 0 3.1186e-16 -1 0 3.1186e-16 -1 0 3.1186e-16 -1 0 3.1186e-16 -1 0 3.1186e-16 -1 0 3.1186e-16 -1 0 3.1186e-16 -1 0 3.1186e-16 -1 0 3.1186e-16 -1 0 3.1186e-16 -1 0 3.1186e-16 -1 0 3.1186e-16 -1 0 3.1186e-16 -1 0 3.1186e-16 -1 0 3.1186e-16 -1 0 3.1186e-16 -1 0 3.1186e-16 -1 0 3.1186e-16 -1 0 3.1186e-16 -1 0 3.1186e-16 -1 0 3.1186e-16 -1 0 3.1186e-16 -1 0 3.1186e-16 -1 0 3.1186e-16 -1 0 3.1186e-16 -1 0 3.1186e-16 -1 0 3.1186e-16 -1 0 3.1186e-16 -1 0 3.1186e-16 -1 0 3.1186e-16 -1 0 3.1186e-16 -1 0 3.1186e-16 -1 0 3.1186e-16 -1 0 3.1186e-16 -1 0 3.1186e-16 -1 0 3.1186e-16 -1 0 3.1186e-16 -1 0 3.1186e-16 -1 0 3.1186e-16 -1 0 3.1186e-16 -1 0 3.1186e-16 -1 0 3.1186e-16 -1 0 3.1186e-16 -1 0 3.1186e-16 -1 0 3.1186e-16 -1 0 3.1186e-16 -1 0 3.1186e-16 -1 0 3.1186e-16 -1 0 3.1186e-16 -1 0 3.1186e-16 -1 0 3.1186e-16 -1 0 3.1186e-16 -1 0 3.1186e-16 -1 0 3.1186e-16 -1 0 3.1186e-16 -1 0 3.1186e-16 -1 0 3.1186e-16 -1 0 3.1186e-16 -1 0 3.1186e-16 -1 0 3.1186e-16 -1 0 3.1186e-16 -1 0 3.1186e-16 -1 0 3.1186e-16 -1 0 3.1186e-16 -1 0 3.1186e-16 -1 0 3.1186e-16 -1 0 3.1186e-16 -1 0 3.1186e-16 -1 0 3.1186e-16 -1 0 3.1186e-16 -1 0 3.1186e-16 -1 0 3.1186e-16 -1 0 3.1186e-16 -1 0 3.1186e-16 -1 0 3.1186e-16 -1 0 3.1186e-16 -1 0 3.1186e-16 -1 0 3.1186e-16 -1 0 3.1186e-16 -1 0 3.1186e-16 -1 0 3.1186e-16 -1 0 3.1186e-16 -1 0 3.1186e-16 -1 0 3.1186e-16 -1 0 3.1186e-16 -1 0 3.1186e-16 -1 0 3.1186e-16 -1 0 3.1186e-16 -1 0 3.1186e-16 -1 0 3.1186e-16 -1 0 3.1186e-16 -1 0 3.1186e-16 -1 0 3.1186e-16 -1 0 3.1186e-16 -1 0 3.1186e-16 -1 0 3.1186e-16 -1 0 3.1186e-16 -1 0 3.1186e-16 -1 0 3.1186e-16 -1 0 3.1186e-16 -1 0 3.1186e-16 -1 0 3.1186e-16 -1 0 3.1186e-16 -1 0 3.1186e-16 -1 0 3.1186e-16 -1 0 3.1186e-16 -1 0 3.1186e-16 -1 0 3.1186e-16 -1 0 3.1186e-16 -1 0 3.1186e-16 -1 0 3.1186e-16 -1 0 3.1186e-16 -1 0 3.1186e-16 -1 0 3.1186e-16 -1 0 3.1186e-16 -1 0 3.1186e-16 -1 0 3.1186e-16 -1 0 3.1186e-16 -1 0 3.1186e-16 -1 0 3.1186e-16 -1 0 3.1186e-16 -1 0 3.1186e-16 -1 0 3.1186e-16 -1 0 3.1186e-16 -1 0 3.1186e-16 -1 0 3.1186e-16 -1 0 3.1186e-16 -1 0 3.1186e-16 -1 0 3.1186e-16 -1 0 3.1186e-16 -1 0 3.1186e-16 -1 0 3.1186e-16 -1 0 0.996397 3.10737e-16 -0.0848059 0.987029 3.07815e-16 -0.160542 0.967733 3.01798e-16 -0.251978 1 3.1186e-16 -8.04981e-05 -0.942877 -2.94046e-16 0.33314 -0.96166 -2.99904e-16 0.274245 -0.914435 -2.85176e-16 0.404733 0.996397 3.10737e-16 0.0848059 -0.778036 -2.42639e-16 0.62822 -0.83399 -2.60089e-16 0.551779 -0.730231 -2.2773e-16 0.6832 0.911228 2.84176e-16 0.411901 0.954813 2.97768e-16 0.297208 0.967733 3.01798e-16 0.251978 -0.606446 -1.89126e-16 0.795125 -0.46709 -1.45667e-16 0.88421 -0.524307 -1.63511e-16 0.851529 -0.660675 -2.06038e-16 0.750672 -0.210679 -6.57025e-17 0.977555 -0.317604 -9.90481e-17 0.948223 -0.163981 -5.11391e-17 0.986463 -0.372857 -1.16279e-16 0.927889 0.127018 3.96118e-17 0.9919 0.1342 4.18517e-17 0.990954 0.271191 8.45738e-17 0.962525 -0.0118787 -3.7045e-18 0.999929 -0.042441 -1.32357e-17 0.999099 0.292823 9.13199e-17 0.956167 0.397359 1.23921e-16 0.917663 0.450204 1.40401e-16 0.892926 0.852568 2.65882e-16 0.522616 0.82851 2.58379e-16 0.559975 0.721956 2.2515e-16 0.691939 0.614393 1.91605e-16 0.789 0.705236 2.19935e-16 0.708972 0.594633 1.85443e-16 0.803997 0.511816 1.59615e-16 0.859095 0.784535 2.44665e-16 0.620084 0.909387 2.83602e-16 0.415951 -0.873014 -2.72259e-16 0.487695 0.987024 3.07814e-16 0.160575 -0.985616 -3.07375e-16 0.169001 0.954817 2.9777e-16 -0.297193 -0.990369 -3.08857e-16 0.138456 -1 -3.1186e-16 3.01992e-07 -1 -3.1186e-16 -1.74846e-07 0.911228 2.84176e-16 -0.411901 0.852491 2.65858e-16 -0.522742 0.909433 2.83616e-16 -0.41585 0.82851 2.58379e-16 -0.559975 0.784312 2.44596e-16 -0.620367 0.705075 2.19885e-16 -0.709133 0.721956 2.2515e-16 -0.691939 0.594633 1.85443e-16 -0.803997 0.61442 1.91613e-16 -0.788979 0.511833 1.59621e-16 -0.859085 0.450204 1.40401e-16 -0.892926 0.397347 1.23917e-16 -0.917669 0.292823 9.13198e-17 -0.956167 0.127018 3.96118e-17 -0.9919 0.271222 8.45833e-17 -0.962517 0.134183 4.18465e-17 -0.990957 -0.0118909 -3.70831e-18 -0.999929 -0.164023 -5.11522e-17 -0.986457 -0.0424412 -1.32357e-17 -0.999099 -0.210679 -6.57025e-17 -0.977555 -0.317647 -9.90617e-17 -0.948209 -0.467093 -1.45668e-16 -0.884208 -0.372857 -1.16279e-16 -0.927889 -0.606482 -1.89138e-16 -0.795097 -0.524307 -1.63511e-16 -0.851529 -0.660675 -2.06038e-16 -0.750672 -0.730241 -2.27733e-16 -0.68319 -0.834007 -2.60094e-16 -0.551754 -0.778036 -2.42639e-16 -0.62822 -0.914436 -2.85176e-16 -0.404731 -0.873014 -2.72259e-16 -0.487695 -0.942877 -2.94046e-16 -0.33314 -0.961663 -2.99905e-16 -0.274235 -0.990369 -3.08857e-16 -0.138451 -0.985616 -3.07375e-16 -0.169001 0.996397 3.10737e-16 0.0848059 0.993732 3.09906e-16 0.111789 0.998416 3.11367e-16 -0.0562563 0.960963 2.99686e-16 0.276675 0.967733 3.01798e-16 0.251978 0.911228 2.84176e-16 0.411901 0.901037 2.80998e-16 0.433742 0.82851 2.58379e-16 0.559975 0.815646 2.54368e-16 0.578551 0.721956 2.2515e-16 0.691939 0.707204 2.20549e-16 0.70701 0.594633 1.85443e-16 0.803997 0.450204 1.40401e-16 0.892926 0.578775 1.80497e-16 0.815487 0.292823 9.13199e-17 0.956167 0.43399 1.35344e-16 0.900918 0.276939 8.63664e-17 0.960887 0.127018 3.96118e-17 0.9919 -0.042441 -1.32357e-17 0.999099 0.112062 3.49477e-17 0.993701 -0.210679 -6.57025e-17 0.977555 -0.0559824 -1.74587e-17 0.998432 -0.222444 -6.93716e-17 0.974945 -0.372857 -1.16279e-16 0.927889 -0.524307 -1.63511e-16 0.851529 -0.38262 -1.19324e-16 0.923906 -0.660675 -2.06038e-16 0.750672 -0.531982 -1.65904e-16 0.846756 -0.66631 -2.07796e-16 0.745675 -0.778036 -2.42639e-16 0.62822 -0.873014 -2.72259e-16 0.487695 -0.781807 -2.43815e-16 0.62352 -0.942877 -2.94046e-16 0.33314 -0.875209 -2.72943e-16 0.483745 -0.943877 -2.94358e-16 0.330297 -0.985616 -3.07375e-16 0.169001 -1 -3.1186e-16 3.01992e-07 -0.985869 -3.07454e-16 0.167516 -1 -3.1186e-16 -1.74846e-07 0.996397 3.10737e-16 -0.0848059 0.974884 3.04028e-16 -0.222712 0.967733 3.01798e-16 -0.251978 0.923801 2.88097e-16 -0.382874 0.911228 2.84176e-16 -0.411901 0.82851 2.58379e-16 -0.559975 0.84661 2.64024e-16 -0.532214 0.745492 2.32489e-16 -0.666515 0.721956 2.2515e-16 -0.691939 0.623306 1.94384e-16 -0.781978 0.594633 1.85443e-16 -0.803997 0.450204 1.40401e-16 -0.892926 0.483505 1.50786e-16 -0.875342 0.330039 1.02926e-16 -0.943967 0.292823 9.13198e-17 -0.956167 0.167245 5.21572e-17 -0.985915 0.127018 3.96118e-17 -0.9919 -0.0424412 -1.32357e-17 -0.999099 -0.000270919 -8.44889e-20 -1 -0.173888 -5.42289e-17 -0.984765 -0.210679 -6.57025e-17 -0.977555 -0.342221 -1.06725e-16 -0.93962 -0.372857 -1.16279e-16 -0.927889 -0.524307 -1.63511e-16 -0.851529 -0.500158 -1.5598e-16 -0.865934 -0.642904 -2.00496e-16 -0.765946 -0.660675 -2.06038e-16 -0.750672 -0.766123 -2.38923e-16 -0.642694 -0.778036 -2.42639e-16 -0.62822 -0.873014 -2.72259e-16 -0.487695 -0.866071 -2.70093e-16 -0.499921 -0.939713 -2.93059e-16 -0.341963 -0.942877 -2.94046e-16 -0.33314 -0.984813 -3.07124e-16 -0.173618 -0.985616 -3.07375e-16 -0.169001 0.714563 2.22844e-16 0.699571 0.721956 2.2515e-16 0.691939 0.594633 1.85443e-16 0.803997 -0.065335 -2.03754e-17 -0.997863 -0.210679 -6.57025e-17 -0.977555 -0.0424412 -1.32357e-17 -0.999099 -0.784066 -2.44519e-16 -0.620678 -0.875987 -2.73186e-16 -0.482334 -0.873014 -2.72259e-16 -0.487695 0.450204 1.40401e-16 0.892926 0.584113 1.82162e-16 0.811672 -0.778036 -2.42639e-16 -0.62822 0.292823 9.13199e-17 0.956167 0.436383 1.36091e-16 0.899761 0.275743 8.59932e-17 0.961232 0.127018 3.96118e-17 0.9919 -0.042441 -1.32357e-17 0.999099 0.106945 3.33518e-17 0.994265 -0.210679 -6.57025e-17 0.977555 -0.0649962 -2.02697e-17 0.997886 -0.231122 -7.20778e-17 0.972925 -0.372857 -1.16279e-16 0.927889 -0.524307 -1.63511e-16 0.851529 -0.390423 -1.21757e-16 0.920636 -0.660675 -2.06038e-16 0.750672 -0.538163 -1.67832e-16 0.842841 -0.670449 -2.09087e-16 0.741955 -0.778036 -2.42639e-16 0.62822 -0.784043 -2.44512e-16 0.620706 -0.873014 -2.72259e-16 0.487695 -0.942877 -2.94046e-16 0.33314 -0.876087 -2.73217e-16 0.482154 -1 -3.1186e-16 3.01992e-07 -1 -3.1186e-16 -1.74846e-07 -0.985881 -3.07457e-16 0.167449 -0.944073 -2.94419e-16 0.329736 -0.985616 -3.07375e-16 0.169001 0.823874 2.56934e-16 0.566773 0.908811 2.83422e-16 0.417209 0.82851 2.58379e-16 0.559975 0.911228 2.84176e-16 0.411901 0.966862 3.01526e-16 0.255301 0.996309 3.10709e-16 0.0858409 0.967733 3.01798e-16 0.251978 0.996397 3.10737e-16 -0.0848059 0.996397 3.10737e-16 0.0848059 0.967733 3.01798e-16 -0.251978 0.996281 3.10701e-16 -0.0861588 0.96678 3.015e-16 -0.255609 0.911228 2.84176e-16 -0.411901 0.908678 2.83381e-16 -0.417498 0.82851 2.58379e-16 -0.559975 0.721956 2.2515e-16 -0.691939 0.823693 2.56877e-16 -0.567036 0.71434 2.22774e-16 -0.699799 0.594633 1.85443e-16 -0.803997 0.583854 1.82081e-16 -0.811858 0.450204 1.40401e-16 -0.892926 0.292823 9.13198e-17 -0.956167 0.436096 1.36001e-16 -0.8999 0.275436 8.58976e-17 -0.961319 0.127018 3.96118e-17 -0.9919 0.106628 3.32529e-17 -0.994299 -0.390665 -1.21833e-16 -0.920533 -0.372857 -1.16279e-16 -0.927889 -0.231465 -7.21847e-17 -0.972843 -0.670427 -2.0908e-16 -0.741975 -0.538284 -1.6787e-16 -0.842763 -0.660675 -2.06038e-16 -0.750672 -0.524307 -1.63511e-16 -0.851529 -0.944095 -2.94426e-16 -0.329673 -0.985616 -3.07375e-16 -0.169001 -0.942877 -2.94046e-16 -0.33314 -0.985864 -3.07452e-16 -0.16755 0.996397 3.10737e-16 -0.0848059 0.996397 3.10737e-16 0.0848059 1 3.1186e-16 -9.8141e-05 0.967733 3.01798e-16 0.251978 0.985105 3.07215e-16 0.171953 0.940937 2.93441e-16 0.338582 0.911228 2.84176e-16 0.411901 0.82851 2.58379e-16 0.559975 0.869062 2.71026e-16 0.494703 0.721956 2.2515e-16 0.691939 0.771748 2.40678e-16 0.635929 0.651767 2.0326e-16 0.758419 -0.433789 -1.35281e-16 0.901015 -0.524307 -1.63511e-16 0.851529 -0.572042 -1.78397e-16 0.820224 0.594633 1.85443e-16 0.803997 0.512355 1.59783e-16 0.858774 -0.284412 -8.86968e-17 0.958702 -0.127743 -3.98379e-17 0.991807 -0.210679 -6.57025e-17 0.977555 -0.372857 -1.16279e-16 0.927889 -0.042441 -1.32357e-17 0.999099 0.0322019 1.00425e-17 0.999481 0.127018 3.96118e-17 0.9919 0.191321 5.96656e-17 0.981527 0.292823 9.13199e-17 0.956167 0.357342 1.11441e-16 0.933974 0.450204 1.40401e-16 0.892926 -0.660675 -2.06038e-16 0.750672 -0.695628 -2.16939e-16 0.718402 -0.778036 -2.42639e-16 0.62822 -0.873014 -2.72259e-16 0.487695 -0.801377 -2.49918e-16 0.598159 -0.942877 -2.94046e-16 0.33314 -0.886578 -2.76489e-16 0.462578 -0.949046 -2.9597e-16 0.315137 -0.985616 -3.07375e-16 0.169001 -1 -3.1186e-16 3.01992e-07 -0.987179 -3.07862e-16 0.159614 -1 -3.1186e-16 -1.74846e-07 0.985067 3.07203e-16 -0.17217 0.967733 3.01798e-16 -0.251978 0.940884 2.93424e-16 -0.33873 0.868982 2.71001e-16 -0.494844 0.911228 2.84176e-16 -0.411901 0.771671 2.40654e-16 -0.636021 0.82851 2.58379e-16 -0.559975 0.721956 2.2515e-16 -0.691939 0.651645 2.03222e-16 -0.758524 0.512237 1.59746e-16 -0.858844 0.594633 1.85443e-16 -0.803997 0.357139 1.11377e-16 -0.934051 0.450204 1.40401e-16 -0.892926 0.292823 9.13198e-17 -0.956167 0.191131 5.96063e-17 -0.981564 0.0320502 9.99518e-18 -0.999486 0.127018 3.96118e-17 -0.9919 -0.127878 -3.98802e-17 -0.99179 -0.0424412 -1.32357e-17 -0.999099 -0.210679 -6.57025e-17 -0.977555 -0.284529 -8.87332e-17 -0.958668 -0.433885 -1.35311e-16 -0.900968 -0.372857 -1.16279e-16 -0.927889 -0.572117 -1.78421e-16 -0.820172 -0.524307 -1.63511e-16 -0.851529 -0.660675 -2.06038e-16 -0.750672 -0.695683 -2.16956e-16 -0.718349 -0.801414 -2.49929e-16 -0.59811 -0.778036 -2.42639e-16 -0.62822 -0.886599 -2.76495e-16 -0.462538 -0.873014 -2.72259e-16 -0.487695 -0.942877 -2.94046e-16 -0.33314 -0.949056 -2.95973e-16 -0.315108 -0.987182 -3.07863e-16 -0.1596 -0.985616 -3.07375e-16 -0.169001 0.164039 5.11573e-17 0.986454 0.292823 9.13199e-17 0.956167 0.127018 3.96118e-17 0.9919 0.911228 2.84176e-16 -0.411901 0.967733 3.01798e-16 -0.251978 0.914448 2.8518e-16 -0.404704 -0.042441 -1.32357e-17 0.999099 0.0119087 3.71386e-18 0.999929 -0.13417 -4.18423e-17 0.990958 -0.271212 -8.45804e-17 0.96252 -0.210679 -6.57025e-17 0.977555 -0.372857 -1.16279e-16 0.927889 -0.397335 -1.23913e-16 0.917674 -0.524307 -1.63511e-16 0.851529 -0.511823 -1.59617e-16 0.859091 -0.660675 -2.06038e-16 0.750672 -0.614411 -1.9161e-16 0.788986 -0.705067 -2.19883e-16 0.70914 -0.778036 -2.42639e-16 0.62822 -0.852482 -2.65855e-16 0.522757 -0.873014 -2.72259e-16 0.487695 -0.784303 -2.44593e-16 0.620378 -0.954817 -2.9777e-16 0.297195 -0.942877 -2.94046e-16 0.33314 -0.985616 -3.07375e-16 0.169001 -0.90943 -2.83615e-16 0.415856 -1 -3.1186e-16 3.01992e-07 -0.987033 -3.07817e-16 0.160515 -1 -3.1186e-16 -1.74846e-07 0.317672 9.90693e-17 0.948201 0.467114 1.45674e-16 0.884197 0.450204 1.40401e-16 0.892926 0.594633 1.85443e-16 0.803997 0.606504 1.89144e-16 0.795081 0.730251 2.27736e-16 0.683179 0.721956 2.2515e-16 0.691939 0.834021 2.60098e-16 0.551732 0.82851 2.58379e-16 0.559975 0.911228 2.84176e-16 0.411901 0.914445 2.85179e-16 0.404711 0.968911 3.02165e-16 0.24741 0.967733 3.01798e-16 0.251978 0.996529 3.10778e-16 0.0832443 0.996397 3.10737e-16 0.0848059 0.996397 3.10737e-16 -0.0848059 0.996531 3.10778e-16 -0.083228 0.968915 3.02166e-16 -0.247394 0.721956 2.2515e-16 -0.691939 0.730244 2.27734e-16 -0.683187 0.606319 1.89087e-16 -0.795222 0.833992 2.60089e-16 -0.551777 0.82851 2.58379e-16 -0.559975 0.163797 5.10818e-17 -0.986494 0.292823 9.13198e-17 -0.956167 0.317307 9.89554e-17 -0.948323 0.466941 1.45621e-16 -0.884288 0.450204 1.40401e-16 -0.892926 0.594633 1.85443e-16 -0.803997 -0.524307 -1.63511e-16 -0.851529 -0.372857 -1.16279e-16 -0.927889 -0.39755 -1.2398e-16 -0.917581 -0.0424412 -1.32357e-17 -0.999099 0.0116669 3.63845e-18 -0.999932 -0.134169 -4.1842e-17 -0.990958 -0.85268 -2.65917e-16 -0.522433 -0.778036 -2.42639e-16 -0.62822 -0.784558 -2.44673e-16 -0.620055 -0.660675 -2.06038e-16 -0.750672 -0.705426 -2.19994e-16 -0.708784 -0.873014 -2.72259e-16 -0.487695 -0.909459 -2.83624e-16 -0.415793 -0.95495 -2.97811e-16 -0.296768 -0.942877 -2.94046e-16 -0.33314 -0.987062 -3.07826e-16 -0.160337 -0.985616 -3.07375e-16 -0.169001 -0.614458 -1.91625e-16 -0.788949 -0.51174 -1.59592e-16 -0.85914 -0.271271 -8.45986e-17 -0.962503 -0.210679 -6.57025e-17 -0.977555 0.127018 3.96118e-17 -0.9919 0.707107 2.20519e-16 0.707107 0.721956 2.2515e-16 0.691939 0.594633 1.85443e-16 0.803997 -0.0424412 -1.32357e-17 -0.999099 0.127018 3.96118e-17 -0.9919 4.37114e-08 1.36319e-23 -1 0.450204 1.40401e-16 0.892926 0.578671 1.80465e-16 0.815561 0.292823 9.13199e-17 0.956167 0.433884 1.35311e-16 0.900969 0.276836 8.63341e-17 0.960917 0.127018 3.96118e-17 0.9919 -0.042441 -1.32357e-17 0.999099 0.111965 3.49173e-17 0.993712 -0.210679 -6.57025e-17 0.977555 -0.0560705 -1.74862e-17 0.998427 -0.222521 -6.93955e-17 0.974928 -0.372857 -1.16279e-16 0.927889 -0.524307 -1.63511e-16 0.851529 -0.382684 -1.19344e-16 0.923879 -0.660675 -2.06038e-16 0.750672 -0.532032 -1.6592e-16 0.846724 -0.666346 -2.07807e-16 0.745642 -0.778036 -2.42639e-16 0.62822 -0.873014 -2.72259e-16 0.487695 -0.781831 -2.43822e-16 0.62349 -0.942877 -2.94046e-16 0.33314 -0.875223 -2.72948e-16 0.483719 -0.943883 -2.9436e-16 0.330279 -0.985616 -3.07375e-16 0.169001 -1 -3.1186e-16 3.01992e-07 -0.985871 -3.07454e-16 0.167506 -1 -3.1186e-16 -1.74846e-07 0.815561 2.54341e-16 0.578671 0.900969 2.80976e-16 0.433884 0.82851 2.58379e-16 0.559975 0.911228 2.84176e-16 0.411901 0.960917 2.99672e-16 0.276835 0.993712 3.09899e-16 0.111964 0.967733 3.01798e-16 0.251978 0.998427 3.1137e-16 -0.0560704 0.996397 3.10737e-16 0.0848059 0.996397 3.10737e-16 -0.0848059 0.974928 3.04041e-16 -0.222521 0.92388 2.88121e-16 -0.382683 0.967733 3.01798e-16 -0.251978 0.846724 2.6406e-16 -0.532032 0.911228 2.84176e-16 -0.411901 0.82851 2.58379e-16 -0.559975 0.745642 2.32536e-16 -0.666347 0.62349 1.94442e-16 -0.781832 0.721956 2.2515e-16 -0.691939 0.483719 1.50853e-16 -0.875223 0.594633 1.85443e-16 -0.803997 0.450204 1.40401e-16 -0.892926 0.330279 1.03001e-16 -0.943883 0.167506 5.22385e-17 -0.985871 0.292823 9.13198e-17 -0.956167 -0.372857 -1.16279e-16 -0.927889 -0.34202 -1.06663e-16 -0.939693 -0.5 -1.5593e-16 -0.866025 -0.173648 -5.4154e-17 -0.984808 -0.210679 -6.57025e-17 -0.977555 -0.866025 -2.70079e-16 -0.5 -0.778036 -2.42639e-16 -0.62822 -0.766044 -2.38899e-16 -0.642788 -0.642788 -2.0046e-16 -0.766044 -0.660675 -2.06038e-16 -0.750672 -0.524307 -1.63511e-16 -0.851529 -0.984808 -3.07123e-16 -0.173648 -0.942877 -2.94046e-16 -0.33314 -0.939693 -2.93053e-16 -0.34202 -0.873014 -2.72259e-16 -0.487695 -0.985616 -3.07375e-16 -0.169001 0.996397 3.10737e-16 0.0848059 0.993732 3.09906e-16 0.111789 0.998416 3.11367e-16 -0.0562563 0.960963 2.99686e-16 0.276675 0.967733 3.01798e-16 0.251978 0.911228 2.84176e-16 0.411901 0.901037 2.80998e-16 0.433742 0.82851 2.58379e-16 0.559975 0.815646 2.54368e-16 0.578551 0.721956 2.2515e-16 0.691939 0.707204 2.20549e-16 0.70701 0.594633 1.85443e-16 0.803997 0.450204 1.40401e-16 0.892926 0.578775 1.80497e-16 0.815487 0.292823 9.13199e-17 0.956167 0.43399 1.35344e-16 0.900918 0.276939 8.63664e-17 0.960887 0.127018 3.96118e-17 0.9919 -0.042441 -1.32357e-17 0.999099 0.112062 3.49477e-17 0.993701 -0.210679 -6.57025e-17 0.977555 -0.0559824 -1.74587e-17 0.998432 -0.222444 -6.93716e-17 0.974945 -0.372857 -1.16279e-16 0.927889 -0.524307 -1.63511e-16 0.851529 -0.38262 -1.19324e-16 0.923906 -0.660675 -2.06038e-16 0.750672 -0.531982 -1.65904e-16 0.846756 -0.66631 -2.07796e-16 0.745675 -0.778036 -2.42639e-16 0.62822 -0.873014 -2.72259e-16 0.487695 -0.781807 -2.43815e-16 0.62352 -0.942877 -2.94046e-16 0.33314 -0.875209 -2.72943e-16 0.483745 -0.943877 -2.94358e-16 0.330297 -0.985616 -3.07375e-16 0.169001 -1 -3.1186e-16 3.01992e-07 -0.985869 -3.07454e-16 0.167516 -1 -3.1186e-16 -1.74846e-07 0.996397 3.10737e-16 -0.0848059 0.974884 3.04028e-16 -0.222712 0.967733 3.01798e-16 -0.251978 0.923801 2.88097e-16 -0.382874 0.911228 2.84176e-16 -0.411901 0.82851 2.58379e-16 -0.559975 0.84661 2.64024e-16 -0.532214 0.745492 2.32489e-16 -0.666515 0.721956 2.2515e-16 -0.691939 0.623306 1.94384e-16 -0.781978 0.594633 1.85443e-16 -0.803997 0.450204 1.40401e-16 -0.892926 0.483505 1.50786e-16 -0.875342 0.330039 1.02926e-16 -0.943967 0.292823 9.13198e-17 -0.956167 0.167245 5.21572e-17 -0.985915 0.127018 3.96118e-17 -0.9919 -0.0424412 -1.32357e-17 -0.999099 -0.000270919 -8.44889e-20 -1 -0.173888 -5.42289e-17 -0.984765 -0.210679 -6.57025e-17 -0.977555 -0.342221 -1.06725e-16 -0.93962 -0.372857 -1.16279e-16 -0.927889 -0.524307 -1.63511e-16 -0.851529 -0.500158 -1.5598e-16 -0.865934 -0.642904 -2.00496e-16 -0.765946 -0.660675 -2.06038e-16 -0.750672 -0.766123 -2.38923e-16 -0.642694 -0.778036 -2.42639e-16 -0.62822 -0.873014 -2.72259e-16 -0.487695 -0.866071 -2.70093e-16 -0.499921 -0.939713 -2.93059e-16 -0.341963 -0.942877 -2.94046e-16 -0.33314 -0.984813 -3.07124e-16 -0.173618 -0.985616 -3.07375e-16 -0.169001 0.654512 2.04116e-16 -0.756052 0.65161 2.03211e-16 -0.758554 0.516191 1.6098e-16 -0.856474 0.512206 1.59737e-16 -0.858863 0.362789 1.13139e-16 -0.931871 0.198787 6.19937e-17 -0.980043 0.357078 1.11359e-16 -0.934074 0.191073 5.95882e-17 -0.981576 0.0289772 9.03685e-18 -0.99958 0.0216728 6.75888e-18 -0.999765 -0.141679 -4.41841e-17 -0.989913 -0.308196 -9.61142e-17 -0.951323 -0.148392 -4.62776e-17 -0.988929 -0.314148 -9.79704e-17 -0.949374 -0.465709 -1.45236e-16 -0.884938 -0.470781 -1.46818e-16 -0.88225 -0.609614 -1.90115e-16 -0.792698 -0.735709 -2.29438e-16 -0.677298 -0.613743 -1.91402e-16 -0.789506 -0.738882 -2.30428e-16 -0.673835 -0.840308 -2.62059e-16 -0.542109 -0.842564 -2.62762e-16 -0.538596 -0.920356 -2.87023e-16 -0.391081 -0.973514 -3.036e-16 -0.228627 -0.921779 -2.87466e-16 -0.387716 -0.974225 -3.03822e-16 -0.225578 -0.998229 -3.11308e-16 -0.0594937 -0.998381 -3.11355e-16 -0.0568885 -0.993778 -3.0992e-16 0.111378 -0.960292 -2.99477e-16 0.278996 -0.993543 -3.09847e-16 0.113453 -0.959854 -2.99341e-16 0.2805 -0.898749 -2.80284e-16 0.438463 -0.898291 -2.80141e-16 0.439401 -0.810948 -2.52902e-16 0.585119 -0.699453 -2.18132e-16 0.714679 -0.810642 -2.52807e-16 0.585542 -0.699453 -2.18132e-16 0.714679 0.771652 2.40648e-16 -0.636045 0.773709 2.41289e-16 -0.633541 0.868963 2.70995e-16 -0.494877 0.870301 2.71413e-16 -0.49252 0.940875 2.93422e-16 -0.338755 0.985062 3.07202e-16 -0.172202 0.941466 2.93606e-16 -0.337108 0.985124 3.07221e-16 -0.171848 0.999999 3.1186e-16 -0.00156616 0.985657 3.07387e-16 0.168761 1 3.1186e-16 -0.000120394 0.985109 3.07217e-16 0.171929 0.942517 2.93934e-16 0.334157 0.940942 2.93443e-16 0.338567 0.87184 2.71892e-16 0.489791 0.869069 2.71028e-16 0.49469 0.771755 2.4068e-16 0.63592 0.77569 2.41907e-16 0.631114 0.656877 2.04854e-16 0.753998 0.651774 2.03262e-16 0.758413 0.518871 1.61815e-16 0.854852 0.512361 1.59785e-16 0.85877 0.357345 1.11442e-16 0.933972 0.365706 1.14049e-16 0.93073 0.201856 6.29509e-17 0.979415 0.191321 5.96655e-17 0.981528 0.0321083 1.00133e-17 0.999484 0.0235162 7.33378e-18 0.999723 -0.144959 -4.5207e-17 0.989438 -0.138577 -4.32168e-17 0.990352 -0.305214 -9.51843e-17 0.952284 -0.309304 -9.64598e-17 0.950963 -0.462934 -1.44371e-16 0.886393 -0.464838 -1.44965e-16 0.885396 -0.607128 -1.89339e-16 0.794604 -0.607128 -1.89339e-16 0.794604 -0.590789 -1.84244e-16 0.806826 -0.713889 -2.22634e-16 0.700259 -0.713889 -2.22634e-16 0.700259 -0.590789 -1.84244e-16 0.806826 0.714563 2.22844e-16 0.699571 0.721956 2.2515e-16 0.691939 0.594633 1.85443e-16 0.803997 -0.065335 -2.03754e-17 -0.997863 -0.210679 -6.57025e-17 -0.977555 -0.0424412 -1.32357e-17 -0.999099 -0.784066 -2.44519e-16 -0.620678 -0.875987 -2.73186e-16 -0.482334 -0.873014 -2.72259e-16 -0.487695 0.450204 1.40401e-16 0.892926 0.584113 1.82162e-16 0.811672 -0.778036 -2.42639e-16 -0.62822 0.292823 9.13199e-17 0.956167 0.436383 1.36091e-16 0.899761 0.275743 8.59932e-17 0.961232 0.127018 3.96118e-17 0.9919 -0.042441 -1.32357e-17 0.999099 0.106945 3.33518e-17 0.994265 -0.210679 -6.57025e-17 0.977555 -0.0649962 -2.02697e-17 0.997886 -0.231122 -7.20778e-17 0.972925 -0.372857 -1.16279e-16 0.927889 -0.524307 -1.63511e-16 0.851529 -0.390423 -1.21757e-16 0.920636 -0.660675 -2.06038e-16 0.750672 -0.538163 -1.67832e-16 0.842841 -0.670449 -2.09087e-16 0.741955 -0.778036 -2.42639e-16 0.62822 -0.784043 -2.44512e-16 0.620706 -0.873014 -2.72259e-16 0.487695 -0.942877 -2.94046e-16 0.33314 -0.876087 -2.73217e-16 0.482154 -1 -3.1186e-16 3.01992e-07 -1 -3.1186e-16 -1.74846e-07 -0.985881 -3.07457e-16 0.167449 -0.944073 -2.94419e-16 0.329736 -0.985616 -3.07375e-16 0.169001 0.823874 2.56934e-16 0.566773 0.908811 2.83422e-16 0.417209 0.82851 2.58379e-16 0.559975 0.911228 2.84176e-16 0.411901 0.966862 3.01526e-16 0.255301 0.996309 3.10709e-16 0.0858409 0.967733 3.01798e-16 0.251978 0.996397 3.10737e-16 -0.0848059 0.996397 3.10737e-16 0.0848059 0.967733 3.01798e-16 -0.251978 0.996281 3.10701e-16 -0.0861588 0.96678 3.015e-16 -0.255609 0.911228 2.84176e-16 -0.411901 0.908678 2.83381e-16 -0.417498 0.82851 2.58379e-16 -0.559975 0.721956 2.2515e-16 -0.691939 0.823693 2.56877e-16 -0.567036 0.71434 2.22774e-16 -0.699799 0.594633 1.85443e-16 -0.803997 0.583854 1.82081e-16 -0.811858 0.450204 1.40401e-16 -0.892926 0.292823 9.13198e-17 -0.956167 0.436096 1.36001e-16 -0.8999 0.275436 8.58976e-17 -0.961319 0.127018 3.96118e-17 -0.9919 0.106628 3.32529e-17 -0.994299 -0.390665 -1.21833e-16 -0.920533 -0.372857 -1.16279e-16 -0.927889 -0.231465 -7.21847e-17 -0.972843 -0.670427 -2.0908e-16 -0.741975 -0.538284 -1.6787e-16 -0.842763 -0.660675 -2.06038e-16 -0.750672 -0.524307 -1.63511e-16 -0.851529 -0.944095 -2.94426e-16 -0.329673 -0.985616 -3.07375e-16 -0.169001 -0.942877 -2.94046e-16 -0.33314 -0.985864 -3.07452e-16 -0.16755 1.03893e-16 -0.33314 0.942877 5.27047e-17 -0.169001 0.985616 1.03893e-16 -0.33314 0.942877 -5.45274e-23 1.74846e-07 1 5.27047e-17 -0.169001 0.985616 9.41792e-23 -3.01992e-07 1 1.95917e-16 -0.62822 0.778036 2.34105e-16 -0.750672 0.660675 2.34105e-16 -0.750672 0.660675 1.95917e-16 -0.62822 0.778036 1.52093e-16 -0.487695 0.873014 1.52093e-16 -0.487695 0.873014 3.04861e-16 -0.977555 0.210679 2.89372e-16 -0.927889 0.372856 3.04861e-16 -0.977555 0.210679 2.89372e-16 -0.927889 0.372857 2.65558e-16 -0.851529 0.524307 2.65558e-16 -0.851529 0.524307 2.98191e-16 -0.956167 -0.292823 2.98191e-16 -0.956167 -0.292823 3.09334e-16 -0.9919 -0.127018 3.11579e-16 -0.999099 0.0424415 3.09334e-16 -0.9919 -0.127018 3.11579e-16 -0.999099 0.042441 2.50735e-16 -0.803997 -0.594633 2.15788e-16 -0.691939 -0.721956 2.15788e-16 -0.691939 -0.721956 2.78468e-16 -0.892926 -0.450204 2.78468e-16 -0.892926 -0.450204 2.50735e-16 -0.803997 -0.594633 7.8582e-17 -0.251978 -0.967733 1.28456e-16 -0.411901 -0.911228 7.8582e-17 -0.251978 -0.967733 1.28456e-16 -0.411901 -0.911228 1.74634e-16 -0.559975 -0.82851 1.74634e-16 -0.559975 -0.82851 -7.8582e-17 0.251978 -0.967733 -7.8582e-17 0.251978 -0.967733 -2.64476e-17 0.0848059 -0.996397 2.64476e-17 -0.0848059 -0.996397 -2.64476e-17 0.0848059 -0.996397 2.64476e-17 -0.0848059 -0.996397 -1.74634e-16 0.559975 -0.82851 -2.15788e-16 0.691939 -0.721956 -2.15788e-16 0.691939 -0.721956 -1.28456e-16 0.411901 -0.911228 -1.28456e-16 0.411901 -0.911229 -1.74634e-16 0.559975 -0.82851 -2.98191e-16 0.956167 -0.292823 -2.78468e-16 0.892926 -0.450204 -2.98191e-16 0.956167 -0.292823 -2.78468e-16 0.892926 -0.450204 -2.50735e-16 0.803997 -0.594633 -2.50735e-16 0.803997 -0.594633 -3.04861e-16 0.977555 0.210679 -3.11579e-16 0.999099 0.0424412 -3.11579e-16 0.999099 0.0424412 -3.09334e-16 0.9919 -0.127018 -3.09334e-16 0.9919 -0.127018 -3.04861e-16 0.977555 0.210679 -2.89372e-16 0.927889 0.372857 -2.89372e-16 0.927889 0.372856 -2.65558e-16 0.851529 0.524307 -2.34105e-16 0.750672 0.660675 -2.65558e-16 0.851529 0.524307 -2.34105e-16 0.750672 0.660675 -1.95917e-16 0.62822 0.778036 -1.95917e-16 0.62822 0.778036 -1.52093e-16 0.487695 0.873014 -1.03893e-16 0.33314 0.942877 -1.52093e-16 0.487695 0.873014 -1.03893e-16 0.33314 0.942877 -5.27047e-17 0.169001 0.985616 -5.27047e-17 0.169001 0.985616 -2.20519e-16 0.707107 0.707107 -2.20519e-16 0.707107 0.707107 -2.16853e-23 6.95354e-08 1 5.2668e-23 -1.68883e-07 1 -3.1186e-16 1 5.96247e-09 -3.1186e-16 1 5.96247e-09 -2.20519e-16 0.707107 -0.707107 -2.20519e-16 0.707107 -0.707107 -3.1186e-16 1 -6.95355e-08 -3.1186e-16 1 1.68883e-07 -1.85944e-24 5.96241e-09 -1 -1.85944e-24 5.96241e-09 -1 -4.93038e-32 6.12323e-17 -1 -4.93038e-32 6.12323e-17 -1 -4.93038e-32 6.12323e-17 -1 -4.93038e-32 6.12323e-17 -1 2.20519e-16 -0.707107 -0.707107 2.20519e-16 -0.707107 -0.707107 2.16854e-23 -6.95355e-08 -1 -5.26679e-23 1.68883e-07 -1 3.1186e-16 -1 -5.96241e-09 3.1186e-16 -1 -5.96241e-09 3.1186e-16 -1 -6.12323e-17 3.1186e-16 -1 -6.12323e-17 3.1186e-16 -1 -6.12323e-17 3.1186e-16 -1 -6.12323e-17 2.20519e-16 -0.707107 0.707107 2.20519e-16 -0.707107 0.707107 3.1186e-16 -1 6.95354e-08 3.1186e-16 -1 -1.68883e-07 1.85946e-24 -5.96247e-09 1 1.85946e-24 -5.96247e-09 1 4.93038e-32 -6.12323e-17 1 4.93038e-32 -6.12323e-17 1 4.93038e-32 -6.12323e-17 1 4.93038e-32 -6.12323e-17 1 -2.20519e-16 0.707107 -0.707107 -2.20519e-16 0.707107 -0.707107 -3.1186e-16 1 -6.95355e-08 -3.1186e-16 1 1.68883e-07 -1.85944e-24 5.96241e-09 -1 -1.85944e-24 5.96241e-09 -1 -4.93038e-32 6.12323e-17 -1 -4.93038e-32 6.12323e-17 -1 -4.93038e-32 6.12323e-17 -1 -4.93038e-32 6.12323e-17 -1 2.20519e-16 -0.707107 -0.707107 2.20519e-16 -0.707107 -0.707107 2.16854e-23 -6.95355e-08 -1 -5.26679e-23 1.68883e-07 -1 3.1186e-16 -1 -5.96241e-09 3.1186e-16 -1 -5.96241e-09 3.1186e-16 -1 -6.12323e-17 3.1186e-16 -1 -6.12323e-17 3.1186e-16 -1 -6.12323e-17 3.1186e-16 -1 -6.12323e-17 2.20519e-16 -0.707107 0.707107 2.20519e-16 -0.707107 0.707107 3.1186e-16 -1 6.95354e-08 3.1186e-16 -1 -1.68883e-07 1.85946e-24 -5.96247e-09 1 1.85946e-24 -5.96247e-09 1 4.93038e-32 -6.12323e-17 1 4.93038e-32 -6.12323e-17 1 4.93038e-32 -6.12323e-17 1 4.93038e-32 -6.12323e-17 1 -2.20519e-16 0.707107 0.707107 -2.20519e-16 0.707107 0.707107 -2.16853e-23 6.95354e-08 1 5.2668e-23 -1.68883e-07 1 -3.1186e-16 1 5.96247e-09 -3.1186e-16 1 5.96247e-09 -0.147217 -0.989104 -0 2.23956e-08 -1 0 2.23956e-08 -1 0 -0.521368 -0.853332 -0 -0.521368 -0.853332 -0 -0.408715 -0.912662 -0 -0.408715 -0.912662 -0 -0.284237 -0.958754 -0 -0.284237 -0.958754 -0 -0.709931 -0.704271 0 -0.786818 -0.617185 0 -0.786818 -0.617185 0 -0.621704 -0.783253 0 -0.621704 -0.783253 0 -0.709931 -0.704271 0 -0.852195 -0.523224 0 -0.852195 -0.523224 0 -0.905897 -0.423498 0 -0.905897 -0.423498 0 -0.147217 -0.989104 -0 0.842313 -0.290518 -0.453991 0.764804 -0.263785 -0.587785 0.75856 -0.318392 -0.568518 0.685643 -0.282111 -0.67105 0.815897 -0.349689 -0.460466 0.858537 -0.375935 -0.348694 0.899082 -0.310098 -0.309017 0.866856 -0.228865 -0.442924 0.933712 -0.322042 -0.156434 0.887468 -0.397174 -0.233782 0.945892 -0.234286 -0.224496 0.94535 -0.326056 -8.74228e-08 0.903111 -0.413126 -0.117121 0.905897 -0.423498 -8.74228e-08 0.966359 -0.231272 -0.112534 0.974356 -0.225011 -8.74228e-08 0.668464 -0.230557 -0.707107 0.596698 -0.24105 -0.765406 0.555663 -0.191651 -0.809017 0.646115 -0.184851 -0.740517 0.542961 -0.158664 -0.824633 0.42918 -0.148027 -0.891006 0.490339 -0.194887 -0.849463 0.425024 -0.126382 -0.896316 0.292129 -0.100757 -0.951056 0.367464 -0.144129 -0.918802 0.147885 -0.0510065 -0.987688 0.248964 -0.0966533 -0.963678 -1.14092e-08 3.46874e-09 -1 0.125488 -0.0482066 -0.990923 0.149441 -0.0453559 -0.98773 -1.11467e-08 4.23711e-09 -1 0.292932 -0.088236 -0.952053 0.734003 -0.204965 -0.647479 0.807315 -0.219463 -0.547795 0.912876 -0.233634 -0.334772 0.621704 -0.783253 0 0.521368 -0.853332 0 0.573017 -0.819544 0 0.678143 -0.73493 0 0.709931 -0.704271 0 0.768656 -0.639662 0 0.786818 -0.617185 0 0.852195 -0.523224 0 0.844653 -0.535315 0 0.905897 -0.423498 0 0.905897 -0.423498 0 0.452354 -0.891839 0 0.316396 -0.948627 0 0.408715 -0.912662 0 0.284237 -0.958754 0 0.16497 -0.986299 0 0.147217 -0.989104 0 4.11774e-08 -1 0 4.11774e-08 -1 0 4.16741e-08 1 0 0.130156 0.991494 0 0.0553183 0.998469 0 0.258097 0.966119 0 0.269543 0.962988 0 0.264535 0.964376 0 0.298552 0.954393 0 0.223737 0.97465 0 0.264561 0.964369 0 4.16741e-08 1 0 0.107008 0.994258 0 0.193447 0.981111 0 0.15344 0.988158 0 0.225852 0.974162 0 0.249838 0.968288 0 0.153435 0.988159 0 0.154076 0.988059 0 0.106971 0.994262 0 0.193462 0.981108 0 0.0921004 0.99575 0 0.0551964 0.998475 0 4.16741e-08 1 0 0.0402573 0.999189 0 4.16741e-08 1 0 0.835728 0.549143 0 0.849703 0.527261 0 0.883681 0.468089 0 0.225894 0.974152 0 0.249857 0.968283 0 0.451359 0.892342 0 0.405688 0.914012 0 0.540082 0.841613 0 0.375303 0.926902 0 0.655965 0.754791 0 0.592815 0.805339 0 0.657308 0.753622 0 0.524274 0.85155 0 0.755614 0.655017 0 0.83571 0.54917 0 0.809918 0.586543 0 0.713073 0.70109 0 0.76445 0.644683 0 0.934688 0.355469 0 0.911969 0.410259 0 0.944791 0.327672 0 0.898223 0.439541 0 0.883543 0.46835 0 0.976642 0.214873 0 0.957211 0.28939 0 0.95074 0.309991 0 0.99472 0.102624 0 0.976642 0.214873 0 0.994712 0.102704 0 0.944799 0.327651 0 0.999966 -0.0082792 0 0.999965 -0.00831567 0 0.298257 0.954486 0 0.375401 0.926863 0 0.405508 0.914091 0 0.540061 0.841626 0 0.524497 0.851412 0 0.592959 0.805233 0 0.258097 0.966119 0 0.269543 0.962988 0 0.264561 0.964369 0 0.264535 0.964376 0 0.223604 0.97468 0 0.249838 0.968288 0 0.193447 0.981111 0 0.225852 0.974162 0 0.153772 0.988106 0 0.15344 0.988158 0 0.107008 0.994258 0 0.0919997 0.995759 0 0.0400758 0.999197 0 0.0553183 0.998469 0 4.16741e-08 1 0 4.16741e-08 1 0 0.130156 0.991494 0 0.193462 0.981108 0 0.249857 0.968283 0 0.45139 0.892327 0 0.225894 0.974152 0 0.657246 0.753676 0 0.655954 0.754801 0 0.713277 0.700882 0 0.755614 0.655017 0 0.153435 0.988159 0 0.764478 0.64465 0 0.0551964 0.998475 0 0.106971 0.994262 0 4.16741e-08 1 0 4.16741e-08 1 0 0.809937 0.586517 0 0.898286 0.439412 0 0.911998 0.410195 0 0.934663 0.355536 0 0.950763 0.309918 0 0.993038 -0.117792 0 0.993036 -0.117813 0 0.974356 -0.225011 0 0.974356 -0.225011 0 0.849478 0.527623 0 0.842313 -0.290518 0.45399 0.899082 -0.310098 0.309017 0.844237 -0.366692 0.390897 0.881507 -0.392346 0.262699 0.933711 -0.322042 0.156434 0.866856 -0.228865 0.442924 0.901871 -0.411429 0.131739 0.945886 -0.234279 0.224529 0.966358 -0.231268 0.112553 0.974356 -0.225011 -8.74228e-08 0.94535 -0.326056 -8.74228e-08 0.91285 -0.233627 0.334847 0.147885 -0.0510065 0.987688 0.14963 -0.0454123 0.987699 0.292129 -0.100757 0.951057 0.905897 -0.423498 -8.74228e-08 0.764804 -0.263785 0.587785 0.807306 -0.219455 0.547811 0.668464 -0.230557 0.707107 0.733916 -0.204936 0.647587 0.789151 -0.33467 0.51501 0.714864 -0.296285 0.633391 0.62057 -0.251798 0.742624 0.555663 -0.191651 0.809017 0.542961 -0.158664 0.824633 0.646097 -0.184839 0.740535 0.504559 -0.200915 0.839674 0.42918 -0.148027 0.891006 0.425102 -0.126399 0.896276 0.248963 -0.0966533 0.963678 0.292964 -0.0882406 0.952043 -7.22333e-08 2.1961e-08 1 0.125488 -0.0482066 0.990923 -7.05714e-08 2.68256e-08 1 0.367464 -0.144129 0.918802 -0.455151 -0.701967 -0.547795 -0.418992 -0.636566 -0.647479 -0.487429 -0.645695 -0.587785 -0.536827 -0.711132 -0.453991 -0.482259 -0.755807 -0.442924 -0.432285 -0.50856 -0.744645 -0.504612 -0.584725 -0.635188 -0.426029 -0.564358 -0.707107 -0.573007 -0.759059 -0.309017 -0.500832 -0.798182 -0.334772 -0.511518 -0.829428 -0.224496 -0.595078 -0.788296 -0.156434 -0.648962 -0.713729 -0.263513 -0.673585 -0.727207 -0.132108 -0.511364 -0.859364 8.74228e-08 -0.514888 -0.849839 -0.112534 -0.602495 -0.798122 8.74228e-08 -0.686364 -0.727259 8.74228e-08 -0.37304 -0.558996 -0.740517 -0.31665 -0.468736 -0.824633 -0.354138 -0.469124 -0.809017 -0.249948 -0.366256 -0.896316 -0.273527 -0.36234 -0.891007 -0.173345 -0.252084 -0.952053 -0.186181 -0.246633 -0.951056 -0.0887585 -0.128498 -0.98773 -0.177802 -0.21899 -0.95939 -2.48602e-08 -3.59536e-08 -1 -2.70216e-08 -3.43587e-08 -1 -0.612681 -0.68617 -0.392165 -0.564737 -0.64363 -0.516539 -0.351425 -0.419537 -0.836952 -0.265832 -0.322265 -0.908559 -0.0889202 -0.111279 -0.989803 -0.911075 -0.412241 -0 -0.848958 -0.52846 -0 -0.910888 -0.412653 -0 -0.773525 -0.633766 -0 -0.848876 -0.528593 -0 -0.686364 -0.727259 -0 -0.773525 -0.633766 -0 -0.686364 -0.727259 -0 -0.958364 -0.285548 0 -0.958421 -0.285359 0 -0.989066 -0.147472 0 -0.989066 -0.147472 0 -1 3.11354e-08 0 -1 3.11354e-08 0 0.959539 -0.281574 0 0.989833 -0.142233 0 0.959539 -0.281574 0 0.746938 -0.664894 0 0.841432 -0.540363 0 0.841432 -0.540363 0 1 -1.50893e-08 0 0.989833 -0.142233 0 1 -1.50893e-08 0 0.909735 -0.41519 0 0.909735 -0.41519 0 0.393457 -0.919343 0 0.393457 -0.919343 0 0.517339 -0.855781 0 0.51741 -0.855738 0 0.6369 -0.770946 0 0.636881 -0.770962 0 0.0239979 -0.999712 0 0.0240206 -0.999711 0 -0.0931192 -0.995655 -0 0.268198 -0.963364 0 0.26823 -0.963355 0 0.144618 -0.989488 0 -0.205536 -0.978649 -0 -0.205458 -0.978666 -0 -0.312793 -0.949821 -0 -0.0931192 -0.995655 -0 -0.312758 -0.949833 -0 -0.414964 -0.909838 -0 -0.511364 -0.859364 -0 -0.414945 -0.909846 -0 -0.511364 -0.859364 -0 0.144761 -0.989467 0 0.746808 -0.66504 0 -0.426029 -0.564358 0.707107 -0.354138 -0.469124 0.809017 -0.373023 -0.558982 0.740536 -0.573007 -0.759059 0.309017 -0.595078 -0.788296 0.156434 -0.648968 -0.713775 0.263375 -0.51151 -0.829424 0.224529 -0.500817 -0.79816 0.334847 -0.186181 -0.246633 0.951056 -0.0888697 -0.12866 0.987699 -0.173359 -0.252113 0.952043 -0.602495 -0.798122 8.74228e-08 -0.514884 -0.849839 0.112553 -0.511364 -0.859364 8.74228e-08 -0.673585 -0.727207 0.132109 -0.686364 -0.727259 8.74228e-08 -0.536827 -0.711132 0.453991 -0.482259 -0.755807 0.442924 -0.487429 -0.645695 0.587785 -0.455141 -0.701961 0.547811 -0.418938 -0.636492 0.647586 -0.31665 -0.468736 0.824633 -0.504612 -0.584725 0.635188 -0.273527 -0.36234 0.891006 -0.249988 -0.366326 0.896276 -0.0890278 -0.111411 0.989779 7.37174e-09 9.37337e-09 1 6.78209e-09 9.80847e-09 1 -0.178369 -0.219684 0.959126 -0.266349 -0.322895 0.908183 -0.351494 -0.419617 0.836883 -0.432285 -0.50856 0.744645 -0.564768 -0.643724 0.516389 -0.612782 -0.686312 0.391757 0.592551 -0.632144 -0.499276 0.534647 -0.579567 -0.615025 0.50607 -0.63119 -0.587785 0.594921 -0.742009 -0.309017 0.557358 -0.695158 -0.45399 0.502236 -0.742683 -0.442924 0.617836 -0.770589 -0.156434 0.673438 -0.69415 -0.254236 0.533439 -0.815493 -0.224529 0.638718 -0.669964 -0.3784 0.473692 -0.689579 -0.547811 0.537356 -0.835811 -0.112553 0.69697 -0.705672 -0.127514 0.625537 -0.780194 8.74228e-08 0.534091 -0.845427 8.74228e-08 0.709091 -0.705117 8.74228e-08 0.442322 -0.551681 -0.707107 0.367682 -0.458587 -0.809017 0.464971 -0.511553 -0.722576 0.287015 -0.326301 -0.900639 0.283988 -0.354201 -0.891006 0.378583 -0.423218 -0.823141 0.259665 -0.359532 -0.896276 0.193302 -0.241093 -0.951056 0.192312 -0.222449 -0.955789 0.0960314 -0.113032 -0.98894 0.0922681 -0.126246 -0.987699 2.58098e-08 -3.52781e-08 -1 2.8015e-08 -3.35536e-08 -1 0.521917 -0.784526 -0.334847 0.435757 -0.625098 -0.647587 0.387792 -0.548839 -0.740535 0.329033 -0.460129 -0.824633 0.180019 -0.247402 -0.952043 -0.36881 -0.929505 -0 -0.242421 -0.970171 -0 -0.36881 -0.929505 -0 -0.118189 -0.992991 -0 -0.242453 -0.970163 -0 -0.118332 -0.992974 -0 0.00266115 -0.999996 0 0.0026385 -0.999997 0 0.119628 -0.992819 0 0.231552 -0.972823 0 0.119628 -0.992819 0 0.231474 -0.972841 0 0.338002 -0.941145 0 0.337968 -0.941158 0 0.439071 -0.898452 0 0.534091 -0.845427 0 0.439052 -0.898461 0 0.534091 -0.845427 0 -0.494342 -0.869268 0 -0.494414 -0.869227 0 -0.616102 -0.787666 0 -0.728814 -0.684712 0 -0.616122 -0.787651 0 -0.728948 -0.684569 0 -0.826728 -0.562602 0 -0.826728 -0.562602 0 -0.901251 -0.433296 0 -0.955701 -0.29434 0 -0.901251 -0.433296 0 -0.955701 -0.29434 0 -0.988863 -0.148828 0 -0.988863 -0.148828 0 -1 -4.30819e-11 0 -1 -4.30819e-11 0 0.990016 -0.140955 0 1 3.79032e-08 0 1 3.79032e-08 0 0.860674 -0.509157 0 0.860598 -0.509285 0 0.918218 -0.396075 0 0.961847 -0.273588 0 0.961892 -0.273429 0 0.709091 -0.705117 0 0.790511 -0.612448 0 0.790511 -0.612448 0 0.709091 -0.705117 0 0.918058 -0.396447 0 0.990016 -0.140955 0 0.617836 -0.770589 0.156434 0.533447 -0.815497 0.224496 0.594921 -0.742009 0.309017 0.709091 -0.705117 8.74228e-08 0.625537 -0.780194 8.74228e-08 0.69697 -0.705672 0.127514 0.557358 -0.695158 0.453991 0.50607 -0.63119 0.587785 0.592527 -0.632067 0.499403 0.673431 -0.694109 0.254369 0.442322 -0.551681 0.707107 0.367681 -0.458587 0.809017 0.464971 -0.511553 0.722576 0.534647 -0.579567 0.615025 0.378554 -0.423187 0.823171 0.283988 -0.354201 0.891006 0.193302 -0.241093 0.951056 0.259623 -0.359463 0.896316 0.0959838 -0.112977 0.988951 -7.04115e-09 9.62419e-09 1 -7.64276e-09 9.15374e-09 1 0.0921526 -0.126086 0.98773 0.286639 -0.325853 0.900921 0.329033 -0.460128 0.824633 0.502236 -0.742683 0.442924 0.473703 -0.689584 0.547795 0.638627 -0.669843 0.378768 0.534091 -0.845427 8.74228e-08 0.537361 -0.835811 0.112534 0.180004 -0.247373 0.952053 0.191895 -0.221962 0.955986 0.387809 -0.548852 0.740517 0.435813 -0.625171 0.647479 0.521932 -0.784548 0.334772 -0.929823 0.368006 0 -0.929823 0.368006 0 -0.929823 0.368006 0 -0.929823 0.368006 0 0.368006 0.929823 0 0.368006 0.929823 0 0.368006 0.929823 0 0.368006 0.929823 0 0.368006 0.929823 0 0.368006 0.929823 0 -0.368006 -0.929823 -0 -0.368006 -0.929823 -0 -0.368006 -0.929823 -0 -0.368006 -0.929823 -0 0.929823 -0.368006 0 0.929823 -0.368006 0 0.929823 -0.368006 0 0.929823 -0.368006 0 0.929823 0.368006 0 0.929823 0.368006 0 0.929823 0.368006 0 0.929823 0.368006 0 0.368006 -0.929823 0 0.368006 -0.929823 0 0.368006 -0.929823 0 0.368006 -0.929823 0 -0.368006 0.929823 0 -0.368006 0.929823 0 -0.368006 0.929823 0 -0.368006 0.929823 0 -0.368006 0.929823 0 -0.368006 0.929823 0 -0.929823 -0.368006 0 -0.929823 -0.368006 0 -0.929823 -0.368006 0 -0.929823 -0.368006 0 -3.1186e-16 1 6.12323e-17 -3.1186e-16 1 6.12323e-17 -3.1186e-16 1 6.12323e-17 -3.1186e-16 1 6.12323e-17 -3.1186e-16 1 6.12323e-17 -3.1186e-16 1 6.12323e-17 -3.1186e-16 1 6.12323e-17 -3.1186e-16 1 6.12323e-17 -3.1186e-16 1 6.12323e-17 -3.1186e-16 1 6.12323e-17 -3.1186e-16 1 6.12323e-17 -3.1186e-16 1 6.12323e-17 -3.1186e-16 1 6.12323e-17 -3.1186e-16 1 6.12323e-17 -3.1186e-16 1 6.12323e-17 -3.1186e-16 1 6.12323e-17 -0.985872 0.167498 0 -0.985872 0.167498 0 -0.985872 0.167498 0 -0.985872 0.167498 0 0.167498 -0.985872 0 0.167498 -0.985872 0 0.167498 -0.985872 0 0.167498 -0.985872 0 0.457525 0.889197 0 0.457525 0.889197 0 0.457525 0.889197 0 0.457525 0.889197 0 0.985872 0.167498 0 0.985872 0.167498 0 0.985872 0.167498 0 0.985872 0.167498 0 0.985872 0.167498 0 0.985872 0.167498 0 0.985872 0.167498 0 0.985872 0.167498 0 0.985872 0.167498 0 0.985872 0.167498 0 0.985872 0.167498 0 0.985872 0.167498 0 0.985872 0.167498 0 0.985872 0.167498 0 0.985872 0.167498 0 0.985872 0.167498 0 0.985872 0.167498 0 0.985872 0.167498 0 0.985872 0.167498 0 0.985872 0.167498 0 0.985872 0.167498 0 -0.985872 -0.167498 -0 -0.985872 -0.167498 -0 -0.985872 -0.167498 -0 -0.985872 -0.167498 -0 -0.985872 -0.167498 -0 -0.985872 -0.167498 -0 -0.985872 -0.167498 -0 -0.985872 -0.167498 -0 -0.985872 -0.167498 -0 -0.985872 -0.167498 -0 -0.985872 -0.167498 -0 -0.985872 -0.167498 -0 -0.985872 -0.167498 -0 -0.985872 -0.167498 -0 -0.985872 -0.167498 -0 -0.985872 -0.167498 -0 -0.985872 -0.167498 -0 0.985872 0.167498 0 0.985872 0.167498 0 0.985872 0.167498 0 0.985872 0.167498 0 0.457525 0.889197 0 0.457525 0.889197 0 0.457525 0.889197 0 0.457525 0.889197 0 -0 -0 -1 -0 -0 -1 -0 -0 -1 -0 -0 -1 -0.457525 0.889197 0 -0.457525 0.889197 0 -0.457525 0.889197 0 -0.457525 0.889197 0 -0 -0 -1 -0 -0 -1 -0 -0 -1 -0 -0 -1 -0.434374 0.844205 -0.314066 -0.434387 0.84423 -0.31398 -0.407061 0.79112 -0.456542 -0.457525 0.889197 -6.95355e-08 -0.451634 0.877747 -0.159958 -0.457525 0.889197 -6.95355e-08 -0.328683 0.638794 -0.695636 -0.280805 0.545743 -0.789502 -0.328601 0.638635 -0.695821 -0.371213 0.721451 -0.58456 -0.407029 0.791059 -0.456676 -0.37127 0.721562 -0.584386 -0.173957 0.338084 -0.924899 -0.174063 0.33829 -0.924804 -0.117141 0.227663 -0.966668 -0.228802 0.444676 -0.865975 -0.280704 0.545547 -0.789673 -0.228912 0.44489 -0.865836 -0.0588482 0.114371 -0.991694 -0.117051 0.227487 -0.966721 -2.72796e-09 5.30178e-09 -1 -0.0588408 0.114357 -0.991696 -2.72796e-09 5.30178e-09 -1 -0.451622 0.877726 -0.160109 0.117141 0.227663 -0.966668 0.0588408 0.114357 -0.991696 0.117051 0.227488 -0.966721 -7.72682e-08 -1.5017e-07 -1 0.0588483 0.114371 -0.991694 -7.72682e-08 -1.5017e-07 -1 0.228802 0.444676 -0.865975 0.280704 0.545547 -0.789673 0.280805 0.545743 -0.789502 0.228912 0.44489 -0.865836 0.174063 0.33829 -0.924804 0.173957 0.338084 -0.924899 0.407061 0.79112 -0.456542 0.371213 0.72145 -0.58456 0.407029 0.791059 -0.456676 0.37127 0.721561 -0.584386 0.328683 0.638794 -0.695636 0.328601 0.638635 -0.695821 0.434387 0.84423 -0.313981 0.434374 0.844205 -0.314066 0.451622 0.877726 -0.160109 0.451633 0.877747 -0.159958 0.457525 0.889197 -5.96244e-09 0.457525 0.889197 -5.96244e-09</float_array>
          <technique_common>
            <accessor count="5470" source="#ID7" stride="3">
              <param name="X" type="float"/>
              <param name="Y" type="float"/>
              <param name="Z" type="float"/>
            </accessor>
          </technique_common>
        </source>
        <vertices id="ID8">
          <input semantic="POSITION" source="#ID4"/>
          <input semantic="NORMAL" source="#ID6"/>
        </vertices>
        <triangles count="5370" material="ID9">
          <input offset="0" semantic="VERTEX" source="#ID8"/>
          <p>0 1 2 0 2 3 4 5 6 5 4 7 8 9 4 7 4 9 10 11 8 8 11 9 12 13 8 8 13 10 14 15 8 8 15 12 16 17 8 8 17 14 18 19 8 8 19 16 18 20 19 21 22 23 24 25 26 27 25 24 24 28 29 30 27 24 31 24 32 31 28 24 33 34 32 32 24 33 33 35 36 36 34 33 36 35 37 37 35 38 38 35 39 21 24 26 33 24 40 30 24 29 41 22 21 26 41 21 42 43 44 42 45 43 46 47 48 49 50 51 50 52 46 53 48 54 51 55 49 55 51 56 57 55 56 58 59 53 60 59 61 49 52 50 52 47 46 47 54 48 54 58 53 58 61 59 61 62 60 62 63 60 64 65 66 67 68 69 70 71 72 70 73 74 75 76 77 75 78 71 68 79 76 69 80 81 81 67 69 79 77 76 67 79 68 77 78 75 78 72 71 72 73 70 73 65 74 74 65 64 82 83 84 85 86 87 82 84 88 85 89 90 84 83 91 92 93 87 94 95 96 93 92 97 92 87 86 86 85 90 90 89 94 89 95 94 83 96 91 95 91 96 98 99 100 100 101 98 102 99 103 104 105 106 102 106 105 107 108 109 110 104 107 111 108 112 111 109 108 111 112 113 109 110 107 110 105 104 106 102 103 103 99 98 114 115 116 117 118 119 120 121 122 123 124 125 126 127 121 122 121 127 125 120 123 120 122 123 124 114 116 125 124 116 118 117 115 114 118 115 128 129 130 131 132 133 128 130 133 134 135 136 137 132 138 139 140 141 142 138 139 143 144 145 146 147 148 149 144 150 151 149 152 149 150 152 151 153 149 144 143 150 147 143 148 154 147 140 155 139 138 139 154 140 156 138 132 131 157 132 128 133 158 159 133 132 158 133 159 160 129 134 128 135 134 134 129 128 135 128 158 159 132 161 130 131 133 137 161 132 156 132 157 142 137 138 155 138 156 141 142 139 154 139 155 141 140 146 146 140 147 146 148 145 145 148 143 145 144 162 144 149 162 162 149 163 149 153 163 164 165 166 167 168 169 170 171 172 173 174 175 176 177 178 179 180 181 182 183 184 185 186 187 180 188 189 190 191 192 193 194 195 191 196 192 197 196 198 196 197 192 190 192 199 200 201 202 199 193 195 193 199 192 193 203 194 187 204 193 193 204 203 185 187 205 206 187 193 206 205 187 185 207 186 206 208 205 209 210 211 212 213 214 201 200 209 210 209 200 215 202 216 216 202 201 217 215 216 212 209 211 218 219 220 221 222 223 185 212 214 213 212 211 189 208 206 185 214 207 224 189 188 224 208 189 225 188 180 226 227 228 229 179 181 179 225 180 181 184 183 183 229 181 173 182 184 230 231 232 175 174 178 173 184 174 233 234 235 178 177 236 175 178 236 176 178 167 237 176 167 238 176 237 238 233 239 230 232 235 226 240 231 241 227 221 242 243 244 245 246 243 247 248 218 247 242 249 219 218 250 218 248 250 251 220 252 252 220 219 251 253 254 253 251 252 248 247 255 245 256 257 258 259 260 249 242 261 255 247 249 243 242 260 261 242 244 259 243 260 245 243 259 262 246 245 258 222 259 222 258 223 257 263 245 245 263 264 265 266 256 266 257 256 267 256 268 256 267 265 269 267 268 245 264 262 228 227 241 221 227 222 240 226 228 230 226 231 235 234 230 238 234 233 238 239 270 237 167 169 270 176 238 169 168 172 170 164 171 168 170 172 166 171 164 271 272 273 272 271 274 275 273 276 277 278 274 271 279 274 280 278 281 282 278 277 280 283 284 283 280 281 285 276 286 287 288 283 289 283 290 273 291 286 287 283 289 292 293 294 286 294 293 293 292 295 296 293 297 295 298 297 297 293 295 299 298 300 297 298 299 300 301 302 300 302 299 303 302 304 283 281 290 288 284 283 290 281 282 278 282 281 282 277 279 274 279 277 279 271 275 271 273 275 286 276 273 291 273 272 293 305 285 294 286 291 285 286 293 296 305 293 296 297 306 297 299 306 306 299 303 302 303 299 307 308 309 310 311 312 313 314 315 307 316 314 315 314 316 317 318 319 319 313 317 320 321 318 320 322 321 315 317 313 321 319 318 316 307 309 323 309 308 308 324 323 323 324 310 310 324 311 325 326 327 328 329 330 331 332 333 334 335 336 337 338 339 338 334 336 339 329 328 340 341 342 329 343 330 344 343 329 345 325 327 345 346 347 347 330 343 343 344 333 346 330 347 327 346 345 325 332 326 331 348 332 326 332 348 344 331 333 341 340 349 340 335 349 338 337 350 328 342 337 328 340 342 328 337 339 350 334 338 335 334 349 351 352 353 354 355 356 357 358 359 353 360 351 351 361 352 362 363 364 365 366 364 365 359 367 360 363 362 353 363 360 362 364 366 366 365 367 367 359 358 358 357 368 357 354 368 354 356 368 369 370 371 372 373 374 375 376 377 378 379 380 381 380 379 382 378 380 381 372 374 381 379 372 373 375 377 374 373 377 369 371 376 375 369 376 383 384 385 386 387 388 389 390 391 392 393 394 395 396 390 391 390 396 394 389 392 389 391 392 393 383 385 394 393 385 387 386 384 383 387 384 397 398 399 400 401 402 403 404 401 405 406 407 408 400 409 410 411 412 410 408 411 409 411 408 400 402 409 413 412 407 410 412 413 414 415 416 415 417 403 418 419 420 421 422 423 424 425 426 427 428 429 430 431 432 428 433 434 435 436 437 433 438 439 438 440 441 442 443 440 444 435 445 446 447 442 448 444 449 450 451 452 450 448 453 454 455 456 457 458 459 460 454 461 462 457 456 463 464 459 461 452 465 464 466 446 467 427 468 467 469 416 431 436 432 404 402 401 417 404 403 414 417 415 469 414 416 468 469 467 429 468 427 434 429 428 439 434 433 441 439 438 443 441 440 447 443 442 466 447 446 463 466 464 458 463 459 462 458 457 455 462 456 460 455 454 465 460 461 451 465 452 453 451 450 449 453 448 445 449 444 437 445 435 431 437 436 430 432 425 470 424 426 424 430 425 470 418 420 418 470 426 419 399 420 397 423 398 419 397 399 422 421 405 398 423 422 407 406 413 405 421 406 471 472 473 474 475 476 477 478 475 479 480 481 482 474 483 484 485 486 484 482 485 483 485 482 474 476 483 487 486 481 484 486 487 488 489 490 489 491 477 492 493 494 495 496 497 498 499 500 501 502 503 504 505 506 502 507 508 509 510 511 507 512 513 512 514 515 516 517 514 518 509 519 520 521 516 522 518 523 524 525 526 524 522 527 528 529 530 531 532 533 534 528 535 536 531 530 537 538 533 535 526 539 538 540 520 541 501 542 541 543 490 505 510 506 478 476 475 491 478 477 488 491 489 543 488 490 542 543 541 503 542 501 508 503 502 513 508 507 515 513 512 517 515 514 521 517 516 540 521 520 537 540 538 532 537 533 536 532 531 529 536 530 534 529 528 539 534 535 525 539 526 527 525 524 523 527 522 519 523 518 511 519 509 505 511 510 504 506 499 544 498 500 498 504 499 544 492 494 492 544 500 493 473 494 471 497 472 493 471 473 496 495 479 472 497 496 481 480 487 479 495 480 545 546 547 548 549 550 551 552 550 553 554 555 556 557 558 559 560 561 562 563 560 558 564 562 556 549 565 554 566 567 568 566 559 546 569 570 571 551 570 572 573 574 574 553 575 576 577 573 578 579 580 581 577 582 583 584 585 581 586 587 588 589 590 591 587 592 593 594 595 596 597 591 598 599 600 601 597 602 603 604 605 601 606 604 607 608 609 610 607 611 612 609 608 611 607 609 600 610 611 578 547 579 599 610 600 613 614 615 616 617 618 605 612 603 612 608 603 606 605 604 602 606 601 596 602 597 592 596 591 586 592 587 582 586 581 576 582 577 572 576 573 575 572 574 555 575 553 567 555 554 568 567 566 561 568 559 563 561 560 564 563 562 557 564 558 565 557 556 548 565 549 552 548 550 571 552 551 569 571 570 545 569 546 578 545 547 580 579 585 588 584 583 584 580 585 616 590 589 589 588 583 617 615 618 616 618 590 613 594 614 617 613 615 593 595 598 614 594 593 599 598 619 598 595 619 620 621 622 622 623 624 624 620 622 625 626 623 624 623 626 627 625 628 625 627 626 628 629 630 630 627 628 631 632 629 630 629 632 633 631 634 631 633 632 634 635 636 636 633 634 637 638 635 636 635 638 639 637 640 637 639 638 639 640 641 642 643 641 641 640 642 644 643 645 642 645 643 644 646 647 646 644 645 648 649 647 647 646 648 650 649 651 648 651 649 650 652 653 652 650 651 654 655 653 653 652 654 656 655 657 654 657 655 656 658 659 658 656 657 621 620 660 661 660 662 660 661 621 662 663 664 664 661 662 665 666 663 664 663 666 667 665 668 665 667 666 668 669 670 670 667 668 671 672 669 670 669 672 673 671 674 671 673 672 674 675 676 676 673 674 677 678 675 676 675 678 679 677 680 677 679 678 680 681 682 682 679 680 683 684 681 682 681 684 685 683 686 683 685 684 686 687 688 688 685 686 689 690 687 688 687 690 691 689 692 689 691 690 692 693 694 694 691 692 694 693 658 693 659 658 695 696 697 695 698 699 698 695 697 700 701 699 699 698 700 702 701 703 700 703 701 702 704 705 704 702 703 706 707 705 705 704 706 708 707 709 706 709 707 708 710 711 710 708 709 712 713 711 711 710 712 714 713 715 712 715 713 714 715 716 716 717 718 718 714 716 719 720 717 718 717 720 721 719 722 719 721 720 722 723 724 724 721 722 725 726 723 724 723 726 727 725 728 725 727 726 728 729 730 730 727 728 731 732 729 730 729 732 733 731 734 731 733 732 735 697 696 736 735 737 696 737 735 736 738 739 738 736 737 740 741 739 739 738 740 742 741 743 740 743 741 742 744 745 744 742 743 746 747 745 745 744 746 748 747 749 746 749 747 748 750 751 750 748 749 751 750 752 753 754 752 751 752 754 755 753 756 753 755 754 756 757 758 758 755 756 759 760 757 758 757 760 761 759 762 759 761 760 762 763 764 764 761 762 765 766 763 764 763 766 767 765 768 765 767 766 768 769 770 770 767 768 770 769 734 769 733 734 771 772 773 773 774 775 775 771 773 776 777 774 775 774 777 778 776 779 776 778 777 779 780 781 781 778 779 782 783 780 781 780 783 784 782 785 782 784 783 785 786 787 787 784 785 788 789 786 787 786 789 790 788 791 788 790 789 790 791 792 793 794 792 792 791 793 795 794 796 793 796 794 795 797 798 797 795 796 799 800 798 798 797 799 801 800 802 799 802 800 801 803 804 803 801 802 805 806 804 804 803 805 807 806 808 805 808 806 807 809 810 809 807 808 772 771 811 812 811 813 811 812 772 813 814 815 815 812 813 816 817 814 815 814 817 818 816 819 816 818 817 819 820 821 821 818 819 822 823 820 821 820 823 824 822 825 822 824 823 825 826 827 827 824 825 828 829 826 827 826 829 830 828 831 828 830 829 831 832 833 833 830 831 834 835 832 833 832 835 836 834 837 834 836 835 837 838 839 839 836 837 840 841 838 839 838 841 842 840 843 840 842 841 843 844 845 845 842 843 845 844 809 844 810 809 846 847 848 849 850 851 852 853 854 855 856 857 858 859 860 861 862 863 864 865 866 867 868 869 870 871 872 873 874 875 876 877 878 879 880 881 882 883 884 885 886 887 888 889 890 891 892 893 894 895 896 897 898 899 900 901 902 903 901 904 900 905 906 905 900 902 907 908 906 906 905 907 909 908 910 907 910 908 909 911 912 911 909 910 913 914 912 912 911 913 915 914 916 913 916 914 915 917 918 917 915 916 919 851 918 918 917 919 903 904 896 919 849 851 901 903 902 897 895 894 894 896 904 889 899 898 899 895 897 888 890 893 889 898 890 892 891 882 888 893 892 883 886 884 891 883 882 887 878 885 886 885 884 879 877 876 876 878 887 871 881 880 881 877 879 870 872 875 871 880 872 874 873 864 870 875 874 865 868 866 873 865 864 869 860 867 868 867 866 861 859 858 858 860 869 853 863 862 863 859 861 852 854 855 853 862 854 857 856 848 852 855 857 846 850 847 856 846 848 849 847 850 920 921 922 923 924 925 926 927 928 929 930 931 932 933 934 935 936 937 938 939 940 941 942 943 944 945 946 947 948 949 950 951 952 953 954 955 956 957 958 959 960 961 962 963 964 965 966 967 968 969 970 971 972 973 974 975 976 977 975 978 974 979 980 979 974 976 981 982 980 980 979 981 983 982 984 981 984 982 983 985 986 985 983 984 987 988 986 986 985 987 989 988 990 987 990 988 989 991 992 991 989 990 993 925 992 992 991 993 977 978 970 993 923 925 975 977 976 971 969 968 968 970 978 963 973 972 973 969 971 962 964 967 963 972 964 966 965 956 962 967 966 957 960 958 965 957 956 961 952 959 960 959 958 953 951 950 950 952 961 945 955 954 955 951 953 944 946 949 945 954 946 948 947 938 944 949 948 939 942 940 947 939 938 943 934 941 942 941 940 935 933 932 932 934 943 927 937 936 937 933 935 926 928 929 927 936 928 931 930 922 926 929 931 920 924 921 930 920 922 923 921 924 994 995 996 997 998 999 1000 1001 1002 1003 1004 1005 1006 1007 1008 1009 1010 1011 1012 1013 1014 1015 1016 1017 1018 1019 1020 1021 1022 1023 1024 1025 1026 1027 1028 1029 1030 1031 1032 1033 1034 1035 1036 1037 1038 1039 1040 1041 1042 1043 1044 1045 1046 1047 1048 1049 1050 1051 1049 1052 1048 1053 1054 1053 1048 1050 1055 1056 1054 1054 1053 1055 1057 1056 1058 1055 1058 1056 1057 1059 1060 1059 1057 1058 1061 1062 1060 1060 1059 1061 1063 1062 1064 1061 1064 1062 1063 1065 1066 1065 1063 1064 1067 999 1066 1066 1065 1067 1051 1052 1044 1067 997 999 1049 1051 1050 1045 1043 1042 1042 1044 1052 1037 1047 1046 1047 1043 1045 1036 1038 1041 1037 1046 1038 1040 1039 1030 1036 1041 1040 1031 1034 1032 1039 1031 1030 1035 1026 1033 1034 1033 1032 1027 1025 1024 1024 1026 1035 1019 1029 1028 1029 1025 1027 1018 1020 1023 1019 1028 1020 1022 1021 1012 1018 1023 1022 1013 1016 1014 1021 1013 1012 1017 1008 1015 1016 1015 1014 1009 1007 1006 1006 1008 1017 1001 1011 1010 1011 1007 1009 1000 1002 1003 1001 1010 1002 1005 1004 996 1000 1003 1005 994 998 995 1004 994 996 997 995 998 1068 1069 1070 1068 1071 1069 1072 1073 1074 1075 1076 1077 1078 1079 1080 1081 1082 1083 1084 1085 1086 1087 1088 1089 1088 1087 1090 1091 1092 1089 1087 1089 1092 1093 1092 1091 1090 1081 1083 1083 1088 1090 1086 1085 1082 1086 1082 1081 1084 1076 1075 1084 1075 1085 1077 1079 1078 1076 1079 1077 1072 1080 1073 1078 1080 1072 1094 1095 1096 1094 1097 1095 1098 1099 1100 1100 1101 1102 1102 1098 1100 1103 1104 1101 1102 1101 1104 1105 1103 1106 1103 1105 1104 1106 1107 1108 1108 1105 1106 1109 1110 1107 1108 1107 1110 1111 1109 1112 1109 1111 1110 1112 1113 1114 1114 1111 1112 1115 1116 1113 1114 1113 1116 1117 1115 1118 1115 1117 1116 1098 1119 1099 1120 1119 1121 1119 1120 1099 1121 1122 1123 1123 1120 1121 1124 1125 1122 1123 1122 1125 1126 1124 1127 1124 1126 1125 1127 1128 1129 1129 1126 1127 1130 1131 1128 1129 1128 1131 1132 1130 1133 1130 1132 1131 1133 1134 1135 1135 1132 1133 1135 1134 1136 1134 1137 1136 1138 1139 1140 1138 1141 1139 1142 1143 1144 1145 1146 1147 1148 1149 1150 1151 1152 1153 1154 1155 1156 1157 1158 1159 1158 1157 1160 1161 1162 1159 1157 1159 1162 1163 1162 1161 1160 1151 1153 1153 1158 1160 1156 1155 1152 1156 1152 1151 1154 1146 1145 1154 1145 1155 1147 1149 1148 1146 1149 1147 1142 1150 1143 1148 1150 1142 1164 1165 1166 1164 1167 1165 1168 1169 1170 1171 1172 1173 1174 1175 1176 1177 1178 1179 1180 1181 1182 1183 1184 1185 1181 1186 1187 1186 1181 1180 1188 1187 1189 1186 1189 1187 1184 1183 1182 1183 1180 1182 1176 1175 1185 1176 1185 1184 1174 1178 1177 1174 1177 1175 1179 1169 1168 1178 1169 1179 1173 1170 1171 1168 1170 1173 1190 1191 1192 1193 1194 1195 1196 1197 1198 1199 1200 1201 1202 1203 1204 1205 1206 1207 1206 1205 1208 1209 1210 1207 1205 1207 1210 1211 1210 1209 1208 1199 1201 1201 1206 1208 1204 1203 1200 1204 1200 1199 1202 1194 1193 1202 1193 1203 1195 1197 1196 1194 1197 1195 1190 1198 1191 1196 1198 1190 1212 1213 1214 1215 1216 1217 1218 1219 1220 1212 1214 1221 1219 1222 1223 1224 1225 1226 1222 1219 1218 1227 1228 1229 1222 1230 1223 1231 1227 1229 1232 1233 1234 1235 1236 1237 1238 1239 1240 1241 1242 1243 1241 1244 1245 1241 1243 1246 1241 1247 1244 1237 1248 1249 1250 1248 1237 1251 1237 1252 1237 1249 1253 1252 1237 1253 1254 1241 1246 1255 1250 1237 1256 1257 1258 1238 1259 1239 1241 1245 1242 1260 1261 1262 1263 1264 1265 1266 1267 1261 1268 1269 1266 1270 1269 1268 1271 1257 1256 1217 1272 1273 1256 1274 1271 1236 1275 1276 1277 1278 1279 1234 1223 1230 1276 1280 1281 1282 1283 1284 1285 1286 1287 1288 1289 1282 1290 1291 1292 1218 1293 1294 1295 1224 1290 1225 1224 1296 1297 1298 1299 1300 1218 1220 1301 1302 1294 1303 1304 1305 1266 1269 1291 1268 1306 1307 1268 1307 1270 1267 1266 1308 1262 1261 1267 1309 1310 1311 1312 1313 1314 1315 1316 1317 1313 1318 1319 1320 1321 1322 1264 1318 1323 1324 1325 1326 1263 1327 1264 1327 1328 1264 1265 1264 1323 1329 1326 1330 1324 1331 1332 1318 1264 1319 1333 1334 1335 1336 1324 1337 1321 1320 1338 1324 1339 1340 1336 1339 1324 1324 1341 1342 1340 1341 1324 1326 1343 1344 1342 1325 1324 1321 1338 1345 1346 1343 1345 1266 1291 1308 1347 1348 1305 1291 1290 1308 1295 1290 1349 1349 1290 1292 1296 1224 1295 1350 1351 1226 1226 1225 1350 1352 1221 1351 1352 1351 1350 1214 1213 1297 1221 1214 1351 1298 1297 1213 1300 1220 1299 1220 1297 1299 1293 1218 1300 1301 1294 1353 1353 1294 1293 1302 1354 1303 1303 1294 1302 1304 1303 1354 1355 1356 1305 1355 1305 1304 1347 1305 1356 1348 1357 1358 1357 1348 1359 1359 1348 1347 1358 1287 1286 1287 1358 1357 1360 1286 1285 1361 1360 1362 1360 1361 1286 1278 1361 1279 1362 1279 1361 1277 1363 1278 1306 1278 1364 1363 1364 1278 1365 1306 1366 1306 1364 1366 1307 1306 1365 1367 1368 1369 1236 1255 1237 1272 1217 1256 1258 1272 1256 1216 1239 1217 1273 1215 1217 1217 1239 1259 1370 1237 1241 1254 1246 1240 1239 1254 1240 1241 1254 1370 1235 1237 1370 1371 1236 1372 1371 1255 1236 1372 1236 1276 1227 1276 1373 1275 1280 1276 1281 1373 1276 1227 1374 1375 1373 1374 1227 1227 1376 1228 1375 1376 1227 1377 1233 1378 1379 1231 1380 1231 1379 1227 1379 1381 1382 1380 1381 1379 1230 1383 1384 1230 1379 1385 1382 1385 1379 1230 1385 1383 1384 1234 1230 1223 1234 1233 1232 1378 1233 1377 1386 1387 1378 1386 1377 1368 1377 1388 1387 1388 1377 1369 1368 1389 1368 1388 1389 1368 1367 1256 1274 1256 1367 1390 1391 1392 1393 1394 1335 1343 1346 1395 1321 1345 1343 1326 1329 1343 1343 1395 1344 1332 1264 1324 1325 1330 1326 1326 1331 1324 1319 1264 1332 1314 1313 1319 1335 1396 1314 1314 1396 1312 1335 1397 1393 1335 1314 1397 1394 1333 1335 1282 1334 1398 1334 1282 1335 1399 1282 1284 1398 1283 1282 1399 1288 1282 1400 1289 1288 1260 1316 1401 1289 1402 1309 1402 1289 1400 1309 1403 1310 1402 1403 1309 1311 1317 1309 1311 1315 1317 1262 1316 1260 1316 1262 1317 1260 1404 1405 1401 1404 1260 1406 1391 1405 1260 1405 1391 1390 1407 1391 1391 1406 1392 1408 1321 1407 1391 1407 1321 1322 1321 1409 1321 1408 1409 1410 1411 1412 1411 1413 1414 1413 1411 1410 1415 1414 1416 1413 1416 1414 1417 1418 1415 1415 1416 1417 1418 1419 1420 1419 1418 1417 1421 1420 1422 1419 1422 1420 1423 1424 1421 1421 1422 1423 1424 1425 1426 1425 1424 1423 1427 1426 1428 1425 1428 1426 1429 1430 1427 1427 1428 1429 1410 1412 1431 1432 1433 1431 1431 1412 1432 1433 1434 1435 1434 1433 1432 1436 1435 1437 1434 1437 1435 1438 1439 1436 1436 1437 1438 1439 1440 1441 1440 1439 1438 1442 1441 1443 1440 1443 1441 1444 1445 1442 1442 1443 1444 1445 1446 1447 1446 1445 1444 1446 1448 1447 1447 1448 1449 1450 1451 1452 1453 1454 1455 1456 1453 1455 1457 1451 1458 1451 1450 1458 1453 1451 1459 1451 1457 1459 1459 1454 1453 1460 1461 1462 1463 1461 1464 1465 1466 1467 1463 1462 1461 1468 1469 1467 1467 1469 1465 1461 1460 1467 1467 1460 1468 1470 1471 1472 1473 1474 1475 1473 1476 1474 1472 1477 1470 1474 1478 1475 1479 1480 1481 1482 1483 1484 1485 1486 1487 1488 1489 1490 1471 1491 1492 1490 1493 1494 1495 1496 1494 1495 1497 1498 1496 1495 1498 1497 1495 1499 1500 1501 1502 1481 1480 1503 1504 1505 1506 1480 1507 1503 1508 1503 1507 1509 1474 1510 1482 1474 1509 1511 1512 1513 1478 1474 1514 1505 1504 1514 1515 1471 1470 1477 1516 1511 1513 1517 1518 1519 1477 1472 1501 1483 1520 1521 1495 1522 1523 1524 1479 1523 1479 1525 1495 1494 1493 1525 1479 1526 1495 1493 1527 1495 1527 1522 1493 1490 1489 1471 1515 1491 1488 1492 1489 1492 1491 1489 1485 1487 1528 1529 1485 1528 1530 1524 1523 1531 1474 1532 1474 1531 1510 1533 1532 1530 1533 1531 1532 1530 1532 1524 1534 1526 1481 1479 1481 1526 1534 1535 1536 1535 1534 1481 1537 1538 1536 1536 1535 1537 1495 1539 1537 1538 1537 1539 1495 1521 1540 1495 1540 1541 1495 1541 1539 1487 1486 1521 1522 1487 1521 1542 1529 1528 1543 1544 1542 1542 1528 1543 1513 1518 1543 1544 1543 1518 1517 1513 1545 1513 1512 1546 1545 1513 1546 1511 1513 1477 1547 1548 1549 1549 1548 1550 1549 1551 1547 1552 1553 1500 1553 1554 1549 1519 1555 1556 1553 1501 1500 1501 1520 1502 1474 1505 1514 1557 1556 1558 1474 1559 1505 1560 1561 1562 1563 1520 1483 1563 1483 1482 1482 1484 1474 1474 1484 1559 1554 1553 1552 1551 1549 1554 1550 1516 1549 1516 1477 1519 1549 1516 1519 1519 1472 1555 1555 1558 1556 1557 1558 1562 1558 1560 1562 1505 1561 1506 1560 1506 1561 1564 1565 1566 1567 1568 1569 1567 1569 1570 1567 1571 1572 1568 1567 1572 1573 1574 1575 1576 1577 1578 1579 1580 1565 1565 1573 1581 1582 1583 1584 1585 1586 1587 1588 1584 1589 1584 1590 1585 1590 1584 1588 1583 1591 1589 1589 1584 1583 1585 1590 1592 1593 1594 1595 1596 1597 1589 1591 1596 1589 1597 1598 1599 1600 1597 1599 1601 1602 1603 1604 1605 1606 1607 1608 1609 1610 1611 1612 1613 1614 1615 1616 1617 1618 1619 1595 1620 1615 1614 1621 1622 1623 1624 1625 1626 1614 1627 1628 1629 1630 1631 1632 1628 1633 1629 1628 1634 1635 1635 1633 1628 1630 1636 1637 1638 1639 1640 1641 1642 1643 1632 1644 1645 1632 1646 1636 1643 1647 1648 1649 1650 1642 1640 1647 1638 1648 1641 1643 1651 1652 1653 1654 1640 1655 1656 1657 1658 1656 1659 1660 1628 1661 1662 1659 1628 1627 1628 1659 1661 1659 1656 1658 1659 1627 1660 1663 1664 1630 1665 1666 1667 1668 1669 1670 1622 1624 1671 1672 1673 1674 1675 1619 1676 1677 1678 1679 1679 1678 1680 1681 1682 1683 1684 1685 1686 1687 1688 1689 1690 1687 1689 1691 1692 1693 1694 1673 1672 1695 1696 1672 1672 1669 1694 1672 1628 1669 1697 1698 1699 1614 1700 1701 1702 1703 1704 1705 1706 1707 1708 1674 1690 1691 1709 1710 1711 1712 1691 1691 1712 1709 1713 1714 1691 1691 1714 1711 1691 1693 1713 1672 1715 1691 1692 1691 1715 1716 1717 1672 1672 1717 1715 1718 1719 1672 1672 1719 1716 1696 1720 1672 1672 1720 1718 1674 1695 1672 1673 1690 1674 1708 1690 1689 1685 1721 1688 1688 1687 1685 1685 1684 1722 1721 1685 1722 1684 1686 1723 1686 1724 1725 1723 1686 1725 1613 1726 1686 1724 1686 1726 1677 1679 1727 1613 1728 1726 1593 1729 1730 1680 1731 1679 1732 1733 1683 1682 1732 1683 1732 1734 1733 1735 1736 1734 1734 1732 1735 1709 1736 1735 1737 1738 1567 1607 1707 1608 1691 1739 1740 1727 1682 1681 1710 1709 1735 1691 1710 1739 1682 1727 1679 1615 1731 1728 1679 1731 1615 1613 1615 1728 1741 1616 1618 1742 1743 1744 1609 1745 1603 1706 1705 1743 1571 1746 1578 1747 1675 1702 1747 1702 1704 1748 1729 1741 1747 1619 1675 1676 1619 1620 1749 1595 1594 1620 1595 1749 1594 1593 1730 1730 1729 1748 1750 1751 1752 1611 1751 1750 1741 1729 1616 1742 1744 1617 1617 1616 1742 1743 1742 1706 1611 1610 1753 1754 1755 1611 1707 1706 1608 1603 1745 1756 1609 1608 1745 1757 1750 1602 1691 1740 1737 1758 1759 1760 1751 1759 1761 1761 1752 1751 1761 1759 1758 1621 1762 1760 1760 1759 1621 1621 1763 1764 1762 1621 1764 1614 1626 1621 1763 1621 1626 1625 1614 1765 1614 1701 1766 1765 1614 1766 1701 1700 1767 1699 1698 1700 1767 1700 1698 1699 1665 1697 1768 1622 1671 1665 1769 1697 1770 1623 1704 1768 1771 1772 1663 1773 1664 1774 1775 1658 1658 1657 1774 1651 1653 1775 1774 1651 1775 1651 1654 1776 1652 1651 1776 1655 1640 1639 1651 1640 1654 1640 1648 1647 1642 1641 1649 1632 1650 1644 1642 1650 1632 1632 1636 1630 1646 1632 1645 1631 1630 1664 1663 1768 1772 1772 1773 1663 1671 1771 1768 1624 1623 1777 1703 1770 1704 1623 1770 1777 1778 1703 1779 1778 1770 1703 1769 1667 1779 1779 1703 1769 1666 1665 1780 1769 1665 1667 1665 1668 1781 1780 1665 1781 1628 1782 1669 1665 1669 1668 1669 1782 1783 1669 1783 1670 1784 1785 1628 1628 1785 1782 1662 1784 1628 1786 1787 1788 1789 1600 1790 1564 1579 1565 1598 1597 1596 1789 1597 1600 1790 1791 1787 1787 1789 1790 1791 1788 1787 1788 1792 1793 1786 1788 1793 1788 1565 1580 1792 1788 1580 1756 1794 1601 1565 1574 1573 1566 1565 1581 1576 1575 1577 1573 1575 1576 1691 1737 1567 1578 1746 1576 1795 1746 1567 1571 1567 1746 1796 1797 1567 1567 1797 1795 1567 1738 1796 1737 1740 1798 1740 1611 1753 1798 1740 1753 1799 1757 1602 1755 1612 1611 1754 1750 1757 1754 1611 1750 1601 1799 1602 1601 1603 1756 1606 1605 1794 1794 1756 1606 1605 1604 1800 1587 1801 1604 1800 1604 1801 1585 1592 1586 1587 1586 1801 1802 1803 1804 1805 1806 1807 1808 1809 1810 1811 1812 1813 1814 1815 1816 1817 1818 1819 1820 1821 1822 1823 1824 1825 1826 1827 1828 1829 1830 1831 1832 1833 1834 1835 1836 1837 1838 1839 1840 1841 1842 1843 1844 1845 1846 1847 1848 1849 1850 1851 1852 1853 1854 1855 1856 1857 1858 1859 1857 1860 1856 1861 1862 1861 1856 1858 1863 1864 1862 1862 1861 1863 1865 1864 1866 1863 1866 1864 1865 1867 1868 1867 1865 1866 1869 1870 1868 1868 1867 1869 1871 1870 1872 1869 1872 1870 1871 1873 1874 1873 1871 1872 1875 1807 1874 1874 1873 1875 1859 1860 1852 1875 1805 1807 1857 1859 1858 1853 1851 1850 1850 1852 1860 1845 1855 1854 1855 1851 1853 1844 1846 1849 1845 1854 1846 1848 1847 1838 1844 1849 1848 1839 1842 1840 1847 1839 1838 1843 1834 1841 1842 1841 1840 1835 1833 1832 1832 1834 1843 1827 1837 1836 1837 1833 1835 1826 1828 1831 1827 1836 1828 1830 1829 1820 1826 1831 1830 1821 1824 1822 1829 1821 1820 1825 1816 1823 1824 1823 1822 1817 1815 1814 1814 1816 1825 1809 1819 1818 1819 1815 1817 1808 1810 1811 1809 1818 1810 1813 1812 1804 1808 1811 1813 1802 1806 1803 1812 1802 1804 1805 1803 1806 1876 1877 1878 1879 1880 1881 1882 1883 1884 1885 1886 1887 1888 1889 1890 1891 1892 1893 1894 1895 1896 1897 1898 1899 1900 1901 1902 1903 1904 1905 1906 1907 1908 1909 1910 1911 1912 1913 1914 1915 1916 1917 1918 1919 1920 1921 1922 1923 1924 1925 1926 1927 1928 1929 1930 1931 1932 1933 1931 1934 1930 1932 1935 1935 1936 1937 1937 1930 1935 1938 1939 1936 1937 1936 1939 1940 1938 1941 1938 1940 1939 1941 1942 1943 1943 1940 1941 1944 1945 1942 1943 1942 1945 1946 1944 1947 1944 1946 1945 1947 1948 1949 1949 1946 1947 1879 1950 1948 1949 1948 1950 1926 1933 1934 1879 1881 1950 1931 1933 1932 1927 1925 1924 1924 1926 1934 1919 1929 1928 1929 1925 1927 1918 1920 1923 1919 1928 1920 1922 1921 1912 1918 1923 1922 1913 1916 1914 1921 1913 1912 1917 1908 1915 1916 1915 1914 1909 1907 1906 1906 1908 1917 1901 1911 1910 1911 1907 1909 1900 1902 1905 1901 1910 1902 1904 1903 1894 1900 1905 1904 1895 1898 1896 1903 1895 1894 1899 1890 1897 1898 1897 1896 1891 1889 1888 1888 1890 1899 1883 1893 1892 1893 1889 1891 1882 1884 1885 1883 1892 1884 1887 1886 1878 1882 1885 1887 1876 1880 1877 1886 1876 1878 1879 1877 1880 1951 1952 1953 1954 1955 1956 1957 1958 1959 1960 1961 1962 1963 1964 1965 1966 1967 1968 1969 1970 1971 1972 1973 1974 1975 1976 1977 1978 1979 1980 1981 1982 1983 1984 1985 1986 1987 1988 1989 1990 1991 1992 1993 1994 1995 1996 1997 1998 1999 2000 2001 2002 2003 2004 2005 2006 2007 2008 2006 2009 2005 2010 2011 2010 2005 2007 2012 2013 2011 2011 2010 2012 2014 2013 2015 2012 2015 2013 2014 2016 2017 2016 2014 2015 2018 2019 2017 2017 2016 2018 2020 2019 2021 2018 2021 2019 2020 2022 2023 2022 2020 2021 2024 1956 2023 2023 2022 2024 2008 2009 2001 2024 1954 1956 2006 2008 2007 2002 2000 1999 1999 2001 2009 1994 2004 2003 2004 2000 2002 1993 1995 1998 1994 2003 1995 1997 1996 1987 1993 1998 1997 1988 1991 1989 1996 1988 1987 1992 1983 1990 1991 1990 1989 1984 1982 1981 1981 1983 1992 1976 1986 1985 1986 1982 1984 1975 1977 1980 1976 1985 1977 1979 1978 1969 1975 1980 1979 1970 1973 1971 1978 1970 1969 1974 1965 1972 1973 1972 1971 1966 1964 1963 1963 1965 1974 1958 1968 1967 1968 1964 1966 1957 1959 1960 1958 1967 1959 1962 1961 1953 1957 1960 1962 1951 1955 1952 1961 1951 1953 1954 1952 1955 2025 2026 2027 2028 2029 2030 2031 2032 2033 2034 2035 2036 2037 2038 2039 2040 2041 2042 2041 2043 2044 2043 2045 2046 2047 2037 2040 2039 2048 2049 2032 2050 2045 2051 2033 2052 2049 2053 2034 2035 2054 2055 2051 2056 2027 2054 2057 2058 2059 2057 2030 2060 2061 2026 2062 2063 2064 2065 2066 2067 2068 2069 2070 2028 2068 2071 2072 2073 2074 2075 2076 2069 2077 2078 2079 2080 2075 2081 2081 2082 2083 2084 2085 2086 2083 2087 2088 2089 2084 2086 2090 2089 2086 2061 2065 2067 2089 2090 2091 2078 2077 2085 2085 2084 2078 2092 2093 2094 2095 2096 2097 2087 2091 2088 2091 2090 2088 2082 2087 2083 2080 2081 2083 2076 2075 2080 2070 2069 2076 2071 2068 2070 2029 2028 2071 2059 2030 2029 2058 2057 2059 2055 2054 2058 2036 2035 2055 2053 2035 2034 2048 2053 2049 2038 2048 2039 2047 2038 2037 2042 2047 2040 2044 2042 2041 2046 2044 2043 2050 2046 2045 2031 2050 2032 2052 2033 2032 2056 2051 2052 2025 2027 2056 2060 2026 2025 2065 2061 2060 2098 2067 2066 2098 2063 2062 2063 2098 2066 2064 2097 2062 2096 2094 2097 2064 2095 2097 2092 2072 2093 2096 2092 2094 2074 2073 2079 2093 2072 2074 2077 2079 2073 2099 2100 2101 2102 2103 2104 2105 2106 2107 2108 2109 2110 2111 2112 2113 2114 2115 2116 2115 2117 2118 2117 2119 2120 2121 2111 2114 2113 2122 2123 2106 2124 2119 2125 2107 2126 2123 2127 2108 2109 2128 2129 2125 2130 2101 2128 2131 2132 2133 2131 2104 2134 2135 2100 2136 2137 2138 2139 2140 2141 2142 2143 2144 2102 2142 2145 2146 2147 2148 2149 2150 2143 2151 2152 2153 2154 2149 2155 2155 2156 2157 2158 2159 2160 2157 2161 2162 2163 2158 2160 2164 2163 2160 2135 2139 2141 2163 2164 2165 2152 2151 2159 2159 2158 2152 2166 2167 2168 2169 2170 2171 2161 2165 2162 2165 2164 2162 2156 2161 2157 2154 2155 2157 2150 2149 2154 2144 2143 2150 2145 2142 2144 2103 2102 2145 2133 2104 2103 2132 2131 2133 2129 2128 2132 2110 2109 2129 2127 2109 2108 2122 2127 2123 2112 2122 2113 2121 2112 2111 2116 2121 2114 2118 2116 2115 2120 2118 2117 2124 2120 2119 2105 2124 2106 2126 2107 2106 2130 2125 2126 2099 2101 2130 2134 2100 2099 2139 2135 2134 2172 2141 2140 2172 2137 2136 2137 2172 2140 2138 2171 2136 2170 2168 2171 2138 2169 2171 2166 2146 2167 2170 2166 2168 2148 2147 2153 2167 2146 2148 2151 2153 2147 2173 2174 2175 2176 2177 2178 2179 2180 2181 2182 2183 2184 2185 2186 2187 2188 2189 2185 2190 2189 2188 2189 2190 2191 2188 2185 2187 2192 2187 2186 2180 2191 2190 2181 2193 2194 2186 2183 2192 2195 2196 2197 2193 2198 2199 2200 2201 2202 2203 2204 2205 2206 2207 2208 2209 2210 2211 2212 2213 2211 2210 2214 2215 2216 2217 2218 2215 2219 2220 2218 2221 2222 2220 2223 2224 2222 2225 2226 2226 2227 2228 2229 2230 2231 2232 2233 2228 2234 2229 2235 2235 2236 2237 2238 2239 2233 2236 2239 2240 2241 2242 2224 2243 2230 2242 2244 2207 2245 2244 2246 2198 2216 2178 2177 2179 2191 2180 2194 2179 2181 2199 2194 2193 2246 2199 2198 2245 2246 2244 2206 2245 2207 2213 2212 2208 2212 2206 2208 2209 2211 2213 2214 2210 2209 2219 2215 2214 2223 2220 2219 2241 2224 2223 2243 2242 2241 2231 2230 2243 2234 2230 2229 2237 2234 2235 2240 2237 2236 2238 2240 2239 2232 2238 2233 2227 2232 2228 2225 2227 2226 2221 2225 2222 2217 2221 2218 2177 2217 2216 2176 2178 2205 2202 2204 2203 2204 2176 2205 2174 2201 2200 2200 2202 2203 2175 2197 2173 2174 2173 2201 2195 2247 2196 2175 2195 2197 2182 2184 2247 2196 2247 2184 2183 2182 2192 2248 2249 2250 2251 2252 2253 2249 2254 2250 2255 2256 2257 2258 2259 2260 2261 2260 2259 2262 2260 2261 2263 2264 2265 2266 2267 2268 2261 2269 2262 2253 2270 2271 2272 2273 2274 2275 2276 2277 2278 2279 2271 2280 2281 2282 2283 2284 2285 2286 2284 2287 2288 2284 2283 2287 2284 2289 2290 2253 2291 2253 2252 2292 2253 2293 2291 2290 2251 2253 2281 2294 2284 2279 2293 2253 2280 2295 2281 2284 2286 2285 2296 2297 2298 2299 2300 2301 2302 2277 2296 2300 2299 2303 2304 2305 2306 2307 2308 2304 2309 2310 2311 2311 2310 2307 2312 2313 2314 2298 2297 2315 2316 2317 2318 2319 2315 2297 2320 2321 2322 2323 2324 2325 2262 2269 2326 2327 2328 2329 2330 2331 2259 2332 2333 2334 2256 2255 2334 2335 2336 2337 2338 2258 2337 2331 2339 2340 2341 2342 2343 2307 2310 2328 2311 2344 2345 2311 2345 2309 2308 2307 2346 2305 2304 2308 2347 2348 2349 2272 2274 2350 2351 2352 2353 2354 2355 2347 2356 2351 2353 2357 2358 2359 2299 2356 2360 2301 2361 2299 2362 2363 2364 2303 2299 2360 2364 2351 2299 2365 2366 2367 2368 2369 2370 2357 2371 2358 2362 2372 2373 2362 2374 2372 2362 2375 2376 2373 2375 2362 2362 2377 2378 2376 2377 2362 2379 2380 2381 2366 2381 2382 2371 2379 2358 2383 2343 2340 2328 2327 2346 2346 2307 2328 2332 2334 2327 2332 2327 2329 2256 2334 2333 2384 2385 2255 2255 2257 2384 2386 2254 2385 2386 2385 2384 2249 2248 2335 2254 2249 2385 2336 2335 2248 2258 2335 2337 2330 2259 2338 2259 2258 2338 2339 2331 2387 2387 2331 2330 2388 2389 2340 2388 2340 2339 2383 2340 2389 2341 2343 2390 2390 2343 2383 2391 2392 2324 2393 2391 2342 2393 2342 2341 2391 2324 2342 2394 2323 2325 2325 2324 2392 2323 2395 2317 2395 2323 2394 2317 2396 2318 2395 2396 2317 2318 2397 2316 2344 2316 2398 2397 2398 2316 2399 2344 2400 2344 2398 2400 2345 2344 2399 2401 2402 2403 2404 2370 2369 2381 2380 2405 2358 2379 2381 2382 2367 2366 2381 2405 2382 2362 2364 2299 2378 2367 2362 2378 2365 2367 2367 2363 2362 2356 2299 2351 2352 2406 2407 2406 2352 2351 2370 2406 2368 2407 2406 2370 2408 2370 2404 2322 2408 2409 2408 2322 2370 2410 2322 2321 2409 2320 2322 2322 2273 2272 2273 2322 2410 2411 2306 2412 2272 2413 2348 2413 2272 2350 2348 2414 2349 2413 2414 2348 2354 2347 2349 2306 2305 2355 2355 2305 2347 2306 2355 2412 2402 2306 2415 2411 2415 2306 2403 2402 2416 2402 2415 2416 2401 2417 2402 2418 2358 2417 2402 2417 2358 2359 2358 2419 2358 2418 2419 2420 2421 2422 2262 2423 2424 2277 2302 2425 2297 2296 2277 2277 2276 2295 2277 2425 2275 2295 2276 2281 2253 2284 2270 2288 2281 2284 2282 2281 2288 2284 2294 2270 2279 2253 2271 2278 2313 2426 2313 2278 2271 2426 2313 2312 2266 2312 2427 2428 2427 2312 2314 2428 2312 2266 2429 2430 2427 2429 2266 2266 2431 2267 2430 2431 2266 2432 2266 2268 2424 2433 2434 2265 2432 2435 2432 2265 2266 2265 2436 2437 2435 2436 2265 2438 2326 2269 2437 2263 2265 2269 2264 2438 2265 2264 2269 2326 2423 2262 2423 2433 2424 2434 2439 2440 2433 2439 2434 2422 2434 2441 2440 2441 2434 2420 2422 2442 2422 2441 2442 2422 2421 2297 2319 2297 2421 2443 2444 2445 2444 2446 2447 2446 2444 2443 2448 2447 2449 2446 2449 2447 2450 2451 2448 2448 2449 2450 2451 2452 2453 2452 2451 2450 2454 2453 2455 2452 2455 2453 2456 2457 2454 2454 2455 2456 2457 2458 2459 2458 2457 2456 2460 2459 2461 2458 2461 2459 2462 2463 2460 2460 2461 2462 2443 2445 2464 2465 2466 2464 2464 2445 2465 2466 2467 2468 2467 2466 2465 2469 2468 2470 2467 2470 2468 2471 2472 2469 2469 2470 2471 2472 2473 2474 2473 2472 2471 2475 2474 2476 2473 2476 2474 2477 2478 2475 2475 2476 2477 2478 2479 2480 2479 2478 2477 2479 2481 2480 2480 2481 2482 2483 2484 2485 2486 2487 2488 2489 2490 2491 2492 2493 2494 2495 2496 2497 2498 2499 2500 2501 2502 2503 2504 2505 2506 2507 2508 2509 2510 2511 2512 2513 2514 2515 2516 2517 2518 2519 2520 2521 2522 2523 2524 2525 2526 2527 2528 2529 2530 2531 2532 2533 2534 2535 2536 2537 2538 2539 2540 2538 2541 2537 2542 2543 2542 2537 2539 2544 2545 2543 2543 2542 2544 2546 2545 2547 2544 2547 2545 2546 2548 2549 2548 2546 2547 2550 2551 2549 2549 2548 2550 2552 2551 2553 2550 2553 2551 2552 2554 2555 2554 2552 2553 2556 2488 2555 2555 2554 2556 2540 2541 2533 2556 2486 2488 2538 2540 2539 2534 2532 2531 2531 2533 2541 2526 2536 2535 2536 2532 2534 2525 2527 2530 2526 2535 2527 2529 2528 2519 2525 2530 2529 2520 2523 2521 2528 2520 2519 2524 2515 2522 2523 2522 2521 2516 2514 2513 2513 2515 2524 2508 2518 2517 2518 2514 2516 2507 2509 2512 2508 2517 2509 2511 2510 2501 2507 2512 2511 2502 2505 2503 2510 2502 2501 2506 2497 2504 2505 2504 2503 2498 2496 2495 2495 2497 2506 2490 2500 2499 2500 2496 2498 2489 2491 2492 2490 2499 2491 2494 2493 2485 2489 2492 2494 2483 2487 2484 2493 2483 2485 2486 2484 2487 2557 2558 2559 2560 2561 2562 2563 2564 2565 2566 2567 2568 2569 2570 2571 2572 2573 2574 2575 2576 2577 2578 2579 2580 2581 2582 2583 2584 2585 2586 2587 2588 2589 2590 2591 2592 2593 2594 2595 2596 2597 2598 2599 2600 2601 2602 2603 2604 2605 2606 2607 2608 2609 2610 2611 2612 2613 2614 2612 2615 2611 2616 2617 2616 2611 2613 2618 2619 2617 2617 2616 2618 2620 2619 2621 2618 2621 2619 2620 2622 2623 2622 2620 2621 2624 2625 2623 2623 2622 2624 2626 2625 2627 2624 2627 2625 2626 2628 2629 2628 2626 2627 2630 2562 2629 2629 2628 2630 2614 2615 2607 2630 2560 2562 2612 2614 2613 2608 2606 2605 2605 2607 2615 2600 2610 2609 2610 2606 2608 2599 2601 2604 2600 2609 2601 2603 2602 2593 2599 2604 2603 2594 2597 2595 2602 2594 2593 2598 2589 2596 2597 2596 2595 2590 2588 2587 2587 2589 2598 2582 2592 2591 2592 2588 2590 2581 2583 2586 2582 2591 2583 2585 2584 2575 2581 2586 2585 2576 2579 2577 2584 2576 2575 2580 2571 2578 2579 2578 2577 2572 2570 2569 2569 2571 2580 2564 2574 2573 2574 2570 2572 2563 2565 2566 2564 2573 2565 2568 2567 2559 2563 2566 2568 2557 2561 2558 2567 2557 2559 2560 2558 2561 2631 2632 2633 2634 2635 2636 2637 2638 2639 2640 2641 2642 2643 2644 2645 2646 2647 2648 2649 2650 2651 2652 2653 2654 2655 2656 2657 2658 2659 2660 2661 2662 2663 2664 2665 2666 2667 2668 2669 2670 2671 2672 2673 2674 2675 2676 2677 2678 2679 2680 2681 2682 2683 2684 2685 2686 2687 2688 2686 2689 2685 2690 2691 2690 2685 2687 2692 2693 2691 2691 2690 2692 2694 2693 2695 2692 2695 2693 2694 2696 2697 2696 2694 2695 2698 2699 2697 2697 2696 2698 2700 2699 2701 2698 2701 2699 2700 2702 2703 2702 2700 2701 2704 2636 2703 2703 2702 2704 2688 2689 2681 2704 2634 2636 2686 2688 2687 2682 2680 2679 2679 2681 2689 2674 2684 2683 2684 2680 2682 2673 2675 2678 2674 2683 2675 2677 2676 2667 2673 2678 2677 2668 2671 2669 2676 2668 2667 2672 2663 2670 2671 2670 2669 2664 2662 2661 2661 2663 2672 2656 2666 2665 2666 2662 2664 2655 2657 2660 2656 2665 2657 2659 2658 2649 2655 2660 2659 2650 2653 2651 2658 2650 2649 2654 2645 2652 2653 2652 2651 2646 2644 2643 2643 2645 2654 2638 2648 2647 2648 2644 2646 2637 2639 2640 2638 2647 2639 2642 2641 2633 2637 2640 2642 2631 2635 2632 2641 2631 2633 2634 2632 2635 2705 2706 2707 2708 2709 2710 2711 2712 2713 2714 2715 2716 2717 2718 2719 2720 2721 2722 2718 2723 2724 2723 2718 2717 2725 2724 2726 2723 2726 2724 2721 2720 2719 2720 2717 2719 2713 2712 2722 2713 2722 2721 2711 2715 2714 2711 2714 2712 2716 2706 2705 2715 2706 2716 2710 2707 2708 2705 2707 2710 2727 2728 2729 2729 2730 2727 2731 2732 2733 2734 2735 2736 2737 2738 2739 2740 2741 2742 2743 2744 2745 2746 2747 2748 2747 2746 2749 2750 2751 2748 2746 2748 2751 2752 2751 2750 2749 2740 2742 2742 2747 2749 2745 2744 2741 2745 2741 2740 2743 2735 2734 2743 2734 2744 2736 2738 2737 2735 2738 2736 2731 2739 2732 2737 2739 2731 2753 2754 2755 2755 2756 2753 2757 2758 2759 2760 2761 2758 2759 2758 2761 2762 2760 2763 2760 2762 2761 2763 2764 2765 2765 2762 2763 2766 2767 2764 2765 2764 2767 2768 2766 2769 2766 2768 2767 2769 2770 2771 2771 2768 2769 2772 2773 2770 2771 2770 2773 2774 2772 2775 2772 2774 2773 2776 2774 2775 2776 2775 2777 2759 2778 2757 2779 2778 2780 2778 2779 2757 2780 2781 2782 2782 2779 2780 2783 2784 2781 2782 2781 2784 2785 2783 2786 2783 2785 2784 2786 2787 2788 2788 2785 2786 2789 2790 2787 2788 2787 2790 2791 2789 2792 2789 2791 2790 2792 2793 2794 2794 2791 2792 2794 2793 2795 2793 2796 2795 2797 2798 2799 2799 2800 2797 2801 2802 2803 2804 2805 2806 2807 2808 2809 2810 2811 2812 2813 2814 2815 2816 2817 2818 2814 2819 2820 2819 2814 2813 2821 2820 2822 2819 2822 2820 2816 2813 2815 2809 2818 2817 2817 2816 2815 2807 2810 2808 2809 2808 2818 2811 2802 2812 2807 2811 2810 2801 2803 2806 2812 2802 2801 2804 2806 2803 2823 2824 2825 2825 2826 2823 2827 2828 2829 2830 2831 2832 2833 2834 2835 2836 2837 2838 2839 2840 2841 2842 2843 2844 2843 2842 2845 2846 2847 2844 2842 2844 2847 2848 2847 2846 2845 2836 2838 2838 2843 2845 2841 2840 2837 2841 2837 2836 2839 2831 2830 2839 2830 2840 2832 2834 2833 2831 2834 2832 2827 2835 2828 2833 2835 2827 2849 2850 2851 2852 2853 2854 2852 2854 2855 2852 2856 2857 2853 2852 2857 2858 2859 2860 2861 2862 2863 2864 2865 2850 2850 2858 2866 2867 2868 2869 2870 2871 2872 2869 2868 2873 2869 2874 2870 2874 2869 2875 2873 2868 2876 2869 2873 2875 2870 2874 2877 2878 2879 2880 2881 2873 2882 2876 2882 2873 2883 2881 2884 2885 2883 2884 2886 2887 2888 2889 2890 2891 2892 2893 2894 2895 2896 2897 2898 2899 2900 2901 2880 2902 2903 2904 2905 2906 2907 2908 2909 2897 2910 2911 2912 2913 2914 2915 2916 2912 2917 2913 2912 2918 2919 2919 2917 2912 2914 2920 2921 2922 2923 2924 2925 2926 2927 2916 2928 2929 2930 2920 2914 2927 2931 2932 2933 2934 2926 2924 2931 2922 2932 2925 2927 2935 2936 2937 2938 2924 2939 2940 2941 2942 2940 2943 2944 2912 2945 2946 2943 2912 2911 2912 2943 2945 2943 2940 2942 2943 2911 2944 2947 2948 2914 2949 2950 2951 2952 2953 2954 2906 2908 2955 2956 2957 2958 2959 2960 2961 2962 2901 2963 2964 2965 2966 2967 2968 2896 2969 2970 2966 2970 2959 2966 2971 2959 2970 2972 2973 2974 2975 2973 2972 2972 2974 2976 2972 2953 2975 2972 2912 2953 2977 2978 2979 2910 2980 2981 2982 2983 2984 2965 2964 2985 2960 2959 2971 2986 2987 2958 2965 2969 2966 2988 2989 2964 2964 2989 2985 2968 2964 2896 2964 2968 2988 2990 2898 2900 2991 2967 2895 2900 2899 2992 2993 2990 2994 2995 2994 2996 2878 2997 2998 2999 3000 3001 2996 2994 3002 3002 3003 2996 3004 3005 3003 3004 3003 3002 3006 3004 3007 3005 3004 3006 3008 3009 3010 3011 3006 3009 3012 3013 3009 3009 3013 3011 3014 3015 3009 3009 3015 3012 3009 3008 3014 2972 3016 3009 3010 3009 3016 3017 3018 2972 2972 3018 3016 3019 3020 2972 2972 3020 3017 2976 3021 2972 2972 3021 3019 2974 2973 2961 2960 3022 2961 2961 3022 2974 2852 3009 3023 3009 3024 3025 2993 2994 2995 3006 3007 3009 3009 3007 3024 2900 2994 2990 2991 2895 2900 2992 2991 2900 2967 2896 2895 2999 3001 3026 3027 3028 3029 3030 3031 2888 2987 2986 3028 2856 3032 2863 3033 2962 2982 3033 2982 2984 3034 2997 3000 3033 2901 2962 2963 2901 2902 3035 2880 2879 2902 2880 3035 2879 2878 2998 2998 2997 3034 3036 3037 3038 2893 3037 3036 3000 2997 3001 3026 3001 3027 3028 3027 2987 3026 3027 3029 3025 2893 2892 3030 2957 2956 2958 2987 2956 2888 3031 3039 3030 2956 3031 3040 2887 3041 3023 3009 3025 3042 3043 3044 3037 3043 3045 3045 3038 3037 3045 3043 3042 2904 3046 3044 3044 3043 2904 2897 2905 2904 3046 2904 2903 2896 2910 2897 2897 2904 2895 2909 2910 3047 2910 2981 3048 3047 2910 3048 2981 2980 3049 2979 2978 2980 3049 2980 2978 2979 2949 2977 3050 2906 2955 2949 3051 2977 3052 3053 3054 3055 2885 3056 2849 2864 2850 2883 2873 2881 3055 2883 2885 3056 3057 3053 3053 3055 3056 3057 3054 3053 3054 3058 3059 3052 3054 3059 3054 2850 2865 3058 3054 2865 3039 3060 2886 2850 2859 2858 2851 2850 2866 2861 2860 2862 2858 2860 2861 3061 2852 3023 2863 3032 2861 3062 3032 2852 2856 2852 3032 3063 3064 2852 2852 3064 3062 2852 3061 3063 3023 3025 3065 3066 3025 2892 3065 3025 3066 3067 2893 3068 3067 2894 2893 2887 3040 3036 3068 3036 3040 3068 2893 3036 2887 2886 3041 2886 2888 3039 2891 2890 3060 3060 3039 2891 2890 2889 3069 2872 3070 2889 3069 2889 3070 2870 2877 2871 2872 2871 3070 3071 2907 2984 3050 3072 3073 2947 3074 2948 3075 3076 2942 2942 2941 3075 2935 2937 3076 3075 2935 3076 2935 2938 3077 2936 2935 3077 2939 2924 2923 2935 2924 2938 2924 2932 2931 2926 2925 2933 2916 2934 2928 2926 2934 2916 2930 2914 2916 2930 2916 2929 2915 2914 2948 2947 3050 3073 3073 3074 2947 2955 3072 3050 2908 2907 3078 2983 3071 2984 2907 3071 3078 2983 3051 3079 3079 3071 2983 3051 2951 3080 3079 3051 3080 2950 2949 3081 3051 2949 2951 2949 2952 3082 3081 2949 3082 2912 3083 2953 2949 2953 2952 2953 3083 3084 2953 3084 2954 3085 3086 2912 2912 3086 3083 2946 3085 2912 3087 3088 3089 3087 3090 3088 3088 3091 3092 3090 3091 3088 3092 3093 3088 3087 3089 3094 3089 3095 3096 3089 3096 3094 3097 3098 3099 3098 3097 3100 3098 3101 3099 3100 3102 3098 3101 3103 3104 3099 3101 3104 3101 3105 3106 3103 3101 3106 3107 3108 3109 3110 3111 3112 3113 3111 3110 3109 3114 3107 3115 3113 3110 3116 3117 3118 3119 3120 3121 3122 3123 3124 3125 3126 3127 3108 3128 3129 3127 3130 3131 3132 3133 3131 3134 3132 3135 3132 3136 3137 3133 3132 3137 3136 3132 3138 3139 3140 3141 3118 3117 3142 3143 3144 3145 3117 3146 3142 3147 3142 3146 3148 3119 3110 3110 3149 3150 3151 3152 3153 3115 3110 3154 3144 3143 3154 3155 3108 3107 3114 3156 3151 3157 3153 3158 3159 3114 3109 3154 3110 3144 3160 3116 3161 3161 3162 3160 3132 3163 3122 3132 3131 3130 3116 3118 3161 3132 3130 3164 3132 3164 3163 3130 3127 3126 3108 3155 3128 3125 3129 3126 3129 3128 3126 3165 3166 3167 3168 3123 3169 3170 3168 3169 3171 3110 3150 3171 3148 3110 3172 3150 3149 3173 3160 3162 3173 3149 3160 3173 3172 3149 3174 3118 3175 3118 3174 3161 3176 3175 3177 3176 3174 3175 3178 3134 3177 3177 3175 3178 3179 3132 3122 3178 3132 3134 3132 3179 3180 3132 3180 3135 3163 3123 3122 3124 3123 3168 3157 3181 3170 3170 3169 3157 3157 3158 3182 3181 3157 3182 3158 3153 3183 3153 3152 3184 3183 3153 3184 3151 3153 3114 3185 3186 3187 3187 3186 3188 3187 3189 3185 3190 3189 3187 3167 3140 3165 3165 3140 3139 3191 3159 3192 3193 3191 3194 3144 3110 3195 3141 3140 3120 3196 3197 3198 3199 3141 3120 3199 3120 3119 3119 3121 3110 3110 3121 3195 3190 3167 3166 3187 3167 3190 3188 3156 3187 3156 3114 3159 3187 3156 3159 3159 3109 3192 3192 3194 3191 3193 3194 3198 3194 3196 3198 3144 3197 3145 3196 3145 3197 3200 3201 3202 3203 3201 3204 3200 3204 3201 3203 3205 3206 3205 3203 3204 3206 3205 3207 3208 3200 3202 3208 3209 3210 3209 3208 3202 3211 3212 3210 3210 3209 3211 3211 3213 3212 3214 3215 3216 3217 3218 3219 3220 3221 3222 3223 3224 3225 3226 3225 3227 3218 3217 3228 3221 3220 3223 3226 3227 3228 3217 3226 3228 3225 3224 3227 3223 3220 3224 3221 3216 3222 3214 3229 3215 3216 3215 3222 3230 3231 3232 3233 3234 3235 3236 3237 3238 3237 3239 3238 3233 3236 3240 3241 3242 3243 3244 3243 3242 3241 3243 3245 3242 3235 3244 3234 3233 3240 3244 3235 3234 3240 3236 3238 3230 3239 3237 3230 3232 3239 3246 3247 3248 3247 3249 3248 3250 3251 3252 3251 3250 3249 3252 3253 3250 3254 3255 3248 3256 3257 3258 3259 3258 3260 3254 3258 3257 3259 3260 3261 3249 3247 3262 3247 3263 3262 3249 3262 3251 3262 3263 3264 3250 3253 3265 3265 3253 3266 3263 3267 3266 3265 3266 3267 3263 3266 3264 3258 3259 3268 3269 3270 3271 3258 3268 3256 3270 3268 3259 3255 3254 3257 3248 3255 3269 3271 3246 3269 3248 3269 3246 3259 3271 3270 3272 3273 3274 3275 3273 3276 3272 3276 3273 3275 3277 3278 3277 3275 3276 3278 3277 3279 3280 3272 3274 3280 3281 3282 3281 3280 3274 3283 3284 3282 3282 3281 3283 3283 3285 3284 3286 3287 3288 3289 3290 3288 3288 3287 3289 3291 3290 3292 3289 3292 3290 3293 3291 3292 3294 3287 3286 3294 3295 3296 3295 3294 3286 3297 3298 3296 3296 3295 3297 3297 3299 3298 3300 3301 3302 3303 3300 3302 3303 3302 3304 3301 3300 3305 3305 3306 3301 3301 3306 3307 3308 3309 3310 3310 3311 3312 3312 3308 3310 3313 3314 3311 3312 3311 3314 3315 3313 3316 3313 3315 3314 3316 3317 3318 3318 3315 3316 3319 3320 3317 3318 3317 3320 3321 3319 3322 3319 3321 3320 3322 3323 3324 3324 3321 3322 3325 3326 3323 3324 3323 3326 3327 3325 3328 3325 3327 3326 3327 3328 3329 3330 3331 3329 3329 3328 3330 3332 3331 3333 3330 3333 3331 3332 3334 3335 3334 3332 3333 3336 3337 3335 3335 3334 3336 3338 3337 3339 3336 3339 3337 3338 3340 3341 3340 3338 3339 3342 3343 3341 3341 3340 3342 3344 3343 3345 3342 3345 3343 3344 3346 3347 3346 3344 3345 3309 3308 3348 3349 3348 3350 3348 3349 3309 3350 3351 3352 3352 3349 3350 3353 3354 3351 3352 3351 3354 3355 3353 3356 3353 3355 3354 3356 3357 3358 3358 3355 3356 3359 3360 3357 3358 3357 3360 3361 3359 3362 3359 3361 3360 3362 3363 3364 3364 3361 3362 3365 3366 3363 3364 3363 3366 3367 3365 3368 3365 3367 3366 3368 3369 3370 3370 3367 3368 3371 3372 3369 3370 3369 3372 3373 3371 3374 3371 3373 3372 3374 3375 3376 3376 3373 3374 3377 3378 3375 3376 3375 3378 3379 3377 3380 3377 3379 3378 3380 3381 3382 3382 3379 3380 3382 3381 3346 3381 3347 3346 3383 3384 3385 3386 3383 3385 3387 3385 3384 3384 3388 3387 3389 3390 3391 3391 3392 3389 3393 3394 3395 3396 3393 3395 3397 3395 3394 3394 3398 3397 3399 3400 3401 3401 3402 3399 3403 3404 3405 3406 3403 3405 3407 3405 3404 3404 3408 3407 3409 3410 3411 3411 3412 3409 3413 3414 3415 3416 3413 3415 3417 3415 3414 3414 3418 3417 3419 3420 3421 3422 3419 3421 3423 3421 3420 3420 3424 3423 3425 3426 3427 3428 3425 3427 3429 3427 3426 3426 3430 3429 3431 3432 3433 3433 3434 3431 3435 3436 3437 3438 3435 3437 3439 3437 3436 3436 3440 3439 3441 3442 3443 3443 3444 3441 3445 3446 3447 3448 3445 3447 3449 3447 3446 3446 3450 3449 3451 3452 3453 3453 3454 3451 3455 3456 3457 3458 3459 3460 3461 3462 3463 3462 3464 3465 3466 3464 3462 3461 3466 3462 3467 3468 3462 3467 3462 3465 3469 3470 3471 3472 3462 3468 3473 3474 3475 3476 3477 3478 3479 3480 3481 3482 3483 3484 3485 3486 3487 3488 3489 3490 3491 3492 3493 3457 3489 3455 3494 3495 3488 3496 3497 3455 3455 3497 3456 3496 3458 3497 3458 3498 3499 3498 3458 3460 3500 3501 3485 3502 3503 3504 3505 3496 3478 3506 3507 3503 3508 3509 3494 3509 3506 3494 3510 3508 3494 3503 3507 3504 3502 3491 3503 3511 3486 3485 3502 3512 3491 3513 3493 3514 3487 3515 3485 3516 3517 3518 3519 3520 3521 3522 3523 3524 3520 3525 3526 3527 3528 3529 3485 3520 3530 3519 3531 3520 3532 3533 3534 3535 3536 3485 3535 3485 3537 3500 3485 3536 3485 3538 3539 3538 3485 3501 3526 3521 3520 3540 3541 3542 3520 3543 3525 3520 3544 3543 3545 3546 3547 3528 3548 3529 3524 3527 3549 3550 3551 3552 3553 3554 3513 3537 3485 3515 3555 3556 3557 3558 3541 3559 3559 3555 3560 3561 3562 3563 3564 3561 3565 3566 3567 3568 3568 3567 3565 3569 3570 3571 3566 3568 3571 3570 3572 3571 3571 3572 3573 3481 3574 3575 3575 3479 3481 3576 3577 3578 3481 3579 3574 3580 3578 3563 3580 3563 3581 3582 3583 3480 3584 3585 3462 3577 3579 3481 3541 3586 3587 3559 3560 3558 3588 3589 3518 3590 3516 3591 3592 3593 3554 3594 3591 3516 3595 3596 3471 3597 3505 3478 3598 3599 3600 3596 3601 3602 3603 3599 3604 3605 3599 3606 3599 3603 3606 3607 3599 3608 3599 3605 3608 3599 3607 3609 3604 3610 3483 3610 3599 3598 3483 3482 3604 3597 3478 3477 3611 3470 3469 3473 3475 3476 3471 3612 3469 3611 3474 3470 3602 3612 3596 3601 3613 3614 3614 3602 3601 3462 3472 3613 3613 3472 3614 3615 3462 3616 3462 3613 3616 3617 3462 3618 3462 3615 3618 3462 3619 3584 3462 3617 3619 3599 3462 3620 3585 3620 3462 3600 3599 3621 3622 3599 3623 3599 3620 3623 3599 3624 3621 3599 3622 3624 3604 3599 3610 3484 3483 3625 3625 3557 3626 3626 3484 3625 3556 3555 3559 3626 3556 3583 3556 3626 3557 3586 3541 3558 3627 3569 3628 3561 3563 3577 3569 3629 3628 3541 3587 3542 3630 3594 3631 3540 3632 3631 3523 3633 3629 3591 3594 3634 3630 3634 3594 3588 3595 3589 3635 3514 3493 3514 3553 3513 3516 3590 3517 3494 3506 3495 3491 3512 3492 3493 3492 3635 3495 3506 3503 3489 3488 3495 3496 3505 3459 3489 3457 3490 3458 3496 3459 3471 3596 3612 3473 3476 3478 3473 3470 3474 3589 3595 3471 3516 3518 3589 3594 3540 3631 3632 3540 3542 3628 3629 3636 3582 3626 3583 3637 3582 3480 3563 3578 3577 3480 3479 3637 3577 3576 3579 3627 3638 3569 3565 3567 3564 3561 3564 3562 3568 3569 3571 3638 3570 3569 3523 3522 3633 3629 3633 3636 3523 3527 3524 3639 3548 3528 3640 3641 3545 3641 3640 3639 3642 3532 3643 3644 3546 3642 3645 3527 3529 3646 3647 3648 3649 3485 3650 3485 3530 3650 3651 3485 3652 3485 3649 3652 3647 3551 3653 3485 3651 3511 3654 3515 3655 3654 3537 3515 3554 3553 3592 3655 3593 3592 3515 3593 3655 3552 3554 3550 3513 3554 3552 3552 3551 3647 3646 3533 3647 3653 3648 3647 3646 3534 3533 3643 3656 3642 3533 3532 3642 3644 3657 3546 3656 3644 3642 3545 3641 3546 3657 3547 3546 3528 3641 3639 3658 3549 3645 3527 3645 3549 3659 3660 3658 3658 3645 3659 3659 3531 3660 3520 3531 3661 3659 3661 3531 3662 3520 3663 3520 3661 3663 3664 3520 3665 3520 3662 3665 3666 3520 3667 3520 3664 3667 3530 3520 3666 3668 3669 3670 3671 3672 3670 3669 3671 3670 3672 3673 3670 3672 3674 3673 3674 3675 3673 3676 3677 3678 3679 3680 3681 3682 3677 3676 3683 3684 3685 3685 3686 3687 3680 3688 3681 3689 3690 3691 3692 3693 3694 3695 3692 3696 3697 3698 3699 3700 3701 3702 3703 3704 3705 3706 3707 3692 3708 3709 3710 3711 3712 3713 3695 3693 3692 3714 3700 3715 3716 3717 3718 3719 3702 3701 3709 3720 3721 3722 3723 3724 3724 3723 3721 3725 3726 3727 3727 3728 3725 3729 3730 3731 3729 3731 3732 3729 3733 3734 3729 3734 3735 3736 3737 3738 3739 3740 3741 3742 3737 3743 3737 3736 3743 3692 3737 3706 3737 3742 3706 3692 3707 3696 3744 3745 3746 3747 3748 3749 3750 3751 3752 3744 3746 3753 3754 3755 3691 3750 3752 3756 3691 3757 3754 3755 3754 3758 3759 3760 3761 3690 3757 3691 3762 3689 3763 3760 3759 3764 3765 3766 3767 3768 3769 3770 3771 3714 3772 3773 3774 3775 3776 3777 3778 3779 3780 3688 3781 3710 3782 3681 3783 3679 3784 3785 3704 3786 3704 3787 3788 3704 3789 3704 3786 3789 3704 3790 3705 3704 3788 3790 3791 3729 3703 3704 3703 3729 3792 3729 3793 3729 3791 3793 3719 3794 3702 3795 3729 3796 3729 3792 3796 3797 3728 3798 3729 3795 3799 3800 3781 3782 3699 3801 3802 3803 3804 3805 3806 3807 3808 3809 3805 3777 3712 3802 3810 3809 3777 3811 3711 3812 3813 3814 3815 3816 3711 3813 3814 3817 3818 3819 3819 3818 3820 3821 3822 3765 3823 3824 3825 3826 3827 3828 3829 3830 3831 3779 3787 3780 3704 3832 3787 3676 3833 3834 3785 3832 3704 3833 3676 3678 3835 3836 3837 3834 3838 3839 3838 3834 3833 3704 3839 3840 3838 3840 3839 3841 3704 3842 3704 3840 3842 3843 3704 3844 3704 3845 3844 3704 3841 3845 3843 3784 3704 3787 3832 3780 3779 3688 3680 3679 3826 3828 3826 3679 3783 3827 3846 3828 3847 3818 3817 3848 3830 3849 3848 3849 3827 3848 3831 3830 3850 3851 3829 3774 3824 3852 3775 3851 3853 3823 3854 3824 3852 3824 3854 3855 3856 3857 3825 3857 3823 3837 3858 3683 3859 3685 3684 3684 3683 3858 3860 3861 3862 3863 3864 3865 3866 3687 3686 3867 3866 3868 3686 3868 3866 3676 3869 3682 3867 3868 3677 3836 3858 3837 3701 3700 3714 3709 3708 3720 3794 3797 3870 3870 3702 3794 3727 3798 3728 3797 3798 3870 3799 3726 3729 3799 3727 3726 3738 3723 3722 3726 3730 3729 3871 3733 3729 3871 3729 3732 3872 3738 3737 3873 3740 3729 3729 3735 3873 3874 3872 3737 3741 3740 3873 3739 3874 3737 3741 3874 3739 3872 3723 3738 3721 3720 3724 3781 3708 3710 3800 3782 3875 3876 3717 3800 3800 3875 3876 3806 3716 3718 3718 3717 3876 3778 3807 3877 3806 3808 3716 3776 3878 3777 3808 3807 3778 3805 3804 3772 3777 3878 3811 3712 3810 3879 3802 3801 3810 3697 3772 3714 3697 3699 3802 3697 3714 3715 3698 3697 3715 3676 3880 3881 3882 3883 3884 3885 3676 3886 3676 3881 3886 3676 3885 3869 3682 3867 3677 3686 3685 3859 3855 3836 3835 3762 3763 3887 3823 3857 3856 3856 3855 3835 3847 3817 3852 3888 3852 3854 3852 3888 3847 3849 3889 3890 3775 3774 3852 3820 3891 3819 3892 3890 3889 3891 3893 3894 3889 3816 3895 3821 3896 3822 3815 3895 3816 3766 3762 3887 3897 3898 3899 3900 3901 3902 3903 3898 3904 3905 3906 3907 3908 3865 3864 3909 3910 3908 3910 3865 3908 3911 3910 3909 3912 3913 3884 3911 3909 3914 3913 3915 3916 3917 3880 3914 3914 3880 3918 3919 3880 3920 3880 3917 3920 3881 3880 3919 3921 3922 3894 3923 3822 3896 3924 3853 3851 3853 3773 3775 3827 3849 3846 3830 3829 3851 3851 3850 3924 3849 3890 3846 3889 3895 3892 3711 3814 3816 3711 3713 3812 3712 3879 3713 3923 3925 3926 3926 3778 3923 3804 3771 3772 3926 3808 3778 3805 3809 3803 3778 3877 3776 3923 3896 3925 3766 3887 3767 3766 3765 3822 3762 3690 3689 3927 3928 3899 3690 3760 3929 3764 3929 3760 3690 3930 3757 3929 3930 3690 3931 3932 3933 3934 3935 3936 3863 3937 3938 3902 3939 3906 3863 3865 3937 3940 3900 3941 3942 3922 3904 3943 3944 3945 3946 3947 3948 3768 3863 3938 3922 3949 3903 3921 3894 3893 3949 3922 3921 3891 3894 3819 3950 3951 3941 3947 3943 3952 3950 3941 3900 3940 3901 3900 3953 3939 3902 3901 3953 3902 3906 3905 3902 3936 3954 3955 3905 3861 3860 3861 3905 3907 3956 3860 3862 3933 3956 3931 3956 3933 3860 3932 3957 3933 3958 3959 3957 3932 3958 3957 3960 3955 3961 3962 3963 3964 3965 3966 3967 3968 3966 3965 3969 3970 3967 3971 3972 3967 3973 3967 3966 3974 3967 3975 3976 3967 3977 3967 3973 3977 3967 3976 3969 3884 3967 3978 3970 3978 3967 3979 3884 3980 3884 3978 3980 3981 3884 3982 3884 3979 3982 3983 3884 3984 3884 3981 3984 3946 3985 3950 3986 3987 3988 3946 3948 3985 3934 3989 3990 3692 3991 3992 3993 3692 3992 3755 3994 3756 3994 3755 3758 3995 3991 3694 3994 3750 3756 3752 3751 3753 3995 3694 3996 3753 3751 3744 3997 3746 3745 3997 3747 3749 3747 3997 3745 3748 3996 3749 3748 3995 3996 3991 3692 3694 3968 3998 3966 3993 3999 3971 3999 3993 3992 3975 3967 4000 3999 3972 3971 4001 3967 4002 3967 3972 4002 3967 4003 4000 3967 4001 4003 3967 3974 3965 3964 3963 3998 3998 3968 3964 3961 3963 3962 3959 3935 3934 3960 3961 3962 3935 3954 3936 3955 3954 3961 3990 3957 3934 3934 3957 3959 3989 4004 3990 4005 3761 4004 3990 4004 3761 3759 3761 4006 3761 4005 4006 4007 3951 3950 3928 3897 3899 4008 4009 4010 3768 3938 3769 4011 4012 3770 3770 3769 4011 3927 3899 4012 3927 4012 4011 3897 3904 3898 3922 3903 3904 3942 4013 4014 4014 3922 3942 4014 3944 3943 3944 4014 4013 3952 3943 3945 3943 3947 3946 3985 4007 3950 4015 4016 4007 3951 4007 4016 4015 4017 3988 3988 4016 4015 4010 3987 3986 3986 3988 4017 4010 4009 3987 3983 4008 4018 4008 3983 4009 4019 3884 4018 3983 4018 3884 4020 3884 4021 3884 4019 4021 3882 3884 4022 3884 4020 4022 3883 4023 3884 3912 3915 3913 4023 3912 3884 3915 4024 3916 3918 3880 4024 3916 4024 3880 3914 3918 3911 4025 4026 4027 4025 4028 4026 4029 4030 4031 4032 4028 4025 4033 4034 4035 4036 4037 4038 4039 4040 4041 4033 4035 4042 4043 4044 4045 4040 4044 4046 4047 4048 4049 4050 4051 4045 4052 4053 4054 4055 4036 4056 4057 4058 4059 4060 4054 4061 4062 4057 4059 4062 4055 4056 4058 4057 4060 4056 4057 4062 4061 4054 4053 4061 4058 4060 4050 4048 4047 4047 4049 4052 4045 4051 4043 4051 4050 4047 4039 4041 4042 4046 4041 4040 4042 4035 4039 4046 4044 4043 4063 4036 4055 4049 4053 4052 4063 4037 4036 4033 4064 4034 4029 4031 4064 4031 4034 4064 4038 4065 4032 4038 4037 4065 4028 4032 4065 4030 4029 4066 4026 4067 4027 4068 4069 4070 4068 4066 4069 4068 4030 4066 4067 4071 4027 4072 4071 4073 4071 4067 4073 4074 4072 4075 4072 4074 4071 4075 4076 4077 4077 4074 4075 4078 4077 4079 4076 4079 4077 4078 4080 4081 4080 4078 4079 4082 4083 4081 4081 4080 4082 4084 4083 4085 4082 4085 4083 4086 4087 4084 4086 4084 4085 4088 4089 4087 4084 4087 4089 4090 4088 4091 4088 4090 4089 4091 4092 4093 4093 4090 4091 4094 4095 4092 4093 4092 4095 4096 4094 4097 4094 4096 4095 4097 4098 4099 4099 4096 4097 4100 4101 4098 4099 4098 4101 4102 4100 4103 4100 4102 4101 4103 4104 4105 4105 4102 4103 4105 4104 4069 4104 4070 4069 4106 4107 4108 4109 4107 4110 4106 4110 4107 4109 4111 4112 4111 4109 4110 4113 4114 4112 4112 4111 4113 4113 4115 4114 4116 4115 4117 4115 4116 4114 4117 4118 4119 4119 4116 4117 4120 4121 4118 4119 4118 4121 4122 4120 4123 4120 4122 4121 4123 4124 4125 4125 4122 4123 4126 4127 4124 4125 4124 4127 4128 4126 4129 4126 4128 4127 4129 4130 4131 4131 4128 4129 4132 4133 4130 4131 4130 4133 4134 4132 4135 4132 4134 4133 4135 4136 4137 4137 4134 4135 4138 4139 4136 4137 4136 4139 4140 4138 4141 4138 4140 4139 4141 4142 4143 4143 4140 4141 4143 4142 4144 4108 4145 4106 4145 4146 4147 4146 4145 4108 4148 4149 4147 4147 4146 4148 4150 4149 4151 4148 4151 4149 4150 4152 4153 4152 4150 4151 4154 4155 4153 4153 4152 4154 4156 4155 4157 4154 4157 4155 4156 4158 4159 4158 4156 4157 4160 4161 4159 4159 4158 4160 4162 4161 4163 4160 4163 4161 4162 4164 4165 4164 4162 4163 4166 4167 4165 4165 4164 4166 4168 4167 4169 4166 4169 4167 4168 4170 4171 4170 4168 4169 4172 4173 4171 4171 4170 4172 4174 4173 4175 4172 4175 4173 4174 4176 4177 4176 4174 4175 4178 4179 4177 4177 4176 4178 4178 4144 4179 4144 4142 4179 4180 4181 4182 4183 4184 4185 4186 4187 4188 4182 4189 4190 4190 4180 4182 4191 4186 4188 4192 4193 4189 4190 4189 4193 4194 4192 4195 4192 4194 4193 4195 4196 4197 4197 4194 4195 4198 4199 4196 4197 4196 4199 4200 4198 4201 4198 4200 4199 4201 4202 4203 4203 4200 4201 4204 4205 4202 4203 4202 4205 4204 4206 4205 4206 4207 4208 4207 4206 4204 4209 4210 4211 4208 4207 4209 4212 4213 4214 4214 4215 4216 4210 4216 4215 4216 4212 4214 4210 4215 4211 4208 4209 4211 4181 4180 4217 4218 4219 4217 4181 4217 4219 4220 4218 4221 4218 4220 4219 4221 4222 4223 4223 4220 4221 4222 4224 4225 4223 4222 4225 4226 4224 4227 4222 4227 4224 4226 4228 4229 4228 4226 4227 4230 4231 4229 4229 4228 4230 4232 4231 4233 4230 4233 4231 4232 4234 4235 4234 4232 4233 4236 4237 4235 4235 4234 4236 4238 4237 4239 4236 4239 4237 4238 4240 4241 4240 4238 4239 4242 4185 4241 4241 4240 4242 4243 4244 4245 4242 4183 4185 4186 4191 4246 4247 4248 4249 4250 4251 4252 4188 4187 4252 4212 4251 4253 4250 4253 4251 4213 4212 4253 4252 4187 4250 4246 4191 4248 4247 4249 4243 4246 4248 4247 4244 4184 4245 4249 4244 4243 4183 4245 4184 4254 4255 4256 4257 4258 4255 4256 4255 4258 4259 4257 4260 4257 4259 4258 4260 4261 4262 4262 4259 4260 4263 4264 4261 4262 4261 4264 4263 4265 4264 4266 4267 4268 4269 4270 4265 4271 4272 4273 4271 4274 4266 4272 4275 4273 4276 4275 4272 4277 4276 4278 4275 4276 4277 4278 4279 4277 4273 4274 4271 4274 4267 4266 4280 4279 4278 4281 4280 4270 4279 4280 4281 4270 4269 4281 4282 4268 4267 4269 4265 4263 4283 4282 4284 4282 4283 4268 4284 4285 4286 4286 4283 4284 4287 4288 4285 4286 4285 4288 4289 4287 4290 4287 4289 4288 4290 4291 4292 4292 4289 4290 4292 4291 4293 4256 4294 4254 4295 4294 4296 4294 4295 4254 4296 4297 4298 4298 4295 4296 4299 4300 4297 4298 4297 4300 4301 4299 4302 4299 4301 4300 4302 4303 4304 4304 4301 4302 4305 4306 4303 4304 4303 4306 4307 4305 4308 4305 4307 4306 4308 4309 4310 4310 4307 4308 4311 4312 4309 4310 4309 4312 4313 4311 4314 4311 4313 4312 4314 4315 4316 4316 4313 4314 4317 4318 4315 4316 4315 4318 4319 4317 4320 4317 4319 4318 4320 4321 4322 4322 4319 4320 4323 4324 4321 4322 4321 4324 4325 4323 4326 4323 4325 4324 4326 4327 4328 4328 4325 4326 4328 4327 4291 4327 4293 4291 4329 4330 4331 4332 4333 4334 4331 4335 4336 4336 4329 4331 4336 4335 4337 4338 4337 4339 4335 4339 4337 4338 4340 4341 4340 4338 4339 4342 4343 4341 4341 4340 4342 4344 4345 4342 4343 4342 4345 4346 4344 4347 4344 4346 4345 4348 4347 4349 4350 4346 4347 4351 4352 4353 4352 4354 4349 4353 4355 4356 4356 4355 4357 4354 4352 4351 4351 4353 4356 4354 4348 4349 4348 4350 4347 4330 4329 4358 4359 4360 4358 4330 4358 4360 4361 4359 4362 4359 4361 4360 4362 4363 4364 4364 4361 4362 4365 4366 4363 4364 4363 4366 4367 4365 4368 4365 4367 4366 4368 4369 4370 4370 4367 4368 4371 4372 4369 4370 4369 4372 4373 4371 4374 4371 4373 4372 4375 4333 4373 4373 4374 4375 4375 4334 4333 4376 4377 4378 4332 4379 4380 4381 4382 4383 4384 4385 4386 4387 4388 4389 4390 4391 4392 4393 4394 4395 4396 4397 4394 4398 4393 4399 4393 4398 4394 4399 4400 4401 4401 4398 4399 4402 4403 4400 4401 4400 4403 4355 4402 4357 4402 4355 4403 4397 4395 4394 4396 4387 4404 4404 4397 4396 4387 4389 4405 4404 4387 4405 4389 4388 4406 4392 4406 4407 4388 4407 4406 4408 4391 4390 4390 4392 4407 4408 4382 4381 4381 4391 4408 4383 4382 4385 4384 4386 4378 4383 4385 4384 4376 4380 4377 4386 4376 4378 4332 4334 4379 4380 4379 4377 4409 4410 4411 4412 4413 4414 4411 4415 4416 4416 4409 4411 4417 4418 4415 4416 4415 4418 4419 4417 4420 4417 4419 4418 4420 4421 4422 4422 4419 4420 4423 4424 4421 4422 4421 4424 4425 4423 4426 4423 4425 4424 4426 4427 4428 4428 4425 4426 4429 4430 4427 4428 4427 4430 4431 4429 4432 4429 4431 4430 4432 4433 4434 4434 4431 4432 4435 4436 4433 4434 4433 4436 4437 4435 4438 4435 4437 4436 4438 4439 4440 4440 4437 4438 4440 4439 4441 4410 4409 4442 4443 4444 4442 4410 4442 4444 4445 4443 4446 4443 4445 4444 4446 4447 4448 4448 4445 4446 4449 4450 4447 4448 4447 4450 4451 4449 4452 4449 4451 4450 4452 4453 4454 4454 4451 4452 4455 4456 4453 4454 4453 4456 4457 4455 4458 4455 4457 4456 4458 4459 4460 4460 4457 4458 4461 4462 4459 4460 4459 4462 4463 4461 4464 4461 4463 4462 4464 4465 4466 4466 4463 4464 4414 4413 4465 4466 4465 4413 4467 4468 4469 4412 4470 4471 4472 4473 4474 4475 4476 4477 4478 4479 4480 4481 4480 4479 4482 4478 4441 4478 4482 4479 4439 4482 4441 4473 4472 4481 4472 4480 4481 4474 4476 4475 4474 4473 4476 4477 4467 4469 4475 4477 4469 4471 4470 4468 4467 4471 4468 4412 4414 4470 4483 4484 4485 4486 4484 4487 4483 4487 4484 4486 4488 4489 4488 4486 4487 4490 4491 4489 4489 4488 4490 4490 4492 4491 4493 4492 4494 4492 4493 4491 4494 4495 4496 4496 4493 4494 4497 4498 4495 4496 4495 4498 4499 4497 4500 4497 4499 4498 4500 4501 4502 4502 4499 4500 4503 4504 4501 4502 4501 4504 4505 4503 4506 4503 4505 4504 4506 4507 4508 4508 4505 4506 4509 4510 4507 4508 4507 4510 4511 4509 4512 4509 4511 4510 4512 4513 4514 4514 4511 4512 4515 4516 4513 4514 4513 4516 4517 4515 4518 4515 4517 4516 4518 4519 4520 4520 4517 4518 4520 4519 4521 4485 4522 4483 4522 4523 4524 4523 4522 4485 4525 4526 4524 4524 4523 4525 4527 4526 4528 4525 4528 4526 4527 4529 4530 4529 4527 4528 4531 4532 4530 4530 4529 4531 4533 4532 4534 4531 4534 4532 4533 4535 4536 4535 4533 4534 4537 4538 4536 4536 4535 4537 4539 4538 4540 4537 4540 4538 4539 4541 4542 4541 4539 4540 4543 4544 4542 4542 4541 4543 4545 4544 4546 4543 4546 4544 4545 4547 4548 4547 4545 4546 4549 4550 4548 4548 4547 4549 4551 4550 4552 4549 4552 4550 4551 4553 4554 4553 4551 4552 4555 4556 4554 4554 4553 4555 4555 4521 4556 4521 4519 4556 4557 4558 4559 4560 4561 4559 4559 4558 4560 4562 4561 4563 4560 4563 4561 4562 4564 4565 4564 4562 4563 4566 4567 4565 4565 4564 4566 4568 4567 4569 4566 4569 4567 4568 4570 4571 4570 4568 4569 4572 4573 4571 4571 4570 4572 4574 4573 4575 4572 4575 4573 4574 4576 4577 4576 4574 4575 4578 4579 4577 4577 4576 4578 4580 4579 4581 4578 4581 4579 4580 4582 4583 4582 4580 4581 4584 4585 4583 4583 4582 4584 4586 4585 4587 4584 4587 4585 4586 4588 4589 4588 4586 4587 4590 4591 4589 4589 4588 4590 4592 4591 4593 4590 4593 4591 4594 4592 4593 4595 4558 4557 4595 4596 4597 4596 4595 4557 4598 4599 4597 4597 4596 4598 4600 4599 4601 4598 4601 4599 4602 4603 4600 4602 4600 4601 4604 4605 4603 4600 4603 4605 4606 4604 4607 4604 4606 4605 4608 4606 4607 4609 4610 4608 4608 4607 4609 4611 4610 4612 4609 4612 4610 4611 4613 4614 4613 4611 4612 4615 4616 4614 4614 4613 4615 4617 4616 4618 4615 4618 4616 4617 4619 4620 4619 4617 4618 4621 4622 4620 4620 4619 4621 4623 4622 4624 4621 4624 4622 4623 4625 4626 4625 4623 4624 4627 4628 4626 4626 4625 4627 4627 4629 4628 4629 4630 4628 4631 4632 4633 4633 4634 4631 4635 4636 4637 4638 4639 4640 4641 4642 4643 4637 4644 4645 4645 4635 4637 4646 4641 4643 4647 4648 4644 4645 4644 4648 4649 4647 4650 4647 4649 4648 4650 4651 4652 4652 4649 4650 4653 4654 4651 4652 4651 4654 4655 4653 4656 4653 4655 4654 4656 4657 4658 4658 4655 4656 4659 4660 4657 4658 4657 4660 4659 4661 4660 4661 4662 4663 4662 4661 4659 4664 4665 4666 4663 4662 4664 4667 4668 4669 4669 4670 4671 4665 4671 4670 4671 4667 4669 4665 4670 4666 4663 4664 4666 4636 4635 4672 4673 4674 4672 4636 4672 4674 4675 4673 4676 4673 4675 4674 4676 4677 4678 4678 4675 4676 4677 4679 4680 4678 4677 4680 4681 4679 4682 4677 4682 4679 4681 4683 4684 4683 4681 4682 4685 4686 4684 4684 4683 4685 4687 4686 4688 4685 4688 4686 4687 4689 4690 4689 4687 4688 4691 4692 4690 4690 4689 4691 4693 4692 4694 4691 4694 4692 4693 4695 4696 4695 4693 4694 4697 4640 4696 4696 4695 4697 4698 4699 4700 4697 4638 4640 4641 4646 4701 4702 4703 4704 4705 4706 4707 4643 4642 4707 4667 4706 4708 4705 4708 4706 4668 4667 4708 4707 4642 4705 4701 4646 4703 4702 4704 4698 4701 4703 4702 4699 4639 4700 4704 4699 4698 4638 4700 4639 4709 4710 4711 4712 4713 4714 4715 4716 4717 4718 4719 4720 4721 4722 4723 4724 4725 4726 4727 4728 4729 4730 4731 4732 4733 4734 4735 4736 4737 4738 4739 4740 4741 4742 4743 4744 4745 4746 4747 4748 4749 4750 4751 4752 4753 4754 4755 4756 4757 4758 4759 4760 4761 4762 4763 4764 4765 4766 4764 4767 4763 4768 4769 4768 4763 4765 4770 4771 4769 4769 4768 4770 4772 4771 4773 4770 4773 4771 4772 4774 4775 4774 4772 4773 4776 4777 4775 4775 4774 4776 4778 4777 4779 4776 4779 4777 4778 4780 4781 4780 4778 4779 4782 4714 4781 4781 4780 4782 4766 4767 4759 4782 4712 4714 4764 4766 4765 4760 4758 4757 4757 4759 4767 4752 4762 4761 4762 4758 4760 4751 4753 4756 4752 4761 4753 4755 4754 4745 4751 4756 4755 4746 4749 4747 4754 4746 4745 4750 4741 4748 4749 4748 4747 4742 4740 4739 4739 4741 4750 4734 4744 4743 4744 4740 4742 4733 4735 4738 4734 4743 4735 4737 4736 4727 4733 4738 4737 4728 4731 4729 4736 4728 4727 4732 4723 4730 4731 4730 4729 4724 4722 4721 4721 4723 4732 4716 4726 4725 4726 4722 4724 4715 4717 4718 4716 4725 4717 4720 4719 4711 4715 4718 4720 4709 4713 4710 4719 4709 4711 4712 4710 4713 4783 4784 4785 4785 4784 4786 4787 4784 4783 4783 4788 4787 4789 4790 4791 4791 4790 4792 4793 4790 4789 4789 4794 4793 4795 4796 4797 4795 4798 4796 4799 4800 4801 4801 4800 4802 4803 4800 4799 4799 4804 4803 4805 4806 4807 4805 4808 4806 4809 4810 4811 4811 4810 4812 4813 4810 4809 4809 4814 4813 4815 4816 4817 4815 4818 4816 4819 4820 4821 4821 4820 4822 4823 4820 4819 4819 4824 4823 4825 4826 4827 4825 4828 4826 4829 4830 4831 4831 4830 4832 4833 4830 4829 4829 4834 4833 4835 4836 4837 4835 4838 4836 4839 4840 4841 4841 4840 4842 4843 4840 4839 4839 4844 4843 4845 4846 4847 4845 4848 4846 4849 4850 4851 4851 4850 4852 4853 4850 4849 4849 4854 4853 4855 4856 4857 4858 4859 4860 4861 4862 4863 4864 4865 4866 4867 4868 4869 4870 4871 4865 4866 4865 4871 4872 4870 4873 4870 4872 4871 4864 4866 4869 4858 4868 4867 4868 4864 4869 4860 4859 4861 4858 4867 4859 4863 4862 4874 4860 4861 4863 4857 4874 4855 4862 4855 4874 4875 4876 4877 4876 4878 4877 4879 4880 4875 4879 4875 4877 4881 4875 4880 4881 4882 4875 4883 4881 4884 4885 4881 4883 4886 4887 4888 4884 4887 4883 4889 4886 4890 4887 4886 4883 4878 4876 4891 4891 4892 4878 4893 4891 4894 4891 4893 4892 4893 4895 4896 4897 4893 4896 4898 4899 4896 4896 4899 4900 4901 4902 4899 4901 4903 4904 4899 4905 4901 4901 4905 4903 4903 4906 4904 4899 4907 4905 4902 4901 4904 4898 4907 4899 4900 4899 4902 4895 4898 4896 4897 4896 4900 4894 4895 4893 4892 4893 4897 4894 4891 4908 4876 4908 4891 4908 4876 4909 4876 4875 4909 4909 4875 4882 4882 4881 4910 4885 4910 4881 4884 4881 4880 4885 4883 4889 4886 4889 4883 4911 4912 4913 4911 4914 4915 4914 4911 4913 4916 4917 4915 4915 4914 4916 4918 4917 4919 4916 4919 4917 4918 4920 4921 4920 4918 4919 4912 4922 4913 4923 4922 4924 4912 4924 4922 4923 4925 4926 4925 4923 4924 4927 4928 4926 4926 4925 4927 4927 4929 4928 4930 4931 4932 4933 4934 4935 4936 4937 4938 4939 4930 4932 4940 4932 4931 4931 4941 4942 4940 4931 4942 4943 4941 4933 4931 4933 4941 4935 4944 4933 4933 4944 4943 4934 4933 4936 4934 4936 4938 4945 4946 4947 4945 4948 4946 4949 4950 4947 4947 4946 4949 4951 4950 4952 4949 4952 4950 4953 4951 4952 4954 4955 4956 4948 4937 4946 4957 4958 4937 4957 4937 4948 4958 4938 4937 4959 4960 4961 4962 4936 4960 4963 4964 4965 4961 4964 4966 4967 4968 4969 4970 4967 4971 4972 4973 4974 4975 4976 4968 4977 4978 4974 4979 4974 4978 4980 4981 4977 4977 4981 4978 4972 4974 4979 4977 4982 4980 4981 4983 4978 4982 4984 4985 4986 4987 4988 4989 4990 4991 4986 4988 4992 4993 4992 4994 4995 4986 4993 4986 4992 4993 4996 4995 4997 4995 4996 4986 4998 4996 4999 4996 4997 4999 5000 4998 5001 4998 5000 4996 5002 5003 5000 5000 5001 5002 5004 5003 5005 5002 5005 5003 5004 5006 5007 5006 5004 5005 4992 5008 5009 5010 4994 4992 4988 4987 5011 4988 5011 4989 5010 4992 5012 4992 5009 5012 5011 4990 4989 4991 5013 4989 5013 5014 5015 5014 5013 4991 5013 5015 5016 5017 5009 5008 5018 5016 5015 5019 5020 5008 5008 5020 5017 5019 5021 5022 5021 5019 5008 5016 5018 5023 5023 4955 4954 4954 5016 5023 4954 4956 5024 4983 5024 5025 4956 5025 5024 5026 5027 4983 5026 4983 5025 5027 4978 4983 5028 5029 4984 4985 4980 4982 5030 5028 5031 5028 5030 5029 4985 4984 5029 4974 4973 4975 4976 5032 4968 4973 4976 4975 4971 4967 4969 4969 4968 5032 4965 4967 4970 4965 4964 4961 4965 4970 4963 4966 4959 4961 4959 4962 4960 4936 4933 4960 5033 5034 5035 5036 5034 5037 5033 5038 5034 5036 5037 5039 5034 5040 5037 5041 5042 5043 5044 5040 5034 5045 5046 5047 5043 5037 5041 5039 5043 5048 5049 5050 5033 5049 5051 5052 5033 5053 5049 5051 5054 5055 5049 5054 5051 5056 5051 5055 5056 5057 5058 5056 5059 5060 5061 5057 5060 5047 5062 5045 5061 5047 5063 5064 5065 5066 5045 5065 5064 5067 5047 5060 5043 5039 5037 5041 5037 5040 5038 5044 5034 5035 5034 5036 5050 5038 5033 5053 5033 5035 5052 5050 5049 5054 5049 5053 5052 5051 5058 5056 5058 5051 5060 5057 5056 5059 5056 5055 5047 5061 5060 5067 5060 5059 5046 5063 5047 5062 5047 5067 5064 5046 5045 5065 5045 5062 5068 5069 5070 5068 5071 5072 5071 5068 5070 5073 5074 5075 5076 5077 5071 5072 5071 5077 5078 5076 5079 5076 5078 5077 5080 5081 5079 5080 5079 5076 5082 5083 5084 5084 5081 5085 5084 5079 5081 5070 5069 5075 5086 5087 5088 5086 5088 5075 5089 5090 5087 5090 5088 5087 5091 5092 5089 5090 5089 5092 5093 5092 5091 5094 5092 5093 5093 5095 5096 5078 5079 5083 5084 5083 5079 5080 5076 5097 5076 5071 5097 5097 5071 5098 5071 5070 5098 5098 5070 5074 5070 5075 5074 5088 5073 5075 5086 5075 5069 5073 5088 5099 5090 5099 5088 5099 5090 5100 5090 5092 5100 5100 5092 5094 5094 5093 5101 5093 5096 5101 5102 5103 5104 5103 5105 5106 5104 5103 5106 5107 5105 5108 5103 5108 5105 5109 5107 5108 5102 5104 5110 5111 5110 5112 5111 5102 5110 5113 5114 5112 5112 5110 5113 5113 5115 5114 5116 5117 5118 5119 5120 5121 5122 5117 5123 5116 5123 5117 5124 5122 5123 5125 5116 5118 5126 5120 5125 5125 5118 5126 5126 5121 5120 5127 5128 5129 5130 5131 5132 5133 5134 5135 5136 5137 5138 5139 5140 5141 5140 5139 5142 5143 5144 5141 5141 5140 5143 5145 5144 5146 5143 5146 5144 5147 5145 5146 5142 5139 5135 5133 5148 5134 5135 5134 5142 5148 5138 5137 5138 5148 5133 5127 5137 5136 5129 5128 5130 5127 5136 5128 5132 5131 5149 5129 5130 5132 5121 5149 5119 5131 5119 5149 5150 5151 5152 5153 5154 5155 5156 5153 5157 5158 5159 5160 5161 5162 5163 5156 5154 5153 5164 5161 5165 5162 5161 5154 5157 5153 5166 5157 5166 5167 5168 5169 5166 5167 5166 5169 5170 5168 5150 5170 5169 5168 5171 5152 5151 5150 5168 5172 5173 5158 5174 5175 5176 5159 5159 5176 5177 5171 5173 5174 5174 5158 5160 5173 5171 5151 5178 5175 5159 5178 5159 5158 5178 5158 5179 5158 5173 5179 5179 5173 5180 5173 5151 5180 5180 5151 5181 5151 5150 5181 5172 5181 5150 5170 5150 5152 5172 5168 5182 5168 5166 5182 5182 5166 5183 5166 5153 5183 5183 5153 5155 5155 5154 5164 5161 5164 5154 5162 5154 5156 5184 5185 5186 5187 5188 5189 5190 5191 5187 5190 5187 5192 5193 5188 5187 5186 5188 5184 5194 5188 5186 5192 5195 5190 5196 5191 5190 5190 5195 5197 5197 5195 5198 5196 5197 5199 5186 5185 5200 5201 5200 5202 5185 5202 5200 5203 5204 5205 5205 5201 5202 5206 5204 5207 5204 5201 5205 5207 5208 5209 5203 5207 5204 5210 5207 5209 5211 5209 5212 5192 5187 5213 5197 5196 5190 5189 5213 5187 5193 5187 5191 5194 5189 5188 5184 5188 5193 5194 5186 5214 5186 5200 5214 5214 5200 5215 5200 5201 5215 5215 5201 5216 5204 5206 5216 5216 5201 5204 5207 5217 5206 5210 5217 5207 5208 5207 5203 5211 5210 5209 5218 5219 5220 5221 5219 5222 5218 5222 5219 5221 5223 5224 5223 5221 5222 5225 5226 5224 5224 5223 5225 5227 5226 5228 5225 5228 5226 5227 5229 5230 5229 5227 5228 5231 5232 5230 5230 5229 5231 5233 5232 5234 5231 5234 5232 5235 5233 5234 5236 5218 5220 5237 5238 5236 5236 5220 5237 5239 5238 5240 5237 5240 5238 5239 5241 5242 5241 5239 5240 5243 5244 5242 5242 5241 5243 5245 5244 5246 5243 5246 5244 5245 5247 5248 5247 5245 5246 5249 5250 5248 5248 5247 5249 5249 5251 5250 5252 5253 5254 5255 5256 5257 5258 5259 5257 5260 5261 5262 5255 5262 5261 5263 5260 5262 5255 5261 5256 5257 5256 5264 5259 5258 5265 5264 5258 5257 5254 5265 5252 5258 5252 5265 5266 5267 5268 5269 5270 5271 5272 5273 5274 5275 5266 5268 5276 5277 5278 5274 5273 5279 5280 5277 5281 5282 5281 5283 5284 5285 5286 5287 5285 5284 5284 5282 5287 5281 5282 5288 5278 5277 5280 5277 5289 5281 5279 5276 5278 5290 5291 5272 5273 5276 5279 5272 5268 5290 5271 5266 5275 5272 5292 5268 5293 5294 5270 5266 5271 5270 5282 5295 5287 5296 5282 5284 5283 5295 5282 5288 5282 5296 5289 5283 5281 5280 5281 5288 5289 5277 5297 5277 5276 5297 5297 5276 5298 5276 5273 5298 5298 5273 5291 5273 5272 5291 5268 5299 5290 5292 5272 5274 5267 5299 5268 5275 5268 5292 5267 5266 5294 5270 5294 5266 5300 5301 5302 5300 5303 5301 5304 5305 5306 5307 5308 5309 5307 5304 5308 5304 5306 5308 5310 5311 5312 5310 5313 5311 5314 5315 5316 5314 5317 5315 5318 5319 5320 5319 5318 5321 5322 5323 5324 5323 5322 5325 5326 5327 5328 5329 5327 5330 5327 5326 5330 5328 5331 5326 5332 5333 5334 5333 5332 5335 5336 5337 5338 5338 5339 5336 5340 5341 5342 5340 5343 5341 5344 5345 5346 5344 5347 5345 5348 5349 5350 5348 5351 5349 5352 5353 5354 5352 5355 5353 5356 5357 5358 5356 5358 5359 5360 5361 5362 5360 5362 5363 5364 5365 5366 5367 5368 5369 5364 5366 5370 5371 5372 5373 5369 5368 5374 5369 5374 5375 5372 5376 5367 5367 5369 5372 5371 5377 5372 5376 5372 5377 5378 5379 5371 5371 5379 5377 5380 5381 5371 5371 5381 5378 5382 5383 5371 5371 5383 5380 5366 5384 5371 5371 5384 5382 5384 5366 5365 5385 5386 5387 5385 5388 5386 5386 5389 5390 5390 5387 5386 5386 5391 5392 5389 5386 5392 5386 5393 5394 5391 5386 5394 5395 5386 5396 5393 5386 5395 5397 5398 5396 5396 5386 5397 5398 5397 5399 5399 5397 5400 5385 5401 5388 5402 5403 5404 5402 5405 5403 5406 5407 5408 5408 5409 5406 5410 5411 5412 5410 5413 5411 5414 5415 5416 5414 5416 5417 5418 5419 5420 5418 5421 5419 5422 5423 5424 5425 5426 5427 5428 5429 5430 5431 5432 5433 5434 5435 5436 5437 5438 5439 5436 5440 5441 5441 5434 5436 5442 5443 5440 5441 5440 5443 5434 5437 5435 5442 5444 5443 5437 5439 5435 5429 5438 5430 5439 5438 5429 5428 5431 5433 5430 5431 5428 5432 5422 5424 5432 5424 5433 5422 5426 5445 5422 5445 5423 5426 5425 5445 5446 5447 5448 5449 5450 5451 5452 5453 5454 5455 5456 5457 5458 5459 5460 5461 5462 5463 5464 5465 5466 5465 5464 5460 5467 5468 5466 5466 5465 5467 5458 5460 5464 5469 5468 5467 5461 5459 5458 5462 5453 5463 5461 5463 5459 5455 5452 5454 5454 5453 5462 5448 5457 5456 5457 5452 5455 5447 5446 5450 5448 5456 5446 5450 5449 5447</p>
        </triangles>
      </mesh>
    </geometry>
  </library_geometries>

  <library_visual_scenes>
    <visual_scene id="ID1">
      <node id="ID2">
        <instance_geometry url="#ID3">
          <bind_material>
            <technique_common>
              <instance_material symbol="ID9" target="#ID9"/>
            </technique_common>
          </bind_material>
        </instance_geometry>
      </node>
    </visual_scene>
  </library_visual_scenes>

  <scene>
    <instance_visual_scene url="#ID1"/>
  </scene>

  <library_nodes/>

</COLLADA>
