<?xml version="1.0" encoding="UTF-8" standalone="no" ?>
<COLLADA version="1.4.1" xmlns="http://www.collada.org/2005/11/COLLADASchema">

  <asset>
    <contributor>
      <authoring_tool>ONSHAPE BY PTC INC, 1.192</authoring_tool>
    </contributor>
    <created>2025-01-20T10:26:40</created>
    <modified>2025-01-20T10:26:40</modified>
    <unit meter="1" name="meters"/>
    <up_axis>Z_UP</up_axis>
  </asset>

  <library_materials>
    <material id="ID9" name="ID9">
      <instance_effect url="#ID9-fx"/>
    </material>
  </library_materials>

  <library_effects>
    <effect id="ID9-fx" name="ID9">
      <profile_COMMON>
        <technique sid="COMMON">
          <lambert>
            <diffuse>
              <color sid="diffuse">0.4 0.384314 0.34902 1</color>
            </diffuse>
            <transparent opaque="A_ONE">
              <color sid="transparent">1 1 1 1</color>
            </transparent>
            <transparency>
              <float sid="transparency">1</float>
            </transparency>
          </lambert>
        </technique>
        <extra>
          <technique profile="OTHER">
            <double_sided>1</double_sided>
          </technique>
        </extra>
      </profile_COMMON>
    </effect>
  </library_effects>

  <library_geometries>
    <geometry id="ID3">
      <mesh>
        <source id="ID4">
          <float_array count="8196" id="ID5">-0.0108441 0.0714305 -0.051 -0.0108441 0.0714305 0.021 -0.00639816 0.0737182 0.021 -0.00639816 0.0737182 -0.051 -0.00388568 0.0885062 0.033 -0.00430443 0.0860416 0.031 -0.00388568 0.0885062 0.031 -0.00457387 0.0844556 0.0309169 -0.00757923 0.0667665 0.033 -0.0048404 0.0828869 0.030667 -0.00535198 0.0798758 0.029659 -0.00510092 0.0813535 0.0302486 -0.0058087 0.0771876 0.0279568 -0.00558952 0.0784776 0.0288957 -0.00616741 0.0750763 0.025565 -0.00600363 0.0760403 0.0268439 -0.00636763 0.0738978 0.0225962 -0.00629255 0.0743397 0.0241392 -0.00757923 0.0667665 -0.051 -0.00639816 0.0737182 0.021 -0.00639816 0.0737182 -0.051 -0.0111791 0.0694588 -0.049 -0.0115227 0.0674365 -0.051 -0.0115227 0.0674365 -0.049 -0.0111791 0.0694588 0.031 -0.010817 0.0715904 0.0226026 -0.0108441 0.0714305 0.021 -0.0107379 0.0720558 0.0241418 -0.010254 0.0749042 0.0279576 -0.0104489 0.073757 0.0268455 -0.0106127 0.0727926 0.0255674 -0.0100349 0.0761936 0.028896 -0.00979747 0.0775911 0.029659 -0.0115227 0.0674365 0.033 -0.00954653 0.0790681 0.0302485 -0.00833166 0.0862186 0.033 -0.00928613 0.0806008 0.0306669 -0.00901972 0.0821688 0.0309169 -0.00875041 0.0837539 0.031 -0.00833166 0.0862186 0.031 -0.0115227 0.0674365 0.031 -0.0108441 0.0714305 -0.051 -0.00920739 0.0691238 0.031 -0.0111791 0.0694588 -0.049 -0.00920739 0.0691238 -0.049 -0.0111791 0.0694588 0.031 -0.021004 0.042776 -0.051 -0.0192557 0.0503366 -0.051 -0.0161482 0.047818 -0.051 -0.0287299 0.0420481 -0.051 -0.0266466 0.0386334 -0.051 -0.0329118 0.0355112 -0.051 -0.0236377 0.0457865 -0.051 -0.0122209 0.0536125 -0.051 -0.0157116 0.0555658 -0.051 -0.0343838 0.0392305 -0.051 -0.0347714 0.0347752 -0.051 -0.0362434 0.0384944 -0.051 -0.0131086 0.0613217 -0.051 -0.00933657 0.0599907 -0.051 -0.00757923 0.0667665 -0.051 -0.0115227 0.0674365 -0.051 -0.0108441 0.0714305 -0.051 -0.00639816 0.0737182 -0.051 -0.00833166 0.0862186 0.033 -0.00757923 0.0667665 0.033 -0.00388568 0.0885062 0.033 -0.0329118 0.0355112 0.033 -0.0287299 0.0420481 0.033 -0.0343838 0.0392305 0.033 -0.0131086 0.0613217 0.033 -0.0157116 0.0555658 0.033 -0.0122209 0.0536125 0.033 -0.00933657 0.0599907 0.033 -0.0115227 0.0674365 0.033 -0.0192557 0.0503366 0.033 -0.0236377 0.0457865 0.033 -0.021004 0.042776 0.033 -0.0161482 0.047818 0.033 -0.0266466 0.0386334 0.033 -0.0362434 0.0384944 0.033 -0.0347714 0.0347752 0.033 0.0111791 0.0694588 0.031 0.0115227 0.0674365 0.031 0.00955098 0.0671015 0.031 0.0223208 0.0442812 0.031 0.0236377 0.0457865 0.031 0.0276883 0.0403408 0.031 0.00920739 0.0691238 0.031 0.017702 0.0490773 0.031 0.0192557 0.0503366 0.031 0.0112226 0.0606562 0.031 0.0287299 0.0420481 0.031 0.0336478 0.0373708 0.031 0.0157116 0.0555658 0.031 0.0139662 0.0545892 0.031 0.0131086 0.0613217 0.031 0.0343838 0.0392305 0.031 0.00955098 0.0671015 -0.049 0.0115227 0.0674365 -0.049 0.0111791 0.0694588 -0.049 0.00920739 0.0691238 -0.049 0.0131086 0.0613217 -0.049 0.0112226 0.0606562 -0.049 0.017702 0.0490773 -0.049 0.0157116 0.0555658 -0.049 0.0139662 0.0545892 -0.049 0.0223208 0.0442812 -0.049 0.0276883 0.0403408 -0.049 0.0236377 0.0457865 -0.049 0.0192557 0.0503366 -0.049 0.0287299 0.0420481 -0.049 0.0336478 0.0373708 -0.049 0.0343838 0.0392305 -0.049 0.0139662 0.0545892 -0.049 0.0112226 0.0606562 0.031 0.0139662 0.0545892 0.031 0.00955098 0.0671015 0.031 0.0112226 0.0606562 -0.049 0.00955098 0.0671015 -0.049 0.0223208 0.0442812 0.031 0.0276883 0.0403408 0.031 0.0276883 0.0403408 -0.049 0.0223208 0.0442812 -0.049 0.017702 0.0490773 -0.049 0.017702 0.0490773 0.031 0.0336478 0.0373708 0.031 0.0336478 0.0373708 -0.049 0.00920572 0.0602536 0.0135307 0.00810742 0.0640869 0.0136624 0.00812818 0.0637584 0.0133265 0.00811242 0.0634254 0.0129956 0.00893153 0.060159 0.012638 0.00910183 0.0602177 0.0130729 0.00924064 0.0602656 0.014 0.0106971 0.0565697 0.0136485 0.0108582 0.0562705 0.014 0.00970464 0.05756 0.0122943 0.008699 0.0600788 0.0122366 0.00840998 0.0599791 0.0118787 0.00807158 0.0598624 0.0115729 0.00899325 0.0578763 0.0117038 0.00936668 0.057738 0.0119867 0.00710025 0.0614728 0.0113115 0.00728098 0.0595897 0.0111468 0.00814054 0.058 0.0112436 0.00858219 0.0579673 0.0114517 0.00739517 0.0617684 0.0115261 0.00769213 0.0597315 0.011327 0.00684824 0.0594405 0.0110369 0.00674867 0.061209 0.0111443 0.00590262 0.0608351 0.011 0.00634555 0.0609917 0.0110374 0.00687117 0.058 0.011 0.00763538 0.0620862 0.0117787 0.00782293 0.062415 0.0120574 0.00796265 0.0627505 0.0123565 0.00805825 0.0630888 0.012671 0.010501 0.0568516 0.0132984 0.0102703 0.0571128 0.0129538 0.0080514 0.0644085 0.014 0.0100056 0.0573498 0.0126186 0.00772939 0.058 0.0111093 0.00730286 0.058 0.0110276 0.00810742 0.0640869 0.0136624 0.0080514 0.0644085 0.014 0.0080514 0.0644085 -0.014 0.00805825 0.0630888 0.012671 0.00811242 0.0634254 0.0129956 0.00811243 0.0634254 -0.0129956 0.00812818 0.0637584 0.0133265 0.00810742 0.0640869 -0.0136624 0.00812819 0.0637584 -0.0133266 0.00777892 0.0623283 0.000783845 0.00782293 0.062415 0.0120574 0.00786423 0.0625026 0.000623826 0.00799994 0.0628651 -7.75812e-12 0.00798052 0.0628033 0.000240657 0.00796265 0.0627505 0.0123565 0.00726785 0.0616305 0.00128867 0.00710025 0.0614728 0.0113115 0.00739517 0.0617684 0.0115261 0.00767686 0.0621507 0.000930066 0.00755796 0.0619736 0.00106345 0.00763538 0.0620862 0.0117787 0.00602368 0.0608702 0.0014222 0.00604894 0.0608782 0.00479555 0.00606288 0.0608827 0.00496246 0.00690688 0.0613175 0.00144371 0.00674867 0.061209 0.0111443 0.00560099 0.0607708 0.00580533 0.00545346 0.0607511 0.00588308 0.0055188 0.060759 0.011 0.00590262 0.0608351 0.011 0.00593879 0.0608448 0.005445 0.0058467 0.0608206 0.00558346 0.00529432 0.060738 0.00593523 0.00512833 0.0607334 0.011 0.00512833 0.0607334 0.00596032 0.00573326 0.0607949 0.00570456 0.00545389 0.0607513 0.00404211 0.00540463 0.0607462 0.00102477 0.00529461 0.0607381 0.00398981 0.00600671 0.0608648 0.0052928 0.00604865 0.060878 0.00513061 0.00625406 0.0609527 0.00147971 0.00634555 0.0609917 0.0110374 0.00600732 0.0608652 0.00463361 0.00648225 0.0610563 0.00149982 0.00559041 0.0607692 0.00119253 0.00560162 0.0607712 0.00412003 0.00573387 0.0607954 0.00422099 0.00579938 0.0608095 0.00132632 0.00584744 0.0608211 0.00434234 0.00593941 0.0608453 0.004481 0.00512833 0.0607331 0.00396466 0.00524909 0.0607359 0.000827542 0.00512833 0.0607334 0.000607056 0.00559036 0.0607692 -0.00119256 0.00545346 0.0607511 -0.00411692 0.00540467 0.0607462 -0.00102472 0.0069068 0.0613174 -0.00144377 0.00674865 0.0612091 -0.0111442 0.00670132 0.0611789 -0.00148632 0.00670138 0.0611789 0.00148643 0.00709614 0.061469 0.00137646 0.00739516 0.0617684 -0.0115261 0.00710024 0.0614729 -0.0113114 0.00726774 0.0616304 -0.00128863 0.00742177 0.0617995 0.00118358 0.00763537 0.0620862 -0.0117787 0.00755802 0.0619737 -0.00106403 0.00767704 0.062151 -0.000930975 0.0078641 0.0625024 -0.000623945 0.00782294 0.062415 -0.0120575 0.0077789 0.0623283 -0.000784342 0.00793227 0.0626667 0.000445663 0.0080583 0.0630886 -0.0126712 0.00796271 0.0627503 -0.0123567 0.00793222 0.0626666 -0.000446016 0.00742162 0.0617993 -0.00118351 0.00709602 0.0614689 -0.0013765 0.00602364 0.0608701 -0.00142215 0.00606288 0.0608827 -0.00503754 0.00604865 0.060878 -0.00486939 0.00590262 0.0608351 -0.011 0.00604894 0.0608782 -0.00520445 0.0057994 0.0608094 -0.00132624 0.00573326 0.0607949 -0.00429544 0.00593879 0.0608448 -0.004555 0.00560099 0.0607708 -0.00419467 0.00524901 0.0607359 -0.000827573 0.00529432 0.060738 -0.00406477 0.00512833 0.0607334 -0.00403968 0.00512833 0.0607334 -0.000607053 0.0058467 0.0608206 -0.00441654 0.0055188 0.060759 -0.011 0.00573387 0.0607954 -0.00577901 0.00648218 0.0610563 -0.00149985 0.0063455 0.0609919 -0.0110372 0.00625409 0.0609527 -0.00147948 0.00600671 0.0608648 -0.0047072 0.00600732 0.0608652 -0.00536639 0.00584744 0.0608211 -0.00565766 0.00593941 0.0608453 -0.005519 0.00545389 0.0607513 -0.00595789 0.00560162 0.0607712 -0.00587997 0.00529461 0.0607381 -0.00601019 0.00512833 0.0607334 -0.011 0.00512833 0.0607331 -0.00603534 0.00798059 0.0628037 -0.000240963 0.00807158 0.0598624 -0.0115729 0.00763537 0.0620862 -0.0117787 0.00840998 0.0599791 -0.0118787 0.00739516 0.0617684 -0.0115261 0.00899325 0.0578763 -0.0117038 0.00936668 0.057738 -0.0119867 0.00769213 0.0597315 -0.011327 0.00710024 0.0614729 -0.0113114 0.00858219 0.0579673 -0.0114517 0.00674865 0.0612091 -0.0111442 0.00728098 0.0595897 -0.0111468 0.00814054 0.058 -0.0112436 0.00684824 0.0594405 -0.0110369 0.0063455 0.0609919 -0.0110372 0.00970464 0.05756 -0.0122943 0.008699 0.0600788 -0.0122366 0.00687117 0.058 -0.011 0.00590262 0.0608351 -0.011 0.00730286 0.058 -0.0110276 0.00772939 0.058 -0.0111093 0.00782294 0.062415 -0.0120575 0.0080583 0.0630886 -0.0126712 0.00893153 0.060159 -0.012638 0.00796271 0.0627503 -0.0123567 0.00811243 0.0634254 -0.0129956 0.0102703 0.0571128 -0.0129538 0.00910183 0.0602177 -0.0130729 0.00812819 0.0637584 -0.0133266 0.00920572 0.0602536 -0.0135307 0.00810742 0.0640869 -0.0136624 0.0080514 0.0644085 -0.014 0.00924064 0.0602656 -0.014 0.0106971 0.0565697 -0.0136485 0.0108582 0.0562705 -0.014 0.0100056 0.0573498 -0.0126186 0.010501 0.0568516 -0.0132984 0.021004 0.042776 0.033 0.0266466 0.0386334 0.033 0.0236377 0.0457865 0.033 0.0343838 0.0392305 0.033 0.0347714 0.0347752 0.033 0.0362434 0.0384944 0.033 0.0122209 0.0536125 0.033 0.0161482 0.047818 0.033 0.0157116 0.0555658 0.033 0.0192557 0.0503366 0.033 0.0131086 0.0613217 0.033 0.0115227 0.0674365 0.033 0.00933657 0.0599907 0.033 0.00833166 0.0862186 0.033 0.00757923 0.0667665 0.033 0.00388568 0.0885062 0.033 0.0287299 0.0420481 0.033 0.0329118 0.0355112 0.033 0.0270341 0.0384 0.014 0.0329118 0.0355112 0.033 0.0266466 0.0386334 0.033 0.0122209 0.0536125 0.033 0.0161482 0.047818 -0.051 0.0161482 0.047818 0.033 0.0266466 0.0386334 -0.051 0.0270341 0.0384 -0.014 0.0232977 0.0409109 -0.014 0.0080514 0.0644085 -0.014 0.00757923 0.0667665 0.033 0.00757923 0.0667665 -0.051 0.0108582 0.0562705 -0.014 0.00933657 0.0599907 -0.051 0.0122209 0.0536125 -0.051 0.00933657 0.0599907 0.033 0.00924064 0.0602656 0.014 0.0108582 0.0562705 0.014 0.0198591 0.0438163 -0.014 0.021004 0.042776 -0.051 0.0232977 0.0409109 0.014 0.021004 0.042776 0.033 0.0198591 0.0438163 0.014 0.0329118 0.0355112 -0.051 0.0080514 0.0644085 0.014 0.00924064 0.0602656 -0.014 0.00757923 0.0667665 -0.051 0.0108441 0.0714305 -0.051 0.0115227 0.0674365 -0.051 0.0343838 0.0392305 -0.051 0.0362434 0.0384944 -0.051 0.0347714 0.0347752 -0.051 0.0287299 0.0420481 -0.051 0.0266466 0.0386334 -0.051 0.0236377 0.0457865 -0.051 0.00933657 0.0599907 -0.051 0.00639816 0.0737182 -0.051 0.0122209 0.0536125 -0.051 0.0131086 0.0613217 -0.051 0.0157116 0.0555658 -0.051 0.0192557 0.0503366 -0.051 0.0161482 0.047818 -0.051 0.021004 0.042776 -0.051 0.0329118 0.0355112 -0.051 0.0131086 0.0613217 -0.051 0.0115227 0.0674365 -0.051 0.0115227 0.0674365 -0.049 0.0236377 0.0457865 -0.051 0.0192557 0.0503366 -0.051 0.0192557 0.0503366 -0.049 0.0157116 0.0555658 -0.051 0.0131086 0.0613217 -0.049 0.0157116 0.0555658 -0.049 0.0343838 0.0392305 -0.051 0.0287299 0.0420481 -0.051 0.0287299 0.0420481 -0.049 0.0236377 0.0457865 -0.049 0.0343838 0.0392305 -0.049 0.0157116 0.0555658 0.031 0.0131086 0.0613217 0.033 0.0157116 0.0555658 0.033 0.0115227 0.0674365 0.033 0.0131086 0.0613217 0.031 0.0115227 0.0674365 0.031 0.0236377 0.0457865 0.033 0.0287299 0.0420481 0.033 0.0287299 0.0420481 0.031 0.0236377 0.0457865 0.031 0.0192557 0.0503366 0.031 0.0192557 0.0503366 0.033 0.0343838 0.0392305 0.033 0.0343838 0.0392305 0.031 0.0227708 0.0370675 -0.011 0.0208 0.0390484 -0.011 0.0229757 0.037443 -0.011 0.0225305 0.0362486 -0.011 0.0226214 0.0366666 -0.011 0.0225 0.0358219 -0.011 0.0225 0.024 -0.011 0.0208 0.024 -0.011 0.0208 0.0390484 0.011 0.0227708 0.0370675 0.011 0.0229757 0.037443 0.011 0.0226214 0.0366666 0.011 0.0225 0.0358219 0.011 0.0225305 0.0362486 0.011 0.0225 0.024 0.011 0.0208 0.024 0.011 0.0207999 0.0406594 -0.0112744 0.0207999 0.0411623 0.0114893 0.0207998 0.041162 -0.0114891 0.0208 0.0406594 0.0112753 0.0208 0.0416346 0.0117661 0.0208 0.0416346 -0.0117661 0.0208 0.040133 -0.0111218 0.0208 0.0395944 -0.0110306 0.0207999 0.0401337 0.0111225 0.0208 0.0390484 -0.011 0.0207999 0.0395951 0.0110307 0.0208 0.0297557 0.000820454 0.0208 0.0390484 0.011 0.0208 0.0298737 0.000602441 0.0208 0.0296033 -0.00101613 0.0208 0.0294213 -0.00118373 0.0208 0.024 0.011 0.0208 0.0287471 0.00147947 0.0208 0.0285 0.00149993 0.0208 0.024 -0.011 0.0208 0.0280124 -0.00141849 0.0208 0.0282527 -0.00147945 0.0208 0.029214 0.00131914 0.0208 0.0289868 0.0014188 0.0208 0.0294216 0.00118346 0.0208 0.0296038 0.00101565 0.0208 0.0299949 0.000123428 0.0208 0.0299542 0.000367824 0.0208 0.0299948 -0.000124004 0.0208 0.0298735 -0.000602932 0.0208 0.0299541 -0.000368303 0.0208 0.0297554 -0.000820845 0.0208 0.0292135 -0.0013194 0.0208 0.0287469 -0.00147954 0.0208 0.0289864 -0.00141889 0.0208 0.0285 -0.0015 0.0208 0.0270052 0.000124272 0.0208 0.0270051 -0.000123757 0.0208 0.0275786 -0.00118367 0.0208 0.0277857 -0.00131893 0.0208 0.027244 -0.000819971 0.0208 0.0273962 -0.00101571 0.0208 0.0270459 -0.000368126 0.0208 0.0271262 -0.00060209 0.0208 0.027046 0.000368638 0.0208 0.0272442 0.000820364 0.0208 0.0271264 0.000602656 0.0208 0.027579 0.00118391 0.0208 0.0273966 0.00101611 0.0208 0.0280127 0.00141864 0.0208 0.0277862 0.00131925 0.0208 0.0282529 0.00147951 0.0225 0.0298918 -0.000559285 0.0225 0.0358219 -0.011 0.0225 0.0299663 -0.000316019 0.0225 0.0358219 0.011 0.0225 0.0295379 0.00108293 0.0225 0.029706 0.00089195 0.0225 0.024 -0.011 0.0225 0.0287535 -0.00147842 0.0225 0.0285 -0.0015 0.0225 0.0289997 -0.00141432 0.0225 0.0294423 -0.00116705 0.0225 0.0292315 -0.00130952 0.0225 0.0297773 -0.000786461 0.0225 0.029626 -0.000991012 0.0225 0.0299986 -6.36618e-05 0.0225 0.0299342 0.000439234 0.0225 0.0299878 0.000190527 0.0225 0.0298394 0.000675306 0.0225 0.0291179 0.00136684 0.0225 0.02934 0.00124276 0.0225 0.024 0.011 0.0225 0.028878 0.0014516 0.0225 0.0283728 0.0014946 0.0225 0.0286272 0.0014946 0.0225 0.0270014 -6.36618e-05 0.0225 0.0270122 0.000190527 0.0225 0.0278821 0.00136684 0.0225 0.028122 0.0014516 0.0225 0.0274621 0.00108293 0.0225 0.02766 0.00124276 0.0225 0.0271606 0.000675306 0.0225 0.027294 0.00089195 0.0225 0.0270658 0.000439234 0.0225 0.0270337 -0.000316019 0.0225 0.0272227 -0.000786461 0.0225 0.0271082 -0.000559285 0.0225 0.0275577 -0.00116705 0.0225 0.027374 -0.000991012 0.0225 0.0280003 -0.00141432 0.0225 0.0277685 -0.00130952 0.0225 0.0282465 -0.00147842 -0.0215 0.0292315 -0.00130952 -0.0215 0.0294423 -0.00116705 -0.0215 0.0364351 -0.011 -0.0215 0.024 -0.011 -0.0215 0.024 0.011 -0.0215 0.0270014 -6.36618e-05 -0.0215 0.0278821 0.00136684 -0.0215 0.02766 0.00124276 -0.0215 0.0280003 -0.00141432 -0.0215 0.0282465 -0.00147842 -0.0215 0.0285 -0.0015 -0.0215 0.0275577 -0.00116705 -0.0215 0.0277685 -0.00130952 -0.0215 0.0272227 -0.000786461 -0.0215 0.027374 -0.000991012 -0.0215 0.0270337 -0.000316019 -0.0215 0.0271082 -0.000559285 -0.0215 0.0270658 0.000439234 -0.0215 0.0270122 0.000190527 -0.0215 0.027294 0.00089195 -0.0215 0.0271606 0.000675306 -0.0215 0.0274621 0.00108293 -0.0215 0.0283728 0.0014946 -0.0215 0.028122 0.0014516 -0.0215 0.028878 0.0014516 -0.0215 0.0286272 0.0014946 -0.0215 0.0299342 0.000439234 -0.0215 0.0364351 0.011 -0.0215 0.0299878 0.000190527 -0.0215 0.0291179 0.00136684 -0.0215 0.0295379 0.00108293 -0.0215 0.02934 0.00124276 -0.0215 0.0298394 0.000675306 -0.0215 0.029706 0.00089195 -0.0215 0.0299986 -6.36618e-05 -0.0215 0.0298918 -0.000559285 -0.0215 0.0299663 -0.000316019 -0.0215 0.029626 -0.000991012 -0.0215 0.0297773 -0.000786461 -0.0215 0.0289997 -0.00141432 -0.0215 0.0287535 -0.00147842 -0.0198 0.024 -0.011 -0.0215 0.024 -0.011 -0.0215 0.0364351 -0.011 -0.0215334 0.0368816 -0.011 -0.0198 0.0398588 -0.011 -0.0216329 0.0373182 -0.011 -0.0217962 0.037735 -0.011 -0.0220198 0.0381229 -0.011 -0.0215 0.0364351 0.011 -0.0198 0.0398588 0.011 -0.0215334 0.0368816 0.011 -0.0198 0.024 0.011 -0.0215 0.024 0.011 -0.0220198 0.0381229 0.011 -0.0217962 0.037735 0.011 -0.0216329 0.0373182 0.011 -0.0197999 0.0415756 0.0112973 -0.0197999 0.0421091 -0.0115305 -0.0197998 0.0421089 0.0115304 -0.0198 0.041574 -0.011298 -0.0198 0.0426088 -0.0118323 -0.0198 0.0426088 0.0118323 -0.0198 0.0410154 0.011132 -0.0197999 0.0404411 0.0110332 -0.0197999 0.0410147 -0.0111325 -0.0198 0.0398588 0.011 -0.0197999 0.0404414 -0.0110332 -0.0198 0.0297773 -0.000786461 -0.0198 0.0398588 -0.011 -0.0198 0.0298918 -0.000559285 -0.0198 0.0295379 0.00108293 -0.0198 0.029706 0.00089195 -0.0198 0.024 -0.011 -0.0198 0.0287535 -0.00147842 -0.0198 0.0285 -0.0015 -0.0198 0.0292315 -0.00130952 -0.0198 0.0289997 -0.00141432 -0.0198 0.0294423 -0.00116705 -0.0198 0.029626 -0.000991012 -0.0198 0.0299986 -6.36618e-05 -0.0198 0.0299663 -0.000316019 -0.0198 0.0299878 0.000190527 -0.0198 0.0298394 0.000675306 -0.0198 0.0299342 0.000439234 -0.0198 0.0291179 0.00136684 -0.0198 0.02934 0.00124276 -0.0198 0.028878 0.0014516 -0.0198 0.024 0.011 -0.0198 0.0283728 0.0014946 -0.0198 0.0286272 0.0014946 -0.0198 0.0270014 -6.36618e-05 -0.0198 0.0270122 0.000190527 -0.0198 0.0278821 0.00136684 -0.0198 0.028122 0.0014516 -0.0198 0.0274621 0.00108293 -0.0198 0.02766 0.00124276 -0.0198 0.0271606 0.000675306 -0.0198 0.027294 0.00089195 -0.0198 0.0270658 0.000439234 -0.0198 0.0270337 -0.000316019 -0.0198 0.0272227 -0.000786461 -0.0198 0.0271082 -0.000559285 -0.0198 0.0275577 -0.00116705 -0.0198 0.027374 -0.000991012 -0.0198 0.0280003 -0.00141432 -0.0198 0.0277685 -0.00130952 -0.0198 0.0282465 -0.00147842 -0.017702 0.0490773 -0.049 -0.0223208 0.0442812 0.031 -0.017702 0.0490773 0.031 -0.0276883 0.0403408 0.031 -0.0223208 0.0442812 -0.049 -0.0276883 0.0403408 -0.049 -0.0336478 0.0373708 0.031 -0.0336478 0.0373708 -0.049 -0.0139662 0.0545892 -0.049 -0.0139662 0.0545892 0.031 -0.0112226 0.0606562 -0.049 -0.0112226 0.0606562 0.031 -0.00955098 0.0671015 -0.049 -0.00955098 0.0671015 0.031 -0.0336478 0.0373708 0.031 -0.0287299 0.0420481 0.031 -0.0276883 0.0403408 0.031 -0.00955098 0.0671015 0.031 -0.0111791 0.0694588 0.031 -0.00920739 0.0691238 0.031 -0.0192557 0.0503366 0.031 -0.0223208 0.0442812 0.031 -0.0236377 0.0457865 0.031 -0.017702 0.0490773 0.031 -0.0157116 0.0555658 0.031 -0.0139662 0.0545892 0.031 -0.0112226 0.0606562 0.031 -0.0131086 0.0613217 0.031 -0.0115227 0.0674365 0.031 -0.0343838 0.0392305 0.031 -0.0287299 0.0420481 -0.049 -0.0343838 0.0392305 -0.049 -0.0336478 0.0373708 -0.049 -0.0157116 0.0555658 -0.049 -0.0139662 0.0545892 -0.049 -0.0131086 0.0613217 -0.049 -0.0192557 0.0503366 -0.049 -0.0236377 0.0457865 -0.049 -0.0223208 0.0442812 -0.049 -0.0276883 0.0403408 -0.049 -0.017702 0.0490773 -0.049 -0.0111791 0.0694588 -0.049 -0.0115227 0.0674365 -0.049 -0.00955098 0.0671015 -0.049 -0.0112226 0.0606562 -0.049 -0.00920739 0.0691238 -0.049 -0.0161482 0.047818 -0.051 -0.0122209 0.0536125 -0.051 -0.0161482 0.047818 0.033 -0.0122209 0.0536125 0.033 -0.00933657 0.0599907 0.033 -0.0108582 0.0562705 0.014 -0.00924064 0.0602656 0.014 -0.0080514 0.0644085 0.014 -0.021004 0.042776 0.033 -0.0189273 0.0447241 0.014 -0.0261023 0.0389714 0.014 -0.022353 0.041646 0.014 -0.0266466 0.0386334 0.033 -0.0266466 0.0386334 -0.051 -0.0329118 0.0355112 0.033 -0.0329118 0.0355112 -0.051 -0.0108582 0.0562705 -0.014 -0.00933657 0.0599907 -0.051 -0.00924064 0.0602656 -0.014 -0.00757923 0.0667665 0.033 -0.0080514 0.0644085 -0.014 -0.00757923 0.0667665 -0.051 -0.0261023 0.0389714 -0.014 -0.0189273 0.0447241 -0.014 -0.022353 0.041646 -0.014 -0.021004 0.042776 -0.051 -0.0192557 0.0503366 0.031 -0.0236377 0.0457865 0.033 -0.0192557 0.0503366 0.033 -0.0287299 0.0420481 0.033 -0.0236377 0.0457865 0.031 -0.0287299 0.0420481 0.031 -0.0343838 0.0392305 0.033 -0.0343838 0.0392305 0.031 -0.0157116 0.0555658 0.031 -0.0157116 0.0555658 0.033 -0.0131086 0.0613217 0.031 -0.0131086 0.0613217 0.033 -0.0115227 0.0674365 0.031 -0.0115227 0.0674365 0.033 -0.0192557 0.0503366 -0.049 -0.0192557 0.0503366 -0.051 -0.0236377 0.0457865 -0.049 -0.0236377 0.0457865 -0.051 -0.0287299 0.0420481 -0.049 -0.0343838 0.0392305 -0.049 -0.0287299 0.0420481 -0.051 -0.0343838 0.0392305 -0.051 -0.0157116 0.0555658 -0.051 -0.0157116 0.0555658 -0.049 -0.0131086 0.0613217 -0.051 -0.0131086 0.0613217 -0.049 -0.0115227 0.0674365 -0.051 -0.0115227 0.0674365 -0.049 -0.00512833 0.0607334 -0.011 0.00687117 0.058 -0.011 -0.00687117 0.058 -0.011 -0.0055188 0.060759 -0.011 -0.00590262 0.0608351 -0.011 0.00512833 0.0607334 -0.011 0.0055188 0.060759 -0.011 0.00590262 0.0608351 -0.011 0.0208 0.0285 0.00149993 0.0225 0.0286272 0.0014946 0.0225 0.0283728 0.0014946 0.0225 0.028122 0.0014516 0.0208 0.0282529 0.00147951 0.0225 0.0278821 0.00136684 0.0208 0.0280127 0.00141864 0.0208 0.0277862 0.00131925 0.0225 0.02766 0.00124276 0.0225 0.0274621 0.00108293 0.0208 0.027579 0.00118391 0.0225 0.027294 0.00089195 0.0208 0.0273966 0.00101611 0.0208 0.0272442 0.000820364 0.0225 0.0271606 0.000675306 0.0225 0.0270658 0.000439234 0.0208 0.0271264 0.000602656 0.0225 0.0270122 0.000190527 0.0208 0.027046 0.000368638 0.0208 0.0270052 0.000124272 0.0225 0.0270014 -6.36618e-05 0.0208 0.0270051 -0.000123757 0.0225 0.0270337 -0.000316019 0.0208 0.0270459 -0.000368126 0.0208 0.0271262 -0.00060209 0.0225 0.0271082 -0.000559285 0.0225 0.0272227 -0.000786461 0.0208 0.027244 -0.000819971 0.0225 0.027374 -0.000991012 0.0208 0.0273962 -0.00101571 0.0208 0.0275786 -0.00118367 0.0225 0.0275577 -0.00116705 0.0225 0.0277685 -0.00130952 0.0208 0.0277857 -0.00131893 0.0225 0.0280003 -0.00141432 0.0208 0.0280124 -0.00141849 0.0208 0.0282527 -0.00147945 0.0225 0.0282465 -0.00147842 0.0225 0.0285 -0.0015 0.0208 0.0285 -0.0015 0.0208 0.0287471 0.00147947 0.0225 0.028878 0.0014516 0.0208 0.0289868 0.0014188 0.0208 0.029214 0.00131914 0.0225 0.0291179 0.00136684 0.0208 0.0294216 0.00118346 0.0225 0.02934 0.00124276 0.0225 0.0295379 0.00108293 0.0208 0.0296038 0.00101565 0.0208 0.0297557 0.000820454 0.0225 0.029706 0.00089195 0.0208 0.0298737 0.000602441 0.0225 0.0298394 0.000675306 0.0225 0.0299342 0.000439234 0.0208 0.0299542 0.000367824 0.0208 0.0299949 0.000123428 0.0225 0.0299878 0.000190527 0.0208 0.0299948 -0.000124004 0.0225 0.0299986 -6.36618e-05 0.0225 0.0299663 -0.000316019 0.0208 0.0299541 -0.000368303 0.0208 0.0298735 -0.000602932 0.0225 0.0298918 -0.000559285 0.0208 0.0297554 -0.000820845 0.0225 0.0297773 -0.000786461 0.0225 0.029626 -0.000991012 0.0208 0.0296033 -0.00101613 0.0208 0.0294213 -0.00118373 0.0225 0.0294423 -0.00116705 0.0208 0.0292135 -0.0013194 0.0225 0.0292315 -0.00130952 0.0225 0.0289997 -0.00141432 0.0208 0.0289864 -0.00141889 0.0208 0.0287469 -0.00147954 0.0225 0.0287535 -0.00147842 0.0208 0.024 0.011 0.0225 0.024 -0.011 0.0225 0.024 0.011 0.0208 0.024 -0.011 -0.00397485 0.0607334 -0.000447858 -0.00501444 0.0607334 -0.000207658 -0.005 0.0607334 2.04493e-17 -0.00512833 0.0607334 -0.000607053 -0.00465245 0.0607334 -0.0040789 -0.00480915 0.0607334 -0.00404576 -0.00496917 0.0607334 -0.00603703 -0.00512833 0.0607334 -0.011 -0.00512833 0.0607334 -0.00601907 -0.00465276 0.0607334 -0.00599627 -0.00450341 0.0607334 -0.00593862 -0.00480938 0.0607334 -0.00602935 -0.00436517 0.0607334 -0.00585788 -0.00424158 0.0607334 -0.0057561 -0.00393706 0.0607334 -0.00503754 -0.00282843 0.0607334 -0.00282843 -0.00231469 0.0607334 -0.00326224 -0.00413581 0.0607334 -0.00563589 -0.00326224 0.0607334 -0.00231469 -0.00398791 0.0607334 -0.00472271 -0.00405034 0.0607334 -0.0045752 -0.00413551 0.0607334 -0.0044396 -0.00424123 0.0607334 -0.00431933 -0.00360388 0.0607334 -0.00173553 0.00415458 0.0607334 -0.00461955 0.00312733 0.0607334 -0.00249396 0.00350089 0.0607334 -0.00193488 0.00415415 0.0607334 -0.00545466 0.00147869 0.0607334 -0.00675175 0.00409608 0.0607334 -0.0052926 -0.00512833 0.0607334 0.011 -0.00126956 0.0607334 0.0072988 -0.00138541 0.0607334 0.0070749 -0.00505751 0.0607334 0.00041135 -0.00399371 0.0607334 0.000224282 -0.00501445 0.0607334 0.000207676 -0.0033869 0.0607334 0.00212813 -0.00403909 0.0607334 0.00452238 -0.00298257 0.0607334 0.00266539 -0.00512834 0.0607334 0.000607052 -0.00389971 0.0607334 0.000890084 -0.00384367 0.0607334 -0.00110734 -0.0050575 0.0607334 -0.000411318 -0.00496915 0.0607334 -0.00403807 -0.00512833 0.0607333 -0.00405603 -0.00462284 0.0607334 0.00591181 -0.00478867 0.0607334 0.00595139 -0.00423759 0.0607334 0.00424781 -0.00369552 0.0607334 0.00153073 -0.0043299 0.0607334 0.00416787 -0.00450305 0.0607334 -0.00413663 -0.00462771 0.0607334 0.00401151 -0.00447218 0.0607334 0.00407708 -0.00496052 0.0607334 0.00396273 -0.00479206 0.0607334 0.00397303 -0.00512833 0.0607334 0.00398093 -0.00111816 0.0607334 0.00749985 -0.00412674 0.0607334 0.00437641 -0.00249396 0.0607334 0.00312733 -0.00394356 0.0607334 0.00484841 -0.00146223 0.0607334 0.00683442 -0.00110734 0.0607334 -0.00384367 -0.00111816 0.0607334 -0.00550015 -0.00126956 0.0607334 -0.0057012 0.00434907 0.0607334 0.00566262 0.00512833 0.0607334 0.011 0.00447957 0.0607334 0.00577458 0.00409608 0.0607334 0.0047074 0.00306473 0.0607334 0.00257042 0.00406668 0.0607334 0.00487698 0.00478788 0.0607334 0.00592384 0.00462729 0.0607334 0.00586251 0.00257187 0.0607334 0.00306349 0.00200079 0.0607334 0.00346356 0.00147869 0.0607334 0.00624825 2.29292e-13 0.0607334 0.00799995 0.00423965 0.0607334 0.00552994 -0.000415737 0.0607334 0.00505879 -0.000670025 0.0607334 0.00394348 -0.000651191 0.0607334 0.00514874 -0.00432314 0.0607334 0.00575184 -0.00446614 0.0607334 0.00584465 -0.00419797 0.0607334 0.0056361 -0.00495882 0.0607334 0.00596221 -0.00512833 0.0607332 0.00594397 0.000224282 0.0607334 -0.00399371 0.000890084 0.0607334 -0.00389971 0.00051374 0.0607334 -0.00509075 0.00495637 0.0607334 0.00595675 0.00512833 0.0607334 0.00596032 0.000999046 0.0607334 0.00538115 0.000695055 0.0607334 0.0039391 0.00079738 0.0607334 0.00522955 0.00141555 0.0607334 0.00600393 0.00406678 0.0607334 0.00504907 -0.00144158 0.0607334 0.00608561 -0.00135167 0.0607334 0.00584967 -0.00193488 0.0607334 0.00350089 -0.00393862 0.0607334 0.00501881 -0.00149062 0.0607334 0.00633294 0.00140974 0.0607334 -0.00598768 0.00212813 0.0607334 -0.0033869 0.00147724 0.0607334 -0.00623968 0.00114939 0.0607334 -0.00553622 0.00153073 0.0607334 -0.00369552 0.00129929 0.0607334 -0.0057505 0.00394348 0.0607334 -0.000670025 0.0050466 0.0607334 -0.000370901 0.00512833 0.0607334 -0.000607053 0.00500521 0.0607334 -0.000124599 0.004 0.0607334 1.77636e-17 0.00504663 0.0607334 0.000371091 0.00500522 0.0607334 0.00012496 0.00393928 0.0607334 0.000694313 0.00375894 0.0607334 0.00136756 0.00478676 0.0607334 0.0040014 0.00512833 0.0607334 0.000607056 0.00495549 0.0607334 0.00396829 0.00512833 0.0607331 0.00396466 0.00434907 0.0607334 -0.00433738 0.00423965 0.0607334 -0.00447006 0.00462729 0.0607334 -0.00413749 0.00377553 0.0607334 -0.00132112 0.00478788 0.0607334 -0.00407616 0.00447957 0.0607334 -0.00422542 0.00495637 0.0607334 -0.00404325 0.00512833 0.0607334 -0.00403968 0.00406678 0.0607334 -0.00495093 0.00266539 0.0607334 -0.00298257 -0.000415737 0.0607334 -0.00794121 -0.000168746 0.0607334 -0.00799043 0.00096458 0.0607334 -0.00535128 0.000750547 0.0607334 -0.00520131 -0.00138541 0.0607334 -0.0059251 -0.00173553 0.0607334 -0.00360388 -0.000934612 0.0607334 -0.00532679 -0.000724653 0.0607334 -0.0051867 -0.0039627 0.0607334 0.00518758 -0.0014976 0.0607334 0.00658458 -0.000447858 0.0607334 -0.00397485 -0.00146223 0.0607334 -0.00616558 -0.0014976 0.0607334 -0.00641542 -0.0043648 0.0607334 -0.00421747 0.00131254 0.0607334 -0.00722602 0.00512833 0.0607334 -0.011 0.00117266 0.0607334 -0.00743534 -0.00149062 0.0607334 -0.00666706 -0.00398807 0.0607334 -0.0053529 0.00434828 0.0607334 -0.00573694 0.00423909 0.0607334 -0.00560426 0.00462621 0.0607334 -0.00593708 0.00447861 0.0607334 -0.00584899 0.00495549 0.0607334 -0.00603171 0.00478676 0.0607334 -0.0059986 0.00512833 0.0607331 -0.00603534 0.00141555 0.0607334 -0.00699607 -0.00394986 0.0607334 -0.00487775 -0.0039499 0.0607334 -0.00519737 -0.00144158 0.0607334 -0.00691439 -0.00405057 0.0607334 -0.00550033 -0.00122361 0.0607334 -0.00736759 -0.00135167 0.0607334 -0.00715033 -0.000868636 0.0607334 -0.00772285 -0.00106123 0.0607334 -0.00756002 -0.000651191 0.0607334 -0.00785126 8.33993e-05 0.0607334 -0.00799765 0.000999046 0.0607334 -0.00761885 0.000573529 0.0607334 -0.00788599 0.000333507 0.0607334 -0.00796245 0.00079738 0.0607334 -0.00777045 0.0015 0.0607334 -0.0065 0.00406668 0.0607334 -0.00512302 0.00447861 0.0607334 0.00415101 0.00434828 0.0607334 0.00426306 0.00346446 0.0607334 0.00199932 -0.00025087 0.0607334 -0.00502113 2.29292e-13 0.0607334 -0.00500005 0.000261376 0.0607334 -0.00502298 0.00415415 0.0607334 0.00454534 -0.000494519 0.0607334 -0.00508391 -0.00397737 0.0607334 0.00468132 0.00423909 0.0607334 0.00439574 0.00409638 0.0607334 -0.00478144 0.00462621 0.0607334 0.00406292 0.00131254 0.0607334 0.00577398 0.00117266 0.0607334 0.00556466 0.0013688 0.0607334 0.00375843 1.38778e-17 0.0607334 0.004 -0.000168746 0.0607334 0.00500957 0.000333507 0.0607334 0.00503755 0.0015 0.0607334 0.0065 -0.000868636 0.0607334 0.00527715 -0.00132112 0.0607334 0.00377553 -0.00106123 0.0607334 0.00543998 -0.000494519 0.0607334 0.00791609 -0.00025087 0.0607334 0.00797887 -0.000934612 0.0607334 0.00767321 -0.000724653 0.0607334 0.0078133 -0.00122361 0.0607334 0.00563241 -0.00409428 0.0607334 0.00550077 -0.00401509 0.0607334 0.0053498 8.33993e-05 0.0607334 0.00500235 0.000573529 0.0607334 0.00511401 0.00409638 0.0607334 0.00521856 0.00147724 0.0607334 0.00676032 0.00415458 0.0607334 0.00538045 0.00140974 0.0607334 0.00701232 0.00114939 0.0607334 0.00746378 0.00129929 0.0607334 0.0072495 0.000750547 0.0607334 0.00779869 0.00096458 0.0607334 0.00764871 0.000261376 0.0607334 0.00797702 0.00051374 0.0607334 0.00790925 0.00590262 0.0608351 0.011 0.0055188 0.060759 0.011 0.00687117 0.058 0.011 0.00512833 0.0607334 0.011 -0.00512833 0.0607334 0.011 -0.00687117 0.058 0.011 -0.0055188 0.060759 0.011 -0.00590262 0.0608351 0.011 0.00814054 0.058 -0.0112436 0.00606299 0.058 -0.00503754 0.00604861 0.058 -0.00520655 0.0015 0.058 -0.0065 0.00147842 0.058 -0.0067535 0.00423448 0.058 -0.00559752 0.00766705 0.058 -0.00094233 0.00656366 0.058 -0.00149865 0.00584103 0.058 -0.00440932 0.00681602 0.058 -0.00146633 0.00600587 0.058 -0.0047044 0.00705928 0.058 -0.00139183 0.00434104 0.058 -0.00572948 -0.00533295 0.058 0.00094233 -0.00364491 0.058 0.0016476 -0.00550899 0.058 0.00112601 -0.00814054 0.058 0.0112436 -0.00774276 0.058 0.000839962 -0.00758293 0.058 0.00103791 -0.00786684 0.058 0.000617852 -0.0079516 0.058 0.000377967 -0.00180081 0.058 -0.0035717 -0.00124276 0.058 -0.00566004 -0.00108293 0.058 -0.00546209 -0.0014516 0.058 -0.00612203 -0.00395139 0.058 -0.00520655 -0.0014946 0.058 -0.00637279 6.36618e-05 0.058 -0.00799865 0.00687117 0.058 -0.011 0.000316019 0.058 -0.00796633 -0.0079946 0.058 -0.000127209 -0.0079946 0.058 0.000127209 -0.00669053 0.058 -0.00148785 -0.00584823 0.058 -0.00462564 -0.00576552 0.058 -0.00447757 0.000169765 0.058 -0.0039964 -0.000508071 0.058 -0.0039676 -0.000190527 0.058 -0.00501215 -0.00393701 0.058 -0.00503754 -0.00136684 0.058 -0.00588215 -0.00571354 0.058 -0.00127729 -0.00594072 0.058 -0.00139183 -0.00522983 0.058 -0.00408138 -0.00399413 0.058 -0.00537068 -0.00693923 0.058 -0.00143425 -0.00590474 0.058 -0.00478557 -0.00739195 0.058 -0.001206 -0.0059334 0.058 -0.00495274 -0.00717531 0.058 -0.00133939 -0.0044127 0.058 -0.00588907 -0.00456415 0.058 -0.00596543 -0.00136684 0.058 -0.00711785 -0.00427633 0.058 -0.00578822 -0.00687117 0.058 -0.011 -0.00472633 0.058 -0.0060151 -0.00489457 0.058 -0.00603664 -0.00506403 0.058 -0.00602945 -0.00538721 0.058 -0.00593047 -0.00553164 0.058 -0.00584154 -0.00565896 0.058 -0.00572948 -0.00774276 0.058 -0.000839962 -0.00814054 0.058 -0.0112436 -0.00758293 0.058 -0.00103791 -0.00772947 0.058 -0.011109 -0.00730291 0.058 -0.0110272 -0.00584823 0.058 -0.00544945 -0.0079516 0.058 -0.000377967 -0.00786684 0.058 -0.000617852 -0.0057127 0.058 0.00433134 -0.00580885 0.058 0.00447266 -0.00669053 0.058 0.00148785 -0.00587952 0.058 0.0046283 -0.00592266 0.058 0.00479369 -0.00717531 0.058 0.00133939 -0.00545588 0.058 0.0041076 -0.00559388 0.058 0.00420846 -0.00618398 0.058 0.00146633 -0.00643634 0.058 0.00149865 -0.00496912 0.058 0.00396297 -0.00571354 0.058 0.00127729 -0.00594072 0.058 0.00139183 -0.00479843 0.058 0.0039721 -0.00513886 0.058 0.00398304 -0.00423755 0.058 0.00424778 -0.00331404 0.058 0.0022399 -0.00288782 0.058 0.00276776 -0.00387093 0.058 0.00100791 -0.00519048 0.058 0.000731542 -0.00432988 0.058 0.00416785 -0.005 0.058 2.13163e-17 -0.00398559 0.058 0.000339224 -0.00502158 0.058 0.000253501 0.00656366 0.058 0.00149865 0.00572367 0.058 0.00421178 0.00630947 0.058 0.00148785 -0.00395139 0.058 -0.00486854 -0.00237853 0.058 -0.00321599 0.00461279 0.058 -0.00414462 0.00477017 0.058 -0.00408138 0.00349206 0.058 -0.00195078 -0.00456415 0.058 -0.00410966 -0.00331404 0.058 -0.0022399 -0.00364491 0.058 -0.0016476 0.00141432 0.058 -0.00699971 0.00446836 0.058 -0.00584154 -0.00643634 0.058 -0.00149865 -0.00565896 0.058 -0.00434561 0.00415176 0.058 -0.00544945 0.00493598 0.058 -0.00602945 0.00477017 0.058 -0.00599371 0.00116705 0.058 -0.00744233 0.00130952 0.058 -0.00723154 0.000786461 0.058 -0.00777729 0.000991012 0.058 -0.00762601 0.000559285 0.058 -0.00789183 -0.000190527 0.058 -0.00798785 -0.000675306 0.058 -0.00783939 -0.000439234 0.058 -0.00793425 -0.00406399 0.058 -0.00552524 -0.00108293 0.058 -0.00753791 -0.00089195 0.058 -0.007706 -0.00415897 0.058 -0.00566576 -0.0014516 0.058 -0.00687797 -0.00124276 0.058 -0.00733996 -0.00618398 0.058 -0.00146633 -0.00089195 0.058 -0.005294 -0.00117129 0.058 -0.00382467 -0.00406399 0.058 -0.00454985 -0.00399413 0.058 -0.0047044 -0.00288782 0.058 -0.00276776 -0.00506403 0.058 -0.00404564 -0.00489457 0.058 -0.00403845 -0.00550899 0.058 -0.00112601 -0.00415897 0.058 -0.00440932 -0.000675306 0.058 -0.00516061 -0.00427633 0.058 -0.00428687 6.36618e-05 0.058 -0.00500135 0.000316019 0.058 -0.00503367 0.000559285 0.058 -0.00510817 0.000786461 0.058 -0.00522271 0.000842717 0.058 -0.00391022 0.00394246 0.058 -0.000676003 0.0050484 0.058 -0.000377967 0.004 0.058 7.10543e-18 0.0050054 0.058 -0.000127209 -0.00502158 0.058 -0.000253501 -0.00398559 0.058 -0.000339224 0.00560805 0.058 -0.001206 0.00493598 0.058 -0.00404564 0.00510543 0.058 -0.00403845 0.00409526 0.058 -0.00528952 0.0040666 0.058 -0.00512235 0.00147842 0.058 -0.0062465 0.00415176 0.058 -0.00462564 0.0026427 0.058 -0.00300269 0.00409526 0.058 -0.00478557 0.00461279 0.058 -0.00593047 0.00600587 0.058 -0.00537068 0.00772939 0.058 -0.0111093 0.00606077 0.058 -0.00143425 0.0055873 0.058 -0.00418602 0.00630947 0.058 -0.00148785 0.00593601 0.058 -0.00552524 0.00730286 0.058 -0.0110276 0.00584103 0.058 -0.00566576 0.0055873 0.058 -0.00588907 0.00572367 0.058 -0.00578822 0.00510543 0.058 -0.00603664 0.00527367 0.058 -0.0060151 0.00543585 0.058 -0.00596543 0.00141432 0.058 -0.00600029 0.00513316 0.058 -0.000617852 0.0040666 0.058 -0.00495274 0.00209723 0.058 -0.00340612 0.00423448 0.058 -0.00447757 0.00311214 0.058 -0.00251288 0.00377151 0.058 -0.00133256 0.00446836 0.058 -0.00423355 0.00541707 0.058 -0.00103791 0.00543585 0.058 -0.00410966 0.00582469 0.058 -0.00133939 0.00527367 0.058 -0.00405999 0.00572367 0.058 -0.00428687 0.00593601 0.058 -0.00454985 -0.000508071 0.058 0.0039676 -0.000190527 0.058 0.00501215 -0.000439234 0.058 0.00506575 0.00681602 0.058 0.00146633 0.00705928 0.058 0.00139183 0.00600587 0.058 0.00462932 0.00728646 0.058 -0.00127729 0.00749101 0.058 -0.00112601 0.00604861 0.058 -0.00486854 0.00780952 0.058 -0.000731542 -0.0014946 0.058 -0.00662721 -0.00522983 0.058 -0.00599371 -0.0059334 0.058 -0.00512235 -0.00576552 0.058 -0.00559752 -0.00590474 0.058 -0.00528952 -0.00553164 0.058 -0.00423355 -0.00538721 0.058 -0.00414462 -0.00472633 0.058 -0.00405999 -0.0044127 0.058 -0.00418602 -0.000439234 0.058 -0.00506575 0.00814054 0.058 0.0112436 0.008 0.058 2.84217e-17 0.00543585 0.058 0.00589034 0.0055873 0.058 0.00581398 0.00687117 0.058 0.011 0.00791432 0.058 -0.00049971 0.00797842 0.058 -0.000253501 -0.00508568 0.058 0.00049971 0.00525724 0.058 -0.000839962 0.00149143 0.058 -0.00371156 0.00130952 0.058 -0.00576846 0.0050054 0.058 0.000127209 0.00116705 0.058 -0.00555767 0.0050484 0.058 0.000377967 0.00394246 0.058 0.000676003 0.000991012 0.058 -0.00537399 -0.00508568 0.058 -0.00049971 0.00510543 0.058 0.00396336 0.00560805 0.058 0.001206 0.00582469 0.058 0.00133939 0.00149143 0.058 0.00371156 0.000991012 0.058 0.00537399 0.000842717 0.058 0.00391022 0.00541707 0.058 0.00103791 0.00493598 0.058 0.00397056 0.000169765 0.058 0.0039964 0.000316019 0.058 0.00503367 6.36618e-05 0.058 0.00500135 0.00728646 0.058 0.00127729 0.00749101 0.058 0.00112601 0.00604861 0.058 0.00479345 0.00606299 0.058 0.00496246 0.00584103 0.058 0.00559068 0.00730286 0.058 0.0110276 0.00766705 0.058 0.00094233 0.00593601 0.058 0.00545015 0.00772939 0.058 0.0111093 0.00780952 0.058 0.000731542 0.00604861 0.058 0.00513146 0.00797842 0.058 0.000253501 0.00791432 0.058 0.00049971 0.00513316 0.058 0.000617852 0.00377151 0.058 0.00133256 -0.00387093 0.058 -0.00100791 0.00434104 0.058 -0.00434561 -0.00519048 0.058 -0.000731542 -0.00533295 0.058 -0.00094233 0.00543585 0.058 0.00403457 0.00527367 0.058 0.0039849 -0.00447407 0.058 0.00407606 -0.00463179 0.058 0.00401017 -0.00089195 0.058 0.005294 -0.00108293 0.058 0.00546209 -0.00117129 0.058 0.00382467 -0.00393878 0.058 0.00502195 -0.0014516 0.058 0.00612203 -0.00396349 0.058 0.00519108 0.00593601 0.058 0.00447476 0.00584103 0.058 0.00433424 0.000559285 0.058 0.00510817 0.00116705 0.058 0.00555767 0.00130952 0.058 0.00576846 0.00477017 0.058 0.00400629 0.00311214 0.058 0.00251288 0.00446836 0.058 0.00415846 0.00434104 0.058 0.00427052 0.0026427 0.058 0.00300269 0.00415176 0.058 0.00455055 0.00409526 0.058 0.00471048 0.00525724 0.058 0.000839962 0.00209723 0.058 0.00340612 0.00141432 0.058 0.00600029 0.00423448 0.058 0.00440248 0.000786461 0.058 0.00522271 -0.0014946 0.058 0.00637279 -0.00401665 0.058 0.00535354 -0.000675306 0.058 0.00516061 -0.00180081 0.058 0.0035717 -0.00124276 0.058 0.00566004 -0.00136684 0.058 0.00588215 -0.0040967 0.058 0.00550456 -0.0014946 0.058 0.00662721 -0.0042013 0.058 0.00563975 -0.0014516 0.058 0.00687797 -0.00432739 0.058 0.00575515 -0.00462881 0.058 0.00591378 -0.00124276 0.058 0.00733996 -0.00687117 0.058 0.011 -0.0044713 0.058 0.00584739 -0.000439234 0.058 0.00793425 -0.000190527 0.058 0.00798785 -0.00730291 0.058 0.0110272 -0.00571072 0.058 0.005596 -0.00108293 0.058 0.00753791 -0.00479533 0.058 0.00595237 -0.00496598 0.058 0.00596204 -0.000675306 0.058 0.00783939 -0.00089195 0.058 0.007706 6.36618e-05 0.058 0.00799865 0.000559285 0.058 0.00789183 0.000316019 0.058 0.00796633 0.000991012 0.058 0.00762601 0.000786461 0.058 0.00777729 0.00130952 0.058 0.00723154 0.00116705 0.058 0.00744233 0.0040666 0.058 0.00487765 0.00423448 0.058 0.00552243 0.00147842 0.058 0.0067535 0.0015 0.058 0.0065 -0.00394323 0.058 0.00485108 -0.00237853 0.058 0.00321599 -0.00592213 0.058 0.0051343 -0.00587847 0.058 0.00529956 -0.00772947 0.058 0.011109 -0.00530271 0.058 0.00403172 -0.00593701 0.058 0.00496402 -0.00739195 0.058 0.001206 -0.00693923 0.058 0.00143425 -0.00136684 0.058 0.00711785 -0.00580731 0.058 0.00545498 -0.00513579 0.058 0.0059425 -0.0054532 0.058 0.00581893 -0.00559152 0.058 0.00571851 -0.0052998 0.058 0.00589433 -0.00397671 0.058 0.00468346 -0.00403826 0.058 0.00452399 -0.00412606 0.058 0.00437734 0.0040666 0.058 0.00504726 0.00446836 0.058 0.00576645 0.00141432 0.058 0.00699971 0.00434104 0.058 0.00565439 0.0055873 0.058 0.00411093 0.00606077 0.058 0.00143425 0.00461279 0.058 0.00406953 0.00349206 0.058 0.00195078 0.00409526 0.058 0.00521443 0.00147842 0.058 0.0062465 0.00415176 0.058 0.00537436 0.00461279 0.058 0.00585538 0.00477017 0.058 0.00591862 0.00510543 0.058 0.00596155 0.00493598 0.058 0.00595436 0.00527367 0.058 0.00594001 0.00572367 0.058 0.00571313 0.00600587 0.058 0.0052956 -0.0079946 0.058 0.000127209 -0.00798052 0.0628033 0.000240817 -0.0079516 0.058 0.000377967 -0.00799999 0.0628652 1.32828e-07 -0.00508568 0.058 -0.00049971 -0.0050575 0.0607334 -0.000411318 -0.00512833 0.0607334 -0.000607053 -0.0079946 0.058 -0.000127209 -0.00533295 0.058 -0.00094233 -0.00524903 0.0607358 -0.000827687 -0.00540467 0.0607462 -0.00102481 -0.00786684 0.058 -0.000617852 -0.00793222 0.0626666 -0.000445812 -0.0079516 0.058 -0.000377967 -0.00559036 0.0607693 -0.0011927 -0.00579939 0.0608094 -0.00132632 -0.00571354 0.058 -0.00127729 -0.00550899 0.058 -0.00112601 -0.00618398 0.058 -0.00146633 -0.00602361 0.0608702 -0.00142233 -0.00625404 0.0609527 -0.00147969 -0.00594072 0.058 -0.00139183 -0.00669053 0.058 -0.00148785 -0.00670131 0.0611789 -0.00148642 -0.00690679 0.0613175 -0.00144378 -0.0064822 0.0610564 -0.00149988 -0.00643634 0.058 -0.00149865 -0.00693923 0.058 -0.00143425 -0.00709604 0.0614689 -0.00137649 -0.00717531 0.058 -0.00133939 -0.00777886 0.0623282 -0.000783919 -0.00774276 0.058 -0.000839962 -0.00758293 0.058 -0.00103791 -0.00742159 0.0617994 -0.00118349 -0.00755786 0.0619736 -0.00106346 -0.00739195 0.058 -0.001206 -0.00726773 0.0616304 -0.00128863 -0.00767681 0.0621507 -0.000930122 -0.00786409 0.0625026 -0.000623925 -0.00519048 0.058 -0.000731542 -0.00798057 0.0628036 -0.000240857 -0.00502158 0.058 -0.000253501 -0.00793222 0.0626666 0.000445791 -0.00501444 0.0607334 -0.000207658 -0.005 0.058 2.13163e-17 -0.005 0.0607334 2.04493e-17 -0.00786684 0.058 0.000617852 -0.00777873 0.0623284 0.000784118 -0.00786414 0.0625024 0.000623779 -0.00774276 0.058 0.000839962 -0.00767646 0.0621512 0.000930554 -0.00755761 0.0619739 0.0010637 -0.00758293 0.058 0.00103791 -0.00739195 0.058 0.001206 -0.00742163 0.0617994 0.00118348 -0.00726775 0.0616304 0.00128864 -0.00717531 0.058 0.00133939 -0.00709602 0.0614689 0.00137651 -0.00693923 0.058 0.00143425 -0.00669053 0.058 0.00148785 -0.00690682 0.0613175 0.00144379 -0.00670126 0.061179 0.00148645 -0.00648214 0.0610563 0.00149991 -0.00625395 0.0609528 0.00147969 -0.00643634 0.058 0.00149865 -0.00618398 0.058 0.00146633 -0.00602351 0.0608702 0.00142231 -0.00579933 0.0608095 0.00132631 -0.00594072 0.058 0.00139183 -0.00559026 0.0607693 0.00119263 -0.00571354 0.058 0.00127729 -0.00550899 0.058 0.00112601 -0.00540463 0.0607462 0.00102477 -0.00524898 0.0607359 0.000827608 -0.00533295 0.058 0.00094233 -0.00512834 0.0607334 0.000607052 -0.00519048 0.058 0.000731542 -0.00508568 0.058 0.00049971 -0.00505751 0.0607334 0.00041135 -0.00501445 0.0607334 0.000207676 -0.00502158 0.058 0.000253501 -0.0014946 0.058 -0.00662721 -0.00149062 0.0607334 -0.00666706 -0.0014976 0.0607334 -0.00641542 -0.00144158 0.0607334 -0.00691439 -0.0014516 0.058 -0.00687797 -0.00136684 0.058 -0.00711785 -0.00135167 0.0607334 -0.00715033 -0.00124276 0.058 -0.00733996 -0.00122361 0.0607334 -0.00736759 -0.00108293 0.058 -0.00753791 -0.00106123 0.0607334 -0.00756002 -0.00089195 0.058 -0.007706 -0.000675306 0.058 -0.00783939 -0.000868636 0.0607334 -0.00772285 -0.000439234 0.058 -0.00793425 -0.000651191 0.0607334 -0.00785126 -0.000415737 0.0607334 -0.00794121 -0.000190527 0.058 -0.00798785 6.36618e-05 0.058 -0.00799865 -0.000168746 0.0607334 -0.00799043 0.000316019 0.058 -0.00796633 8.33993e-05 0.0607334 -0.00799765 0.000333507 0.0607334 -0.00796245 0.000559285 0.058 -0.00789183 0.000786461 0.058 -0.00777729 0.000573529 0.0607334 -0.00788599 0.000991012 0.058 -0.00762601 0.00079738 0.0607334 -0.00777045 0.000999046 0.0607334 -0.00761885 0.00116705 0.058 -0.00744233 0.00130952 0.058 -0.00723154 0.00117266 0.0607334 -0.00743534 0.00141432 0.058 -0.00699971 0.00131254 0.0607334 -0.00722602 0.00141555 0.0607334 -0.00699607 0.00147842 0.058 -0.0067535 0.0015 0.058 -0.0065 0.00147869 0.0607334 -0.00675175 0.0015 0.0607334 -0.0065 -0.0014946 0.058 -0.00637279 -0.00146223 0.0607334 -0.00616558 -0.0014516 0.058 -0.00612203 -0.00138541 0.0607334 -0.0059251 -0.00136684 0.058 -0.00588215 -0.00124276 0.058 -0.00566004 -0.00126956 0.0607334 -0.0057012 -0.00111816 0.0607334 -0.00550015 -0.00108293 0.058 -0.00546209 -0.000934612 0.0607334 -0.00532679 -0.00089195 0.058 -0.005294 -0.000675306 0.058 -0.00516061 -0.000724653 0.0607334 -0.0051867 -0.000494519 0.0607334 -0.00508391 -0.000439234 0.058 -0.00506575 -0.00025087 0.0607334 -0.00502113 -0.000190527 0.058 -0.00501215 6.36618e-05 0.058 -0.00500135 2.29292e-13 0.0607334 -0.00500005 0.000261376 0.0607334 -0.00502298 0.000316019 0.058 -0.00503367 0.00051374 0.0607334 -0.00509075 0.000559285 0.058 -0.00510817 0.000786461 0.058 -0.00522271 0.000750547 0.0607334 -0.00520131 0.00096458 0.0607334 -0.00535128 0.000991012 0.058 -0.00537399 0.00114939 0.0607334 -0.00553622 0.00116705 0.058 -0.00555767 0.00130952 0.058 -0.00576846 0.00129929 0.0607334 -0.0057505 0.00140974 0.0607334 -0.00598768 0.00141432 0.058 -0.00600029 0.00147724 0.0607334 -0.00623968 0.00147842 0.058 -0.0062465 0.00434828 0.0607334 -0.00573694 0.00434104 0.058 -0.00572948 0.00446836 0.058 -0.00584154 0.00512833 0.0607334 -0.00403968 0.00527367 0.058 -0.00405999 0.00510543 0.058 -0.00403845 0.0058467 0.0608206 -0.00441654 0.00593879 0.0608448 -0.004555 0.00593601 0.058 -0.00454985 0.00461279 0.058 -0.00593047 0.00447861 0.0607334 -0.00584899 0.00584103 0.058 -0.00440932 0.00477017 0.058 -0.00599371 0.00462621 0.0607334 -0.00593708 0.00478676 0.0607334 -0.0059986 0.00493598 0.058 -0.00602945 0.00510543 0.058 -0.00603664 0.00495549 0.0607334 -0.00603171 0.00527367 0.058 -0.0060151 0.00512833 0.0607331 -0.00603534 0.00529461 0.0607381 -0.00601019 0.00543585 0.058 -0.00596543 0.0055873 0.058 -0.00588907 0.00545389 0.0607513 -0.00595789 0.00572367 0.058 -0.00578822 0.00560162 0.0607712 -0.00587997 0.00573387 0.0607954 -0.00577901 0.00584103 0.058 -0.00566576 0.00584744 0.0608211 -0.00565766 0.00593601 0.058 -0.00552524 0.00600587 0.058 -0.00537068 0.00593941 0.0608453 -0.005519 0.00606299 0.058 -0.00503754 0.00606288 0.0608827 -0.00503754 0.00604894 0.0608782 -0.00520445 0.00600732 0.0608652 -0.00536639 0.00604861 0.058 -0.00520655 0.00423909 0.0607334 -0.00560426 0.00415415 0.0607334 -0.00545466 0.00423448 0.058 -0.00559752 0.00415176 0.058 -0.00544945 0.00409608 0.0607334 -0.0052926 0.00406668 0.0607334 -0.00512302 0.00409526 0.058 -0.00528952 0.0040666 0.058 -0.00495274 0.0040666 0.058 -0.00512235 0.00409526 0.058 -0.00478557 0.00406678 0.0607334 -0.00495093 0.00409638 0.0607334 -0.00478144 0.00415176 0.058 -0.00462564 0.00415458 0.0607334 -0.00461955 0.00423448 0.058 -0.00447757 0.00434104 0.058 -0.00434561 0.00423965 0.0607334 -0.00447006 0.00434907 0.0607334 -0.00433738 0.00446836 0.058 -0.00423355 0.00447957 0.0607334 -0.00422542 0.00461279 0.058 -0.00414462 0.00477017 0.058 -0.00408138 0.00462729 0.0607334 -0.00413749 0.00478788 0.0607334 -0.00407616 0.00493598 0.058 -0.00404564 0.00495637 0.0607334 -0.00404325 0.00545346 0.0607511 -0.00411692 0.00543585 0.058 -0.00410966 0.00529432 0.060738 -0.00406477 0.00573326 0.0607949 -0.00429544 0.00560099 0.0607708 -0.00419467 0.00572367 0.058 -0.00428687 0.0055873 0.058 -0.00418602 0.00600671 0.0608648 -0.0047072 0.00604861 0.058 -0.00486854 0.00600587 0.058 -0.0047044 0.00604865 0.060878 -0.00486939 -0.0059334 0.058 -0.00495274 -0.0059334 0.058 -0.00512235 -0.00593699 0.0608444 -0.00503716 -0.00590474 0.058 -0.00528952 -0.00592215 0.0608404 -0.0052092 -0.00587804 0.0608287 -0.00537585 -0.00584823 0.058 -0.00544945 -0.00576552 0.058 -0.00559752 -0.0058062 0.0608111 -0.005532 -0.00565896 0.058 -0.00572948 -0.00570891 0.0607903 -0.00567327 -0.00558892 0.0607691 -0.00579581 -0.00450341 0.0607334 -0.00593862 -0.0044127 0.058 -0.00588907 -0.00436517 0.0607334 -0.00585788 -0.00553164 0.058 -0.00584154 -0.00544949 0.0607508 -0.00589622 -0.00465276 0.0607334 -0.00599627 -0.00480938 0.0607334 -0.00602935 -0.00472633 0.058 -0.0060151 -0.00456415 0.058 -0.00596543 -0.00489457 0.058 -0.00603664 -0.00496917 0.0607334 -0.00603703 -0.00506403 0.058 -0.00602945 -0.00512833 0.0607334 -0.00601907 -0.00522983 0.058 -0.00599371 -0.00529443 0.0607381 -0.00597147 -0.00538721 0.058 -0.00593047 -0.00427633 0.058 -0.00578822 -0.00424158 0.0607334 -0.0057561 -0.00415897 0.058 -0.00566576 -0.00406399 0.058 -0.00552524 -0.00413581 0.0607334 -0.00563589 -0.00399413 0.058 -0.00537068 -0.00405057 0.0607334 -0.00550033 -0.00398807 0.0607334 -0.0053529 -0.00395139 0.058 -0.00520655 -0.00393701 0.058 -0.00503754 -0.0039499 0.0607334 -0.00519737 -0.00393706 0.0607334 -0.00503754 -0.005922 0.0608402 -0.00486511 -0.00590474 0.058 -0.00478557 -0.00587779 0.0608284 -0.00469859 -0.00580587 0.0608108 -0.00454253 -0.00584823 0.058 -0.00462564 -0.00570857 0.06079 -0.00440139 -0.00576552 0.058 -0.00447757 -0.00565896 0.058 -0.00434561 -0.00558855 0.0607689 -0.00427894 -0.00544917 0.0607506 -0.00417865 -0.00553164 0.058 -0.00423355 -0.00529405 0.0607381 -0.00410346 -0.00538721 0.058 -0.00414462 -0.00522983 0.058 -0.00408138 -0.00512833 0.0607333 -0.00405603 -0.00496915 0.0607334 -0.00403807 -0.00506403 0.058 -0.00404564 -0.00480915 0.0607334 -0.00404576 -0.00489457 0.058 -0.00403845 -0.00472633 0.058 -0.00405999 -0.00465245 0.0607334 -0.0040789 -0.00450305 0.0607334 -0.00413663 -0.00456415 0.058 -0.00410966 -0.0043648 0.0607334 -0.00421747 -0.0044127 0.058 -0.00418602 -0.00427633 0.058 -0.00428687 -0.00424123 0.0607334 -0.00431933 -0.00413551 0.0607334 -0.0044396 -0.00415897 0.058 -0.00440932 -0.00405034 0.0607334 -0.0045752 -0.00406399 0.058 -0.00454985 -0.00399413 0.058 -0.0047044 -0.00398791 0.0607334 -0.00472271 -0.00394986 0.0607334 -0.00487775 -0.00395139 0.058 -0.00486854 0.00625409 0.0609527 -0.00147948 0.00606077 0.058 -0.00143425 0.00630947 0.058 -0.00148785 0.00513316 0.058 0.000617852 0.0050484 0.058 0.000377967 0.00512833 0.0607334 0.000607056 0.00656366 0.058 -0.00149865 0.00648218 0.0610563 -0.00149985 0.00670132 0.0611789 -0.00148632 0.0069068 0.0613174 -0.00144377 0.00681602 0.058 -0.00146633 0.00705928 0.058 -0.00139183 0.00709602 0.0614689 -0.0013765 0.00728646 0.058 -0.00127729 0.00726774 0.0616304 -0.00128863 0.00749101 0.058 -0.00112601 0.00742162 0.0617993 -0.00118351 0.00755802 0.0619737 -0.00106403 0.00766705 0.058 -0.00094233 0.0077789 0.0623283 -0.000784342 0.00780952 0.058 -0.000731542 0.00767704 0.062151 -0.000930975 0.00793222 0.0626666 -0.000446016 0.00791432 0.058 -0.00049971 0.00797842 0.058 -0.000253501 0.0078641 0.0625024 -0.000623945 0.008 0.058 2.84217e-17 0.00798059 0.0628037 -0.000240963 0.00799994 0.0628651 -7.75812e-12 0.00602364 0.0608701 -0.00142215 0.0057994 0.0608094 -0.00132624 0.00582469 0.058 -0.00133939 0.00560805 0.058 -0.001206 0.00559036 0.0607692 -0.00119256 0.00540467 0.0607462 -0.00102472 0.00541707 0.058 -0.00103791 0.00524901 0.0607359 -0.000827573 0.00525724 0.058 -0.000839962 0.00513316 0.058 -0.000617852 0.00512833 0.0607334 -0.000607053 0.0050466 0.0607334 -0.000370901 0.0050484 0.058 -0.000377967 0.00500521 0.0607334 -0.000124599 0.0050054 0.058 -0.000127209 0.0050054 0.058 0.000127209 0.00500522 0.0607334 0.00012496 0.00504663 0.0607334 0.000371091 0.00541707 0.058 0.00103791 0.00540463 0.0607462 0.00102477 0.00559041 0.0607692 0.00119253 0.00524909 0.0607359 0.000827542 0.00525724 0.058 0.000839962 0.00625406 0.0609527 0.00147971 0.00606077 0.058 0.00143425 0.00602368 0.0608702 0.0014222 0.00579938 0.0608095 0.00132632 0.00582469 0.058 0.00133939 0.00560805 0.058 0.001206 0.00728646 0.058 0.00127729 0.00705928 0.058 0.00139183 0.00709614 0.061469 0.00137646 0.00656366 0.058 0.00149865 0.00648225 0.0610563 0.00149982 0.00670138 0.0611789 0.00148643 0.00777892 0.0623283 0.000783845 0.00766705 0.058 0.00094233 0.00767686 0.0621507 0.000930066 0.00749101 0.058 0.00112601 0.00755796 0.0619736 0.00106345 0.00780952 0.058 0.000731542 0.00786423 0.0625026 0.000623826 0.00793227 0.0626667 0.000445663 0.00791432 0.058 0.00049971 0.00798052 0.0628033 0.000240657 0.00797842 0.058 0.000253501 0.00742177 0.0617995 0.00118358 0.00726785 0.0616305 0.00128867 0.00690688 0.0613175 0.00144371 0.00681602 0.058 0.00146633 0.00630947 0.058 0.00148785 -0.00282843 0.0607334 -0.00282843 -0.00288782 0.058 -0.00276776 -0.00237853 0.058 -0.00321599 0.000169765 0.058 0.0039964 -0.000508071 0.058 0.0039676 1.38778e-17 0.0607334 0.004 -0.00180081 0.058 -0.0035717 -0.00231469 0.0607334 -0.00326224 -0.00117129 0.058 -0.00382467 -0.00173553 0.0607334 -0.00360388 -0.00110734 0.0607334 -0.00384367 -0.000508071 0.058 -0.0039676 0.000169765 0.058 -0.0039964 -0.000447858 0.0607334 -0.00397485 0.000842717 0.058 -0.00391022 0.000224282 0.0607334 -0.00399371 0.000890084 0.0607334 -0.00389971 0.00149143 0.058 -0.00371156 0.00209723 0.058 -0.00340612 0.00153073 0.0607334 -0.00369552 0.0026427 0.058 -0.00300269 0.00212813 0.0607334 -0.0033869 0.00266539 0.0607334 -0.00298257 0.00311214 0.058 -0.00251288 0.00349206 0.058 -0.00195078 0.00312733 0.0607334 -0.00249396 0.00377151 0.058 -0.00133256 0.00350089 0.0607334 -0.00193488 0.00377553 0.0607334 -0.00132112 0.00394246 0.058 -0.000676003 0.004 0.058 7.10543e-18 0.00394348 0.0607334 -0.000670025 0.004 0.0607334 1.77636e-17 -0.00326224 0.0607334 -0.00231469 -0.00360388 0.0607334 -0.00173553 -0.00331404 0.058 -0.0022399 -0.00364491 0.058 -0.0016476 -0.00384367 0.0607334 -0.00110734 -0.00397485 0.0607334 -0.000447858 -0.00387093 0.058 -0.00100791 -0.00399371 0.0607334 0.000224282 -0.00398559 0.058 -0.000339224 -0.00398559 0.058 0.000339224 -0.00389971 0.0607334 0.000890084 -0.00369552 0.0607334 0.00153073 -0.00387093 0.058 0.00100791 -0.0033869 0.0607334 0.00212813 -0.00364491 0.058 0.0016476 -0.00331404 0.058 0.0022399 -0.00298257 0.0607334 0.00266539 -0.00249396 0.0607334 0.00312733 -0.00288782 0.058 0.00276776 -0.00193488 0.0607334 0.00350089 -0.00237853 0.058 0.00321599 -0.00180081 0.058 0.0035717 -0.00132112 0.0607334 0.00377553 -0.000670025 0.0607334 0.00394348 -0.00117129 0.058 0.00382467 0.00149143 0.058 0.00371156 0.0013688 0.0607334 0.00375843 0.00200079 0.0607334 0.00346356 0.000695055 0.0607334 0.0039391 0.000842717 0.058 0.00391022 0.00346446 0.0607334 0.00199932 0.00311214 0.058 0.00251288 0.00306473 0.0607334 0.00257042 0.00257187 0.0607334 0.00306349 0.0026427 0.058 0.00300269 0.00209723 0.058 0.00340612 0.00393928 0.0607334 0.000694313 0.00377151 0.058 0.00133256 0.00375894 0.0607334 0.00136756 0.00349206 0.058 0.00195078 0.00394246 0.058 0.000676003 -0.0014946 0.058 0.00637279 -0.00149062 0.0607334 0.00633294 -0.0014976 0.0607334 0.00658458 -0.00144158 0.0607334 0.00608561 -0.0014516 0.058 0.00612203 -0.00136684 0.058 0.00588215 -0.00135167 0.0607334 0.00584967 -0.00124276 0.058 0.00566004 -0.00122361 0.0607334 0.00563241 -0.00108293 0.058 0.00546209 -0.00106123 0.0607334 0.00543998 -0.00089195 0.058 0.005294 -0.000675306 0.058 0.00516061 -0.000868636 0.0607334 0.00527715 -0.000439234 0.058 0.00506575 -0.000651191 0.0607334 0.00514874 -0.000415737 0.0607334 0.00505879 -0.000190527 0.058 0.00501215 6.36618e-05 0.058 0.00500135 -0.000168746 0.0607334 0.00500957 0.000316019 0.058 0.00503367 8.33993e-05 0.0607334 0.00500235 0.000333507 0.0607334 0.00503755 0.000559285 0.058 0.00510817 0.000786461 0.058 0.00522271 0.000573529 0.0607334 0.00511401 0.000991012 0.058 0.00537399 0.00079738 0.0607334 0.00522955 0.000999046 0.0607334 0.00538115 0.00116705 0.058 0.00555767 0.00130952 0.058 0.00576846 0.00117266 0.0607334 0.00556466 0.00141432 0.058 0.00600029 0.00131254 0.0607334 0.00577398 0.00141555 0.0607334 0.00600393 0.00147842 0.058 0.0062465 0.0015 0.058 0.0065 0.00147869 0.0607334 0.00624825 0.0015 0.0607334 0.0065 -0.0014946 0.058 0.00662721 -0.00146223 0.0607334 0.00683442 -0.0014516 0.058 0.00687797 -0.00138541 0.0607334 0.0070749 -0.00136684 0.058 0.00711785 -0.00124276 0.058 0.00733996 -0.00126956 0.0607334 0.0072988 -0.00111816 0.0607334 0.00749985 -0.00108293 0.058 0.00753791 -0.000934612 0.0607334 0.00767321 -0.00089195 0.058 0.007706 -0.000675306 0.058 0.00783939 -0.000724653 0.0607334 0.0078133 -0.000494519 0.0607334 0.00791609 -0.000439234 0.058 0.00793425 -0.00025087 0.0607334 0.00797887 -0.000190527 0.058 0.00798785 6.36618e-05 0.058 0.00799865 2.29292e-13 0.0607334 0.00799995 0.000261376 0.0607334 0.00797702 0.000316019 0.058 0.00796633 0.00051374 0.0607334 0.00790925 0.000559285 0.058 0.00789183 0.000786461 0.058 0.00777729 0.000750547 0.0607334 0.00779869 0.00096458 0.0607334 0.00764871 0.000991012 0.058 0.00762601 0.00114939 0.0607334 0.00746378 0.00116705 0.058 0.00744233 0.00130952 0.058 0.00723154 0.00129929 0.0607334 0.0072495 0.00140974 0.0607334 0.00701232 0.00141432 0.058 0.00699971 0.00147724 0.0607334 0.00676032 0.00147842 0.058 0.0067535 -0.00559152 0.058 0.00571851 -0.00558852 0.0607689 0.00572109 -0.0054532 0.058 0.00581893 -0.00544914 0.0607506 0.00582137 -0.0052998 0.058 0.00589433 -0.00513579 0.058 0.0059425 -0.00529394 0.0607381 0.00589657 -0.00512833 0.0607332 0.00594397 -0.00496598 0.058 0.00596204 -0.00495882 0.0607334 0.00596221 -0.00479533 0.058 0.00595237 -0.00462881 0.058 0.00591378 -0.00478867 0.0607334 0.00595139 -0.00462284 0.0607334 0.00591181 -0.0044713 0.058 0.00584739 -0.00446614 0.0607334 0.00584465 -0.00432739 0.058 0.00575515 -0.0042013 0.058 0.00563975 -0.00432314 0.0607334 0.00575184 -0.00419797 0.0607334 0.0056361 -0.0040967 0.058 0.00550456 -0.00409428 0.0607334 0.00550077 -0.00401665 0.058 0.00535354 -0.00396349 0.058 0.00519108 -0.00401509 0.0607334 0.0053498 -0.0039627 0.0607334 0.00518758 -0.00393878 0.058 0.00502195 -0.00393862 0.0607334 0.00501881 -0.00394323 0.058 0.00485108 -0.00397671 0.058 0.00468346 -0.00394356 0.0607334 0.00484841 -0.00397737 0.0607334 0.00468132 -0.00403826 0.058 0.00452399 -0.00403909 0.0607334 0.00452238 -0.00412606 0.058 0.00437734 -0.00423755 0.058 0.00424778 -0.00412674 0.0607334 0.00437641 -0.00423759 0.0607334 0.00424781 -0.00570855 0.06079 0.00559863 -0.00571072 0.058 0.005596 -0.00580585 0.0608108 0.00545751 -0.00580731 0.058 0.00545498 -0.00587778 0.0608284 0.00530144 -0.005922 0.0608402 0.00513492 -0.00587847 0.058 0.00529956 -0.00592213 0.058 0.0051343 -0.00593701 0.058 0.00496402 -0.00592266 0.058 0.00479369 -0.00593699 0.0608444 0.00496287 -0.00592216 0.0608404 0.00479083 -0.00587952 0.058 0.0046283 -0.00587805 0.0608287 0.00462418 -0.00580885 0.058 0.00447266 -0.00580621 0.0608111 0.00446802 -0.00570892 0.0607903 0.00432675 -0.0057127 0.058 0.00433134 -0.00559388 0.058 0.00420846 -0.00558894 0.0607691 0.0042042 -0.00545588 0.058 0.0041076 -0.0054495 0.0607508 0.00410379 -0.00529443 0.0607381 0.00402853 -0.00530271 0.058 0.00403172 -0.00513886 0.058 0.00398304 -0.00512833 0.0607334 0.00398093 -0.00496912 0.058 0.00396297 -0.00496052 0.0607334 0.00396273 -0.00479206 0.0607334 0.00397303 -0.00479843 0.058 0.0039721 -0.00463179 0.058 0.00401017 -0.00462771 0.0607334 0.00401151 -0.00447407 0.058 0.00407606 -0.00447218 0.0607334 0.00407708 -0.00432988 0.058 0.00416785 -0.0043299 0.0607334 0.00416787 -0.00432988 0.058 0.00416785 -0.00423755 0.058 0.00424778 -0.00423759 0.0607334 0.00424781 -0.0043299 0.0607334 0.00416787 0.00434828 0.0607334 0.00426306 0.00434104 0.058 0.00427052 0.00446836 0.058 0.00415846 0.00512833 0.0607334 0.00596032 0.00527367 0.058 0.00594001 0.00510543 0.058 0.00596155 0.0058467 0.0608206 0.00558346 0.00593879 0.0608448 0.005445 0.00593601 0.058 0.00545015 0.00461279 0.058 0.00406953 0.00447861 0.0607334 0.00415101 0.00584103 0.058 0.00559068 0.00477017 0.058 0.00400629 0.00462621 0.0607334 0.00406292 0.00478676 0.0607334 0.0040014 0.00493598 0.058 0.00397056 0.00510543 0.058 0.00396336 0.00495549 0.0607334 0.00396829 0.00527367 0.058 0.0039849 0.00512833 0.0607331 0.00396466 0.00529461 0.0607381 0.00398981 0.00543585 0.058 0.00403457 0.0055873 0.058 0.00411093 0.00545389 0.0607513 0.00404211 0.00572367 0.058 0.00421178 0.00560162 0.0607712 0.00412003 0.00573387 0.0607954 0.00422099 0.00584103 0.058 0.00433424 0.00584744 0.0608211 0.00434234 0.00593601 0.058 0.00447476 0.00600587 0.058 0.00462932 0.00593941 0.0608453 0.004481 0.00606299 0.058 0.00496246 0.00606288 0.0608827 0.00496246 0.00604894 0.0608782 0.00479555 0.00600732 0.0608652 0.00463361 0.00604861 0.058 0.00479345 0.00423909 0.0607334 0.00439574 0.00415415 0.0607334 0.00454534 0.00423448 0.058 0.00440248 0.00415176 0.058 0.00455055 0.00409608 0.0607334 0.0047074 0.00406668 0.0607334 0.00487698 0.00409526 0.058 0.00471048 0.0040666 0.058 0.00504726 0.0040666 0.058 0.00487765 0.00409526 0.058 0.00521443 0.00406678 0.0607334 0.00504907 0.00409638 0.0607334 0.00521856 0.00415176 0.058 0.00537436 0.00415458 0.0607334 0.00538045 0.00423448 0.058 0.00552243 0.00434104 0.058 0.00565439 0.00423965 0.0607334 0.00552994 0.00434907 0.0607334 0.00566262 0.00446836 0.058 0.00576645 0.00447957 0.0607334 0.00577458 0.00461279 0.058 0.00585538 0.00477017 0.058 0.00591862 0.00462729 0.0607334 0.00586251 0.00478788 0.0607334 0.00592384 0.00493598 0.058 0.00595436 0.00495637 0.0607334 0.00595675 0.00545346 0.0607511 0.00588308 0.00543585 0.058 0.00589034 0.00529432 0.060738 0.00593523 0.00573326 0.0607949 0.00570456 0.00560099 0.0607708 0.00580533 0.00572367 0.058 0.00571313 0.0055873 0.058 0.00581398 0.00600671 0.0608648 0.0052928 0.00604861 0.058 0.00513146 0.00600587 0.058 0.0052956 0.00604865 0.060878 0.00513061 -0.0215 0.0289997 -0.00141432 -0.0198 0.0287535 -0.00147842 -0.0198 0.0289997 -0.00141432 -0.0198 0.0285 -0.0015 -0.0215 0.0287535 -0.00147842 -0.0215 0.0285 -0.0015 -0.0198 0.0294423 -0.00116705 -0.0198 0.029626 -0.000991012 -0.0215 0.029626 -0.000991012 -0.0215 0.0294423 -0.00116705 -0.0215 0.0292315 -0.00130952 -0.0198 0.0292315 -0.00130952 -0.0215 0.0299663 -0.000316019 -0.0198 0.0298918 -0.000559285 -0.0198 0.0299663 -0.000316019 -0.0215 0.0298918 -0.000559285 -0.0215 0.0297773 -0.000786461 -0.0198 0.0297773 -0.000786461 -0.0198 0.0299342 0.000439234 -0.0215 0.0299342 0.000439234 -0.0198 0.0299878 0.000190527 -0.0198 0.0299986 -6.36618e-05 -0.0215 0.0299878 0.000190527 -0.0215 0.0299986 -6.36618e-05 -0.0198 0.029706 0.00089195 -0.0198 0.0295379 0.00108293 -0.0215 0.0295379 0.00108293 -0.0215 0.0298394 0.000675306 -0.0198 0.0298394 0.000675306 -0.0215 0.029706 0.00089195 -0.0215 0.028878 0.0014516 -0.0198 0.0291179 0.00136684 -0.0198 0.028878 0.0014516 -0.0215 0.0291179 0.00136684 -0.0215 0.02934 0.00124276 -0.0198 0.02934 0.00124276 -0.0198 0.028122 0.0014516 -0.0215 0.028122 0.0014516 -0.0198 0.0283728 0.0014946 -0.0198 0.0286272 0.0014946 -0.0215 0.0283728 0.0014946 -0.0215 0.0286272 0.0014946 -0.0198 0.02766 0.00124276 -0.0198 0.0274621 0.00108293 -0.0215 0.0274621 0.00108293 -0.0215 0.0278821 0.00136684 -0.0198 0.0278821 0.00136684 -0.0215 0.02766 0.00124276 -0.0215 0.0270658 0.000439234 -0.0198 0.0271606 0.000675306 -0.0198 0.0270658 0.000439234 -0.0215 0.0271606 0.000675306 -0.0215 0.027294 0.00089195 -0.0198 0.027294 0.00089195 -0.0215 0.0270337 -0.000316019 -0.0215 0.0270014 -6.36618e-05 -0.0198 0.0270014 -6.36618e-05 -0.0198 0.0270122 0.000190527 -0.0215 0.0270122 0.000190527 -0.0198 0.0270337 -0.000316019 -0.0215 0.0271082 -0.000559285 -0.0198 0.0271082 -0.000559285 -0.0215 0.0272227 -0.000786461 -0.0215 0.027374 -0.000991012 -0.0198 0.0272227 -0.000786461 -0.0198 0.027374 -0.000991012 -0.0215 0.0275577 -0.00116705 -0.0198 0.0275577 -0.00116705 -0.0215 0.0277685 -0.00130952 -0.0215 0.0280003 -0.00141432 -0.0198 0.0277685 -0.00130952 -0.0198 0.0280003 -0.00141432 -0.0215 0.0282465 -0.00147842 -0.0198 0.0282465 -0.00147842 -0.0215 0.024 0.011 -0.0215 0.024 -0.011 -0.0198 0.024 -0.011 -0.0198 0.024 0.011 0.00858219 0.0579673 0.0114517 0.00814054 0.058 0.0112436 0.00814054 0.058 -0.0112436 0.00970464 0.05756 -0.0122943 0.00970464 0.05756 0.0122943 0.00936668 0.057738 -0.0119867 0.00936668 0.057738 0.0119867 0.00899325 0.0578763 0.0117038 0.00899325 0.0578763 -0.0117038 0.0102703 0.0571128 -0.0129538 0.010501 0.0568516 -0.0132984 0.010501 0.0568516 0.0132984 0.0100056 0.0573498 0.0126186 0.0100056 0.0573498 -0.0126186 0.0102703 0.0571128 0.0129538 0.0106971 0.0565697 -0.0136485 0.0106971 0.0565697 0.0136485 0.0108582 0.0562705 0.014 0.0108582 0.0562705 -0.014 0.00858219 0.0579673 -0.0114517 -0.00893153 0.060159 -0.012638 -0.008699 0.0600788 -0.0122366 -0.00970464 0.05756 -0.0122943 -0.00936668 0.057738 -0.0119867 -0.0100056 0.0573498 -0.0126186 -0.0102703 0.0571128 -0.0129538 -0.00910183 0.0602177 -0.0130729 -0.00805825 0.0630888 -0.012671 -0.00920572 0.0602536 -0.0135307 -0.010501 0.0568516 -0.0132984 -0.00812818 0.0637584 -0.0133265 -0.00924064 0.0602656 -0.014 -0.0106971 0.0565697 -0.0136485 -0.0108582 0.0562705 -0.014 -0.00810742 0.0640869 -0.0136624 -0.0080514 0.0644085 -0.014 -0.00840998 0.0599791 -0.0118787 -0.00899325 0.0578763 -0.0117038 -0.00807158 0.0598624 -0.0115729 -0.00763538 0.0620862 -0.0117787 -0.00739517 0.0617684 -0.0115261 -0.00769213 0.0597315 -0.011327 -0.00858219 0.0579673 -0.0114517 -0.00710025 0.0614728 -0.0113115 -0.00728098 0.0595897 -0.0111468 -0.00814054 0.058 -0.0112436 -0.00684824 0.0594405 -0.0110369 -0.00772947 0.058 -0.011109 -0.00590262 0.0608351 -0.011 -0.00730291 0.058 -0.0110272 -0.00634555 0.0609917 -0.0110374 -0.00687117 0.058 -0.011 -0.00674867 0.061209 -0.0111443 -0.00782293 0.062415 -0.0120574 -0.00796265 0.0627505 -0.0123565 -0.00811242 0.0634254 -0.0129956 -0.0100056 0.0573498 -0.0126186 -0.00970464 0.05756 -0.0122943 -0.00985972 0.057459 0.0124545 -0.0101753 0.0572048 0.0128269 -0.0102703 0.0571128 -0.0129538 -0.0104464 0.0569193 0.0132116 -0.010501 0.0568516 -0.0132984 -0.0106971 0.0565697 -0.0136485 -0.0106744 0.0566062 0.0136046 -0.0108582 0.0562705 0.014 -0.0108582 0.0562705 -0.014 -0.00949752 0.057676 0.0120993 -0.00909013 0.0578461 0.0117717 -0.00936668 0.057738 -0.0119867 -0.00899325 0.0578763 -0.0117038 -0.0086353 0.057959 0.0114807 -0.00858219 0.0579673 -0.0114517 -0.00814054 0.058 0.0112436 -0.00814054 0.058 -0.0112436 -0.00512833 0.0607334 -0.011 -0.0055188 0.060759 -0.011 -0.00529443 0.0607381 -0.00597147 -0.00590262 0.0608351 -0.011 -0.00593699 0.0608444 -0.00503716 -0.00592215 0.0608404 -0.0052092 -0.00602361 0.0608702 -0.00142233 -0.00579939 0.0608094 -0.00132632 -0.005922 0.0608402 -0.00486511 -0.00512833 0.0607334 -0.00601907 -0.00544949 0.0607508 -0.00589622 -0.00570891 0.0607903 -0.00567327 -0.00558892 0.0607691 -0.00579581 -0.0058062 0.0608111 -0.005532 -0.00587804 0.0608287 -0.00537585 -0.00558855 0.0607689 -0.00427894 -0.00559036 0.0607693 -0.0011927 -0.00544917 0.0607506 -0.00417865 -0.00570857 0.06079 -0.00440139 -0.00540467 0.0607462 -0.00102481 -0.00529405 0.0607381 -0.00410346 -0.00512833 0.0607333 -0.00405603 -0.00524903 0.0607358 -0.000827687 -0.00512833 0.0607334 -0.000607053 -0.00763537 0.0620862 0.0117787 -0.00767646 0.0621512 0.000930554 -0.00777873 0.0623284 0.000784118 -0.00580587 0.0608108 -0.00454253 -0.00587779 0.0608284 -0.00469859 -0.0064822 0.0610564 -0.00149988 -0.00634555 0.0609917 -0.0110374 -0.00674867 0.061209 -0.0111443 -0.00625404 0.0609527 -0.00147969 -0.00709604 0.0614689 -0.00137649 -0.00690679 0.0613175 -0.00144378 -0.00710025 0.0614728 -0.0113115 -0.00670131 0.0611789 -0.00148642 -0.00739517 0.0617684 -0.0115261 -0.00763538 0.0620862 -0.0117787 -0.00755786 0.0619736 -0.00106346 -0.00726773 0.0616304 -0.00128863 -0.00742159 0.0617994 -0.00118349 -0.00793222 0.0626666 -0.000445812 -0.00786409 0.0625026 -0.000623925 -0.00796265 0.0627505 -0.0123565 -0.00782293 0.062415 -0.0120574 -0.00777886 0.0623282 -0.000783919 -0.00805825 0.0630888 -0.012671 -0.00799999 0.0628652 1.32828e-07 -0.00798057 0.0628036 -0.000240857 -0.00811243 0.0634254 0.0129956 -0.0080583 0.0630886 0.0126712 -0.00811242 0.0634254 -0.0129956 -0.00796271 0.0627503 0.0123567 -0.00812818 0.0637584 -0.0133265 -0.00812819 0.0637584 0.0133266 -0.00602351 0.0608702 0.00142231 -0.00625395 0.0609528 0.00147969 -0.0063455 0.0609919 0.0110372 -0.00674865 0.0612091 0.0111442 -0.00670126 0.061179 0.00148645 -0.00690682 0.0613175 0.00144379 -0.00590262 0.0608351 0.011 -0.00593699 0.0608444 0.00496287 -0.005922 0.0608402 0.00513492 -0.00592216 0.0608404 0.00479083 -0.00579933 0.0608095 0.00132631 -0.00587805 0.0608287 0.00462418 -0.00570892 0.0607903 0.00432675 -0.00580621 0.0608111 0.00446802 -0.00559026 0.0607693 0.00119263 -0.00558894 0.0607691 0.0042042 -0.0054495 0.0607508 0.00410379 -0.00540463 0.0607462 0.00102477 -0.00524898 0.0607359 0.000827608 -0.00529443 0.0607381 0.00402853 -0.00512833 0.0607334 0.00398093 -0.00512834 0.0607334 0.000607052 -0.0055188 0.060759 0.011 -0.00570855 0.06079 0.00559863 -0.00587778 0.0608284 0.00530144 -0.00648214 0.0610563 0.00149991 -0.00580585 0.0608108 0.00545751 -0.00710024 0.0614729 0.0113114 -0.00709602 0.0614689 0.00137651 -0.00726775 0.0616304 0.00128864 -0.00739516 0.0617684 0.0115261 -0.00558852 0.0607689 0.00572109 -0.00742163 0.0617994 0.00118348 -0.00529394 0.0607381 0.00589657 -0.00544914 0.0607506 0.00582137 -0.00512833 0.0607334 0.011 -0.00512833 0.0607332 0.00594397 -0.00755761 0.0619739 0.0010637 -0.00782294 0.062415 0.0120575 -0.00786414 0.0625024 0.000623779 -0.00793222 0.0626666 0.000445791 -0.00798052 0.0628033 0.000240817 -0.00810742 0.0640869 -0.0136624 -0.00810742 0.0640869 0.0136624 -0.0080514 0.0644085 0.014 -0.0080514 0.0644085 -0.014 -0.00767681 0.0621507 -0.000930122 -0.00893153 0.060159 0.012638 -0.00910183 0.0602177 0.0130729 -0.0101753 0.0572048 0.0128269 -0.0104464 0.0569193 0.0132116 -0.00920572 0.0602536 0.0135307 -0.0080583 0.0630886 0.0126712 -0.0106744 0.0566062 0.0136046 -0.00812819 0.0637584 0.0133266 -0.00810742 0.0640869 0.0136624 -0.0080514 0.0644085 0.014 -0.00924064 0.0602656 0.014 -0.00811243 0.0634254 0.0129956 -0.00684824 0.0594405 0.0110369 -0.0063455 0.0609919 0.0110372 -0.00728098 0.0595897 0.0111468 -0.0108582 0.0562705 0.014 -0.008699 0.0600788 0.0122366 -0.00796271 0.0627503 0.0123567 -0.00840998 0.0599791 0.0118787 -0.00782294 0.062415 0.0120575 -0.00985972 0.057459 0.0124545 -0.00949752 0.057676 0.0120993 -0.00909013 0.0578461 0.0117717 -0.00807158 0.0598624 0.0115729 -0.00739516 0.0617684 0.0115261 -0.00763537 0.0620862 0.0117787 -0.0086353 0.057959 0.0114807 -0.00769213 0.0597315 0.011327 -0.00710024 0.0614729 0.0113114 -0.00772947 0.058 0.011109 -0.00674865 0.0612091 0.0111442 -0.00590262 0.0608351 0.011 -0.00730291 0.058 0.0110272 -0.00687117 0.058 0.011 -0.00814054 0.058 0.0112436 0.025428 0.0388209 -0.0123565 0.0250659 0.0387902 -0.0120574 0.0229525 0.0404536 -0.0122366 0.0231007 0.0406499 -0.012638 0.0257794 0.0388089 -0.012671 0.0208 0.0416346 -0.0117661 0.0207667 0.0420773 -0.0120948 0.0227683 0.0402096 -0.0118787 0.0232092 0.0407937 -0.0130729 0.0261165 0.0387578 -0.0129956 0.0264384 0.0386713 -0.0133265 0.0232754 0.0408814 -0.0135307 0.0203472 0.04322 -0.0132091 0.0201208 0.0435357 -0.0136032 0.0270341 0.0384 -0.014 0.0267449 0.0385514 -0.0136624 0.0232977 0.0409109 -0.014 0.0198591 0.0438163 -0.014 0.0246955 0.0387118 -0.0117787 0.0243196 0.0385799 -0.0115261 0.0225526 0.0399239 -0.0115729 0.0239482 0.0383892 -0.0113115 0.0223108 0.0396036 -0.011327 0.0235898 0.0381347 -0.0111443 0.0220487 0.0392564 -0.0111468 0.02326 0.0378171 -0.0110374 0.0208 0.040133 -0.0111218 0.0229757 0.037443 -0.011 0.0208 0.0390484 -0.011 0.0205336 0.042872 -0.0128236 0.0206761 0.0424905 -0.0124494 0.0207998 0.041162 -0.0114891 0.0207999 0.0406594 -0.0112744 0.0208 0.0395944 -0.0110306 0.0205336 0.042872 0.0128236 0.0203472 0.0432199 0.0132092 0.0205336 0.042872 -0.0128236 0.0201208 0.0435357 -0.0136032 0.0203472 0.04322 -0.0132091 0.0198591 0.0438163 -0.014 0.0201209 0.0435356 0.0136033 0.0198591 0.0438163 0.014 0.0206761 0.0424905 -0.0124494 0.0206762 0.0424904 0.0124495 0.0207669 0.0420772 0.012095 0.0207667 0.0420773 -0.0120948 0.0208 0.0416346 0.0117661 0.0208 0.0416346 -0.0117661 0.0226214 0.0366666 0.011 0.0225305 0.0362486 -0.011 0.0226214 0.0366666 -0.011 0.0232601 0.0378169 0.0110372 0.0229757 0.037443 0.011 0.0229757 0.037443 -0.011 0.0225 0.0358219 -0.011 0.0225305 0.0362486 0.011 0.0225 0.0358219 0.011 0.0227708 0.0370675 0.011 0.0227708 0.0370675 -0.011 0.0243196 0.0385799 -0.0115261 0.0243196 0.0385799 0.0115261 0.0239482 0.0383892 -0.0113115 0.0239483 0.0383891 0.0113114 0.0235899 0.0381347 0.0111442 0.0235898 0.0381347 -0.0111443 0.0254279 0.0388211 0.0123567 0.025428 0.0388209 -0.0123565 0.0257792 0.038809 0.0126712 0.0246955 0.0387118 0.0117787 0.0246955 0.0387118 -0.0117787 0.0250659 0.0387902 0.0120575 0.0261165 0.0387578 0.0129956 0.0261165 0.0387578 -0.0129956 0.0264384 0.0386713 0.0133266 0.0257794 0.0388089 -0.012671 0.0264384 0.0386713 -0.0133265 0.0267449 0.0385514 0.0136624 0.0270341 0.0384 0.014 0.0267449 0.0385514 -0.0136624 0.0270341 0.0384 -0.014 0.0250659 0.0387902 -0.0120574 0.02326 0.0378171 -0.0110374 0.0227683 0.0402096 0.0118787 0.0225526 0.0399239 0.0115729 0.0246955 0.0387118 0.0117787 0.0232092 0.0407937 0.0130729 0.0232754 0.0408814 0.0135307 0.0203472 0.0432199 0.0132092 0.0264384 0.0386713 0.0133266 0.0261165 0.0387578 0.0129956 0.0220487 0.0392564 0.0111468 0.0232601 0.0378169 0.0110372 0.0235899 0.0381347 0.0111442 0.0232977 0.0409109 0.014 0.0267449 0.0385514 0.0136624 0.0270341 0.0384 0.014 0.0201209 0.0435356 0.0136033 0.0198591 0.0438163 0.014 0.0231007 0.0406499 0.012638 0.0257792 0.038809 0.0126712 0.0229525 0.0404536 0.0122366 0.0254279 0.0388211 0.0123567 0.0250659 0.0387902 0.0120575 0.0243196 0.0385799 0.0115261 0.0207669 0.0420772 0.012095 0.0223108 0.0396036 0.011327 0.0239483 0.0383891 0.0113114 0.0207999 0.0395951 0.0110307 0.0208 0.0390484 0.011 0.0229757 0.037443 0.011 0.0207999 0.0401337 0.0111225 0.0208 0.0406594 0.0112753 0.0207999 0.0411623 0.0114893 0.0208 0.0416346 0.0117661 0.0206762 0.0424904 0.0124495 0.0205336 0.042872 0.0128236 -0.019685 0.0434295 -0.0125025 -0.0197697 0.0430319 -0.0121552 -0.0219946 0.041199 -0.0122366 -0.0222611 0.0415314 -0.0130729 -0.0221484 0.0413909 -0.012638 -0.0248589 0.0394136 -0.012671 -0.0223299 0.0416171 -0.0135307 -0.0193815 0.0441367 -0.0132375 -0.0255139 0.0392587 -0.0133263 -0.0195541 0.0437975 -0.0128644 -0.0245078 0.0394352 -0.0123562 -0.0258171 0.0391306 -0.0136622 -0.0191718 0.044446 -0.013617 -0.022353 0.041646 -0.014 -0.0261023 0.0389714 -0.014 -0.0189273 0.0447241 -0.014 -0.0218033 0.0409604 -0.0118787 -0.0215794 0.0406811 -0.0115729 -0.0198 0.0426088 -0.0118323 -0.0198 0.041574 -0.011298 -0.0213283 0.040368 -0.011327 -0.0197999 0.0421091 -0.0115305 -0.0230164 0.0390429 -0.0113108 -0.0210563 0.0400287 -0.0111468 -0.0197999 0.0410147 -0.0111325 -0.0197999 0.0404414 -0.0110332 -0.0223129 0.0384887 -0.011037 -0.0220198 0.0381229 -0.011 -0.0198 0.0398588 -0.011 -0.0251946 0.0393537 -0.0129956 -0.0241452 0.0394143 -0.0120572 -0.0237726 0.0393458 -0.0117782 -0.0233936 0.0392237 -0.0115261 -0.0226512 0.0387981 -0.0111435 -0.0233936 0.0392236 0.0115261 -0.0237726 0.0393458 -0.0117782 -0.0233936 0.0392237 -0.0115261 -0.0241452 0.0394143 -0.0120572 -0.0237726 0.0393458 0.0117782 -0.0241452 0.0394143 0.0120573 -0.0245078 0.0394352 -0.0123562 -0.0245077 0.0394354 0.0123564 -0.0248589 0.0394136 -0.012671 -0.0251946 0.0393537 -0.0129956 -0.0248587 0.0394137 0.0126712 -0.0251946 0.0393537 0.0129956 -0.0255139 0.0392587 -0.0133263 -0.0255139 0.0392587 0.0133264 -0.0258171 0.0391306 -0.0136622 -0.0261023 0.0389714 -0.014 -0.0258171 0.0391306 0.0136623 -0.0261023 0.0389714 0.014 -0.0230165 0.0390428 0.0113108 -0.0230164 0.0390429 -0.0113108 -0.0226512 0.0387981 0.0111435 -0.0223132 0.0384886 0.0110367 -0.0226512 0.0387981 -0.0111435 -0.0223129 0.0384887 -0.011037 -0.0220198 0.0381229 0.011 -0.0220198 0.0381229 -0.011 -0.0217962 0.037735 0.011 -0.0216329 0.0373182 0.011 -0.0217962 0.037735 -0.011 -0.0216329 0.0373182 -0.011 -0.0215334 0.0368816 0.011 -0.0215334 0.0368816 -0.011 -0.0215 0.0364351 0.011 -0.0215 0.0364351 -0.011 -0.0197698 0.0430318 0.0121554 -0.0198 0.0426088 0.0118323 -0.0198 0.0426088 -0.0118323 -0.0193815 0.0441367 -0.0132375 -0.0193816 0.0441366 0.0132376 -0.0195541 0.0437975 -0.0128644 -0.0196851 0.0434294 0.0125026 -0.019685 0.0434295 -0.0125025 -0.0189273 0.0447241 0.014 -0.0191718 0.0444459 0.0136172 -0.0191718 0.044446 -0.013617 -0.0189273 0.0447241 -0.014 -0.0195541 0.0437974 0.0128645 -0.0197697 0.0430319 -0.0121552 -0.0223299 0.0416171 0.0135307 -0.0255139 0.0392587 0.0133264 -0.0222611 0.0415314 0.0130729 -0.0189273 0.0447241 0.014 -0.022353 0.041646 0.014 -0.0191718 0.0444459 0.0136172 -0.0221484 0.0413909 0.012638 -0.0219946 0.041199 0.0122366 -0.0196851 0.0434294 0.0125026 -0.0193816 0.0441366 0.0132376 -0.0218033 0.0409604 0.0118787 -0.0215794 0.0406811 0.0115729 -0.0198 0.0426088 0.0118323 -0.0197698 0.0430318 0.0121554 -0.0197998 0.0421089 0.0115304 -0.0213283 0.040368 0.011327 -0.0210563 0.0400287 0.0111468 -0.0230165 0.0390428 0.0113108 -0.0197999 0.0404411 0.0110332 -0.0220198 0.0381229 0.011 -0.0198 0.0398588 0.011 -0.0223132 0.0384886 0.0110367 -0.0197999 0.0415756 0.0112973 -0.0233936 0.0392236 0.0115261 -0.0248587 0.0394137 0.0126712 -0.0245077 0.0394354 0.0123564 -0.0195541 0.0437974 0.0128645 -0.0261023 0.0389714 0.014 -0.0258171 0.0391306 0.0136623 -0.0226512 0.0387981 0.0111435 -0.0198 0.0410154 0.011132 -0.0237726 0.0393458 0.0117782 -0.0241452 0.0394143 0.0120573 -0.0251946 0.0393537 0.0129956 0.0336478 0.0373708 0.031 0.0343838 0.0392305 -0.049 0.0336478 0.0373708 -0.049 0.0343838 0.0392305 0.031 0.0362434 0.0384944 -0.051 0.0343838 0.0392305 -0.051 0.0343838 0.0392305 -0.049 0.0362434 0.0384944 0.033 0.0343838 0.0392305 0.031 0.0343838 0.0392305 0.033 0.0329118 0.0355112 -0.051 0.0347714 0.0347752 0.033 0.0329118 0.0355112 0.033 0.0347714 0.0347752 -0.051 0.0347714 0.0347752 -0.051 0.0362434 0.0384944 0.033 0.0347714 0.0347752 0.033 0.0362434 0.0384944 -0.051 -0.0336478 0.0373708 0.031 -0.0343838 0.0392305 -0.049 -0.0343838 0.0392305 0.031 -0.0336478 0.0373708 -0.049 -0.0347714 0.0347752 0.033 -0.0329118 0.0355112 -0.051 -0.0329118 0.0355112 0.033 -0.0347714 0.0347752 -0.051 -0.0343838 0.0392305 0.031 -0.0362434 0.0384944 -0.051 -0.0362434 0.0384944 0.033 -0.0343838 0.0392305 -0.051 -0.0343838 0.0392305 -0.049 -0.0343838 0.0392305 0.033 -0.0362434 0.0384944 0.033 -0.0347714 0.0347752 -0.051 -0.0347714 0.0347752 0.033 -0.0362434 0.0384944 -0.051 -0.00955098 0.0671015 0.031 -0.00920739 0.0691238 -0.049 -0.00955098 0.0671015 -0.049 -0.00920739 0.0691238 0.031 0.0111791 0.0694588 -0.049 0.0111791 0.0694588 0.031 0.00920739 0.0691238 0.031 0.00920739 0.0691238 -0.049 0.00639816 0.0737182 -0.051 0.00639816 0.0737182 0.021 0.0108441 0.0714305 0.021 0.0108441 0.0714305 -0.051 0.0115227 0.0674365 -0.051 0.0108441 0.0714305 -0.051 0.0111791 0.0694588 -0.049 0.00928638 0.0805993 0.030667 0.00901985 0.082168 0.0309169 0.00833166 0.0862186 0.033 0.0115227 0.0674365 -0.049 0.0111791 0.0694588 0.031 0.0115227 0.0674365 0.033 0.0115227 0.0674365 0.031 0.00875041 0.0837539 0.031 0.00833166 0.0862186 0.031 0.00954691 0.0790659 0.0302486 0.00979797 0.0775882 0.029659 0.0102547 0.0749 0.0279568 0.0100355 0.07619 0.0288957 0.0106134 0.0727886 0.025565 0.0104496 0.0737527 0.0268439 0.0108136 0.0716102 0.0225962 0.0107385 0.0720521 0.0241392 0.0108441 0.0714305 0.021 0.00639816 0.0737182 0.021 0.00757923 0.0667665 0.033 0.00637099 0.073878 0.0226026 0.00757923 0.0667665 -0.051 0.00616674 0.0750803 0.0255674 0.00629193 0.0743434 0.0241418 0.00580799 0.0771918 0.0279576 0.00600289 0.0760446 0.0268455 0.00535148 0.0798787 0.029659 0.00558891 0.0784812 0.028896 0.00510054 0.0813557 0.0302485 0.00484014 0.0828884 0.0306669 0.00388568 0.0885062 0.033 0.00457374 0.0844564 0.0309169 0.00430443 0.0860416 0.031 0.00388568 0.0885062 0.031 0.00639816 0.0737182 -0.051 0.00955098 0.0671015 -0.049 0.00920739 0.0691238 0.031 0.00955098 0.0671015 0.031 0.00920739 0.0691238 -0.049 0.00388568 0.0885062 0.033 0.00833166 0.0862186 0.033 0.00833166 0.0862186 0.031 0.00388568 0.0885062 0.031 0.00833166 0.0862186 0.031 0.00430443 0.0860416 0.031 0.00388568 0.0885062 0.031 0.00875041 0.0837539 0.031 -0.00388568 0.0885062 0.033 -0.00388568 0.0885062 0.031 -0.00833166 0.0862186 0.031 -0.00833166 0.0862186 0.033 -0.00833166 0.0862186 0.031 -0.00430443 0.0860416 0.031 -0.00875041 0.0837539 0.031 -0.00388568 0.0885062 0.031 -0.00629255 0.0743397 0.0241392 -0.0107379 0.0720558 0.0241418 -0.0106127 0.0727926 0.0255674 -0.0108441 0.0714305 0.021 -0.00636763 0.0738978 0.0225962 -0.00639816 0.0737182 0.021 -0.010254 0.0749042 0.0279576 -0.0100349 0.0761936 0.028896 -0.0058087 0.0771876 0.0279568 -0.00600363 0.0760403 0.0268439 -0.00616741 0.0750763 0.025565 -0.0104489 0.073757 0.0268455 -0.00510092 0.0813535 0.0302486 -0.00954653 0.0790681 0.0302485 -0.00928613 0.0806008 0.0306669 -0.00535198 0.0798758 0.029659 -0.00558952 0.0784776 0.0288957 -0.00979747 0.0775911 0.029659 -0.00901972 0.0821688 0.0309169 -0.0048404 0.0828869 0.030667 -0.00875041 0.0837539 0.031 -0.00457387 0.0844556 0.0309169 -0.00430443 0.0860416 0.031 -0.010817 0.0715904 0.0226026 0.00484014 0.0828884 0.0306669 0.00901985 0.082168 0.0309169 0.00928638 0.0805993 0.030667 0.00875041 0.0837539 0.031 0.00457374 0.0844564 0.0309169 0.00430443 0.0860416 0.031 0.00979797 0.0775882 0.029659 0.0100355 0.07619 0.0288957 0.00558891 0.0784812 0.028896 0.00535148 0.0798787 0.029659 0.00510054 0.0813557 0.0302485 0.00954691 0.0790659 0.0302486 0.00616674 0.0750803 0.0255674 0.0104496 0.0737527 0.0268439 0.0106134 0.0727886 0.025565 0.00600289 0.0760446 0.0268455 0.00580799 0.0771918 0.0279576 0.0102547 0.0749 0.0279568 0.00629193 0.0743434 0.0241418 0.0107385 0.0720521 0.0241392 0.00637099 0.073878 0.0226026 0.0108136 0.0716102 0.0225962 0.00639816 0.0737182 0.021 0.0108441 0.0714305 0.021</float_array>
          <technique_common>
            <accessor count="2732" source="#ID5" stride="3">
              <param name="X" type="float"/>
              <param name="Y" type="float"/>
              <param name="Z" type="float"/>
            </accessor>
          </technique_common>
        </source>
        <source id="ID6">
          <float_array count="8196" id="ID7">-0.457525 0.889197 0 -0.457525 0.889197 0 -0.457525 0.889197 0 -0.457525 0.889197 0 0.985872 -0.167498 0 0.985872 -0.167498 0 0.985872 -0.167498 0 0.985872 -0.167498 0 0.985872 -0.167498 0 0.985872 -0.167498 0 0.985872 -0.167498 0 0.985872 -0.167498 0 0.985872 -0.167498 0 0.985872 -0.167498 0 0.985872 -0.167498 0 0.985872 -0.167498 0 0.985872 -0.167498 0 0.985872 -0.167498 0 0.985872 -0.167498 0 0.985872 -0.167498 0 0.985872 -0.167498 0 -0.985872 0.167498 0 -0.985872 0.167498 0 -0.985872 0.167498 0 -0.985872 0.167498 0 -0.985872 0.167498 0 -0.985872 0.167498 0 -0.985872 0.167498 0 -0.985872 0.167498 0 -0.985872 0.167498 0 -0.985872 0.167498 0 -0.985872 0.167498 0 -0.985872 0.167498 0 -0.985872 0.167498 0 -0.985872 0.167498 0 -0.985872 0.167498 0 -0.985872 0.167498 0 -0.985872 0.167498 0 -0.985872 0.167498 0 -0.985872 0.167498 0 -0.985872 0.167498 0 -0.985872 0.167498 0 -0.167498 -0.985872 -0 -0.167498 -0.985872 -0 -0.167498 -0.985872 -0 -0.167498 -0.985872 -0 0 0 -1 0 0 -1 0 0 -1 0 0 -1 0 0 -1 0 0 -1 0 0 -1 0 0 -1 0 0 -1 0 0 -1 0 0 -1 0 0 -1 0 0 -1 0 0 -1 0 0 -1 0 0 -1 0 0 -1 0 0 -1 0 0 1 0 0 1 0 0 1 0 0 1 0 0 1 0 0 1 0 0 1 0 0 1 0 0 1 0 0 1 0 0 1 0 0 1 0 0 1 0 0 1 0 0 1 0 0 1 0 0 1 0 0 1 -0 -0 -1 -0 -0 -1 -0 -0 -1 -0 -0 -1 -0 -0 -1 -0 -0 -1 -0 -0 -1 -0 -0 -1 -0 -0 -1 -0 -0 -1 -0 -0 -1 -0 -0 -1 -0 -0 -1 -0 -0 -1 -0 -0 -1 -0 -0 -1 0 0 1 0 0 1 0 0 1 0 0 1 0 0 1 0 0 1 0 0 1 0 0 1 0 0 1 0 0 1 0 0 1 0 0 1 0 0 1 0 0 1 0 0 1 0 0 1 0.872661 0.488327 0 0.943011 0.332763 0 0.872661 0.488327 0 0.985872 0.167498 0 0.943011 0.332763 0 0.985872 0.167498 0 0.65844 0.752633 0 0.520813 0.853671 0 0.520813 0.853671 0 0.65844 0.752633 0 0.776873 0.629657 0 0.776873 0.629657 0 0.368006 0.929824 0 0.368006 0.929824 0 -0.933711 -0.322042 0.156434 -0.966359 -0.231273 0.112534 -0.945892 -0.234286 0.224496 -0.912876 -0.233634 0.334772 -0.842313 -0.290519 0.45399 -0.899082 -0.310098 0.309017 -0.94535 -0.326057 -8.74228e-08 -0.903111 -0.413126 0.117121 -0.905897 -0.423498 -8.74228e-08 -0.75856 -0.318392 0.568518 -0.764804 -0.263785 0.587785 -0.668464 -0.230557 0.707107 -0.555663 -0.191651 0.809017 -0.596698 -0.24105 0.765406 -0.685643 -0.28211 0.67105 -0.425023 -0.126382 0.896316 -0.292129 -0.100757 0.951057 -0.367464 -0.144129 0.918802 -0.490339 -0.194887 0.849462 -0.542961 -0.158664 0.824633 -0.42918 -0.148027 0.891006 -0.147885 -0.0510065 0.987688 -0.292932 -0.0882361 0.952053 7.22333e-08 2.1961e-08 1 -0.149441 -0.0453559 0.98773 7.05714e-08 2.68257e-08 1 -0.646115 -0.184851 0.740517 -0.734003 -0.204965 0.647479 -0.807315 -0.219463 0.547795 -0.866856 -0.228865 0.442924 -0.887468 -0.397174 0.233782 -0.858537 -0.375935 0.348694 -0.974356 -0.225011 -8.74228e-08 -0.815897 -0.349689 0.460466 -0.248963 -0.0966533 0.963678 -0.125488 -0.0482066 0.990923 -0.993038 -0.117792 -0 -0.974356 -0.225011 -0 -0.974356 -0.225011 -0 -0.976642 0.214873 0 -0.994712 0.102704 0 -0.99472 0.102624 0 -0.999966 -0.00827926 -0 -0.993036 -0.117813 -0 -0.999965 -0.0083155 -0 -0.883528 0.468378 0 -0.898223 0.439541 0 -0.911965 0.410269 0 -0.957199 0.28943 0 -0.95072 0.31005 0 -0.944791 0.327673 0 -0.713173 0.700988 0 -0.657308 0.753622 0 -0.755614 0.655017 0 -0.84951 0.527572 0 -0.809878 0.586599 0 -0.83571 0.54917 0 -0.298451 0.954425 0 -0.306875 0.95175 0 -0.311516 0.950241 0 -0.592852 0.805311 0 -0.540082 0.841613 0 -0.157554 0.98751 0 -0.108379 0.99411 0 -0.130156 0.991494 0 -0.258097 0.966119 0 -0.270142 0.962821 0 -0.239449 0.970909 0 -0.0553331 0.998468 0 1.33171e-07 1 0 1.33171e-07 1 0 -0.20164 0.97946 0 -0.10852 0.994094 0 -0.0921 0.99575 0 -0.055425 0.998463 0 -0.292782 0.956179 0 -0.306764 0.951786 0 -0.375247 0.926925 0 -0.405688 0.914012 0 -0.293009 0.95611 0 -0.451308 0.892368 0 -0.15403 0.988066 0 -0.157769 0.987476 0 -0.201858 0.979415 0 -0.223685 0.974662 0 -0.239719 0.970842 0 -0.270376 0.962755 0 1.33171e-07 1 0 -0.0402541 0.999189 0 1.33171e-07 1 0 -0.154008 0.98807 0 -0.108378 0.99411 0 -0.0921133 0.995749 0 -0.592825 0.805332 0 -0.54006 0.841626 0 -0.524329 0.851516 0 -0.524351 0.851502 0 -0.655936 0.754816 0 -0.755614 0.655017 0 -0.657246 0.753676 0 -0.713139 0.701023 0 -0.764479 0.644649 0 -0.835728 0.549143 0 -0.809898 0.586571 0 -0.849572 0.527473 0 -0.911927 0.410352 0 -0.898286 0.439412 0 -0.883526 0.468381 0 -0.934643 0.355587 0 -0.976642 0.214873 0 -0.944799 0.327651 0 -0.934637 0.355603 0 -0.76443 0.644707 0 -0.655898 0.754849 0 -0.298434 0.95443 0 -0.311516 0.950241 0 -0.306764 0.951786 0 -0.258097 0.966119 0 -0.306875 0.95175 0 -0.223689 0.97466 0 -0.20164 0.97946 0 -0.270142 0.962821 0 -0.157554 0.98751 0 -0.0402283 0.999191 0 -0.0553331 0.998468 0 1.33171e-07 1 0 1.33171e-07 1 0 -0.239449 0.970909 0 -0.130156 0.991494 0 -0.201858 0.979415 0 -0.451283 0.892381 0 -0.405508 0.914091 0 -0.375252 0.926923 0 -0.292782 0.956179 0 -0.293009 0.95611 0 -0.239719 0.970842 0 -0.270376 0.962755 0 -0.10852 0.994094 0 -0.157769 0.987476 0 -0.055425 0.998463 0 1.33171e-07 1 0 1.33171e-07 1 0 -0.950766 0.309911 0 -0.555663 -0.191651 -0.809017 -0.646097 -0.184839 -0.740536 -0.668464 -0.230557 -0.707107 -0.542961 -0.158664 -0.824633 -0.596698 -0.24105 -0.765406 -0.685643 -0.28211 -0.67105 -0.42918 -0.148027 -0.891006 -0.425102 -0.126399 -0.896276 -0.490339 -0.194887 -0.849463 -0.292964 -0.0882406 -0.952043 -0.292129 -0.100757 -0.951056 -0.367464 -0.144129 -0.918802 -0.147885 -0.0510065 -0.987688 -0.14963 -0.0454124 -0.987699 -0.75856 -0.318392 -0.568518 -0.764804 -0.263785 -0.587785 1.11467e-08 4.23711e-09 -1 1.14092e-08 3.46874e-09 -1 -0.125488 -0.0482066 -0.990923 -0.248964 -0.0966534 -0.963678 -0.733916 -0.204936 -0.647586 -0.866856 -0.228865 -0.442924 -0.842313 -0.290519 -0.453991 -0.807306 -0.219455 -0.547811 -0.91285 -0.233627 -0.334847 -0.858537 -0.375935 -0.348694 -0.899082 -0.310098 -0.309017 -0.945886 -0.234279 -0.224529 -0.933711 -0.322042 -0.156434 -0.966358 -0.231268 -0.112553 -0.974356 -0.225011 -8.74228e-08 -0.94535 -0.326057 -8.74228e-08 -0.903111 -0.413126 -0.117121 -0.905897 -0.423498 -8.74228e-08 -0.815897 -0.349689 -0.460466 -0.887468 -0.397174 -0.233782 0 0 1 0 0 1 0 0 1 0 0 1 0 0 1 0 0 1 0 0 1 0 0 1 0 0 1 0 0 1 0 0 1 0 0 1 0 0 1 0 0 1 0 0 1 0 0 1 0 0 1 0 0 1 -0.511364 -0.859364 0 -0.368006 -0.929824 0 -0.520813 -0.853671 0 -0.872661 -0.488327 -0 -0.776873 -0.629657 -0 -0.776873 -0.629657 -0 -0.520813 -0.853671 0 -0.511364 -0.859364 0 -0.602495 -0.798122 0 -0.974356 -0.225011 -0 -0.985872 -0.167498 -0 -0.985872 -0.167498 -0 -0.905897 -0.423498 -0 -0.943011 -0.332763 -0 -0.872661 -0.488327 -0 -0.943011 -0.332763 -0 -0.94535 -0.326057 -0 -0.905897 -0.423498 -0 -0.686364 -0.727259 0 -0.65844 -0.752633 0 -0.602495 -0.798122 0 -0.65844 -0.752633 0 -0.686364 -0.727259 0 -0.368006 -0.929824 0 -0.974356 -0.225011 -0 -0.94535 -0.326057 -0 0 0 -1 0 0 -1 0 0 -1 0 0 -1 0 0 -1 0 0 -1 0 0 -1 0 0 -1 0 0 -1 0 0 -1 0 0 -1 0 0 -1 0 0 -1 0 0 -1 0 0 -1 0 0 -1 0 0 -1 0 0 -1 0.943011 0.332763 0 0.985872 0.167498 0 0.985872 0.167498 0 0.65844 0.752633 0 0.776873 0.629658 0 0.776873 0.629658 0 0.87266 0.488328 0 0.943011 0.332763 0 0.87266 0.488328 0 0.368006 0.929823 0 0.520814 0.85367 0 0.520814 0.85367 0 0.65844 0.752633 0 0.368006 0.929823 0 0.872661 0.488327 0 0.943011 0.332763 0 0.872661 0.488327 0 0.985872 0.167498 0 0.943011 0.332763 0 0.985872 0.167498 0 0.65844 0.752633 0 0.520813 0.853671 0 0.520813 0.853671 0 0.65844 0.752633 0 0.776873 0.629657 0 0.776873 0.629657 0 0.368006 0.929824 0 0.368006 0.929824 0 -4.93038e-32 6.12323e-17 -1 -4.93038e-32 6.12323e-17 -1 -4.93038e-32 6.12323e-17 -1 -4.93038e-32 6.12323e-17 -1 -4.93038e-32 6.12323e-17 -1 -4.93038e-32 6.12323e-17 -1 -4.93038e-32 6.12323e-17 -1 -4.93038e-32 6.12323e-17 -1 4.93038e-32 -6.12323e-17 1 4.93038e-32 -6.12323e-17 1 4.93038e-32 -6.12323e-17 1 4.93038e-32 -6.12323e-17 1 4.93038e-32 -6.12323e-17 1 4.93038e-32 -6.12323e-17 1 4.93038e-32 -6.12323e-17 1 4.93038e-32 -6.12323e-17 1 -1 -3.1186e-16 3.02079e-32 -1 -3.1186e-16 3.02079e-32 -1 -3.1186e-16 3.02079e-32 -1 -3.1186e-16 3.02079e-32 -1 -3.1186e-16 3.02079e-32 -1 -3.1186e-16 3.02079e-32 -1 -3.1186e-16 3.02079e-32 -1 -3.1186e-16 3.02079e-32 -1 -3.1186e-16 3.02079e-32 -1 -3.1186e-16 3.02079e-32 -1 -3.1186e-16 3.02079e-32 -1 -3.1186e-16 3.02079e-32 -1 -3.1186e-16 3.02079e-32 -1 -3.1186e-16 3.02079e-32 -1 -3.1186e-16 3.02079e-32 -1 -3.1186e-16 3.02079e-32 -1 -3.1186e-16 3.02079e-32 -1 -3.1186e-16 3.02079e-32 -1 -3.1186e-16 3.02079e-32 -1 -3.1186e-16 3.02079e-32 -1 -3.1186e-16 3.02079e-32 -1 -3.1186e-16 3.02079e-32 -1 -3.1186e-16 3.02079e-32 -1 -3.1186e-16 3.02079e-32 -1 -3.1186e-16 3.02079e-32 -1 -3.1186e-16 3.02079e-32 -1 -3.1186e-16 3.02079e-32 -1 -3.1186e-16 3.02079e-32 -1 -3.1186e-16 3.02079e-32 -1 -3.1186e-16 3.02079e-32 -1 -3.1186e-16 3.02079e-32 -1 -3.1186e-16 3.02079e-32 -1 -3.1186e-16 3.02079e-32 -1 -3.1186e-16 3.02079e-32 -1 -3.1186e-16 3.02079e-32 -1 -3.1186e-16 3.02079e-32 -1 -3.1186e-16 3.02079e-32 -1 -3.1186e-16 3.02079e-32 -1 -3.1186e-16 3.02079e-32 -1 -3.1186e-16 3.02079e-32 -1 -3.1186e-16 3.02079e-32 -1 -3.1186e-16 3.02079e-32 -1 -3.1186e-16 3.02079e-32 -1 -3.1186e-16 3.02079e-32 -1 -3.1186e-16 3.02079e-32 -1 -3.1186e-16 3.02079e-32 -1 -3.1186e-16 3.02079e-32 -1 -3.1186e-16 3.02079e-32 -1 -3.1186e-16 3.02079e-32 -1 -3.1186e-16 3.02079e-32 -1 -3.1186e-16 3.02079e-32 -1 -3.1186e-16 3.02079e-32 1 3.1186e-16 -3.02079e-32 1 3.1186e-16 -3.02079e-32 1 3.1186e-16 -3.02079e-32 1 3.1186e-16 -3.02079e-32 1 3.1186e-16 -3.02079e-32 1 3.1186e-16 -3.02079e-32 1 3.1186e-16 -3.02079e-32 1 3.1186e-16 -3.02079e-32 1 3.1186e-16 -3.02079e-32 1 3.1186e-16 -3.02079e-32 1 3.1186e-16 -3.02079e-32 1 3.1186e-16 -3.02079e-32 1 3.1186e-16 -3.02079e-32 1 3.1186e-16 -3.02079e-32 1 3.1186e-16 -3.02079e-32 1 3.1186e-16 -3.02079e-32 1 3.1186e-16 -3.02079e-32 1 3.1186e-16 -3.02079e-32 1 3.1186e-16 -3.02079e-32 1 3.1186e-16 -3.02079e-32 1 3.1186e-16 -3.02079e-32 1 3.1186e-16 -3.02079e-32 1 3.1186e-16 -3.02079e-32 1 3.1186e-16 -3.02079e-32 1 3.1186e-16 -3.02079e-32 1 3.1186e-16 -3.02079e-32 1 3.1186e-16 -3.02079e-32 1 3.1186e-16 -3.02079e-32 1 3.1186e-16 -3.02079e-32 1 3.1186e-16 -3.02079e-32 1 3.1186e-16 -3.02079e-32 1 3.1186e-16 -3.02079e-32 1 3.1186e-16 -3.02079e-32 1 3.1186e-16 -3.02079e-32 1 3.1186e-16 -3.02079e-32 1 3.1186e-16 -3.02079e-32 1 3.1186e-16 -3.02079e-32 1 3.1186e-16 -3.02079e-32 1 3.1186e-16 -3.02079e-32 1 3.1186e-16 -3.02079e-32 1 3.1186e-16 -3.02079e-32 -1 -3.1186e-16 3.02079e-32 -1 -3.1186e-16 3.02079e-32 -1 -3.1186e-16 3.02079e-32 -1 -3.1186e-16 3.02079e-32 -1 -3.1186e-16 3.02079e-32 -1 -3.1186e-16 3.02079e-32 -1 -3.1186e-16 3.02079e-32 -1 -3.1186e-16 3.02079e-32 -1 -3.1186e-16 3.02079e-32 -1 -3.1186e-16 3.02079e-32 -1 -3.1186e-16 3.02079e-32 -1 -3.1186e-16 3.02079e-32 -1 -3.1186e-16 3.02079e-32 -1 -3.1186e-16 3.02079e-32 -1 -3.1186e-16 3.02079e-32 -1 -3.1186e-16 3.02079e-32 -1 -3.1186e-16 3.02079e-32 -1 -3.1186e-16 3.02079e-32 -1 -3.1186e-16 3.02079e-32 -1 -3.1186e-16 3.02079e-32 -1 -3.1186e-16 3.02079e-32 -1 -3.1186e-16 3.02079e-32 -1 -3.1186e-16 3.02079e-32 -1 -3.1186e-16 3.02079e-32 -1 -3.1186e-16 3.02079e-32 -1 -3.1186e-16 3.02079e-32 -1 -3.1186e-16 3.02079e-32 -1 -3.1186e-16 3.02079e-32 -1 -3.1186e-16 3.02079e-32 -1 -3.1186e-16 3.02079e-32 -1 -3.1186e-16 3.02079e-32 -1 -3.1186e-16 3.02079e-32 -1 -3.1186e-16 3.02079e-32 -1 -3.1186e-16 3.02079e-32 -1 -3.1186e-16 3.02079e-32 -1 -3.1186e-16 3.02079e-32 -1 -3.1186e-16 3.02079e-32 -1 -3.1186e-16 3.02079e-32 -1 -3.1186e-16 3.02079e-32 -1 -3.1186e-16 3.02079e-32 -1 -3.1186e-16 3.02079e-32 -4.93038e-32 6.12323e-17 -1 -4.93038e-32 6.12323e-17 -1 -4.93038e-32 6.12323e-17 -1 -4.93038e-32 6.12323e-17 -1 -4.93038e-32 6.12323e-17 -1 -4.93038e-32 6.12323e-17 -1 -4.93038e-32 6.12323e-17 -1 -4.93038e-32 6.12323e-17 -1 4.93038e-32 -6.12323e-17 1 4.93038e-32 -6.12323e-17 1 4.93038e-32 -6.12323e-17 1 4.93038e-32 -6.12323e-17 1 4.93038e-32 -6.12323e-17 1 4.93038e-32 -6.12323e-17 1 4.93038e-32 -6.12323e-17 1 4.93038e-32 -6.12323e-17 1 1 3.1186e-16 -3.02079e-32 1 3.1186e-16 -3.02079e-32 1 3.1186e-16 -3.02079e-32 1 3.1186e-16 -3.02079e-32 1 3.1186e-16 -3.02079e-32 1 3.1186e-16 -3.02079e-32 1 3.1186e-16 -3.02079e-32 1 3.1186e-16 -3.02079e-32 1 3.1186e-16 -3.02079e-32 1 3.1186e-16 -3.02079e-32 1 3.1186e-16 -3.02079e-32 1 3.1186e-16 -3.02079e-32 1 3.1186e-16 -3.02079e-32 1 3.1186e-16 -3.02079e-32 1 3.1186e-16 -3.02079e-32 1 3.1186e-16 -3.02079e-32 1 3.1186e-16 -3.02079e-32 1 3.1186e-16 -3.02079e-32 1 3.1186e-16 -3.02079e-32 1 3.1186e-16 -3.02079e-32 1 3.1186e-16 -3.02079e-32 1 3.1186e-16 -3.02079e-32 1 3.1186e-16 -3.02079e-32 1 3.1186e-16 -3.02079e-32 1 3.1186e-16 -3.02079e-32 1 3.1186e-16 -3.02079e-32 1 3.1186e-16 -3.02079e-32 1 3.1186e-16 -3.02079e-32 1 3.1186e-16 -3.02079e-32 1 3.1186e-16 -3.02079e-32 1 3.1186e-16 -3.02079e-32 1 3.1186e-16 -3.02079e-32 1 3.1186e-16 -3.02079e-32 1 3.1186e-16 -3.02079e-32 1 3.1186e-16 -3.02079e-32 1 3.1186e-16 -3.02079e-32 1 3.1186e-16 -3.02079e-32 1 3.1186e-16 -3.02079e-32 1 3.1186e-16 -3.02079e-32 1 3.1186e-16 -3.02079e-32 1 3.1186e-16 -3.02079e-32 1 3.1186e-16 -3.02079e-32 1 3.1186e-16 -3.02079e-32 1 3.1186e-16 -3.02079e-32 1 3.1186e-16 -3.02079e-32 1 3.1186e-16 -3.02079e-32 1 3.1186e-16 -3.02079e-32 1 3.1186e-16 -3.02079e-32 1 3.1186e-16 -3.02079e-32 1 3.1186e-16 -3.02079e-32 1 3.1186e-16 -3.02079e-32 -0.776873 0.629658 0 -0.65844 0.752633 0 -0.776873 0.629658 0 -0.520814 0.85367 0 -0.65844 0.752633 0 -0.520814 0.85367 0 -0.368006 0.929823 0 -0.368006 0.929823 0 -0.87266 0.488328 0 -0.87266 0.488328 0 -0.943011 0.332763 0 -0.943011 0.332763 0 -0.985872 0.167498 0 -0.985872 0.167498 0 -0 -0 -1 -0 -0 -1 -0 -0 -1 -0 -0 -1 -0 -0 -1 -0 -0 -1 -0 -0 -1 -0 -0 -1 -0 -0 -1 -0 -0 -1 -0 -0 -1 -0 -0 -1 -0 -0 -1 -0 -0 -1 -0 -0 -1 -0 -0 -1 0 0 1 0 0 1 0 0 1 0 0 1 0 0 1 0 0 1 0 0 1 0 0 1 0 0 1 0 0 1 0 0 1 0 0 1 0 0 1 0 0 1 0 0 1 0 0 1 0.776873 -0.629658 0 0.87266 -0.488328 0 0.776873 -0.629658 0 0.87266 -0.488328 0 0.943011 -0.332763 0 0.905897 -0.423498 0 0.94535 -0.326057 0 0.974356 -0.225011 0 0.65844 -0.752633 0 0.709091 -0.705117 0 0.534091 -0.845427 0 0.625537 -0.780194 0 0.520814 -0.85367 0 0.520814 -0.85367 0 0.368006 -0.929823 0 0.368006 -0.929823 0 0.905897 -0.423498 0 0.943011 -0.332763 0 0.94535 -0.326057 0 0.985872 -0.167498 0 0.974356 -0.225011 0 0.985872 -0.167498 0 0.534091 -0.845427 0 0.709091 -0.705117 0 0.625537 -0.780194 0 0.65844 -0.752633 0 -0.776873 0.629658 0 -0.65844 0.752633 0 -0.776873 0.629658 0 -0.520814 0.85367 0 -0.65844 0.752633 0 -0.520814 0.85367 0 -0.368006 0.929823 0 -0.368006 0.929823 0 -0.87266 0.488328 0 -0.87266 0.488328 0 -0.943011 0.332763 0 -0.943011 0.332763 0 -0.985872 0.167498 0 -0.985872 0.167498 0 -0.776873 0.629657 0 -0.776873 0.629657 0 -0.65844 0.752633 0 -0.65844 0.752633 0 -0.520813 0.853671 0 -0.368006 0.929824 0 -0.520813 0.853671 0 -0.368006 0.929824 0 -0.872661 0.488327 0 -0.872661 0.488327 0 -0.943011 0.332763 0 -0.943011 0.332763 0 -0.985872 0.167498 0 -0.985872 0.167498 0 -0 -0 -1 -0 -0 -1 -0 -0 -1 -0 -0 -1 -0 -0 -1 -0 -0 -1 -0 -0 -1 -0 -0 -1 -7.13519e-20 0.000228794 -1 2.64476e-17 -0.0848059 -0.996397 -2.64476e-17 0.0848059 -0.996397 -7.8582e-17 0.251978 -0.967733 -5.13971e-17 0.164808 -0.986326 -1.28456e-16 0.411901 -0.911229 -1.01321e-16 0.324893 -0.945751 -1.48482e-16 0.476117 -0.879382 -1.74634e-16 0.559975 -0.82851 -2.15788e-16 0.691939 -0.721956 -1.91593e-16 0.614355 -0.78903 -2.50735e-16 0.803997 -0.594633 -2.29479e-16 0.735838 -0.677158 -2.61106e-16 0.837252 -0.546817 -2.78468e-16 0.892926 -0.450204 -2.98191e-16 0.956167 -0.292823 -2.85612e-16 0.915831 -0.401563 -3.09334e-16 0.9919 -0.127018 -3.02328e-16 0.969433 -0.245357 -3.10798e-16 0.996594 -0.0824595 -3.11579e-16 0.999099 0.0424412 -3.10792e-16 0.996576 0.0826873 -3.04861e-16 0.977555 0.210679 -3.0231e-16 0.969377 0.245579 -2.85583e-16 0.91574 0.401772 -2.89372e-16 0.927889 0.372856 -2.65558e-16 0.851529 0.524307 -2.61067e-16 0.837127 0.547009 -2.34105e-16 0.750672 0.660675 -2.2943e-16 0.735683 0.677326 -1.91537e-16 0.614175 0.78917 -1.95917e-16 0.62822 0.778036 -1.52093e-16 0.487695 0.873014 -1.48419e-16 0.475916 0.879491 -1.03893e-16 0.33314 0.942877 -1.01254e-16 0.324677 0.945825 -5.13268e-17 0.164583 0.986363 -5.27047e-17 0.169001 0.985616 4.93038e-32 -6.12323e-17 1 4.27717e-27 -1.37149e-11 1 5.12639e-17 -0.164381 -0.986397 7.8582e-17 -0.251978 -0.967733 1.01201e-16 -0.324506 -0.945884 1.48376e-16 -0.475778 -0.879565 1.28456e-16 -0.411901 -0.911228 1.91504e-16 -0.61407 -0.789251 1.74634e-16 -0.559975 -0.82851 2.15788e-16 -0.691939 -0.721956 2.29408e-16 -0.73561 -0.677406 2.61052e-16 -0.837081 -0.547079 2.50735e-16 -0.803997 -0.594633 2.85575e-16 -0.915715 -0.401828 2.78468e-16 -0.892926 -0.450204 2.98191e-16 -0.956167 -0.292823 3.02307e-16 -0.969368 -0.245614 3.10792e-16 -0.996575 -0.0826991 3.09334e-16 -0.9919 -0.127018 3.10798e-16 -0.996593 0.0824715 3.11579e-16 -0.999099 0.0424415 3.04861e-16 -0.977555 0.210679 3.02325e-16 -0.969424 0.245392 2.85604e-16 -0.915807 0.401618 2.89372e-16 -0.927889 0.372856 2.61091e-16 -0.837206 0.546888 2.65558e-16 -0.851529 0.524307 2.34105e-16 -0.750672 0.660675 2.29456e-16 -0.735765 0.677237 1.9156e-16 -0.614251 0.789111 1.95917e-16 -0.62822 0.778036 1.48439e-16 -0.475979 0.879456 1.52093e-16 -0.487695 0.873014 1.03893e-16 -0.33314 0.942877 1.01268e-16 -0.324723 0.945809 5.13342e-17 -0.164606 0.986359 5.27047e-17 -0.169001 0.985616 3.1186e-16 -1 -6.12323e-17 3.1186e-16 -1 -6.12323e-17 3.1186e-16 -1 -6.12323e-17 3.1186e-16 -1 -6.12323e-17 0 1 0 0 1 0 0 1 0 0 1 0 0 1 0 0 1 0 0 1 0 0 1 0 0 1 0 0 1 0 0 1 0 0 1 0 0 1 0 0 1 0 0 1 0 0 1 0 0 1 0 0 1 0 0 1 0 0 1 0 0 1 0 0 1 0 0 1 0 0 1 0 0 1 0 0 1 0 0 1 0 0 1 0 0 1 0 0 1 0 0 1 0 0 1 0 0 1 0 0 1 0 0 1 0 0 1 0 0 1 0 0 1 0 0 1 0 0 1 0 0 1 0 0 1 0 0 1 0 0 1 0 0 1 0 0 1 0 0 1 0 0 1 0 0 1 0 0 1 0 0 1 0 0 1 0 0 1 0 0 1 0 0 1 0 0 1 0 0 1 0 0 1 0 0 1 0 0 1 0 0 1 0 0 1 0 0 1 0 0 1 0 0 1 0 0 1 0 0 1 0 0 1 0 0 1 0 0 1 0 0 1 0 0 1 0 0 1 0 0 1 0 0 1 0 0 1 0 0 1 0 0 1 0 0 1 0 0 1 0 0 1 0 0 1 0 0 1 0 0 1 0 0 1 0 0 1 0 0 1 0 0 1 0 0 1 0 0 1 0 0 1 0 0 1 0 0 1 0 0 1 0 0 1 0 0 1 0 0 1 0 0 1 0 0 1 0 0 1 0 0 1 0 0 1 0 0 1 0 0 1 0 0 1 0 0 1 0 0 1 0 0 1 0 0 1 0 0 1 0 0 1 0 0 1 0 0 1 0 0 1 0 0 1 0 0 1 0 0 1 0 0 1 0 0 1 0 0 1 0 0 1 0 0 1 0 0 1 0 0 1 0 0 1 0 0 1 0 0 1 0 0 1 0 0 1 0 0 1 0 0 1 0 0 1 0 0 1 0 0 1 0 0 1 0 0 1 0 0 1 0 0 1 0 0 1 0 0 1 0 0 1 0 0 1 0 0 1 0 0 1 0 0 1 0 0 1 0 0 1 0 0 1 0 0 1 0 0 1 0 0 1 0 0 1 0 0 1 0 0 1 0 0 1 0 0 1 0 0 1 0 0 1 0 0 1 0 0 1 0 0 1 0 0 1 0 0 1 0 0 1 0 0 1 0 0 1 0 0 1 0 0 1 0 0 1 0 0 1 0 0 1 0 0 1 0 0 1 0 0 1 0 0 1 0 0 1 0 0 1 0 0 1 0 0 1 0 0 1 0 0 1 0 0 1 0 0 1 0 0 1 0 0 1 0 0 1 0 0 1 0 0 1 0 0 1 0 0 1 0 0 1 0 0 1 0 0 1 0 0 1 0 0 1 0 0 1 0 0 1 0 0 1 0 0 1 0 0 1 0 0 1 0 0 1 0 0 1 0 0 1 0 0 1 0 0 1 0 0 1 0 0 1 0 0 1 0 0 1 0 0 1 0 0 1 0 0 1 0 0 0 1 0 0 1 0 0 1 0 0 1 0 0 1 0 0 1 0 0 1 0 0 1 3.1186e-16 -1 0 3.1186e-16 -1 0 3.1186e-16 -1 0 3.1186e-16 -1 0 3.1186e-16 -1 0 3.1186e-16 -1 0 3.1186e-16 -1 0 3.1186e-16 -1 0 3.1186e-16 -1 0 3.1186e-16 -1 0 3.1186e-16 -1 0 3.1186e-16 -1 0 3.1186e-16 -1 0 3.1186e-16 -1 0 3.1186e-16 -1 0 3.1186e-16 -1 0 3.1186e-16 -1 0 3.1186e-16 -1 0 3.1186e-16 -1 0 3.1186e-16 -1 0 3.1186e-16 -1 0 3.1186e-16 -1 0 3.1186e-16 -1 0 3.1186e-16 -1 0 3.1186e-16 -1 0 3.1186e-16 -1 0 3.1186e-16 -1 0 3.1186e-16 -1 0 3.1186e-16 -1 0 3.1186e-16 -1 0 3.1186e-16 -1 0 3.1186e-16 -1 0 3.1186e-16 -1 0 3.1186e-16 -1 0 3.1186e-16 -1 0 3.1186e-16 -1 0 3.1186e-16 -1 0 3.1186e-16 -1 0 3.1186e-16 -1 0 3.1186e-16 -1 0 3.1186e-16 -1 0 3.1186e-16 -1 0 3.1186e-16 -1 0 3.1186e-16 -1 0 3.1186e-16 -1 0 3.1186e-16 -1 0 3.1186e-16 -1 0 3.1186e-16 -1 0 3.1186e-16 -1 0 3.1186e-16 -1 0 3.1186e-16 -1 0 3.1186e-16 -1 0 3.1186e-16 -1 0 3.1186e-16 -1 0 3.1186e-16 -1 0 3.1186e-16 -1 0 3.1186e-16 -1 0 3.1186e-16 -1 0 3.1186e-16 -1 0 3.1186e-16 -1 0 3.1186e-16 -1 0 3.1186e-16 -1 0 3.1186e-16 -1 0 3.1186e-16 -1 0 3.1186e-16 -1 0 3.1186e-16 -1 0 3.1186e-16 -1 0 3.1186e-16 -1 0 3.1186e-16 -1 0 3.1186e-16 -1 0 3.1186e-16 -1 0 3.1186e-16 -1 0 3.1186e-16 -1 0 3.1186e-16 -1 0 3.1186e-16 -1 0 3.1186e-16 -1 0 3.1186e-16 -1 0 3.1186e-16 -1 0 3.1186e-16 -1 0 3.1186e-16 -1 0 3.1186e-16 -1 0 3.1186e-16 -1 0 3.1186e-16 -1 0 3.1186e-16 -1 0 3.1186e-16 -1 0 3.1186e-16 -1 0 3.1186e-16 -1 0 3.1186e-16 -1 0 3.1186e-16 -1 0 3.1186e-16 -1 0 3.1186e-16 -1 0 3.1186e-16 -1 0 3.1186e-16 -1 0 3.1186e-16 -1 0 3.1186e-16 -1 0 3.1186e-16 -1 0 3.1186e-16 -1 0 3.1186e-16 -1 0 3.1186e-16 -1 0 3.1186e-16 -1 0 3.1186e-16 -1 0 3.1186e-16 -1 0 3.1186e-16 -1 0 3.1186e-16 -1 0 3.1186e-16 -1 0 3.1186e-16 -1 0 3.1186e-16 -1 0 3.1186e-16 -1 0 3.1186e-16 -1 0 3.1186e-16 -1 0 3.1186e-16 -1 0 3.1186e-16 -1 0 3.1186e-16 -1 0 3.1186e-16 -1 0 3.1186e-16 -1 0 3.1186e-16 -1 0 3.1186e-16 -1 0 3.1186e-16 -1 0 3.1186e-16 -1 0 3.1186e-16 -1 0 3.1186e-16 -1 0 3.1186e-16 -1 0 3.1186e-16 -1 0 3.1186e-16 -1 0 3.1186e-16 -1 0 3.1186e-16 -1 0 3.1186e-16 -1 0 3.1186e-16 -1 0 3.1186e-16 -1 0 3.1186e-16 -1 0 3.1186e-16 -1 0 3.1186e-16 -1 0 3.1186e-16 -1 0 3.1186e-16 -1 0 3.1186e-16 -1 0 3.1186e-16 -1 0 3.1186e-16 -1 0 3.1186e-16 -1 0 3.1186e-16 -1 0 3.1186e-16 -1 0 3.1186e-16 -1 0 3.1186e-16 -1 0 3.1186e-16 -1 0 3.1186e-16 -1 0 3.1186e-16 -1 0 3.1186e-16 -1 0 3.1186e-16 -1 0 3.1186e-16 -1 0 3.1186e-16 -1 0 3.1186e-16 -1 0 3.1186e-16 -1 0 3.1186e-16 -1 0 3.1186e-16 -1 0 3.1186e-16 -1 0 3.1186e-16 -1 0 3.1186e-16 -1 0 3.1186e-16 -1 0 3.1186e-16 -1 0 3.1186e-16 -1 0 3.1186e-16 -1 0 3.1186e-16 -1 0 3.1186e-16 -1 0 3.1186e-16 -1 0 3.1186e-16 -1 0 3.1186e-16 -1 0 3.1186e-16 -1 0 3.1186e-16 -1 0 3.1186e-16 -1 0 3.1186e-16 -1 0 3.1186e-16 -1 0 3.1186e-16 -1 0 3.1186e-16 -1 0 3.1186e-16 -1 0 3.1186e-16 -1 0 3.1186e-16 -1 0 3.1186e-16 -1 0 3.1186e-16 -1 0 3.1186e-16 -1 0 3.1186e-16 -1 0 3.1186e-16 -1 0 3.1186e-16 -1 0 3.1186e-16 -1 0 3.1186e-16 -1 0 3.1186e-16 -1 0 3.1186e-16 -1 0 3.1186e-16 -1 0 3.1186e-16 -1 0 3.1186e-16 -1 0 3.1186e-16 -1 0 3.1186e-16 -1 0 3.1186e-16 -1 0 3.1186e-16 -1 0 3.1186e-16 -1 0 3.1186e-16 -1 0 3.1186e-16 -1 0 3.1186e-16 -1 0 3.1186e-16 -1 0 3.1186e-16 -1 0 3.1186e-16 -1 0 3.1186e-16 -1 0 3.1186e-16 -1 0 3.1186e-16 -1 0 3.1186e-16 -1 0 3.1186e-16 -1 0 3.1186e-16 -1 0 3.1186e-16 -1 0 3.1186e-16 -1 0 3.1186e-16 -1 0 3.1186e-16 -1 0 3.1186e-16 -1 0 3.1186e-16 -1 0 3.1186e-16 -1 0 3.1186e-16 -1 0 3.1186e-16 -1 0 3.1186e-16 -1 0 3.1186e-16 -1 0 3.1186e-16 -1 0 3.1186e-16 -1 0 3.1186e-16 -1 0 3.1186e-16 -1 0 3.1186e-16 -1 0 3.1186e-16 -1 0 3.1186e-16 -1 0 3.1186e-16 -1 0 3.1186e-16 -1 0 3.1186e-16 -1 0 3.1186e-16 -1 0 3.1186e-16 -1 0 3.1186e-16 -1 0 3.1186e-16 -1 0 3.1186e-16 -1 0 3.1186e-16 -1 0 3.1186e-16 -1 0 3.1186e-16 -1 0 3.1186e-16 -1 0 3.1186e-16 -1 0 3.1186e-16 -1 0 3.1186e-16 -1 0 3.1186e-16 -1 0 3.1186e-16 -1 0 3.1186e-16 -1 0 3.1186e-16 -1 0 3.1186e-16 -1 0 3.1186e-16 -1 0 3.1186e-16 -1 0 3.1186e-16 -1 0 3.1186e-16 -1 0 3.1186e-16 -1 0 3.1186e-16 -1 0 3.1186e-16 -1 0 3.1186e-16 -1 0 3.1186e-16 -1 0 3.1186e-16 -1 0 3.1186e-16 -1 0 3.1186e-16 -1 0 3.1186e-16 -1 0 3.1186e-16 -1 0 3.1186e-16 -1 0 3.1186e-16 -1 0 3.1186e-16 -1 0 3.1186e-16 -1 0 3.1186e-16 -1 0 3.1186e-16 -1 0 3.1186e-16 -1 0 3.1186e-16 -1 0 3.1186e-16 -1 0 3.1186e-16 -1 0 3.1186e-16 -1 0 3.1186e-16 -1 0 3.1186e-16 -1 0 3.1186e-16 -1 0 3.1186e-16 -1 0 3.1186e-16 -1 0 3.1186e-16 -1 0 3.1186e-16 -1 0 3.1186e-16 -1 0 3.1186e-16 -1 0 3.1186e-16 -1 0 3.1186e-16 -1 0 3.1186e-16 -1 0 3.1186e-16 -1 0 3.1186e-16 -1 0 3.1186e-16 -1 0 3.1186e-16 -1 0 3.1186e-16 -1 0 3.1186e-16 -1 0 3.1186e-16 -1 0 3.1186e-16 -1 0 3.1186e-16 -1 0 3.1186e-16 -1 0 3.1186e-16 -1 0 3.1186e-16 -1 0 3.1186e-16 -1 0 3.1186e-16 -1 0 3.1186e-16 -1 0 3.1186e-16 -1 0 3.1186e-16 -1 0 3.1186e-16 -1 0 3.1186e-16 -1 0 3.1186e-16 -1 0 3.1186e-16 -1 0 3.1186e-16 -1 0 3.1186e-16 -1 0 3.1186e-16 -1 0 3.1186e-16 -1 0 3.1186e-16 -1 0 3.1186e-16 -1 0 3.1186e-16 -1 0 3.1186e-16 -1 0 3.1186e-16 -1 0 3.1186e-16 -1 0 3.1186e-16 -1 0 3.1186e-16 -1 0 3.1186e-16 -1 0 3.1186e-16 -1 0 3.1186e-16 -1 0 3.1186e-16 -1 0 3.1186e-16 -1 0 3.1186e-16 -1 0 3.1186e-16 -1 0 3.1186e-16 -1 0 3.1186e-16 -1 0 3.1186e-16 -1 0 3.1186e-16 -1 0 3.1186e-16 -1 0 3.1186e-16 -1 0 3.1186e-16 -1 0 3.1186e-16 -1 0 3.1186e-16 -1 0 3.1186e-16 -1 0 3.1186e-16 -1 0 3.1186e-16 -1 0 3.1186e-16 -1 0 3.1186e-16 -1 0 3.1186e-16 -1 0 3.1186e-16 -1 0 3.1186e-16 -1 0 3.1186e-16 -1 0 3.1186e-16 -1 0 3.1186e-16 -1 0 3.1186e-16 -1 0 3.1186e-16 -1 0 3.1186e-16 -1 0 3.1186e-16 -1 0 3.1186e-16 -1 0 3.1186e-16 -1 0 3.1186e-16 -1 0 3.1186e-16 -1 0 3.1186e-16 -1 0 0.996397 3.10737e-16 -0.0848059 0.987029 3.07815e-16 -0.160542 0.967733 3.01798e-16 -0.251978 1 3.1186e-16 -8.04981e-05 -0.942877 -2.94046e-16 0.33314 -0.96166 -2.99904e-16 0.274245 -0.914435 -2.85176e-16 0.404733 0.996397 3.10737e-16 0.0848059 -0.778036 -2.42639e-16 0.62822 -0.83399 -2.60089e-16 0.551779 -0.730231 -2.2773e-16 0.6832 0.911228 2.84176e-16 0.411901 0.954813 2.97768e-16 0.297208 0.967733 3.01798e-16 0.251978 -0.606446 -1.89126e-16 0.795125 -0.46709 -1.45667e-16 0.88421 -0.524307 -1.63511e-16 0.851529 -0.660675 -2.06038e-16 0.750672 -0.210679 -6.57025e-17 0.977555 -0.317604 -9.90481e-17 0.948223 -0.163981 -5.11391e-17 0.986463 -0.372857 -1.16279e-16 0.927889 0.127018 3.96118e-17 0.9919 0.1342 4.18517e-17 0.990954 0.271191 8.45738e-17 0.962525 -0.0118787 -3.7045e-18 0.999929 -0.042441 -1.32357e-17 0.999099 0.292823 9.13199e-17 0.956167 0.397359 1.23921e-16 0.917663 0.450204 1.40401e-16 0.892926 0.852568 2.65882e-16 0.522616 0.82851 2.58379e-16 0.559975 0.721956 2.2515e-16 0.691939 0.614393 1.91605e-16 0.789 0.705236 2.19935e-16 0.708972 0.594633 1.85443e-16 0.803997 0.511816 1.59615e-16 0.859095 0.784535 2.44665e-16 0.620084 0.909387 2.83602e-16 0.415951 -0.873014 -2.72259e-16 0.487695 0.987024 3.07814e-16 0.160575 -0.985616 -3.07375e-16 0.169001 0.954817 2.9777e-16 -0.297193 -0.990369 -3.08857e-16 0.138456 -1 -3.1186e-16 3.01992e-07 -1 -3.1186e-16 -1.74846e-07 0.911228 2.84176e-16 -0.411901 0.852491 2.65858e-16 -0.522742 0.909433 2.83616e-16 -0.41585 0.82851 2.58379e-16 -0.559975 0.784312 2.44596e-16 -0.620367 0.705075 2.19885e-16 -0.709133 0.721956 2.2515e-16 -0.691939 0.594633 1.85443e-16 -0.803997 0.61442 1.91613e-16 -0.788979 0.511833 1.59621e-16 -0.859085 0.450204 1.40401e-16 -0.892926 0.397347 1.23917e-16 -0.917669 0.292823 9.13198e-17 -0.956167 0.127018 3.96118e-17 -0.9919 0.271222 8.45833e-17 -0.962517 0.134183 4.18465e-17 -0.990957 -0.0118909 -3.70831e-18 -0.999929 -0.164023 -5.11522e-17 -0.986457 -0.0424412 -1.32357e-17 -0.999099 -0.210679 -6.57025e-17 -0.977555 -0.317647 -9.90617e-17 -0.948209 -0.467093 -1.45668e-16 -0.884208 -0.372857 -1.16279e-16 -0.927889 -0.606482 -1.89138e-16 -0.795097 -0.524307 -1.63511e-16 -0.851529 -0.660675 -2.06038e-16 -0.750672 -0.730241 -2.27733e-16 -0.68319 -0.834007 -2.60094e-16 -0.551754 -0.778036 -2.42639e-16 -0.62822 -0.914436 -2.85176e-16 -0.404731 -0.873014 -2.72259e-16 -0.487695 -0.942877 -2.94046e-16 -0.33314 -0.961663 -2.99905e-16 -0.274235 -0.990369 -3.08857e-16 -0.138451 -0.985616 -3.07375e-16 -0.169001 0.996397 3.10737e-16 0.0848059 0.993732 3.09906e-16 0.111789 0.998416 3.11367e-16 -0.0562563 0.960963 2.99686e-16 0.276675 0.967733 3.01798e-16 0.251978 0.911228 2.84176e-16 0.411901 0.901037 2.80998e-16 0.433742 0.82851 2.58379e-16 0.559975 0.815646 2.54368e-16 0.578551 0.721956 2.2515e-16 0.691939 0.707204 2.20549e-16 0.70701 0.594633 1.85443e-16 0.803997 0.450204 1.40401e-16 0.892926 0.578775 1.80497e-16 0.815487 0.292823 9.13199e-17 0.956167 0.43399 1.35344e-16 0.900918 0.276939 8.63664e-17 0.960887 0.127018 3.96118e-17 0.9919 -0.042441 -1.32357e-17 0.999099 0.112062 3.49477e-17 0.993701 -0.210679 -6.57025e-17 0.977555 -0.0559824 -1.74587e-17 0.998432 -0.222444 -6.93716e-17 0.974945 -0.372857 -1.16279e-16 0.927889 -0.524307 -1.63511e-16 0.851529 -0.38262 -1.19324e-16 0.923906 -0.660675 -2.06038e-16 0.750672 -0.531982 -1.65904e-16 0.846756 -0.66631 -2.07796e-16 0.745675 -0.778036 -2.42639e-16 0.62822 -0.873014 -2.72259e-16 0.487695 -0.781807 -2.43815e-16 0.62352 -0.942877 -2.94046e-16 0.33314 -0.875209 -2.72943e-16 0.483745 -0.943877 -2.94358e-16 0.330297 -0.985616 -3.07375e-16 0.169001 -1 -3.1186e-16 3.01992e-07 -0.985869 -3.07454e-16 0.167516 -1 -3.1186e-16 -1.74846e-07 0.996397 3.10737e-16 -0.0848059 0.974884 3.04028e-16 -0.222712 0.967733 3.01798e-16 -0.251978 0.923801 2.88097e-16 -0.382874 0.911228 2.84176e-16 -0.411901 0.82851 2.58379e-16 -0.559975 0.84661 2.64024e-16 -0.532214 0.745492 2.32489e-16 -0.666515 0.721956 2.2515e-16 -0.691939 0.623306 1.94384e-16 -0.781978 0.594633 1.85443e-16 -0.803997 0.450204 1.40401e-16 -0.892926 0.483505 1.50786e-16 -0.875342 0.330039 1.02926e-16 -0.943967 0.292823 9.13198e-17 -0.956167 0.167245 5.21572e-17 -0.985915 0.127018 3.96118e-17 -0.9919 -0.0424412 -1.32357e-17 -0.999099 -0.000270919 -8.44889e-20 -1 -0.173888 -5.42289e-17 -0.984765 -0.210679 -6.57025e-17 -0.977555 -0.342221 -1.06725e-16 -0.93962 -0.372857 -1.16279e-16 -0.927889 -0.524307 -1.63511e-16 -0.851529 -0.500158 -1.5598e-16 -0.865934 -0.642904 -2.00496e-16 -0.765946 -0.660675 -2.06038e-16 -0.750672 -0.766123 -2.38923e-16 -0.642694 -0.778036 -2.42639e-16 -0.62822 -0.873014 -2.72259e-16 -0.487695 -0.866071 -2.70093e-16 -0.499921 -0.939713 -2.93059e-16 -0.341963 -0.942877 -2.94046e-16 -0.33314 -0.984813 -3.07124e-16 -0.173618 -0.985616 -3.07375e-16 -0.169001 0.714563 2.22844e-16 0.699571 0.721956 2.2515e-16 0.691939 0.594633 1.85443e-16 0.803997 -0.065335 -2.03754e-17 -0.997863 -0.210679 -6.57025e-17 -0.977555 -0.0424412 -1.32357e-17 -0.999099 -0.784066 -2.44519e-16 -0.620678 -0.875987 -2.73186e-16 -0.482334 -0.873014 -2.72259e-16 -0.487695 0.450204 1.40401e-16 0.892926 0.584113 1.82162e-16 0.811672 -0.778036 -2.42639e-16 -0.62822 0.292823 9.13199e-17 0.956167 0.436383 1.36091e-16 0.899761 0.275743 8.59932e-17 0.961232 0.127018 3.96118e-17 0.9919 -0.042441 -1.32357e-17 0.999099 0.106945 3.33518e-17 0.994265 -0.210679 -6.57025e-17 0.977555 -0.0649962 -2.02697e-17 0.997886 -0.231122 -7.20778e-17 0.972925 -0.372857 -1.16279e-16 0.927889 -0.524307 -1.63511e-16 0.851529 -0.390423 -1.21757e-16 0.920636 -0.660675 -2.06038e-16 0.750672 -0.538163 -1.67832e-16 0.842841 -0.670449 -2.09087e-16 0.741955 -0.778036 -2.42639e-16 0.62822 -0.784043 -2.44512e-16 0.620706 -0.873014 -2.72259e-16 0.487695 -0.942877 -2.94046e-16 0.33314 -0.876087 -2.73217e-16 0.482154 -1 -3.1186e-16 3.01992e-07 -1 -3.1186e-16 -1.74846e-07 -0.985881 -3.07457e-16 0.167449 -0.944073 -2.94419e-16 0.329736 -0.985616 -3.07375e-16 0.169001 0.823874 2.56934e-16 0.566773 0.908811 2.83422e-16 0.417209 0.82851 2.58379e-16 0.559975 0.911228 2.84176e-16 0.411901 0.966862 3.01526e-16 0.255301 0.996309 3.10709e-16 0.0858409 0.967733 3.01798e-16 0.251978 0.996397 3.10737e-16 -0.0848059 0.996397 3.10737e-16 0.0848059 0.967733 3.01798e-16 -0.251978 0.996281 3.10701e-16 -0.0861588 0.96678 3.015e-16 -0.255609 0.911228 2.84176e-16 -0.411901 0.908678 2.83381e-16 -0.417498 0.82851 2.58379e-16 -0.559975 0.721956 2.2515e-16 -0.691939 0.823693 2.56877e-16 -0.567036 0.71434 2.22774e-16 -0.699799 0.594633 1.85443e-16 -0.803997 0.583854 1.82081e-16 -0.811858 0.450204 1.40401e-16 -0.892926 0.292823 9.13198e-17 -0.956167 0.436096 1.36001e-16 -0.8999 0.275436 8.58976e-17 -0.961319 0.127018 3.96118e-17 -0.9919 0.106628 3.32529e-17 -0.994299 -0.390665 -1.21833e-16 -0.920533 -0.372857 -1.16279e-16 -0.927889 -0.231465 -7.21847e-17 -0.972843 -0.670427 -2.0908e-16 -0.741975 -0.538284 -1.6787e-16 -0.842763 -0.660675 -2.06038e-16 -0.750672 -0.524307 -1.63511e-16 -0.851529 -0.944095 -2.94426e-16 -0.329673 -0.985616 -3.07375e-16 -0.169001 -0.942877 -2.94046e-16 -0.33314 -0.985864 -3.07452e-16 -0.16755 0.996397 3.10737e-16 -0.0848059 0.996397 3.10737e-16 0.0848059 1 3.1186e-16 -9.8141e-05 0.967733 3.01798e-16 0.251978 0.985105 3.07215e-16 0.171953 0.940937 2.93441e-16 0.338582 0.911228 2.84176e-16 0.411901 0.82851 2.58379e-16 0.559975 0.869062 2.71026e-16 0.494703 0.721956 2.2515e-16 0.691939 0.771748 2.40678e-16 0.635929 0.651767 2.0326e-16 0.758419 -0.433789 -1.35281e-16 0.901015 -0.524307 -1.63511e-16 0.851529 -0.572042 -1.78397e-16 0.820224 0.594633 1.85443e-16 0.803997 0.512355 1.59783e-16 0.858774 -0.284412 -8.86968e-17 0.958702 -0.127743 -3.98379e-17 0.991807 -0.210679 -6.57025e-17 0.977555 -0.372857 -1.16279e-16 0.927889 -0.042441 -1.32357e-17 0.999099 0.0322019 1.00425e-17 0.999481 0.127018 3.96118e-17 0.9919 0.191321 5.96656e-17 0.981527 0.292823 9.13199e-17 0.956167 0.357342 1.11441e-16 0.933974 0.450204 1.40401e-16 0.892926 -0.660675 -2.06038e-16 0.750672 -0.695628 -2.16939e-16 0.718402 -0.778036 -2.42639e-16 0.62822 -0.873014 -2.72259e-16 0.487695 -0.801377 -2.49918e-16 0.598159 -0.942877 -2.94046e-16 0.33314 -0.886578 -2.76489e-16 0.462578 -0.949046 -2.9597e-16 0.315137 -0.985616 -3.07375e-16 0.169001 -1 -3.1186e-16 3.01992e-07 -0.987179 -3.07862e-16 0.159614 -1 -3.1186e-16 -1.74846e-07 0.985067 3.07203e-16 -0.17217 0.967733 3.01798e-16 -0.251978 0.940884 2.93424e-16 -0.33873 0.868982 2.71001e-16 -0.494844 0.911228 2.84176e-16 -0.411901 0.771671 2.40654e-16 -0.636021 0.82851 2.58379e-16 -0.559975 0.721956 2.2515e-16 -0.691939 0.651645 2.03222e-16 -0.758524 0.512237 1.59746e-16 -0.858844 0.594633 1.85443e-16 -0.803997 0.357139 1.11377e-16 -0.934051 0.450204 1.40401e-16 -0.892926 0.292823 9.13198e-17 -0.956167 0.191131 5.96063e-17 -0.981564 0.0320502 9.99518e-18 -0.999486 0.127018 3.96118e-17 -0.9919 -0.127878 -3.98802e-17 -0.99179 -0.0424412 -1.32357e-17 -0.999099 -0.210679 -6.57025e-17 -0.977555 -0.284529 -8.87332e-17 -0.958668 -0.433885 -1.35311e-16 -0.900968 -0.372857 -1.16279e-16 -0.927889 -0.572117 -1.78421e-16 -0.820172 -0.524307 -1.63511e-16 -0.851529 -0.660675 -2.06038e-16 -0.750672 -0.695683 -2.16956e-16 -0.718349 -0.801414 -2.49929e-16 -0.59811 -0.778036 -2.42639e-16 -0.62822 -0.886599 -2.76495e-16 -0.462538 -0.873014 -2.72259e-16 -0.487695 -0.942877 -2.94046e-16 -0.33314 -0.949056 -2.95973e-16 -0.315108 -0.987182 -3.07863e-16 -0.1596 -0.985616 -3.07375e-16 -0.169001 0.164039 5.11573e-17 0.986454 0.292823 9.13199e-17 0.956167 0.127018 3.96118e-17 0.9919 0.911228 2.84176e-16 -0.411901 0.967733 3.01798e-16 -0.251978 0.914448 2.8518e-16 -0.404704 -0.042441 -1.32357e-17 0.999099 0.0119087 3.71386e-18 0.999929 -0.13417 -4.18423e-17 0.990958 -0.271212 -8.45804e-17 0.96252 -0.210679 -6.57025e-17 0.977555 -0.372857 -1.16279e-16 0.927889 -0.397335 -1.23913e-16 0.917674 -0.524307 -1.63511e-16 0.851529 -0.511823 -1.59617e-16 0.859091 -0.660675 -2.06038e-16 0.750672 -0.614411 -1.9161e-16 0.788986 -0.705067 -2.19883e-16 0.70914 -0.778036 -2.42639e-16 0.62822 -0.852482 -2.65855e-16 0.522757 -0.873014 -2.72259e-16 0.487695 -0.784303 -2.44593e-16 0.620378 -0.954817 -2.9777e-16 0.297195 -0.942877 -2.94046e-16 0.33314 -0.985616 -3.07375e-16 0.169001 -0.90943 -2.83615e-16 0.415856 -1 -3.1186e-16 3.01992e-07 -0.987033 -3.07817e-16 0.160515 -1 -3.1186e-16 -1.74846e-07 0.317672 9.90693e-17 0.948201 0.467114 1.45674e-16 0.884197 0.450204 1.40401e-16 0.892926 0.594633 1.85443e-16 0.803997 0.606504 1.89144e-16 0.795081 0.730251 2.27736e-16 0.683179 0.721956 2.2515e-16 0.691939 0.834021 2.60098e-16 0.551732 0.82851 2.58379e-16 0.559975 0.911228 2.84176e-16 0.411901 0.914445 2.85179e-16 0.404711 0.968911 3.02165e-16 0.24741 0.967733 3.01798e-16 0.251978 0.996529 3.10778e-16 0.0832443 0.996397 3.10737e-16 0.0848059 0.996397 3.10737e-16 -0.0848059 0.996531 3.10778e-16 -0.083228 0.968915 3.02166e-16 -0.247394 0.721956 2.2515e-16 -0.691939 0.730244 2.27734e-16 -0.683187 0.606319 1.89087e-16 -0.795222 0.833992 2.60089e-16 -0.551777 0.82851 2.58379e-16 -0.559975 0.163797 5.10818e-17 -0.986494 0.292823 9.13198e-17 -0.956167 0.317307 9.89554e-17 -0.948323 0.466941 1.45621e-16 -0.884288 0.450204 1.40401e-16 -0.892926 0.594633 1.85443e-16 -0.803997 -0.524307 -1.63511e-16 -0.851529 -0.372857 -1.16279e-16 -0.927889 -0.39755 -1.2398e-16 -0.917581 -0.0424412 -1.32357e-17 -0.999099 0.0116669 3.63845e-18 -0.999932 -0.134169 -4.1842e-17 -0.990958 -0.85268 -2.65917e-16 -0.522433 -0.778036 -2.42639e-16 -0.62822 -0.784558 -2.44673e-16 -0.620055 -0.660675 -2.06038e-16 -0.750672 -0.705426 -2.19994e-16 -0.708784 -0.873014 -2.72259e-16 -0.487695 -0.909459 -2.83624e-16 -0.415793 -0.95495 -2.97811e-16 -0.296768 -0.942877 -2.94046e-16 -0.33314 -0.987062 -3.07826e-16 -0.160337 -0.985616 -3.07375e-16 -0.169001 -0.614458 -1.91625e-16 -0.788949 -0.51174 -1.59592e-16 -0.85914 -0.271271 -8.45986e-17 -0.962503 -0.210679 -6.57025e-17 -0.977555 0.127018 3.96118e-17 -0.9919 0.707107 2.20519e-16 0.707107 0.721956 2.2515e-16 0.691939 0.594633 1.85443e-16 0.803997 -0.0424412 -1.32357e-17 -0.999099 0.127018 3.96118e-17 -0.9919 4.37114e-08 1.36319e-23 -1 0.450204 1.40401e-16 0.892926 0.578671 1.80465e-16 0.815561 0.292823 9.13199e-17 0.956167 0.433884 1.35311e-16 0.900969 0.276836 8.63341e-17 0.960917 0.127018 3.96118e-17 0.9919 -0.042441 -1.32357e-17 0.999099 0.111965 3.49173e-17 0.993712 -0.210679 -6.57025e-17 0.977555 -0.0560705 -1.74862e-17 0.998427 -0.222521 -6.93955e-17 0.974928 -0.372857 -1.16279e-16 0.927889 -0.524307 -1.63511e-16 0.851529 -0.382684 -1.19344e-16 0.923879 -0.660675 -2.06038e-16 0.750672 -0.532032 -1.6592e-16 0.846724 -0.666346 -2.07807e-16 0.745642 -0.778036 -2.42639e-16 0.62822 -0.873014 -2.72259e-16 0.487695 -0.781831 -2.43822e-16 0.62349 -0.942877 -2.94046e-16 0.33314 -0.875223 -2.72948e-16 0.483719 -0.943883 -2.9436e-16 0.330279 -0.985616 -3.07375e-16 0.169001 -1 -3.1186e-16 3.01992e-07 -0.985871 -3.07454e-16 0.167506 -1 -3.1186e-16 -1.74846e-07 0.815561 2.54341e-16 0.578671 0.900969 2.80976e-16 0.433884 0.82851 2.58379e-16 0.559975 0.911228 2.84176e-16 0.411901 0.960917 2.99672e-16 0.276835 0.993712 3.09899e-16 0.111964 0.967733 3.01798e-16 0.251978 0.998427 3.1137e-16 -0.0560704 0.996397 3.10737e-16 0.0848059 0.996397 3.10737e-16 -0.0848059 0.974928 3.04041e-16 -0.222521 0.92388 2.88121e-16 -0.382683 0.967733 3.01798e-16 -0.251978 0.846724 2.6406e-16 -0.532032 0.911228 2.84176e-16 -0.411901 0.82851 2.58379e-16 -0.559975 0.745642 2.32536e-16 -0.666347 0.62349 1.94442e-16 -0.781832 0.721956 2.2515e-16 -0.691939 0.483719 1.50853e-16 -0.875223 0.594633 1.85443e-16 -0.803997 0.450204 1.40401e-16 -0.892926 0.330279 1.03001e-16 -0.943883 0.167506 5.22385e-17 -0.985871 0.292823 9.13198e-17 -0.956167 -0.372857 -1.16279e-16 -0.927889 -0.34202 -1.06663e-16 -0.939693 -0.5 -1.5593e-16 -0.866025 -0.173648 -5.4154e-17 -0.984808 -0.210679 -6.57025e-17 -0.977555 -0.866025 -2.70079e-16 -0.5 -0.778036 -2.42639e-16 -0.62822 -0.766044 -2.38899e-16 -0.642788 -0.642788 -2.0046e-16 -0.766044 -0.660675 -2.06038e-16 -0.750672 -0.524307 -1.63511e-16 -0.851529 -0.984808 -3.07123e-16 -0.173648 -0.942877 -2.94046e-16 -0.33314 -0.939693 -2.93053e-16 -0.34202 -0.873014 -2.72259e-16 -0.487695 -0.985616 -3.07375e-16 -0.169001 0.996397 3.10737e-16 0.0848059 0.993732 3.09906e-16 0.111789 0.998416 3.11367e-16 -0.0562563 0.960963 2.99686e-16 0.276675 0.967733 3.01798e-16 0.251978 0.911228 2.84176e-16 0.411901 0.901037 2.80998e-16 0.433742 0.82851 2.58379e-16 0.559975 0.815646 2.54368e-16 0.578551 0.721956 2.2515e-16 0.691939 0.707204 2.20549e-16 0.70701 0.594633 1.85443e-16 0.803997 0.450204 1.40401e-16 0.892926 0.578775 1.80497e-16 0.815487 0.292823 9.13199e-17 0.956167 0.43399 1.35344e-16 0.900918 0.276939 8.63664e-17 0.960887 0.127018 3.96118e-17 0.9919 -0.042441 -1.32357e-17 0.999099 0.112062 3.49477e-17 0.993701 -0.210679 -6.57025e-17 0.977555 -0.0559824 -1.74587e-17 0.998432 -0.222444 -6.93716e-17 0.974945 -0.372857 -1.16279e-16 0.927889 -0.524307 -1.63511e-16 0.851529 -0.38262 -1.19324e-16 0.923906 -0.660675 -2.06038e-16 0.750672 -0.531982 -1.65904e-16 0.846756 -0.66631 -2.07796e-16 0.745675 -0.778036 -2.42639e-16 0.62822 -0.873014 -2.72259e-16 0.487695 -0.781807 -2.43815e-16 0.62352 -0.942877 -2.94046e-16 0.33314 -0.875209 -2.72943e-16 0.483745 -0.943877 -2.94358e-16 0.330297 -0.985616 -3.07375e-16 0.169001 -1 -3.1186e-16 3.01992e-07 -0.985869 -3.07454e-16 0.167516 -1 -3.1186e-16 -1.74846e-07 0.996397 3.10737e-16 -0.0848059 0.974884 3.04028e-16 -0.222712 0.967733 3.01798e-16 -0.251978 0.923801 2.88097e-16 -0.382874 0.911228 2.84176e-16 -0.411901 0.82851 2.58379e-16 -0.559975 0.84661 2.64024e-16 -0.532214 0.745492 2.32489e-16 -0.666515 0.721956 2.2515e-16 -0.691939 0.623306 1.94384e-16 -0.781978 0.594633 1.85443e-16 -0.803997 0.450204 1.40401e-16 -0.892926 0.483505 1.50786e-16 -0.875342 0.330039 1.02926e-16 -0.943967 0.292823 9.13198e-17 -0.956167 0.167245 5.21572e-17 -0.985915 0.127018 3.96118e-17 -0.9919 -0.0424412 -1.32357e-17 -0.999099 -0.000270919 -8.44889e-20 -1 -0.173888 -5.42289e-17 -0.984765 -0.210679 -6.57025e-17 -0.977555 -0.342221 -1.06725e-16 -0.93962 -0.372857 -1.16279e-16 -0.927889 -0.524307 -1.63511e-16 -0.851529 -0.500158 -1.5598e-16 -0.865934 -0.642904 -2.00496e-16 -0.765946 -0.660675 -2.06038e-16 -0.750672 -0.766123 -2.38923e-16 -0.642694 -0.778036 -2.42639e-16 -0.62822 -0.873014 -2.72259e-16 -0.487695 -0.866071 -2.70093e-16 -0.499921 -0.939713 -2.93059e-16 -0.341963 -0.942877 -2.94046e-16 -0.33314 -0.984813 -3.07124e-16 -0.173618 -0.985616 -3.07375e-16 -0.169001 0.654512 2.04116e-16 -0.756052 0.65161 2.03211e-16 -0.758554 0.516191 1.6098e-16 -0.856474 0.512206 1.59737e-16 -0.858863 0.362789 1.13139e-16 -0.931871 0.198787 6.19937e-17 -0.980043 0.357078 1.11359e-16 -0.934074 0.191073 5.95882e-17 -0.981576 0.0289772 9.03685e-18 -0.99958 0.0216728 6.75888e-18 -0.999765 -0.141679 -4.41841e-17 -0.989913 -0.308196 -9.61142e-17 -0.951323 -0.148392 -4.62776e-17 -0.988929 -0.314148 -9.79704e-17 -0.949374 -0.465709 -1.45236e-16 -0.884938 -0.470781 -1.46818e-16 -0.88225 -0.609614 -1.90115e-16 -0.792698 -0.735709 -2.29438e-16 -0.677298 -0.613743 -1.91402e-16 -0.789506 -0.738882 -2.30428e-16 -0.673835 -0.840308 -2.62059e-16 -0.542109 -0.842564 -2.62762e-16 -0.538596 -0.920356 -2.87023e-16 -0.391081 -0.973514 -3.036e-16 -0.228627 -0.921779 -2.87466e-16 -0.387716 -0.974225 -3.03822e-16 -0.225578 -0.998229 -3.11308e-16 -0.0594937 -0.998381 -3.11355e-16 -0.0568885 -0.993778 -3.0992e-16 0.111378 -0.960292 -2.99477e-16 0.278996 -0.993543 -3.09847e-16 0.113453 -0.959854 -2.99341e-16 0.2805 -0.898749 -2.80284e-16 0.438463 -0.898291 -2.80141e-16 0.439401 -0.810948 -2.52902e-16 0.585119 -0.699453 -2.18132e-16 0.714679 -0.810642 -2.52807e-16 0.585542 -0.699453 -2.18132e-16 0.714679 0.771652 2.40648e-16 -0.636045 0.773709 2.41289e-16 -0.633541 0.868963 2.70995e-16 -0.494877 0.870301 2.71413e-16 -0.49252 0.940875 2.93422e-16 -0.338755 0.985062 3.07202e-16 -0.172202 0.941466 2.93606e-16 -0.337108 0.985124 3.07221e-16 -0.171848 0.999999 3.1186e-16 -0.00156616 0.985657 3.07387e-16 0.168761 1 3.1186e-16 -0.000120394 0.985109 3.07217e-16 0.171929 0.942517 2.93934e-16 0.334157 0.940942 2.93443e-16 0.338567 0.87184 2.71892e-16 0.489791 0.869069 2.71028e-16 0.49469 0.771755 2.4068e-16 0.63592 0.77569 2.41907e-16 0.631114 0.656877 2.04854e-16 0.753998 0.651774 2.03262e-16 0.758413 0.518871 1.61815e-16 0.854852 0.512361 1.59785e-16 0.85877 0.357345 1.11442e-16 0.933972 0.365706 1.14049e-16 0.93073 0.201856 6.29509e-17 0.979415 0.191321 5.96655e-17 0.981528 0.0321083 1.00133e-17 0.999484 0.0235162 7.33378e-18 0.999723 -0.144959 -4.5207e-17 0.989438 -0.138577 -4.32168e-17 0.990352 -0.305214 -9.51843e-17 0.952284 -0.309304 -9.64598e-17 0.950963 -0.462934 -1.44371e-16 0.886393 -0.464838 -1.44965e-16 0.885396 -0.607128 -1.89339e-16 0.794604 -0.607128 -1.89339e-16 0.794604 -0.590789 -1.84244e-16 0.806826 -0.713889 -2.22634e-16 0.700259 -0.713889 -2.22634e-16 0.700259 -0.590789 -1.84244e-16 0.806826 0.714563 2.22844e-16 0.699571 0.721956 2.2515e-16 0.691939 0.594633 1.85443e-16 0.803997 -0.065335 -2.03754e-17 -0.997863 -0.210679 -6.57025e-17 -0.977555 -0.0424412 -1.32357e-17 -0.999099 -0.784066 -2.44519e-16 -0.620678 -0.875987 -2.73186e-16 -0.482334 -0.873014 -2.72259e-16 -0.487695 0.450204 1.40401e-16 0.892926 0.584113 1.82162e-16 0.811672 -0.778036 -2.42639e-16 -0.62822 0.292823 9.13199e-17 0.956167 0.436383 1.36091e-16 0.899761 0.275743 8.59932e-17 0.961232 0.127018 3.96118e-17 0.9919 -0.042441 -1.32357e-17 0.999099 0.106945 3.33518e-17 0.994265 -0.210679 -6.57025e-17 0.977555 -0.0649962 -2.02697e-17 0.997886 -0.231122 -7.20778e-17 0.972925 -0.372857 -1.16279e-16 0.927889 -0.524307 -1.63511e-16 0.851529 -0.390423 -1.21757e-16 0.920636 -0.660675 -2.06038e-16 0.750672 -0.538163 -1.67832e-16 0.842841 -0.670449 -2.09087e-16 0.741955 -0.778036 -2.42639e-16 0.62822 -0.784043 -2.44512e-16 0.620706 -0.873014 -2.72259e-16 0.487695 -0.942877 -2.94046e-16 0.33314 -0.876087 -2.73217e-16 0.482154 -1 -3.1186e-16 3.01992e-07 -1 -3.1186e-16 -1.74846e-07 -0.985881 -3.07457e-16 0.167449 -0.944073 -2.94419e-16 0.329736 -0.985616 -3.07375e-16 0.169001 0.823874 2.56934e-16 0.566773 0.908811 2.83422e-16 0.417209 0.82851 2.58379e-16 0.559975 0.911228 2.84176e-16 0.411901 0.966862 3.01526e-16 0.255301 0.996309 3.10709e-16 0.0858409 0.967733 3.01798e-16 0.251978 0.996397 3.10737e-16 -0.0848059 0.996397 3.10737e-16 0.0848059 0.967733 3.01798e-16 -0.251978 0.996281 3.10701e-16 -0.0861588 0.96678 3.015e-16 -0.255609 0.911228 2.84176e-16 -0.411901 0.908678 2.83381e-16 -0.417498 0.82851 2.58379e-16 -0.559975 0.721956 2.2515e-16 -0.691939 0.823693 2.56877e-16 -0.567036 0.71434 2.22774e-16 -0.699799 0.594633 1.85443e-16 -0.803997 0.583854 1.82081e-16 -0.811858 0.450204 1.40401e-16 -0.892926 0.292823 9.13198e-17 -0.956167 0.436096 1.36001e-16 -0.8999 0.275436 8.58976e-17 -0.961319 0.127018 3.96118e-17 -0.9919 0.106628 3.32529e-17 -0.994299 -0.390665 -1.21833e-16 -0.920533 -0.372857 -1.16279e-16 -0.927889 -0.231465 -7.21847e-17 -0.972843 -0.670427 -2.0908e-16 -0.741975 -0.538284 -1.6787e-16 -0.842763 -0.660675 -2.06038e-16 -0.750672 -0.524307 -1.63511e-16 -0.851529 -0.944095 -2.94426e-16 -0.329673 -0.985616 -3.07375e-16 -0.169001 -0.942877 -2.94046e-16 -0.33314 -0.985864 -3.07452e-16 -0.16755 1.03893e-16 -0.33314 0.942877 5.27047e-17 -0.169001 0.985616 1.03893e-16 -0.33314 0.942877 -5.45274e-23 1.74846e-07 1 5.27047e-17 -0.169001 0.985616 9.41792e-23 -3.01992e-07 1 1.95917e-16 -0.62822 0.778036 2.34105e-16 -0.750672 0.660675 2.34105e-16 -0.750672 0.660675 1.95917e-16 -0.62822 0.778036 1.52093e-16 -0.487695 0.873014 1.52093e-16 -0.487695 0.873014 3.04861e-16 -0.977555 0.210679 2.89372e-16 -0.927889 0.372856 3.04861e-16 -0.977555 0.210679 2.89372e-16 -0.927889 0.372857 2.65558e-16 -0.851529 0.524307 2.65558e-16 -0.851529 0.524307 2.98191e-16 -0.956167 -0.292823 2.98191e-16 -0.956167 -0.292823 3.09334e-16 -0.9919 -0.127018 3.11579e-16 -0.999099 0.0424415 3.09334e-16 -0.9919 -0.127018 3.11579e-16 -0.999099 0.042441 2.50735e-16 -0.803997 -0.594633 2.15788e-16 -0.691939 -0.721956 2.15788e-16 -0.691939 -0.721956 2.78468e-16 -0.892926 -0.450204 2.78468e-16 -0.892926 -0.450204 2.50735e-16 -0.803997 -0.594633 7.8582e-17 -0.251978 -0.967733 1.28456e-16 -0.411901 -0.911228 7.8582e-17 -0.251978 -0.967733 1.28456e-16 -0.411901 -0.911228 1.74634e-16 -0.559975 -0.82851 1.74634e-16 -0.559975 -0.82851 -7.8582e-17 0.251978 -0.967733 -7.8582e-17 0.251978 -0.967733 -2.64476e-17 0.0848059 -0.996397 2.64476e-17 -0.0848059 -0.996397 -2.64476e-17 0.0848059 -0.996397 2.64476e-17 -0.0848059 -0.996397 -1.74634e-16 0.559975 -0.82851 -2.15788e-16 0.691939 -0.721956 -2.15788e-16 0.691939 -0.721956 -1.28456e-16 0.411901 -0.911228 -1.28456e-16 0.411901 -0.911229 -1.74634e-16 0.559975 -0.82851 -2.98191e-16 0.956167 -0.292823 -2.78468e-16 0.892926 -0.450204 -2.98191e-16 0.956167 -0.292823 -2.78468e-16 0.892926 -0.450204 -2.50735e-16 0.803997 -0.594633 -2.50735e-16 0.803997 -0.594633 -3.04861e-16 0.977555 0.210679 -3.11579e-16 0.999099 0.0424412 -3.11579e-16 0.999099 0.0424412 -3.09334e-16 0.9919 -0.127018 -3.09334e-16 0.9919 -0.127018 -3.04861e-16 0.977555 0.210679 -2.89372e-16 0.927889 0.372857 -2.89372e-16 0.927889 0.372856 -2.65558e-16 0.851529 0.524307 -2.34105e-16 0.750672 0.660675 -2.65558e-16 0.851529 0.524307 -2.34105e-16 0.750672 0.660675 -1.95917e-16 0.62822 0.778036 -1.95917e-16 0.62822 0.778036 -1.52093e-16 0.487695 0.873014 -1.03893e-16 0.33314 0.942877 -1.52093e-16 0.487695 0.873014 -1.03893e-16 0.33314 0.942877 -5.27047e-17 0.169001 0.985616 -5.27047e-17 0.169001 0.985616 3.1186e-16 -1 -6.12323e-17 3.1186e-16 -1 -6.12323e-17 3.1186e-16 -1 -6.12323e-17 3.1186e-16 -1 -6.12323e-17 -0.147217 -0.989104 -0 2.23956e-08 -1 0 2.23956e-08 -1 0 -0.521368 -0.853332 -0 -0.521368 -0.853332 -0 -0.408715 -0.912662 -0 -0.408715 -0.912662 -0 -0.284237 -0.958754 -0 -0.284237 -0.958754 -0 -0.709931 -0.704271 0 -0.786818 -0.617185 0 -0.786818 -0.617185 0 -0.621704 -0.783253 0 -0.621704 -0.783253 0 -0.709931 -0.704271 0 -0.852195 -0.523224 0 -0.852195 -0.523224 0 -0.905897 -0.423498 0 -0.905897 -0.423498 0 -0.147217 -0.989104 -0 0.842313 -0.290518 -0.453991 0.764804 -0.263785 -0.587785 0.75856 -0.318392 -0.568518 0.685643 -0.282111 -0.67105 0.815897 -0.349689 -0.460466 0.858537 -0.375935 -0.348694 0.899082 -0.310098 -0.309017 0.866856 -0.228865 -0.442924 0.933712 -0.322042 -0.156434 0.887468 -0.397174 -0.233782 0.945892 -0.234286 -0.224496 0.94535 -0.326056 -8.74228e-08 0.903111 -0.413126 -0.117121 0.905897 -0.423498 -8.74228e-08 0.966359 -0.231272 -0.112534 0.974356 -0.225011 -8.74228e-08 0.668464 -0.230557 -0.707107 0.596698 -0.24105 -0.765406 0.555663 -0.191651 -0.809017 0.646115 -0.184851 -0.740517 0.542961 -0.158664 -0.824633 0.42918 -0.148027 -0.891006 0.490339 -0.194887 -0.849463 0.425024 -0.126382 -0.896316 0.292129 -0.100757 -0.951056 0.367464 -0.144129 -0.918802 0.147885 -0.0510065 -0.987688 0.248964 -0.0966533 -0.963678 -1.14092e-08 3.46874e-09 -1 0.125488 -0.0482066 -0.990923 0.149441 -0.0453559 -0.98773 -1.11467e-08 4.23711e-09 -1 0.292932 -0.088236 -0.952053 0.734003 -0.204965 -0.647479 0.807315 -0.219463 -0.547795 0.912876 -0.233634 -0.334772 0.621704 -0.783253 0 0.521368 -0.853332 0 0.573017 -0.819544 0 0.678143 -0.73493 0 0.709931 -0.704271 0 0.768656 -0.639662 0 0.786818 -0.617185 0 0.852195 -0.523224 0 0.844653 -0.535315 0 0.905897 -0.423498 0 0.905897 -0.423498 0 0.452354 -0.891839 0 0.316396 -0.948627 0 0.408715 -0.912662 0 0.284237 -0.958754 0 0.16497 -0.986299 0 0.147217 -0.989104 0 4.11774e-08 -1 0 4.11774e-08 -1 0 4.16741e-08 1 0 0.130156 0.991494 0 0.0553183 0.998469 0 0.258097 0.966119 0 0.269543 0.962988 0 0.264535 0.964376 0 0.298552 0.954393 0 0.223737 0.97465 0 0.264561 0.964369 0 4.16741e-08 1 0 0.107008 0.994258 0 0.193447 0.981111 0 0.15344 0.988158 0 0.225852 0.974162 0 0.249838 0.968288 0 0.153435 0.988159 0 0.154076 0.988059 0 0.106971 0.994262 0 0.193462 0.981108 0 0.0921004 0.99575 0 0.0551964 0.998475 0 4.16741e-08 1 0 0.0402573 0.999189 0 4.16741e-08 1 0 0.835728 0.549143 0 0.849703 0.527261 0 0.883681 0.468089 0 0.225894 0.974152 0 0.249857 0.968283 0 0.451359 0.892342 0 0.405688 0.914012 0 0.540082 0.841613 0 0.375303 0.926902 0 0.655965 0.754791 0 0.592815 0.805339 0 0.657308 0.753622 0 0.524274 0.85155 0 0.755614 0.655017 0 0.83571 0.54917 0 0.809918 0.586543 0 0.713073 0.70109 0 0.76445 0.644683 0 0.934688 0.355469 0 0.911969 0.410259 0 0.944791 0.327672 0 0.898223 0.439541 0 0.883543 0.46835 0 0.976642 0.214873 0 0.957211 0.28939 0 0.95074 0.309991 0 0.99472 0.102624 0 0.976642 0.214873 0 0.994712 0.102704 0 0.944799 0.327651 0 0.999966 -0.0082792 0 0.999965 -0.00831567 0 0.298257 0.954486 0 0.375401 0.926863 0 0.405508 0.914091 0 0.540061 0.841626 0 0.524497 0.851412 0 0.592959 0.805233 0 0.258097 0.966119 0 0.269543 0.962988 0 0.264561 0.964369 0 0.264535 0.964376 0 0.223604 0.97468 0 0.249838 0.968288 0 0.193447 0.981111 0 0.225852 0.974162 0 0.153772 0.988106 0 0.15344 0.988158 0 0.107008 0.994258 0 0.0919997 0.995759 0 0.0400758 0.999197 0 0.0553183 0.998469 0 4.16741e-08 1 0 4.16741e-08 1 0 0.130156 0.991494 0 0.193462 0.981108 0 0.249857 0.968283 0 0.45139 0.892327 0 0.225894 0.974152 0 0.657246 0.753676 0 0.655954 0.754801 0 0.713277 0.700882 0 0.755614 0.655017 0 0.153435 0.988159 0 0.764478 0.64465 0 0.0551964 0.998475 0 0.106971 0.994262 0 4.16741e-08 1 0 4.16741e-08 1 0 0.809937 0.586517 0 0.898286 0.439412 0 0.911998 0.410195 0 0.934663 0.355536 0 0.950763 0.309918 0 0.993038 -0.117792 0 0.993036 -0.117813 0 0.974356 -0.225011 0 0.974356 -0.225011 0 0.849478 0.527623 0 0.842313 -0.290518 0.45399 0.899082 -0.310098 0.309017 0.844237 -0.366692 0.390897 0.881507 -0.392346 0.262699 0.933711 -0.322042 0.156434 0.866856 -0.228865 0.442924 0.901871 -0.411429 0.131739 0.945886 -0.234279 0.224529 0.966358 -0.231268 0.112553 0.974356 -0.225011 -8.74228e-08 0.94535 -0.326056 -8.74228e-08 0.91285 -0.233627 0.334847 0.147885 -0.0510065 0.987688 0.14963 -0.0454123 0.987699 0.292129 -0.100757 0.951057 0.905897 -0.423498 -8.74228e-08 0.764804 -0.263785 0.587785 0.807306 -0.219455 0.547811 0.668464 -0.230557 0.707107 0.733916 -0.204936 0.647587 0.789151 -0.33467 0.51501 0.714864 -0.296285 0.633391 0.62057 -0.251798 0.742624 0.555663 -0.191651 0.809017 0.542961 -0.158664 0.824633 0.646097 -0.184839 0.740535 0.504559 -0.200915 0.839674 0.42918 -0.148027 0.891006 0.425102 -0.126399 0.896276 0.248963 -0.0966533 0.963678 0.292964 -0.0882406 0.952043 -7.22333e-08 2.1961e-08 1 0.125488 -0.0482066 0.990923 -7.05714e-08 2.68256e-08 1 0.367464 -0.144129 0.918802 -0.455151 -0.701967 -0.547795 -0.418992 -0.636566 -0.647479 -0.487429 -0.645695 -0.587785 -0.536827 -0.711132 -0.453991 -0.482259 -0.755807 -0.442924 -0.432285 -0.50856 -0.744645 -0.504612 -0.584725 -0.635188 -0.426029 -0.564358 -0.707107 -0.573007 -0.759059 -0.309017 -0.500832 -0.798182 -0.334772 -0.511518 -0.829428 -0.224496 -0.595078 -0.788296 -0.156434 -0.648962 -0.713729 -0.263513 -0.673585 -0.727207 -0.132108 -0.511364 -0.859364 8.74228e-08 -0.514888 -0.849839 -0.112534 -0.602495 -0.798122 8.74228e-08 -0.686364 -0.727259 8.74228e-08 -0.37304 -0.558996 -0.740517 -0.31665 -0.468736 -0.824633 -0.354138 -0.469124 -0.809017 -0.249948 -0.366256 -0.896316 -0.273527 -0.36234 -0.891007 -0.173345 -0.252084 -0.952053 -0.186181 -0.246633 -0.951056 -0.0887585 -0.128498 -0.98773 -0.177802 -0.21899 -0.95939 -2.48602e-08 -3.59536e-08 -1 -2.70216e-08 -3.43587e-08 -1 -0.612681 -0.68617 -0.392165 -0.564737 -0.64363 -0.516539 -0.351425 -0.419537 -0.836952 -0.265832 -0.322265 -0.908559 -0.0889202 -0.111279 -0.989803 -0.911075 -0.412241 -0 -0.848958 -0.52846 -0 -0.910888 -0.412653 -0 -0.773525 -0.633766 -0 -0.848876 -0.528593 -0 -0.686364 -0.727259 -0 -0.773525 -0.633766 -0 -0.686364 -0.727259 -0 -0.958364 -0.285548 0 -0.958421 -0.285359 0 -0.989066 -0.147472 0 -0.989066 -0.147472 0 -1 3.11354e-08 0 -1 3.11354e-08 0 0.959539 -0.281574 0 0.989833 -0.142233 0 0.959539 -0.281574 0 0.746938 -0.664894 0 0.841432 -0.540363 0 0.841432 -0.540363 0 1 -1.50893e-08 0 0.989833 -0.142233 0 1 -1.50893e-08 0 0.909735 -0.41519 0 0.909735 -0.41519 0 0.393457 -0.919343 0 0.393457 -0.919343 0 0.517339 -0.855781 0 0.51741 -0.855738 0 0.6369 -0.770946 0 0.636881 -0.770962 0 0.0239979 -0.999712 0 0.0240206 -0.999711 0 -0.0931192 -0.995655 -0 0.268198 -0.963364 0 0.26823 -0.963355 0 0.144618 -0.989488 0 -0.205536 -0.978649 -0 -0.205458 -0.978666 -0 -0.312793 -0.949821 -0 -0.0931192 -0.995655 -0 -0.312758 -0.949833 -0 -0.414964 -0.909838 -0 -0.511364 -0.859364 -0 -0.414945 -0.909846 -0 -0.511364 -0.859364 -0 0.144761 -0.989467 0 0.746808 -0.66504 0 -0.426029 -0.564358 0.707107 -0.354138 -0.469124 0.809017 -0.373023 -0.558982 0.740536 -0.573007 -0.759059 0.309017 -0.595078 -0.788296 0.156434 -0.648968 -0.713775 0.263375 -0.51151 -0.829424 0.224529 -0.500817 -0.79816 0.334847 -0.186181 -0.246633 0.951056 -0.0888697 -0.12866 0.987699 -0.173359 -0.252113 0.952043 -0.602495 -0.798122 8.74228e-08 -0.514884 -0.849839 0.112553 -0.511364 -0.859364 8.74228e-08 -0.673585 -0.727207 0.132109 -0.686364 -0.727259 8.74228e-08 -0.536827 -0.711132 0.453991 -0.482259 -0.755807 0.442924 -0.487429 -0.645695 0.587785 -0.455141 -0.701961 0.547811 -0.418938 -0.636492 0.647586 -0.31665 -0.468736 0.824633 -0.504612 -0.584725 0.635188 -0.273527 -0.36234 0.891006 -0.249988 -0.366326 0.896276 -0.0890278 -0.111411 0.989779 7.37174e-09 9.37337e-09 1 6.78209e-09 9.80847e-09 1 -0.178369 -0.219684 0.959126 -0.266349 -0.322895 0.908183 -0.351494 -0.419617 0.836883 -0.432285 -0.50856 0.744645 -0.564768 -0.643724 0.516389 -0.612782 -0.686312 0.391757 0.592551 -0.632144 -0.499276 0.534647 -0.579567 -0.615025 0.50607 -0.63119 -0.587785 0.594921 -0.742009 -0.309017 0.557358 -0.695158 -0.45399 0.502236 -0.742683 -0.442924 0.617836 -0.770589 -0.156434 0.673438 -0.69415 -0.254236 0.533439 -0.815493 -0.224529 0.638718 -0.669964 -0.3784 0.473692 -0.689579 -0.547811 0.537356 -0.835811 -0.112553 0.69697 -0.705672 -0.127514 0.625537 -0.780194 8.74228e-08 0.534091 -0.845427 8.74228e-08 0.709091 -0.705117 8.74228e-08 0.442322 -0.551681 -0.707107 0.367682 -0.458587 -0.809017 0.464971 -0.511553 -0.722576 0.287015 -0.326301 -0.900639 0.283988 -0.354201 -0.891006 0.378583 -0.423218 -0.823141 0.259665 -0.359532 -0.896276 0.193302 -0.241093 -0.951056 0.192312 -0.222449 -0.955789 0.0960314 -0.113032 -0.98894 0.0922681 -0.126246 -0.987699 2.58098e-08 -3.52781e-08 -1 2.8015e-08 -3.35536e-08 -1 0.521917 -0.784526 -0.334847 0.435757 -0.625098 -0.647587 0.387792 -0.548839 -0.740535 0.329033 -0.460129 -0.824633 0.180019 -0.247402 -0.952043 -0.36881 -0.929505 -0 -0.242421 -0.970171 -0 -0.36881 -0.929505 -0 -0.118189 -0.992991 -0 -0.242453 -0.970163 -0 -0.118332 -0.992974 -0 0.00266115 -0.999996 0 0.0026385 -0.999997 0 0.119628 -0.992819 0 0.231552 -0.972823 0 0.119628 -0.992819 0 0.231474 -0.972841 0 0.338002 -0.941145 0 0.337968 -0.941158 0 0.439071 -0.898452 0 0.534091 -0.845427 0 0.439052 -0.898461 0 0.534091 -0.845427 0 -0.494342 -0.869268 0 -0.494414 -0.869227 0 -0.616102 -0.787666 0 -0.728814 -0.684712 0 -0.616122 -0.787651 0 -0.728948 -0.684569 0 -0.826728 -0.562602 0 -0.826728 -0.562602 0 -0.901251 -0.433296 0 -0.955701 -0.29434 0 -0.901251 -0.433296 0 -0.955701 -0.29434 0 -0.988863 -0.148828 0 -0.988863 -0.148828 0 -1 -4.30819e-11 0 -1 -4.30819e-11 0 0.990016 -0.140955 0 1 3.79032e-08 0 1 3.79032e-08 0 0.860674 -0.509157 0 0.860598 -0.509285 0 0.918218 -0.396075 0 0.961847 -0.273588 0 0.961892 -0.273429 0 0.709091 -0.705117 0 0.790511 -0.612448 0 0.790511 -0.612448 0 0.709091 -0.705117 0 0.918058 -0.396447 0 0.990016 -0.140955 0 0.617836 -0.770589 0.156434 0.533447 -0.815497 0.224496 0.594921 -0.742009 0.309017 0.709091 -0.705117 8.74228e-08 0.625537 -0.780194 8.74228e-08 0.69697 -0.705672 0.127514 0.557358 -0.695158 0.453991 0.50607 -0.63119 0.587785 0.592527 -0.632067 0.499403 0.673431 -0.694109 0.254369 0.442322 -0.551681 0.707107 0.367681 -0.458587 0.809017 0.464971 -0.511553 0.722576 0.534647 -0.579567 0.615025 0.378554 -0.423187 0.823171 0.283988 -0.354201 0.891006 0.193302 -0.241093 0.951056 0.259623 -0.359463 0.896316 0.0959838 -0.112977 0.988951 -7.04115e-09 9.62419e-09 1 -7.64276e-09 9.15374e-09 1 0.0921526 -0.126086 0.98773 0.286639 -0.325853 0.900921 0.329033 -0.460128 0.824633 0.502236 -0.742683 0.442924 0.473703 -0.689584 0.547795 0.638627 -0.669843 0.378768 0.534091 -0.845427 8.74228e-08 0.537361 -0.835811 0.112534 0.180004 -0.247373 0.952053 0.191895 -0.221962 0.955986 0.387809 -0.548852 0.740517 0.435813 -0.625171 0.647479 0.521932 -0.784548 0.334772 -0.929823 0.368006 0 -0.929823 0.368006 0 -0.929823 0.368006 0 -0.929823 0.368006 0 0.368006 0.929823 0 0.368006 0.929823 0 0.368006 0.929823 0 0.368006 0.929823 0 0.368006 0.929823 0 0.368006 0.929823 0 -0.368006 -0.929823 -0 -0.368006 -0.929823 -0 -0.368006 -0.929823 -0 -0.368006 -0.929823 -0 0.929823 -0.368006 0 0.929823 -0.368006 0 0.929823 -0.368006 0 0.929823 -0.368006 0 0.929823 0.368006 0 0.929823 0.368006 0 0.929823 0.368006 0 0.929823 0.368006 0 0.368006 -0.929823 0 0.368006 -0.929823 0 0.368006 -0.929823 0 0.368006 -0.929823 0 -0.368006 0.929823 0 -0.368006 0.929823 0 -0.368006 0.929823 0 -0.368006 0.929823 0 -0.368006 0.929823 0 -0.368006 0.929823 0 -0.929823 -0.368006 0 -0.929823 -0.368006 0 -0.929823 -0.368006 0 -0.929823 -0.368006 0 -0.985872 0.167498 0 -0.985872 0.167498 0 -0.985872 0.167498 0 -0.985872 0.167498 0 0.167498 -0.985872 0 0.167498 -0.985872 0 0.167498 -0.985872 0 0.167498 -0.985872 0 0.457525 0.889197 0 0.457525 0.889197 0 0.457525 0.889197 0 0.457525 0.889197 0 0.985872 0.167498 0 0.985872 0.167498 0 0.985872 0.167498 0 0.985872 0.167498 0 0.985872 0.167498 0 0.985872 0.167498 0 0.985872 0.167498 0 0.985872 0.167498 0 0.985872 0.167498 0 0.985872 0.167498 0 0.985872 0.167498 0 0.985872 0.167498 0 0.985872 0.167498 0 0.985872 0.167498 0 0.985872 0.167498 0 0.985872 0.167498 0 0.985872 0.167498 0 0.985872 0.167498 0 0.985872 0.167498 0 0.985872 0.167498 0 0.985872 0.167498 0 -0.985872 -0.167498 -0 -0.985872 -0.167498 -0 -0.985872 -0.167498 -0 -0.985872 -0.167498 -0 -0.985872 -0.167498 -0 -0.985872 -0.167498 -0 -0.985872 -0.167498 -0 -0.985872 -0.167498 -0 -0.985872 -0.167498 -0 -0.985872 -0.167498 -0 -0.985872 -0.167498 -0 -0.985872 -0.167498 -0 -0.985872 -0.167498 -0 -0.985872 -0.167498 -0 -0.985872 -0.167498 -0 -0.985872 -0.167498 -0 -0.985872 -0.167498 -0 0.985872 0.167498 0 0.985872 0.167498 0 0.985872 0.167498 0 0.985872 0.167498 0 0.457525 0.889197 0 0.457525 0.889197 0 0.457525 0.889197 0 0.457525 0.889197 0 -0 -0 -1 -0 -0 -1 -0 -0 -1 -0 -0 -1 -0.457525 0.889197 0 -0.457525 0.889197 0 -0.457525 0.889197 0 -0.457525 0.889197 0 -0 -0 -1 -0 -0 -1 -0 -0 -1 -0 -0 -1 -0.434374 0.844205 -0.314066 -0.434387 0.84423 -0.31398 -0.407061 0.79112 -0.456542 -0.457525 0.889197 -6.95355e-08 -0.451634 0.877747 -0.159958 -0.457525 0.889197 -6.95355e-08 -0.328683 0.638794 -0.695636 -0.280805 0.545743 -0.789502 -0.328601 0.638635 -0.695821 -0.371213 0.721451 -0.58456 -0.407029 0.791059 -0.456676 -0.37127 0.721562 -0.584386 -0.173957 0.338084 -0.924899 -0.174063 0.33829 -0.924804 -0.117141 0.227663 -0.966668 -0.228802 0.444676 -0.865975 -0.280704 0.545547 -0.789673 -0.228912 0.44489 -0.865836 -0.0588482 0.114371 -0.991694 -0.117051 0.227487 -0.966721 -2.72796e-09 5.30178e-09 -1 -0.0588408 0.114357 -0.991696 -2.72796e-09 5.30178e-09 -1 -0.451622 0.877726 -0.160109 0.117141 0.227663 -0.966668 0.0588408 0.114357 -0.991696 0.117051 0.227488 -0.966721 -7.72682e-08 -1.5017e-07 -1 0.0588483 0.114371 -0.991694 -7.72682e-08 -1.5017e-07 -1 0.228802 0.444676 -0.865975 0.280704 0.545547 -0.789673 0.280805 0.545743 -0.789502 0.228912 0.44489 -0.865836 0.174063 0.33829 -0.924804 0.173957 0.338084 -0.924899 0.407061 0.79112 -0.456542 0.371213 0.72145 -0.58456 0.407029 0.791059 -0.456676 0.37127 0.721561 -0.584386 0.328683 0.638794 -0.695636 0.328601 0.638635 -0.695821 0.434387 0.84423 -0.313981 0.434374 0.844205 -0.314066 0.451622 0.877726 -0.160109 0.451633 0.877747 -0.159958 0.457525 0.889197 -5.96244e-09 0.457525 0.889197 -5.96244e-09</float_array>
          <technique_common>
            <accessor count="2732" source="#ID7" stride="3">
              <param name="X" type="float"/>
              <param name="Y" type="float"/>
              <param name="Z" type="float"/>
            </accessor>
          </technique_common>
        </source>
        <vertices id="ID8">
          <input semantic="POSITION" source="#ID4"/>
          <input semantic="NORMAL" source="#ID6"/>
        </vertices>
        <triangles count="2696" material="ID9">
          <input offset="0" semantic="VERTEX" source="#ID8"/>
          <p>0 1 2 0 2 3 4 5 6 5 4 7 8 9 4 7 4 9 10 11 8 8 11 9 12 13 8 8 13 10 14 15 8 8 15 12 16 17 8 8 17 14 18 19 8 8 19 16 18 20 19 21 22 23 24 25 26 27 25 24 24 28 29 30 27 24 31 24 32 31 28 24 33 34 32 32 24 33 33 35 36 36 34 33 36 35 37 37 35 38 38 35 39 21 24 26 33 24 40 30 24 29 41 22 21 26 41 21 42 43 44 42 45 43 46 47 48 49 50 51 50 52 46 53 48 54 51 55 49 55 51 56 57 55 56 58 59 53 60 59 61 49 52 50 52 47 46 47 54 48 54 58 53 58 61 59 61 62 60 62 63 60 64 65 66 67 68 69 70 71 72 70 73 74 75 76 77 75 78 71 68 79 76 69 80 81 81 67 69 79 77 76 67 79 68 77 78 75 78 72 71 72 73 70 73 65 74 74 65 64 82 83 84 85 86 87 82 84 88 85 89 90 84 83 91 92 93 87 94 95 96 93 92 97 92 87 86 86 85 90 90 89 94 89 95 94 83 96 91 95 91 96 98 99 100 100 101 98 102 99 103 104 105 106 102 106 105 107 108 109 110 104 107 111 108 112 111 109 108 111 112 113 109 110 107 110 105 104 106 102 103 103 99 98 114 115 116 117 118 119 120 121 122 123 124 125 126 127 121 122 121 127 125 120 123 120 122 123 124 114 116 125 124 116 118 117 115 114 118 115 128 129 130 131 132 133 128 130 133 134 135 136 137 132 138 139 140 141 142 138 139 143 144 145 146 147 148 149 144 150 151 149 152 149 150 152 151 153 149 144 143 150 147 143 148 154 147 140 155 139 138 139 154 140 156 138 132 131 157 132 128 133 158 159 133 132 158 133 159 160 129 134 128 135 134 134 129 128 135 128 158 159 132 161 130 131 133 137 161 132 156 132 157 142 137 138 155 138 156 141 142 139 154 139 155 141 140 146 146 140 147 146 148 145 145 148 143 145 144 162 144 149 162 162 149 163 149 153 163 164 165 166 167 168 169 170 171 172 173 174 175 176 177 178 179 180 181 182 183 184 185 186 187 180 188 189 190 191 192 193 194 195 191 196 192 197 196 198 196 197 192 190 192 199 200 201 202 199 193 195 193 199 192 193 203 194 187 204 193 193 204 203 185 187 205 206 187 193 206 205 187 185 207 186 206 208 205 209 210 211 212 213 214 201 200 209 210 209 200 215 202 216 216 202 201 217 215 216 212 209 211 218 219 220 221 222 223 185 212 214 213 212 211 189 208 206 185 214 207 224 189 188 224 208 189 225 188 180 226 227 228 229 179 181 179 225 180 181 184 183 183 229 181 173 182 184 230 231 232 175 174 178 173 184 174 233 234 235 178 177 236 175 178 236 176 178 167 237 176 167 238 176 237 238 233 239 230 232 235 226 240 231 241 227 221 242 243 244 245 246 243 247 248 218 247 242 249 219 218 250 218 248 250 251 220 252 252 220 219 251 253 254 253 251 252 248 247 255 245 256 257 258 259 260 249 242 261 255 247 249 243 242 260 261 242 244 259 243 260 245 243 259 262 246 245 258 222 259 222 258 223 257 263 245 245 263 264 265 266 256 266 257 256 267 256 268 256 267 265 269 267 268 245 264 262 228 227 241 221 227 222 240 226 228 230 226 231 235 234 230 238 234 233 238 239 270 237 167 169 270 176 238 169 168 172 170 164 171 168 170 172 166 171 164 271 272 273 272 271 274 275 273 276 277 278 274 271 279 274 280 278 281 282 278 277 280 283 284 283 280 281 285 276 286 287 288 283 289 283 290 273 291 286 287 283 289 292 293 294 286 294 293 293 292 295 296 293 297 295 298 297 297 293 295 299 298 300 297 298 299 300 301 302 300 302 299 303 302 304 283 281 290 288 284 283 290 281 282 278 282 281 282 277 279 274 279 277 279 271 275 271 273 275 286 276 273 291 273 272 293 305 285 294 286 291 285 286 293 296 305 293 296 297 306 297 299 306 306 299 303 302 303 299 307 308 309 310 311 312 313 314 315 307 316 314 315 314 316 317 318 319 319 313 317 320 321 318 320 322 321 315 317 313 321 319 318 316 307 309 323 309 308 308 324 323 323 324 310 310 324 311 325 326 327 328 329 330 331 332 333 334 335 336 337 338 339 338 334 336 339 329 328 340 341 342 329 343 330 344 343 329 345 325 327 345 346 347 347 330 343 343 344 333 346 330 347 327 346 345 325 332 326 331 348 332 326 332 348 344 331 333 341 340 349 340 335 349 338 337 350 328 342 337 328 340 342 328 337 339 350 334 338 335 334 349 351 352 353 354 355 356 357 358 359 353 360 351 351 361 352 362 363 364 365 366 364 365 359 367 360 363 362 353 363 360 362 364 366 366 365 367 367 359 358 358 357 368 357 354 368 354 356 368 369 370 371 372 373 374 375 376 377 378 379 380 381 380 379 382 378 380 381 372 374 381 379 372 373 375 377 374 373 377 369 371 376 375 369 376 383 384 385 386 387 388 389 390 391 392 393 394 395 396 390 391 390 396 394 389 392 389 391 392 393 383 385 394 393 385 387 386 384 383 387 384 397 398 399 400 398 401 398 397 401 398 400 402 403 404 402 398 402 404 405 406 407 406 405 408 405 409 410 408 405 410 411 409 412 412 409 405 413 414 415 414 413 416 417 418 415 415 414 417 419 416 413 419 420 421 421 416 419 422 423 420 421 420 423 424 425 426 422 425 423 427 422 428 429 430 431 432 433 434 429 435 436 430 429 436 437 435 425 429 425 435 425 424 438 425 438 437 425 439 440 426 425 440 422 441 425 439 425 441 442 443 422 422 443 441 422 427 444 422 444 442 432 445 422 428 422 445 446 447 432 432 447 445 448 446 432 449 450 432 432 434 448 451 452 432 432 452 433 453 454 432 432 454 451 455 456 432 432 456 453 432 450 455 457 449 429 432 429 449 458 459 429 429 459 457 460 461 429 429 461 458 462 463 429 429 463 460 431 464 429 429 464 462 465 466 467 468 469 470 471 472 473 466 474 471 472 471 474 475 476 466 466 476 474 477 478 466 466 478 475 466 465 477 468 479 466 467 466 479 480 481 468 468 481 479 468 470 482 468 482 480 468 483 484 469 468 484 485 486 468 483 468 486 487 488 485 485 488 486 489 490 485 491 492 485 485 492 487 493 494 485 485 494 491 495 496 485 485 496 493 485 490 497 485 497 495 498 489 471 485 471 489 499 500 471 471 500 498 501 502 471 471 502 499 503 504 471 471 504 501 473 505 471 471 505 503 506 507 508 509 510 511 510 512 513 514 515 509 509 515 516 517 518 509 509 518 514 519 520 509 509 520 517 521 522 509 509 522 519 509 511 521 523 524 510 510 524 511 525 526 510 510 526 523 510 513 527 510 527 525 510 528 529 512 510 529 510 530 531 528 510 531 532 533 534 535 530 533 510 533 530 536 537 533 533 537 535 538 539 533 533 539 536 533 532 538 508 540 533 534 533 540 541 542 508 508 542 540 543 544 508 508 544 541 506 508 545 508 507 543 546 545 509 508 509 545 516 546 509 547 548 549 550 551 549 550 552 551 551 553 554 552 553 551 549 551 547 555 556 557 558 555 559 555 558 556 556 560 561 562 556 561 562 557 556 563 564 565 564 563 566 567 568 565 565 564 567 569 566 563 569 570 571 571 566 569 572 573 570 571 570 573 574 575 576 572 575 573 572 577 578 579 580 581 579 582 583 580 579 583 584 582 575 579 575 582 575 574 585 575 585 584 575 586 587 576 575 587 588 586 572 575 572 586 589 590 572 572 590 588 572 578 589 572 591 592 577 572 592 593 591 594 572 594 591 595 596 594 594 596 593 597 598 594 599 600 594 594 600 595 601 602 594 594 602 599 603 604 594 594 604 601 594 598 605 594 605 603 606 597 579 594 579 597 607 608 579 579 608 606 609 610 579 579 610 607 611 612 579 579 612 609 581 613 579 579 613 611 614 615 616 617 615 618 614 618 615 617 619 620 619 617 618 620 619 621 622 614 616 622 623 624 623 622 616 625 626 624 624 623 625 625 627 626 628 629 630 631 632 633 634 635 636 637 638 639 640 639 641 632 631 642 635 634 637 640 641 642 631 640 642 639 638 641 637 634 638 635 630 636 628 643 629 630 629 636 644 645 646 647 648 649 650 651 652 651 653 652 647 650 654 655 656 657 658 657 656 655 657 659 656 649 658 648 647 654 658 649 648 654 650 652 644 653 651 644 646 653 660 661 662 661 663 662 664 665 666 665 664 663 666 667 664 668 669 662 670 671 672 673 672 674 668 672 671 673 674 675 663 661 676 661 677 676 663 676 665 676 677 678 664 667 679 679 667 680 677 681 680 679 680 681 677 680 678 672 673 682 683 684 685 672 682 670 684 682 673 669 668 671 662 669 683 685 660 683 662 683 660 673 685 684 686 687 688 689 687 690 686 690 687 689 691 692 691 689 690 692 691 693 694 686 688 694 695 696 695 694 688 697 698 696 696 695 697 697 699 698 700 701 702 703 704 702 702 701 703 705 704 706 703 706 704 707 705 706 708 701 700 708 709 710 709 708 700 711 712 710 710 709 711 711 713 712 714 715 716 717 714 716 717 716 718 715 714 719 719 720 715 715 720 721 722 723 724 724 725 726 726 722 724 727 728 725 726 725 728 729 727 730 727 729 728 730 731 732 732 729 730 733 734 731 732 731 734 735 733 736 733 735 734 736 737 738 738 735 736 739 740 737 738 737 740 741 739 742 739 741 740 741 742 743 744 745 743 743 742 744 746 745 747 744 747 745 746 748 749 748 746 747 750 751 749 749 748 750 752 751 753 750 753 751 752 754 755 754 752 753 756 757 755 755 754 756 758 757 759 756 759 757 758 760 761 760 758 759 723 722 762 763 762 764 762 763 723 764 765 766 766 763 764 767 768 765 766 765 768 769 767 770 767 769 768 770 771 772 772 769 770 773 774 771 772 771 774 775 773 776 773 775 774 776 777 778 778 775 776 779 780 777 778 777 780 781 779 782 779 781 780 782 783 784 784 781 782 785 786 783 784 783 786 787 785 788 785 787 786 788 789 790 790 787 788 791 792 789 790 789 792 793 791 794 791 793 792 794 795 796 796 793 794 796 795 760 795 761 760 797 798 799 797 800 798 801 802 803 804 805 806 807 808 809 808 810 811 812 810 808 807 812 808 813 814 808 813 808 811 815 816 817 818 808 814 819 820 821 822 823 824 825 826 827 828 829 830 831 832 833 834 835 836 837 838 839 803 835 801 840 841 834 842 843 801 801 843 802 842 804 843 804 844 845 844 804 806 846 847 831 848 849 850 851 842 824 852 853 849 854 855 840 855 852 840 856 854 840 849 853 850 848 837 849 857 832 831 848 858 837 859 839 860 833 861 831 862 863 864 865 866 867 868 869 870 866 871 872 873 874 875 831 866 876 865 877 866 878 879 880 881 882 831 881 831 883 846 831 882 831 884 885 884 831 847 872 867 866 886 887 888 866 889 871 866 890 889 891 892 893 874 894 875 870 873 895 896 897 898 899 900 859 883 831 861 901 902 903 904 887 905 905 901 906 907 908 909 910 907 911 912 913 914 914 913 911 915 916 917 912 914 917 916 918 917 917 918 919 827 920 921 921 825 827 922 923 924 827 925 920 926 924 909 926 909 927 928 929 826 930 931 808 923 925 827 887 932 933 905 906 904 934 935 864 936 862 937 938 939 900 940 937 862 941 942 817 943 851 824 944 945 946 942 947 948 949 945 950 951 945 952 945 949 952 953 945 954 945 951 954 945 953 955 950 956 829 956 945 944 829 828 950 943 824 823 957 816 815 819 821 822 817 958 815 957 820 816 948 958 942 947 959 960 960 948 947 808 818 959 959 818 960 961 808 962 808 959 962 963 808 964 808 961 964 808 965 930 808 963 965 945 808 966 931 966 808 946 945 967 968 945 969 945 966 969 945 970 967 945 968 970 950 945 956 830 829 971 971 903 972 972 830 971 902 901 905 972 902 929 902 972 903 932 887 904 973 915 974 907 909 923 915 975 974 887 933 888 976 940 977 886 978 977 869 979 975 937 940 980 976 980 940 934 941 935 981 860 839 860 899 859 862 936 863 840 852 841 837 858 838 839 838 981 841 852 849 835 834 841 842 851 805 835 803 836 804 842 805 817 942 958 819 822 824 819 816 820 935 941 817 862 864 935 940 886 977 978 886 888 974 975 982 928 972 929 983 928 826 909 924 923 826 825 983 923 922 925 973 984 915 911 913 910 907 910 908 914 915 917 984 916 915 869 868 979 975 979 982 869 873 870 985 894 874 986 987 891 987 986 985 988 878 989 990 892 988 991 873 875 992 993 994 995 831 996 831 876 996 997 831 998 831 995 998 993 897 999 831 997 857 1000 861 1001 1000 883 861 900 899 938 1001 939 938 861 939 1001 898 900 896 859 900 898 898 897 993 992 879 993 999 994 993 992 880 879 989 1002 988 879 878 988 990 1003 892 1002 990 988 891 987 892 1003 893 892 874 987 985 1004 895 991 873 991 895 1005 1006 1004 1004 991 1005 1005 877 1006 866 877 1007 1005 1007 877 1008 866 1009 866 1007 1009 1010 866 1011 866 1008 1011 1012 866 1013 866 1010 1013 876 866 1012 1014 1015 1016 1017 1018 1016 1015 1017 1016 1018 1019 1016 1018 1020 1019 1020 1021 1019 1022 1023 1024 1025 1026 1027 1028 1023 1022 1029 1030 1031 1031 1032 1033 1026 1034 1027 1035 1036 1037 1038 1039 1040 1041 1038 1042 1043 1044 1045 1046 1047 1048 1049 1050 1051 1052 1053 1038 1054 1055 1056 1057 1058 1059 1041 1039 1038 1060 1046 1061 1062 1063 1064 1065 1048 1047 1055 1066 1067 1068 1069 1070 1070 1069 1067 1071 1072 1073 1073 1074 1071 1075 1076 1077 1075 1077 1078 1075 1079 1080 1075 1080 1081 1082 1083 1084 1085 1086 1087 1088 1083 1089 1083 1082 1089 1038 1083 1052 1083 1088 1052 1038 1053 1042 1090 1091 1092 1093 1094 1095 1096 1097 1098 1090 1092 1099 1100 1101 1037 1096 1098 1102 1037 1103 1100 1101 1100 1104 1105 1106 1107 1036 1103 1037 1108 1035 1109 1106 1105 1110 1111 1112 1113 1114 1115 1116 1117 1060 1118 1119 1120 1121 1122 1123 1124 1125 1126 1034 1127 1056 1128 1027 1129 1025 1130 1131 1050 1132 1050 1133 1134 1050 1135 1050 1132 1135 1050 1136 1051 1050 1134 1136 1137 1075 1049 1050 1049 1075 1138 1075 1139 1075 1137 1139 1065 1140 1048 1141 1075 1142 1075 1138 1142 1143 1074 1144 1075 1141 1145 1146 1127 1128 1045 1147 1148 1149 1150 1151 1152 1153 1154 1155 1151 1123 1058 1148 1156 1155 1123 1157 1057 1158 1159 1160 1161 1162 1057 1159 1160 1163 1164 1165 1165 1164 1166 1167 1168 1111 1169 1170 1171 1172 1173 1174 1175 1176 1177 1125 1133 1126 1050 1178 1133 1022 1179 1180 1131 1178 1050 1179 1022 1024 1181 1182 1183 1180 1184 1185 1184 1180 1179 1050 1185 1186 1184 1186 1185 1187 1050 1188 1050 1186 1188 1189 1050 1190 1050 1191 1190 1050 1187 1191 1189 1130 1050 1133 1178 1126 1125 1034 1026 1025 1172 1174 1172 1025 1129 1173 1192 1174 1193 1164 1163 1194 1176 1195 1194 1195 1173 1194 1177 1176 1196 1197 1175 1120 1170 1198 1121 1197 1199 1169 1200 1170 1198 1170 1200 1201 1202 1203 1171 1203 1169 1183 1204 1029 1205 1031 1030 1030 1029 1204 1206 1207 1208 1209 1210 1211 1212 1033 1032 1213 1212 1214 1032 1214 1212 1022 1215 1028 1213 1214 1023 1182 1204 1183 1047 1046 1060 1055 1054 1066 1140 1143 1216 1216 1048 1140 1073 1144 1074 1143 1144 1216 1145 1072 1075 1145 1073 1072 1084 1069 1068 1072 1076 1075 1217 1079 1075 1217 1075 1078 1218 1084 1083 1219 1086 1075 1075 1081 1219 1220 1218 1083 1087 1086 1219 1085 1220 1083 1087 1220 1085 1218 1069 1084 1067 1066 1070 1127 1054 1056 1146 1128 1221 1222 1063 1146 1146 1221 1222 1152 1062 1064 1064 1063 1222 1124 1153 1223 1152 1154 1062 1122 1224 1123 1154 1153 1124 1151 1150 1118 1123 1224 1157 1058 1156 1225 1148 1147 1156 1043 1118 1060 1043 1045 1148 1043 1060 1061 1044 1043 1061 1022 1226 1227 1228 1229 1230 1231 1022 1232 1022 1227 1232 1022 1231 1215 1028 1213 1023 1032 1031 1205 1201 1182 1181 1108 1109 1233 1169 1203 1202 1202 1201 1181 1193 1163 1198 1234 1198 1200 1198 1234 1193 1195 1235 1236 1121 1120 1198 1166 1237 1165 1238 1236 1235 1237 1239 1240 1235 1162 1241 1167 1242 1168 1161 1241 1162 1112 1108 1233 1243 1244 1245 1246 1247 1248 1249 1244 1250 1251 1252 1253 1254 1211 1210 1255 1256 1254 1256 1211 1254 1257 1256 1255 1258 1259 1230 1257 1255 1260 1259 1261 1262 1263 1226 1260 1260 1226 1264 1265 1226 1266 1226 1263 1266 1227 1226 1265 1267 1268 1240 1269 1168 1242 1270 1199 1197 1199 1119 1121 1173 1195 1192 1176 1175 1197 1197 1196 1270 1195 1236 1192 1235 1241 1238 1057 1160 1162 1057 1059 1158 1058 1225 1059 1269 1271 1272 1272 1124 1269 1150 1117 1118 1272 1154 1124 1151 1155 1149 1124 1223 1122 1269 1242 1271 1112 1233 1113 1112 1111 1168 1108 1036 1035 1273 1274 1245 1036 1106 1275 1110 1275 1106 1036 1276 1103 1275 1276 1036 1277 1278 1279 1280 1281 1282 1209 1283 1284 1248 1285 1252 1209 1211 1283 1286 1246 1287 1288 1268 1250 1289 1290 1291 1292 1293 1294 1114 1209 1284 1268 1295 1249 1267 1240 1239 1295 1268 1267 1237 1240 1165 1296 1297 1287 1293 1289 1298 1296 1287 1246 1286 1247 1246 1299 1285 1248 1247 1299 1248 1252 1251 1248 1282 1300 1301 1251 1207 1206 1207 1251 1253 1302 1206 1208 1279 1302 1277 1302 1279 1206 1278 1303 1279 1304 1305 1303 1278 1304 1303 1306 1301 1307 1308 1309 1310 1311 1312 1313 1314 1312 1311 1315 1316 1313 1317 1318 1313 1319 1313 1312 1320 1313 1321 1322 1313 1323 1313 1319 1323 1313 1322 1315 1230 1313 1324 1316 1324 1313 1325 1230 1326 1230 1324 1326 1327 1230 1328 1230 1325 1328 1329 1230 1330 1230 1327 1330 1292 1331 1296 1332 1333 1334 1292 1294 1331 1280 1335 1336 1038 1337 1338 1339 1038 1338 1101 1340 1102 1340 1101 1104 1341 1337 1040 1340 1096 1102 1098 1097 1099 1341 1040 1342 1099 1097 1090 1343 1092 1091 1343 1093 1095 1093 1343 1091 1094 1342 1095 1094 1341 1342 1337 1038 1040 1314 1344 1312 1339 1345 1317 1345 1339 1338 1321 1313 1346 1345 1318 1317 1347 1313 1348 1313 1318 1348 1313 1349 1346 1313 1347 1349 1313 1320 1311 1310 1309 1344 1344 1314 1310 1307 1309 1308 1305 1281 1280 1306 1307 1308 1281 1300 1282 1301 1300 1307 1336 1303 1280 1280 1303 1305 1335 1350 1336 1351 1107 1350 1336 1350 1107 1105 1107 1352 1107 1351 1352 1353 1297 1296 1274 1243 1245 1354 1355 1356 1114 1284 1115 1357 1358 1116 1116 1115 1357 1273 1245 1358 1273 1358 1357 1243 1250 1244 1268 1249 1250 1288 1359 1360 1360 1268 1288 1360 1290 1289 1290 1360 1359 1298 1289 1291 1289 1293 1292 1331 1353 1296 1361 1362 1353 1297 1353 1362 1361 1363 1334 1334 1362 1361 1356 1333 1332 1332 1334 1363 1356 1355 1333 1329 1354 1364 1354 1329 1355 1365 1230 1364 1329 1364 1230 1366 1230 1367 1230 1365 1367 1228 1230 1368 1230 1366 1368 1229 1369 1230 1258 1261 1259 1369 1258 1230 1261 1370 1262 1264 1226 1370 1262 1370 1226 1260 1264 1257 1371 1372 1373 1371 1374 1372 1375 1376 1377 1378 1374 1371 1379 1380 1381 1382 1383 1384 1385 1386 1387 1379 1381 1388 1389 1390 1391 1386 1390 1392 1393 1394 1395 1396 1397 1391 1398 1399 1400 1401 1382 1402 1403 1404 1405 1406 1400 1407 1408 1403 1405 1408 1401 1402 1404 1403 1406 1402 1403 1408 1407 1400 1399 1407 1404 1406 1396 1394 1393 1393 1395 1398 1391 1397 1389 1397 1396 1393 1385 1387 1388 1392 1387 1386 1388 1381 1385 1392 1390 1389 1409 1382 1401 1395 1399 1398 1409 1383 1382 1379 1410 1380 1375 1377 1410 1377 1380 1410 1384 1411 1378 1384 1383 1411 1374 1378 1411 1376 1375 1412 1372 1413 1373 1414 1415 1416 1414 1412 1415 1414 1376 1412 1413 1417 1373 1418 1417 1419 1417 1413 1419 1420 1418 1421 1418 1420 1417 1421 1422 1423 1423 1420 1421 1424 1423 1425 1422 1425 1423 1424 1426 1427 1426 1424 1425 1428 1429 1427 1427 1426 1428 1430 1429 1431 1428 1431 1429 1432 1433 1430 1432 1430 1431 1434 1435 1433 1430 1433 1435 1436 1434 1437 1434 1436 1435 1437 1438 1439 1439 1436 1437 1440 1441 1438 1439 1438 1441 1442 1440 1443 1440 1442 1441 1443 1444 1445 1445 1442 1443 1446 1447 1444 1445 1444 1447 1448 1446 1449 1446 1448 1447 1449 1450 1451 1451 1448 1449 1451 1450 1415 1450 1416 1415 1452 1453 1454 1455 1453 1456 1452 1456 1453 1455 1457 1458 1457 1455 1456 1459 1460 1458 1458 1457 1459 1459 1461 1460 1462 1461 1463 1461 1462 1460 1463 1464 1465 1465 1462 1463 1466 1467 1464 1465 1464 1467 1468 1466 1469 1466 1468 1467 1469 1470 1471 1471 1468 1469 1472 1473 1470 1471 1470 1473 1474 1472 1475 1472 1474 1473 1475 1476 1477 1477 1474 1475 1478 1479 1476 1477 1476 1479 1480 1478 1481 1478 1480 1479 1481 1482 1483 1483 1480 1481 1484 1485 1482 1483 1482 1485 1486 1484 1487 1484 1486 1485 1487 1488 1489 1489 1486 1487 1489 1488 1490 1454 1491 1452 1491 1492 1493 1492 1491 1454 1494 1495 1493 1493 1492 1494 1496 1495 1497 1494 1497 1495 1496 1498 1499 1498 1496 1497 1500 1501 1499 1499 1498 1500 1502 1501 1503 1500 1503 1501 1502 1504 1505 1504 1502 1503 1506 1507 1505 1505 1504 1506 1508 1507 1509 1506 1509 1507 1508 1510 1511 1510 1508 1509 1512 1513 1511 1511 1510 1512 1514 1513 1515 1512 1515 1513 1514 1516 1517 1516 1514 1515 1518 1519 1517 1517 1516 1518 1520 1519 1521 1518 1521 1519 1520 1522 1523 1522 1520 1521 1524 1525 1523 1523 1522 1524 1524 1490 1525 1490 1488 1525 1526 1527 1528 1529 1530 1531 1532 1533 1534 1528 1535 1536 1536 1526 1528 1537 1532 1534 1538 1539 1535 1536 1535 1539 1540 1538 1541 1538 1540 1539 1541 1542 1543 1543 1540 1541 1544 1545 1542 1543 1542 1545 1546 1544 1547 1544 1546 1545 1547 1548 1549 1549 1546 1547 1550 1551 1548 1549 1548 1551 1550 1552 1551 1552 1553 1554 1553 1552 1550 1555 1556 1557 1554 1553 1555 1558 1559 1560 1560 1561 1562 1556 1562 1561 1562 1558 1560 1556 1561 1557 1554 1555 1557 1527 1526 1563 1564 1565 1563 1527 1563 1565 1566 1564 1567 1564 1566 1565 1567 1568 1569 1569 1566 1567 1568 1570 1571 1569 1568 1571 1572 1570 1573 1568 1573 1570 1572 1574 1575 1574 1572 1573 1576 1577 1575 1575 1574 1576 1578 1577 1579 1576 1579 1577 1578 1580 1581 1580 1578 1579 1582 1583 1581 1581 1580 1582 1584 1583 1585 1582 1585 1583 1584 1586 1587 1586 1584 1585 1588 1531 1587 1587 1586 1588 1589 1590 1591 1588 1529 1531 1532 1537 1592 1593 1594 1595 1596 1597 1598 1534 1533 1598 1558 1597 1599 1596 1599 1597 1559 1558 1599 1598 1533 1596 1592 1537 1594 1593 1595 1589 1592 1594 1593 1590 1530 1591 1595 1590 1589 1529 1591 1530 1600 1601 1602 1603 1604 1601 1602 1601 1604 1605 1603 1606 1603 1605 1604 1606 1607 1608 1608 1605 1606 1609 1610 1607 1608 1607 1610 1609 1611 1610 1612 1613 1614 1615 1616 1611 1617 1618 1619 1617 1620 1612 1618 1621 1619 1622 1621 1618 1623 1622 1624 1621 1622 1623 1624 1625 1623 1619 1620 1617 1620 1613 1612 1626 1625 1624 1627 1626 1616 1625 1626 1627 1616 1615 1627 1628 1614 1613 1615 1611 1609 1629 1628 1630 1628 1629 1614 1630 1631 1632 1632 1629 1630 1633 1634 1631 1632 1631 1634 1635 1633 1636 1633 1635 1634 1636 1637 1638 1638 1635 1636 1638 1637 1639 1602 1640 1600 1641 1640 1642 1640 1641 1600 1642 1643 1644 1644 1641 1642 1645 1646 1643 1644 1643 1646 1647 1645 1648 1645 1647 1646 1648 1649 1650 1650 1647 1648 1651 1652 1649 1650 1649 1652 1653 1651 1654 1651 1653 1652 1654 1655 1656 1656 1653 1654 1657 1658 1655 1656 1655 1658 1659 1657 1660 1657 1659 1658 1660 1661 1662 1662 1659 1660 1663 1664 1661 1662 1661 1664 1665 1663 1666 1663 1665 1664 1666 1667 1668 1668 1665 1666 1669 1670 1667 1668 1667 1670 1671 1669 1672 1669 1671 1670 1672 1673 1674 1674 1671 1672 1674 1673 1637 1673 1639 1637 1675 1676 1677 1678 1679 1680 1677 1681 1682 1682 1675 1677 1682 1681 1683 1684 1683 1685 1681 1685 1683 1684 1686 1687 1686 1684 1685 1688 1689 1687 1687 1686 1688 1690 1691 1688 1689 1688 1691 1692 1690 1693 1690 1692 1691 1694 1693 1695 1696 1692 1693 1697 1698 1699 1698 1700 1695 1699 1701 1702 1702 1701 1703 1700 1698 1697 1697 1699 1702 1700 1694 1695 1694 1696 1693 1676 1675 1704 1705 1706 1704 1676 1704 1706 1707 1705 1708 1705 1707 1706 1708 1709 1710 1710 1707 1708 1711 1712 1709 1710 1709 1712 1713 1711 1714 1711 1713 1712 1714 1715 1716 1716 1713 1714 1717 1718 1715 1716 1715 1718 1719 1717 1720 1717 1719 1718 1721 1679 1719 1719 1720 1721 1721 1680 1679 1722 1723 1724 1678 1725 1726 1727 1728 1729 1730 1731 1732 1733 1734 1735 1736 1737 1738 1739 1740 1741 1742 1743 1740 1744 1739 1745 1739 1744 1740 1745 1746 1747 1747 1744 1745 1748 1749 1746 1747 1746 1749 1701 1748 1703 1748 1701 1749 1743 1741 1740 1742 1733 1750 1750 1743 1742 1733 1735 1751 1750 1733 1751 1735 1734 1752 1738 1752 1753 1734 1753 1752 1754 1737 1736 1736 1738 1753 1754 1728 1727 1727 1737 1754 1729 1728 1731 1730 1732 1724 1729 1731 1730 1722 1726 1723 1732 1722 1724 1678 1680 1725 1726 1725 1723 1755 1756 1757 1758 1759 1760 1757 1761 1762 1762 1755 1757 1763 1764 1761 1762 1761 1764 1765 1763 1766 1763 1765 1764 1766 1767 1768 1768 1765 1766 1769 1770 1767 1768 1767 1770 1771 1769 1772 1769 1771 1770 1772 1773 1774 1774 1771 1772 1775 1776 1773 1774 1773 1776 1777 1775 1778 1775 1777 1776 1778 1779 1780 1780 1777 1778 1781 1782 1779 1780 1779 1782 1783 1781 1784 1781 1783 1782 1784 1785 1786 1786 1783 1784 1786 1785 1787 1756 1755 1788 1789 1790 1788 1756 1788 1790 1791 1789 1792 1789 1791 1790 1792 1793 1794 1794 1791 1792 1795 1796 1793 1794 1793 1796 1797 1795 1798 1795 1797 1796 1798 1799 1800 1800 1797 1798 1801 1802 1799 1800 1799 1802 1803 1801 1804 1801 1803 1802 1804 1805 1806 1806 1803 1804 1807 1808 1805 1806 1805 1808 1809 1807 1810 1807 1809 1808 1810 1811 1812 1812 1809 1810 1760 1759 1811 1812 1811 1759 1813 1814 1815 1758 1816 1817 1818 1819 1820 1821 1822 1823 1824 1825 1826 1827 1826 1825 1828 1824 1787 1824 1828 1825 1785 1828 1787 1819 1818 1827 1818 1826 1827 1820 1822 1821 1820 1819 1822 1823 1813 1815 1821 1823 1815 1817 1816 1814 1813 1817 1814 1758 1760 1816 1829 1830 1831 1832 1830 1833 1829 1833 1830 1832 1834 1835 1834 1832 1833 1836 1837 1835 1835 1834 1836 1836 1838 1837 1839 1838 1840 1838 1839 1837 1840 1841 1842 1842 1839 1840 1843 1844 1841 1842 1841 1844 1845 1843 1846 1843 1845 1844 1846 1847 1848 1848 1845 1846 1849 1850 1847 1848 1847 1850 1851 1849 1852 1849 1851 1850 1852 1853 1854 1854 1851 1852 1855 1856 1853 1854 1853 1856 1857 1855 1858 1855 1857 1856 1858 1859 1860 1860 1857 1858 1861 1862 1859 1860 1859 1862 1863 1861 1864 1861 1863 1862 1864 1865 1866 1866 1863 1864 1866 1865 1867 1831 1868 1829 1868 1869 1870 1869 1868 1831 1871 1872 1870 1870 1869 1871 1873 1872 1874 1871 1874 1872 1873 1875 1876 1875 1873 1874 1877 1878 1876 1876 1875 1877 1879 1878 1880 1877 1880 1878 1879 1881 1882 1881 1879 1880 1883 1884 1882 1882 1881 1883 1885 1884 1886 1883 1886 1884 1885 1887 1888 1887 1885 1886 1889 1890 1888 1888 1887 1889 1891 1890 1892 1889 1892 1890 1891 1893 1894 1893 1891 1892 1895 1896 1894 1894 1893 1895 1897 1896 1898 1895 1898 1896 1897 1899 1900 1899 1897 1898 1901 1902 1900 1900 1899 1901 1901 1867 1902 1867 1865 1902 1903 1904 1905 1906 1907 1905 1905 1904 1906 1908 1907 1909 1906 1909 1907 1908 1910 1911 1910 1908 1909 1912 1913 1911 1911 1910 1912 1914 1913 1915 1912 1915 1913 1914 1916 1917 1916 1914 1915 1918 1919 1917 1917 1916 1918 1920 1919 1921 1918 1921 1919 1920 1922 1923 1922 1920 1921 1924 1925 1923 1923 1922 1924 1926 1925 1927 1924 1927 1925 1926 1928 1929 1928 1926 1927 1930 1931 1929 1929 1928 1930 1932 1931 1933 1930 1933 1931 1932 1934 1935 1934 1932 1933 1936 1937 1935 1935 1934 1936 1938 1937 1939 1936 1939 1937 1940 1938 1939 1941 1904 1903 1941 1942 1943 1942 1941 1903 1944 1945 1943 1943 1942 1944 1946 1945 1947 1944 1947 1945 1948 1949 1946 1948 1946 1947 1950 1951 1949 1946 1949 1951 1952 1950 1953 1950 1952 1951 1954 1952 1953 1955 1956 1954 1954 1953 1955 1957 1956 1958 1955 1958 1956 1957 1959 1960 1959 1957 1958 1961 1962 1960 1960 1959 1961 1963 1962 1964 1961 1964 1962 1963 1965 1966 1965 1963 1964 1967 1968 1966 1966 1965 1967 1969 1968 1970 1967 1970 1968 1969 1971 1972 1971 1969 1970 1973 1974 1972 1972 1971 1973 1973 1975 1974 1975 1976 1974 1977 1978 1979 1979 1980 1977 1981 1982 1983 1984 1985 1986 1987 1988 1989 1983 1990 1991 1991 1981 1983 1992 1987 1989 1993 1994 1990 1991 1990 1994 1995 1993 1996 1993 1995 1994 1996 1997 1998 1998 1995 1996 1999 2000 1997 1998 1997 2000 2001 1999 2002 1999 2001 2000 2002 2003 2004 2004 2001 2002 2005 2006 2003 2004 2003 2006 2005 2007 2006 2007 2008 2009 2008 2007 2005 2010 2011 2012 2009 2008 2010 2013 2014 2015 2015 2016 2017 2011 2017 2016 2017 2013 2015 2011 2016 2012 2009 2010 2012 1982 1981 2018 2019 2020 2018 1982 2018 2020 2021 2019 2022 2019 2021 2020 2022 2023 2024 2024 2021 2022 2023 2025 2026 2024 2023 2026 2027 2025 2028 2023 2028 2025 2027 2029 2030 2029 2027 2028 2031 2032 2030 2030 2029 2031 2033 2032 2034 2031 2034 2032 2033 2035 2036 2035 2033 2034 2037 2038 2036 2036 2035 2037 2039 2038 2040 2037 2040 2038 2039 2041 2042 2041 2039 2040 2043 1986 2042 2042 2041 2043 2044 2045 2046 2043 1984 1986 1987 1992 2047 2048 2049 2050 2051 2052 2053 1989 1988 2053 2013 2052 2054 2051 2054 2052 2014 2013 2054 2053 1988 2051 2047 1992 2049 2048 2050 2044 2047 2049 2048 2045 1985 2046 2050 2045 2044 1984 2046 1985 2055 2056 2057 2058 2059 2060 2061 2062 2063 2064 2065 2066 2067 2068 2069 2070 2071 2072 2073 2074 2075 2076 2077 2078 2079 2080 2081 2082 2083 2084 2085 2086 2087 2088 2089 2090 2091 2092 2093 2094 2095 2096 2097 2098 2099 2100 2101 2102 2103 2104 2105 2106 2107 2108 2109 2110 2111 2112 2110 2113 2109 2114 2115 2114 2109 2111 2116 2117 2115 2115 2114 2116 2118 2117 2119 2116 2119 2117 2118 2120 2121 2120 2118 2119 2122 2123 2121 2121 2120 2122 2124 2123 2125 2122 2125 2123 2124 2126 2127 2126 2124 2125 2128 2060 2127 2127 2126 2128 2112 2113 2105 2128 2058 2060 2110 2112 2111 2106 2104 2103 2103 2105 2113 2098 2108 2107 2108 2104 2106 2097 2099 2102 2098 2107 2099 2101 2100 2091 2097 2102 2101 2092 2095 2093 2100 2092 2091 2096 2087 2094 2095 2094 2093 2088 2086 2085 2085 2087 2096 2080 2090 2089 2090 2086 2088 2079 2081 2084 2080 2089 2081 2083 2082 2073 2079 2084 2083 2074 2077 2075 2082 2074 2073 2078 2069 2076 2077 2076 2075 2070 2068 2067 2067 2069 2078 2062 2072 2071 2072 2068 2070 2061 2063 2064 2062 2071 2063 2066 2065 2057 2061 2064 2066 2055 2059 2056 2065 2055 2057 2058 2056 2059 2129 2130 2131 2131 2132 2129 2133 2134 2135 2136 2137 2138 2139 2140 2141 2142 2143 2144 2145 2146 2147 2148 2149 2143 2144 2143 2149 2150 2148 2151 2148 2150 2149 2142 2144 2147 2136 2146 2145 2146 2142 2147 2138 2137 2139 2136 2145 2137 2141 2140 2152 2138 2139 2141 2135 2152 2133 2140 2133 2152 2153 2154 2155 2154 2156 2155 2157 2158 2153 2157 2153 2155 2159 2153 2158 2159 2160 2153 2161 2159 2162 2163 2159 2161 2164 2165 2166 2162 2165 2161 2167 2164 2168 2165 2164 2161 2156 2154 2169 2169 2170 2156 2171 2169 2172 2169 2171 2170 2171 2173 2174 2175 2171 2174 2176 2177 2174 2174 2177 2178 2179 2180 2177 2179 2181 2182 2177 2183 2179 2179 2183 2181 2181 2184 2182 2177 2185 2183 2180 2179 2182 2176 2185 2177 2178 2177 2180 2173 2176 2174 2175 2174 2178 2172 2173 2171 2170 2171 2175 2172 2169 2186 2154 2186 2169 2186 2154 2187 2154 2153 2187 2187 2153 2160 2160 2159 2188 2163 2188 2159 2162 2159 2158 2163 2161 2167 2164 2167 2161 2189 2190 2191 2189 2192 2193 2192 2189 2191 2194 2195 2193 2193 2192 2194 2196 2195 2197 2194 2197 2195 2196 2198 2199 2198 2196 2197 2190 2200 2191 2201 2200 2202 2190 2202 2200 2201 2203 2204 2203 2201 2202 2205 2206 2204 2204 2203 2205 2205 2207 2206 2208 2209 2210 2211 2212 2213 2214 2215 2216 2217 2208 2210 2218 2210 2209 2209 2219 2220 2218 2209 2220 2221 2219 2211 2209 2211 2219 2213 2222 2211 2211 2222 2221 2212 2211 2214 2212 2214 2216 2223 2224 2225 2223 2226 2224 2227 2228 2225 2225 2224 2227 2229 2228 2230 2227 2230 2228 2231 2229 2230 2232 2233 2234 2226 2215 2224 2235 2236 2215 2235 2215 2226 2236 2216 2215 2237 2238 2239 2240 2214 2238 2241 2242 2243 2239 2242 2244 2245 2246 2247 2248 2245 2249 2250 2251 2252 2253 2254 2246 2255 2256 2252 2257 2252 2256 2258 2259 2255 2255 2259 2256 2250 2252 2257 2255 2260 2258 2259 2261 2256 2260 2262 2263 2264 2265 2266 2267 2268 2269 2264 2266 2270 2271 2270 2272 2273 2264 2271 2264 2270 2271 2274 2273 2275 2273 2274 2264 2276 2274 2277 2274 2275 2277 2278 2276 2279 2276 2278 2274 2280 2281 2278 2278 2279 2280 2282 2281 2283 2280 2283 2281 2282 2284 2285 2284 2282 2283 2270 2286 2287 2288 2272 2270 2266 2265 2289 2266 2289 2267 2288 2270 2290 2270 2287 2290 2289 2268 2267 2269 2291 2267 2291 2292 2293 2292 2291 2269 2291 2293 2294 2295 2287 2286 2296 2294 2293 2297 2298 2286 2286 2298 2295 2297 2299 2300 2299 2297 2286 2294 2296 2301 2301 2233 2232 2232 2294 2301 2232 2234 2302 2261 2302 2303 2234 2303 2302 2304 2305 2261 2304 2261 2303 2305 2256 2261 2306 2307 2262 2263 2258 2260 2308 2306 2309 2306 2308 2307 2263 2262 2307 2252 2251 2253 2254 2310 2246 2251 2254 2253 2249 2245 2247 2247 2246 2310 2243 2245 2248 2243 2242 2239 2243 2248 2241 2244 2237 2239 2237 2240 2238 2214 2211 2238 2311 2312 2313 2314 2312 2315 2311 2316 2312 2314 2315 2317 2312 2318 2315 2319 2320 2321 2322 2318 2312 2323 2324 2325 2321 2315 2319 2317 2321 2326 2327 2328 2311 2327 2329 2330 2311 2331 2327 2329 2332 2333 2327 2332 2329 2334 2329 2333 2334 2335 2336 2334 2337 2338 2339 2335 2338 2325 2340 2323 2339 2325 2341 2342 2343 2344 2323 2343 2342 2345 2325 2338 2321 2317 2315 2319 2315 2318 2316 2322 2312 2313 2312 2314 2328 2316 2311 2331 2311 2313 2330 2328 2327 2332 2327 2331 2330 2329 2336 2334 2336 2329 2338 2335 2334 2337 2334 2333 2325 2339 2338 2345 2338 2337 2324 2341 2325 2340 2325 2345 2342 2324 2323 2343 2323 2340 2346 2347 2348 2346 2349 2350 2349 2346 2348 2351 2352 2353 2354 2355 2349 2350 2349 2355 2356 2354 2357 2354 2356 2355 2358 2359 2357 2358 2357 2354 2360 2361 2362 2362 2359 2363 2362 2357 2359 2348 2347 2353 2364 2365 2366 2364 2366 2353 2367 2368 2365 2368 2366 2365 2369 2370 2367 2368 2367 2370 2371 2370 2369 2372 2370 2371 2371 2373 2374 2356 2357 2361 2362 2361 2357 2358 2354 2375 2354 2349 2375 2375 2349 2376 2349 2348 2376 2376 2348 2352 2348 2353 2352 2366 2351 2353 2364 2353 2347 2351 2366 2377 2368 2377 2366 2377 2368 2378 2368 2370 2378 2378 2370 2372 2372 2371 2379 2371 2374 2379 2380 2381 2382 2381 2383 2384 2382 2381 2384 2385 2383 2386 2381 2386 2383 2387 2385 2386 2380 2382 2388 2389 2388 2390 2389 2380 2388 2391 2392 2390 2390 2388 2391 2391 2393 2392 2394 2395 2396 2397 2398 2399 2400 2395 2401 2394 2401 2395 2402 2400 2401 2403 2394 2396 2404 2398 2403 2403 2396 2404 2404 2399 2398 2405 2406 2407 2408 2409 2410 2411 2412 2413 2414 2415 2416 2417 2418 2419 2418 2417 2420 2421 2422 2419 2419 2418 2421 2423 2422 2424 2421 2424 2422 2425 2423 2424 2420 2417 2413 2411 2426 2412 2413 2412 2420 2426 2416 2415 2416 2426 2411 2405 2415 2414 2407 2406 2408 2405 2414 2406 2410 2409 2427 2407 2408 2410 2399 2427 2397 2409 2397 2427 2428 2429 2430 2431 2432 2433 2434 2431 2435 2436 2437 2438 2439 2440 2441 2434 2432 2431 2442 2439 2443 2440 2439 2432 2435 2431 2444 2435 2444 2445 2446 2447 2444 2445 2444 2447 2448 2446 2428 2448 2447 2446 2449 2430 2429 2428 2446 2450 2451 2436 2452 2453 2454 2437 2437 2454 2455 2449 2451 2452 2452 2436 2438 2451 2449 2429 2456 2453 2437 2456 2437 2436 2456 2436 2457 2436 2451 2457 2457 2451 2458 2451 2429 2458 2458 2429 2459 2429 2428 2459 2450 2459 2428 2448 2428 2430 2450 2446 2460 2446 2444 2460 2460 2444 2461 2444 2431 2461 2461 2431 2433 2433 2432 2442 2439 2442 2432 2440 2432 2434 2462 2463 2464 2465 2466 2467 2468 2469 2465 2468 2465 2470 2471 2466 2465 2464 2466 2462 2472 2466 2464 2470 2473 2468 2474 2469 2468 2468 2473 2475 2475 2473 2476 2474 2475 2477 2464 2463 2478 2479 2478 2480 2463 2480 2478 2481 2482 2483 2483 2479 2480 2484 2482 2485 2482 2479 2483 2485 2486 2487 2481 2485 2482 2488 2485 2487 2489 2487 2490 2470 2465 2491 2475 2474 2468 2467 2491 2465 2471 2465 2469 2472 2467 2466 2462 2466 2471 2472 2464 2492 2464 2478 2492 2492 2478 2493 2478 2479 2493 2493 2479 2494 2482 2484 2494 2494 2479 2482 2485 2495 2484 2488 2495 2485 2486 2485 2481 2489 2488 2487 2496 2497 2498 2499 2497 2500 2496 2500 2497 2499 2501 2502 2501 2499 2500 2503 2504 2502 2502 2501 2503 2505 2504 2506 2503 2506 2504 2505 2507 2508 2507 2505 2506 2509 2510 2508 2508 2507 2509 2511 2510 2512 2509 2512 2510 2513 2511 2512 2514 2496 2498 2515 2516 2514 2514 2498 2515 2517 2516 2518 2515 2518 2516 2517 2519 2520 2519 2517 2518 2521 2522 2520 2520 2519 2521 2523 2522 2524 2521 2524 2522 2523 2525 2526 2525 2523 2524 2527 2528 2526 2526 2525 2527 2527 2529 2528 2530 2531 2532 2533 2534 2535 2536 2537 2535 2538 2539 2540 2533 2540 2539 2541 2538 2540 2533 2539 2534 2535 2534 2542 2537 2536 2543 2542 2536 2535 2532 2543 2530 2536 2530 2543 2544 2545 2546 2547 2548 2549 2550 2551 2552 2553 2544 2546 2554 2555 2556 2552 2551 2557 2558 2555 2559 2560 2559 2561 2562 2563 2564 2565 2563 2562 2562 2560 2565 2559 2560 2566 2556 2555 2558 2555 2567 2559 2557 2554 2556 2568 2569 2550 2551 2554 2557 2550 2546 2568 2549 2544 2553 2550 2570 2546 2571 2572 2548 2544 2549 2548 2560 2573 2565 2574 2560 2562 2561 2573 2560 2566 2560 2574 2567 2561 2559 2558 2559 2566 2567 2555 2575 2555 2554 2575 2575 2554 2576 2554 2551 2576 2576 2551 2569 2551 2550 2569 2546 2577 2568 2570 2550 2552 2545 2577 2546 2553 2546 2570 2545 2544 2572 2548 2572 2544 2578 2579 2580 2578 2581 2579 2582 2583 2584 2585 2586 2587 2585 2582 2586 2582 2584 2586 2588 2589 2590 2588 2591 2589 2592 2593 2594 2592 2595 2593 2596 2597 2598 2597 2596 2599 2600 2601 2602 2601 2600 2603 2604 2605 2606 2607 2605 2608 2605 2604 2608 2606 2609 2604 2610 2611 2612 2611 2610 2613 2614 2615 2616 2614 2617 2615 2618 2619 2620 2618 2620 2621 2622 2623 2624 2622 2624 2625 2626 2627 2628 2629 2630 2631 2626 2628 2632 2633 2634 2635 2631 2630 2636 2631 2636 2637 2634 2638 2629 2629 2631 2634 2633 2639 2634 2638 2634 2639 2640 2641 2633 2633 2641 2639 2642 2643 2633 2633 2643 2640 2644 2645 2633 2633 2645 2642 2628 2646 2633 2633 2646 2644 2646 2628 2627 2647 2648 2649 2647 2650 2648 2648 2651 2652 2652 2649 2648 2648 2653 2654 2651 2648 2654 2648 2655 2656 2653 2648 2656 2657 2648 2658 2655 2648 2657 2659 2660 2658 2658 2648 2659 2660 2659 2661 2661 2659 2662 2647 2663 2650 2664 2665 2666 2664 2667 2665 2668 2669 2670 2670 2671 2668 2672 2673 2674 2672 2675 2673 2676 2677 2678 2676 2678 2679 2680 2681 2682 2680 2683 2681 2684 2685 2686 2687 2688 2689 2690 2691 2692 2693 2694 2695 2696 2697 2698 2699 2700 2701 2698 2702 2703 2703 2696 2698 2704 2705 2702 2703 2702 2705 2696 2699 2697 2704 2706 2705 2699 2701 2697 2691 2700 2692 2701 2700 2691 2690 2693 2695 2692 2693 2690 2694 2684 2686 2694 2686 2695 2684 2688 2707 2684 2707 2685 2688 2687 2707 2708 2709 2710 2711 2712 2713 2714 2715 2716 2717 2718 2719 2720 2721 2722 2723 2724 2725 2726 2727 2728 2727 2726 2722 2729 2730 2728 2728 2727 2729 2720 2722 2726 2731 2730 2729 2723 2721 2720 2724 2715 2725 2723 2725 2721 2717 2714 2716 2716 2715 2724 2710 2719 2718 2719 2714 2717 2709 2708 2712 2710 2718 2708 2712 2711 2709</p>
        </triangles>
      </mesh>
    </geometry>
  </library_geometries>

  <library_visual_scenes>
    <visual_scene id="ID1">
      <node id="ID2">
        <instance_geometry url="#ID3">
          <bind_material>
            <technique_common>
              <instance_material symbol="ID9" target="#ID9"/>
            </technique_common>
          </bind_material>
        </instance_geometry>
      </node>
    </visual_scene>
  </library_visual_scenes>

  <scene>
    <instance_visual_scene url="#ID1"/>
  </scene>

  <library_nodes/>

</COLLADA>
