<?xml version="1.0" encoding="UTF-8" standalone="no" ?>
<COLLADA version="1.4.1" xmlns="http://www.collada.org/2005/11/COLLADASchema">

  <asset>
    <contributor>
      <authoring_tool>ONSHAPE BY PTC INC, 1.192</authoring_tool>
    </contributor>
    <created>2025-01-20T10:26:21</created>
    <modified>2025-01-20T10:26:21</modified>
    <unit meter="1" name="meters"/>
    <up_axis>Z_UP</up_axis>
  </asset>

  <library_materials>
    <material id="ID9" name="ID9">
      <instance_effect url="#ID9-fx"/>
    </material>
  </library_materials>

  <library_effects>
    <effect id="ID9-fx" name="ID9">
      <profile_COMMON>
        <technique sid="COMMON">
          <lambert>
            <diffuse>
              <color sid="diffuse">0.4 0.384314 0.34902 1</color>
            </diffuse>
            <transparent opaque="A_ONE">
              <color sid="transparent">1 1 1 1</color>
            </transparent>
            <transparency>
              <float sid="transparency">1</float>
            </transparency>
          </lambert>
        </technique>
        <extra>
          <technique profile="OTHER">
            <double_sided>1</double_sided>
          </technique>
        </extra>
      </profile_COMMON>
    </effect>
  </library_effects>

  <library_geometries>
    <geometry id="ID3">
      <mesh>
        <source id="ID4">
          <float_array count="6360" id="ID5">0.0208 0.024 0.00325 0.0225 0.024 -0.00325 0.0208 0.024 -0.00325 0.0225 0.024 0.00325 0.0183 0.00600342 8.25793e-05 0.02 0.0060009 -4.24412e-05 0.0183 0.00600342 -8.25793e-05 0.02 0.00708481 0.000996397 0.02 0.00691519 0.000996397 0.0183 0.007 0.001 0.02 0.00602244 -0.000210679 0.0183 0.0060306 -0.000245485 0.0183 0.00608423 -0.000401695 0.02 0.00607211 -0.000372856 0.02 0.00614847 -0.000524307 0.0183 0.00616283 -0.000546948 0.02 0.00624933 -0.000660675 0.0183 0.00626428 -0.000677282 0.0183 0.00638579 -0.000789141 0.02 0.00637178 -0.000778036 0.02 0.00651231 -0.000873014 0.0183 0.00652405 -0.000879474 0.02 0.00666686 -0.000942877 0.0183 0.0066753 -0.000945817 0.0183 0.00683541 -0.000986361 0.02 0.006831 -0.000985616 0.02 0.007 -0.001 0.0183 0.007 -0.001 0.02 0.0060081 0.000127018 0.0183 0.0060306 0.000245485 0.02 0.00604383 0.000292823 0.0183 0.00608423 0.000401695 0.02 0.00610707 0.000450204 0.02 0.006196 0.000594633 0.0183 0.00616283 0.000546948 0.0183 0.00626428 0.000677282 0.02 0.00630806 0.000721956 0.0183 0.00638579 0.000789141 0.02 0.00644003 0.00082851 0.02 0.0065881 0.000911228 0.0183 0.00652405 0.000879474 0.0183 0.0066753 0.000945817 0.02 0.00674802 0.000967733 0.0183 0.00683541 0.000986361 0.02 0.00755997 0.00082851 0.02 0.0074119 0.000911228 0.0183 0.00747595 0.000879474 0.02 0.00725198 0.000967733 0.0183 0.00716459 0.000986361 0.0183 0.0073247 0.000945817 0.0183 0.00783717 0.000546948 0.02 0.00789293 0.000450204 0.02 0.007804 0.000594633 0.0183 0.00761421 0.000789141 0.0183 0.00773572 0.000677282 0.02 0.00769194 0.000721956 0.02 0.0079919 0.000127018 0.0183 0.00799658 8.25793e-05 0.02 0.0079991 -4.24412e-05 0.02 0.00795617 0.000292823 0.0183 0.00791577 0.000401695 0.0183 0.0079694 0.000245485 0.02 0.00785153 -0.000524307 0.02 0.00792789 -0.000372856 0.0183 0.00791577 -0.000401695 0.0183 0.0079694 -0.000245485 0.02 0.00797756 -0.000210679 0.0183 0.00799658 -8.25793e-05 0.0183 0.00761421 -0.000789141 0.02 0.00762822 -0.000778036 0.0183 0.00773572 -0.000677282 0.0183 0.00783717 -0.000546948 0.02 0.00775067 -0.000660675 0.02 0.00748769 -0.000873014 0.0183 0.00747595 -0.000879474 0.0183 0.0073247 -0.000945817 0.02 0.00733314 -0.000942877 0.0183 0.00716459 -0.000986361 0.02 0.007169 -0.000985616 0.0183 -0.000996584 -0.00708258 0.02 -0.000996584 -0.00691742 0.02 -0.000996584 -0.00708258 0.02 0.000164595 -0.00601364 0.02 1.35145e-17 -0.006 0.0183 1.34284e-17 -0.006 0.02 -0.0009694 -0.00724549 0.0183 -0.0009694 -0.00724549 0.02 -0.000915773 -0.0074017 0.0183 -0.000915773 -0.0074017 0.0183 -0.000837167 -0.00754695 0.02 -0.000837167 -0.00754695 0.02 -0.000735724 -0.00767728 0.0183 -0.000735724 -0.00767728 0.02 -0.000614213 -0.00778914 0.0183 -0.000614213 -0.00778914 0.0183 -0.000475947 -0.00787947 0.02 -0.000475947 -0.00787947 0.02 -0.000324699 -0.00794582 0.0183 -0.000324699 -0.00794582 0.02 -0.000164595 -0.00798636 0.0183 -0.000164595 -0.00798636 0.0183 1.27851e-17 -0.008 0.02 1.33153e-17 -0.008 0.0183 -0.000996584 -0.00691742 0.02 -0.0009694 -0.00675451 0.0183 -0.0009694 -0.00675451 0.0183 -0.000915773 -0.0065983 0.02 -0.000915773 -0.0065983 0.0183 -0.000837167 -0.00645305 0.02 -0.000837167 -0.00645305 0.02 -0.000735724 -0.00632272 0.0183 -0.000735724 -0.00632272 0.0183 -0.000614213 -0.00621086 0.02 -0.000614213 -0.00621086 0.0183 -0.000475947 -0.00612053 0.02 -0.000475947 -0.00612053 0.02 -0.000324699 -0.00605418 0.0183 -0.000324699 -0.00605418 0.0183 -0.000164595 -0.00601364 0.02 -0.000164595 -0.00601364 0.02 0.000614213 -0.00621086 0.02 0.000475947 -0.00612053 0.0183 0.000475947 -0.00612053 0.02 0.000324699 -0.00605418 0.0183 0.000164595 -0.00601364 0.0183 0.000324699 -0.00605418 0.0183 0.000837167 -0.00645305 0.02 0.000915773 -0.0065983 0.02 0.000837167 -0.00645305 0.0183 0.000614213 -0.00621086 0.0183 0.000735724 -0.00632272 0.02 0.000735724 -0.00632272 0.02 0.000996584 -0.00691742 0.0183 0.000996584 -0.00691742 0.02 0.000996584 -0.00708258 0.02 0.0009694 -0.00675451 0.0183 0.000915773 -0.0065983 0.0183 0.0009694 -0.00675451 0.02 0.000837167 -0.00754695 0.02 0.000915773 -0.0074017 0.0183 0.000915773 -0.0074017 0.0183 0.0009694 -0.00724549 0.02 0.0009694 -0.00724549 0.0183 0.000996584 -0.00708258 0.0183 0.000614213 -0.00778914 0.02 0.000614213 -0.00778914 0.0183 0.000735724 -0.00767728 0.0183 0.000837167 -0.00754695 0.02 0.000735724 -0.00767728 0.02 0.000475947 -0.00787947 0.0183 0.000475947 -0.00787947 0.0183 0.000324699 -0.00794582 0.02 0.000324699 -0.00794582 0.0183 0.000164595 -0.00798636 0.02 0.000164595 -0.00798636 0.0183 -0.000996584 0.00708258 0.02 -0.000999099 0.00695756 0.0183 -0.000996584 0.00691742 0.02 8.48059e-05 0.0079964 0.02 -8.48059e-05 0.0079964 0.0183 1.34284e-17 0.008 0.02 -0.000977555 0.00678932 0.0183 -0.0009694 0.00675451 0.0183 -0.000915773 0.0065983 0.02 -0.000927889 0.00662714 0.02 -0.000851529 0.00647569 0.0183 -0.000837167 0.00645305 0.02 -0.000750672 0.00633933 0.0183 -0.000735724 0.00632272 0.0183 -0.000614213 0.00621086 0.02 -0.00062822 0.00622196 0.02 -0.000487695 0.00612699 0.0183 -0.000475947 0.00612053 0.02 -0.00033314 0.00605712 0.0183 -0.000324699 0.00605418 0.0183 -0.000164595 0.00601364 0.02 -0.000169001 0.00601438 0.02 1.37594e-17 0.006 0.0183 1.27851e-17 0.006 0.02 -0.0009919 0.00712702 0.0183 -0.0009694 0.00724549 0.02 -0.000956167 0.00729282 0.0183 -0.000915773 0.0074017 0.02 -0.000892926 0.0074502 0.02 -0.000803997 0.00759463 0.0183 -0.000837167 0.00754695 0.0183 -0.000735724 0.00767728 0.02 -0.000691939 0.00772196 0.0183 -0.000614213 0.00778914 0.02 -0.000559975 0.00782851 0.02 -0.000411901 0.00791123 0.0183 -0.000475947 0.00787947 0.0183 -0.000324699 0.00794582 0.02 -0.000251978 0.00796773 0.0183 -0.000164595 0.00798636 0.02 0.000559975 0.00782851 0.02 0.000411901 0.00791123 0.0183 0.000475947 0.00787947 0.02 0.000251978 0.00796773 0.0183 0.000164595 0.00798636 0.0183 0.000324699 0.00794582 0.0183 0.000837167 0.00754695 0.02 0.000892926 0.0074502 0.02 0.000803997 0.00759463 0.0183 0.000614213 0.00778914 0.0183 0.000735724 0.00767728 0.02 0.000691939 0.00772196 0.02 0.0009919 0.00712702 0.0183 0.000996584 0.00708258 0.02 0.000999099 0.00695756 0.02 0.000956167 0.00729282 0.0183 0.000915773 0.0074017 0.0183 0.0009694 0.00724549 0.02 0.000851529 0.00647569 0.02 0.000927889 0.00662714 0.0183 0.000915773 0.0065983 0.0183 0.0009694 0.00675451 0.02 0.000977555 0.00678932 0.0183 0.000996584 0.00691742 0.0183 0.000614213 0.00621086 0.02 0.00062822 0.00622196 0.0183 0.000735724 0.00632272 0.0183 0.000837167 0.00645305 0.02 0.000750672 0.00633933 0.02 0.000487695 0.00612699 0.0183 0.000475947 0.00612053 0.0183 0.000324699 0.00605418 0.02 0.00033314 0.00605712 0.0183 0.000164595 0.00601364 0.02 0.000169001 0.00601438 0.02 0.000837167 -0.00754695 0.02 0.00164579 -0.00813637 0.02 0.00177076 -0.00792967 0.02 -0.00113626 -0.00864585 0.02 -0.000614213 -0.00778914 0.02 -0.0013265 -0.00849678 0.02 -0.000915773 -0.0074017 0.02 -0.0018702 -0.0077087 0.02 -0.00177098 -0.00792931 0.02 -0.0009694 -0.00724549 0.02 -0.00194198 -0.00747804 0.02 0.000324699 -0.00794582 0.02 0.000478411 -0.00894191 0.02 0.000708616 -0.0088702 0.02 -0.00164619 -0.00813573 0.02 -0.000837167 -0.00754695 0.02 -0.000929961 -0.00877059 0.02 -0.000709683 -0.00886983 0.02 -0.000475947 -0.00787947 0.02 1.33153e-17 -0.008 0.02 -6.09928e-07 -0.00899996 0.02 0.000240745 -0.00898545 0.02 -0.000164595 -0.00798636 0.02 -0.000478752 -0.00894185 0.02 -0.000241548 -0.00898531 0.02 -0.000324699 -0.00794582 0.02 0.000164595 -0.00798636 0.02 -0.000735724 -0.00767728 0.02 -0.0014974 -0.00832576 0.02 0.00113605 -0.00864602 0.02 0.000475947 -0.00787947 0.02 0.000928997 -0.00877112 0.02 0.000735724 -0.00767728 0.02 0.00132583 -0.00849732 0.02 0.0014966 -0.00832667 0.02 0.000614213 -0.00778914 0.02 -0.000996584 -0.00708258 0.02 -0.00198542 -0.00724096 0.02 0.000915773 -0.0074017 0.02 0.00186977 -0.00770977 0.02 -0.00199999 -0.00699962 0.02 0.0009694 -0.00724549 0.02 -0.000996584 -0.00691742 0.02 -0.0009694 -0.00675451 0.02 -0.0019853 -0.00675831 0.02 -0.000915773 -0.0065983 0.02 -0.000837167 -0.00645305 0.02 -0.00177063 -0.00607008 0.02 -0.00186996 -0.00629062 0.02 0.000996584 -0.00708258 0.02 0.00198541 -0.00724114 0.02 0.00199995 -0.00700053 0.02 0.00194175 -0.00747909 0.02 0.00198545 -0.00675952 0.02 0.000996584 -0.00691742 0.02 -0.00164559 -0.00586342 0.02 -0.000735724 -0.00632272 0.02 0.0009694 -0.00675451 0.02 0.00194194 -0.00652164 0.02 0.00187011 -0.00629109 0.02 -0.000324699 -0.00605418 0.02 -0.000709007 -0.00512989 0.02 -0.000475947 -0.00612053 0.02 -0.000478075 -0.00505801 0.02 -0.000164595 -0.00601364 0.02 0.00177116 -0.00607113 0.02 0.000915773 -0.0065983 0.02 -0.000241499 -0.00501465 0.02 1.35145e-17 -0.006 0.02 1.4517e-17 -0.005 0.02 0.000837167 -0.00645305 0.02 0.00164621 -0.00586425 0.02 0.000735724 -0.00632272 0.02 0.000324699 -0.00605418 0.02 0.000475947 -0.00612053 0.02 0.000709525 -0.00513013 0.02 0.000614213 -0.00621086 0.02 0.00113659 -0.00535439 0.02 0.000929661 -0.00522921 0.02 0.000479228 -0.00505831 0.02 0.000164595 -0.00601364 0.02 0.00132662 -0.00550338 0.02 0.00149704 -0.00567378 0.02 0.000241499 -0.00501465 0.02 -0.00113559 -0.00535371 0.02 -0.000614213 -0.00621086 0.02 -0.00132593 -0.00550272 0.02 -0.00194174 -0.00652097 0.02 -0.00149698 -0.00567371 0.02 -0.000929082 -0.00522894 0.02 0.000750672 0.00633933 0.02 0.0014966 0.00567333 0.02 0.00164579 0.00586363 0.02 -0.00113626 0.00535415 0.02 -0.00062822 0.00622196 0.02 -0.0013265 0.00550322 0.02 -0.000927889 0.00662714 0.02 -0.0018702 0.0062913 0.02 -0.00177098 0.00607069 0.02 -0.00194198 0.00652196 0.02 -0.000977555 0.00678932 0.02 -0.000241548 0.00501469 0.02 1.37594e-17 0.006 0.02 -0.000169001 0.00601438 0.02 -0.00164619 0.00586427 0.02 -0.000851529 0.00647569 0.02 -0.000929961 0.00522942 0.02 -0.000487695 0.00612699 0.02 -0.00033314 0.00605712 0.02 -0.000478752 0.00505815 0.02 -0.000709683 0.00513017 0.02 -0.000750672 0.00633933 0.02 -0.0014974 0.00567424 0.02 0.000240745 0.00501455 0.02 -6.09928e-07 0.00500004 0.02 0.000708616 0.0051298 0.02 0.000928997 0.00522888 0.02 0.00033314 0.00605712 0.02 0.000169001 0.00601438 0.02 0.000478411 0.00505809 0.02 0.00062822 0.00622196 0.02 0.00132583 0.00550268 0.02 -0.00198542 0.00675904 0.02 0.000927889 0.00662714 0.02 0.000851529 0.00647569 0.02 0.00177076 0.00607033 0.02 -0.00199999 0.00700038 0.02 -0.0009919 0.00712702 0.02 -0.0019853 0.00724169 0.02 0.00186977 0.00629023 0.02 0.000977555 0.00678932 0.02 -0.000956167 0.00729282 0.02 -0.00194174 0.00747903 0.02 -0.00177063 0.00792992 0.02 -0.00186996 0.00770938 0.02 -0.000892926 0.0074502 0.02 0.0009919 0.00712702 0.02 0.000999099 0.00695756 0.02 0.00199995 0.00699947 0.02 0.00198541 0.00675886 0.02 0.00198545 0.00724048 0.02 0.00194194 0.00747836 0.02 -0.000803997 0.00759463 0.02 -0.00164559 0.00813658 0.02 -0.00149698 0.00832629 0.02 0.00187011 0.00770891 0.02 0.000956167 0.00729282 0.02 -0.000691939 0.00772196 0.02 -0.00132593 0.00849728 0.02 -0.000559975 0.00782851 0.02 -0.00113559 0.00864629 0.02 0.000892926 0.0074502 0.02 -0.000411901 0.00791123 0.02 -0.000929082 0.00877106 0.02 0.00164621 0.00813575 0.02 0.00177116 0.00792887 0.02 0.000691939 0.00772196 0.02 0.00132662 0.00849662 0.02 0.000559975 0.00782851 0.02 0.00149704 0.00832622 0.02 0.000803997 0.00759463 0.02 0.000251978 0.00796773 0.02 0.000479228 0.00894169 0.02 0.000241499 0.00898535 0.02 0.00113659 0.00864561 0.02 0.000929661 0.00877079 0.02 0.000709525 0.00886987 0.02 0.000411901 0.00791123 0.02 1.54361e-17 0.009 0.02 8.48059e-05 0.0079964 0.02 -0.000241499 0.00898535 0.02 -8.48059e-05 0.0079964 0.02 -0.000251978 0.00796773 0.02 -0.000709007 0.00887011 0.02 -0.000478075 0.00894199 0.02 -0.000999099 0.00695756 0.02 0.000487695 0.00612699 0.02 0.00113605 0.00535398 0.02 0.00194175 0.00652091 0.02 0.00775067 -0.000660675 0.02 0.0084966 -0.00132667 0.02 0.00864579 -0.00113637 0.02 0.00586374 -0.00164585 0.02 0.00637178 -0.000778036 0.02 0.0056735 -0.00149678 0.02 0.00607211 -0.000372856 0.02 0.0051298 -0.000708702 0.02 0.00522902 -0.000929308 0.02 0.00505802 -0.000478039 0.02 0.00602244 -0.000210679 0.02 0.00675845 -0.00198531 0.02 0.007 -0.001 0.02 0.006831 -0.000985616 0.02 0.00535381 -0.00113573 0.02 0.00614847 -0.000524307 0.02 0.00607004 -0.00177058 0.02 0.00651231 -0.000873014 0.02 0.00666686 -0.000942877 0.02 0.00652125 -0.00194185 0.02 0.00629032 -0.00186983 0.02 0.00624933 -0.000660675 0.02 0.0055026 -0.00132576 0.02 0.00724075 -0.00198545 0.02 0.00699939 -0.00199996 0.02 0.00770862 -0.0018702 0.02 0.007929 -0.00177112 0.02 0.00733314 -0.000942877 0.02 0.007169 -0.000985616 0.02 0.00747841 -0.00194191 0.02 0.00762822 -0.000778036 0.02 0.00832583 -0.00149732 0.02 0.00501458 -0.000240955 0.02 0.00792789 -0.000372856 0.02 0.00785153 -0.000524307 0.02 0.00877076 -0.000929669 0.02 0.00500001 3.81824e-07 0.02 0.0060081 0.000127018 0.02 0.0050147 0.000241685 0.02 0.00886977 -0.000709773 0.02 0.00797756 -0.000210679 0.02 0.00604383 0.000292823 0.02 0.00505826 0.000479032 0.02 0.00522937 0.00092992 0.02 0.00513004 0.000709382 0.02 0.00610707 0.000450204 0.02 0.0079919 0.000127018 0.02 0.0079991 -4.24412e-05 0.02 0.00899995 -5.32243e-07 0.02 0.00898541 -0.000241135 0.02 0.00898545 0.000240483 0.02 0.00894194 0.000478364 0.02 0.006196 0.000594633 0.02 0.00535441 0.00113658 0.02 0.00550302 0.00132629 0.02 0.00887011 0.000708906 0.02 0.00795617 0.000292823 0.02 0.00630806 0.000721956 0.02 0.00567407 0.00149728 0.02 0.00644003 0.00082851 0.02 0.00586441 0.00164629 0.02 0.00789293 0.000450204 0.02 0.0065881 0.000911228 0.02 0.00607092 0.00177106 0.02 0.00864621 0.00113575 0.02 0.00877116 0.000928871 0.02 0.00769194 0.000721956 0.02 0.00832662 0.00149662 0.02 0.00755997 0.00082851 0.02 0.00849704 0.00132622 0.02 0.007804 0.000594633 0.02 0.00725198 0.000967733 0.02 0.00747923 0.00194169 0.02 0.0072415 0.00198535 0.02 0.00813659 0.00164561 0.02 0.00792966 0.00177079 0.02 0.00770953 0.00186987 0.02 0.0074119 0.000911228 0.02 0.007 0.002 0.02 0.00708481 0.000996397 0.02 0.0067585 0.00198535 0.02 0.00691519 0.000996397 0.02 0.00674802 0.000967733 0.02 0.00629099 0.00187011 0.02 0.00652192 0.00194199 0.02 0.0060009 -4.24412e-05 0.02 0.00748769 -0.000873014 0.02 0.00813605 -0.00164602 0.02 0.00894175 -0.000479088 0.0183 0.00652405 -0.000879474 0.0183 0.0066753 -0.000945817 0.0183 0.00725965 -0.00826408 0.0183 0.0009694 -0.00675451 0.0183 0.000915773 -0.0065983 0.0183 0.00195057 -0.00349217 0.0183 0.00682638 -0.00862557 0.0183 0.00767503 -0.00787961 0.0183 0.00340586 -0.00209763 0.0183 0.00357113 -0.00180176 0.0183 0.0060306 0.000245485 0.0183 0.00399635 0.000168793 0.0183 0.00396767 0.000507321 0.0183 0.00399635 -0.000170452 0.0183 0.00600342 8.25793e-05 0.0183 0.0060306 -0.000245485 0.0183 0.00608423 -0.000401695 0.0183 0.00391007 -0.00084332 0.0183 0.00807254 -0.00747218 0.0183 0.00683541 -0.000986361 0.0183 0.007 -0.001 0.0183 0.00616283 -0.000546948 0.0183 0.00382427 -0.00117228 0.0183 0.00716459 -0.000986361 0.0183 0.00912567 -0.00614159 0.0183 0.00879614 -0.00660474 0.0183 0.00371134 -0.00149193 0.0183 0.00626428 -0.000677282 0.0183 0.00396738 -0.000509073 0.0183 0.00637123 -0.00896671 0.0183 0.0073247 -0.000945817 0.0183 0.00747595 -0.000879474 0.0183 0.00942949 -0.00566424 0.0183 0.00321525 -0.00237938 0.0183 0.00638579 -0.000789141 0.0183 0.00300242 -0.00264299 0.0183 0.00590114 -0.00928295 0.0183 0.00541721 -0.00957359 0.0183 0.00276687 -0.00288855 0.0183 0.00491583 -0.0098402 0.0183 0.00783717 -0.000546948 0.0183 0.0107057 -0.00252735 0.0183 0.0105607 -0.00307664 0.0183 0.00251263 -0.00311234 0.0183 0.0108211 -0.00197484 0.0183 0.0079694 -0.000245485 0.0183 0.0109083 -0.00141518 0.0183 0.0044021 -0.0100805 0.0183 0.0109672 -0.0008492 0.0183 0.00799658 -8.25793e-05 0.0183 0.00387891 -0.0102934 0.0183 0.000996584 -0.00691742 0.0183 0.00638579 0.000789141 0.0183 0.00357206 0.00180002 0.0183 0.00652405 0.000879474 0.0183 0.00334354 -0.0104793 0.0183 0.000996584 -0.00708258 0.0183 0.0107061 0.00252518 0.0183 0.0108221 0.00196892 0.0183 0.00791577 0.000401695 0.0183 0.000915773 -0.0074017 0.0183 0.00279826 -0.0106379 0.0183 0.00224819 -0.0107677 0.0183 0.00113368 -0.0109413 0.0183 0.000735724 -0.00767728 0.0183 0.00169333 -0.0108689 0.0183 0.000837167 -0.00754695 0.0183 0.000569235 -0.010985 0.0183 0.000475947 -0.00787947 0.0183 0.000164595 -0.00798636 0.0183 1.31081e-17 -0.011 0.0183 -0.000164595 -0.00798636 0.0183 -0.000324699 -0.00794582 0.0183 0.00164652 -0.00364532 0.0183 0.000837167 -0.00645305 0.0183 1.26794e-17 -0.004 0.0183 1.34284e-17 -0.006 0.0183 -0.000164595 -0.00601364 0.0183 -0.004 -0.009 0.0183 -0.000915773 -0.0074017 0.0183 -0.00292959 -0.0107708 0.0183 -0.000614213 -0.00621086 0.0183 -0.002 -0.004 0.0183 -0.000324699 -0.00605418 0.0183 -0.00224135 -0.00401462 0.0183 -0.0009694 -0.00675451 0.0183 -0.00292936 -0.00422904 0.0183 -0.00270887 -0.00412985 0.0183 -0.000735724 -0.00632272 0.0183 -0.000837167 -0.00645305 0.0183 -0.004 -0.006 0.0183 -0.00332585 -0.00450268 0.0183 -0.00313586 -0.00435388 0.0183 -0.000735724 -0.00767728 0.0183 -0.000614213 -0.00778914 0.0183 -0.002 -0.011 0.0183 -0.00349673 -0.00467345 0.0183 0.0066753 0.000945817 0.0183 0.00726385 0.00826021 0.0183 0.00767905 0.00787591 0.0183 -0.00364585 -0.00486371 0.0183 0.00683541 0.000986361 0.0183 -0.00377081 -0.00507041 0.0183 -0.00394175 -0.00552092 0.0183 -0.00386983 -0.00529037 0.0183 -0.000475947 -0.00612053 0.0183 -0.00332655 -0.0104967 0.0183 -0.00349732 -0.0103259 0.0183 -0.00364612 -0.0101359 0.0183 -0.00398538 -0.00924135 0.0183 -0.00394197 -0.00947815 0.0183 -0.00377096 -0.00992936 0.0183 -0.00387015 -0.00970887 0.0183 -0.00313629 -0.0106459 0.0183 -0.000996584 -0.00708258 0.0183 -0.000996584 -0.00691742 0.0183 -0.0009694 -0.00724549 0.0183 -0.00247815 -0.00405803 0.0183 0.00321651 0.00237776 0.0183 0.00300307 0.00264216 0.0183 0.00590622 0.00927964 0.0183 -0.00398538 -0.00575865 0.0183 0.00541931 0.00957221 0.0183 0.00251327 0.00311175 0.0183 0.00440777 0.0100781 0.0183 0.00491941 0.00983862 0.0183 -0.00377096 0.00507064 0.0183 -0.00387015 0.00529113 0.0183 -0.004 0.006 0.0183 0.00164854 0.00364443 0.0183 0.00133283 0.00377138 0.0183 0.000837167 0.00645305 0.0183 0.00224071 0.00331343 0.0183 -0.0009694 0.00724549 0.0183 -0.000996584 0.00708258 0.0183 -0.004 0.009 0.0183 0.00276843 0.00288712 0.0183 0.00340644 0.00209655 0.0183 0.00637524 0.00896409 0.0183 0.00682724 0.00862478 0.0183 0.000475947 -0.00612053 0.0183 0.000675923 -0.00394248 0.0183 0.000614213 -0.00621086 0.0183 0.00844836 0.00704412 0.0183 0.00807283 0.00747191 0.0183 -0.000475947 -0.00787947 0.0183 -0.000837167 -0.00754695 0.0183 0.007 0.001 0.0183 0.00879977 0.00660008 0.0183 0.000614213 -0.00778914 0.0183 0.0022389 -0.00331461 0.0183 0.0009694 0.00724549 0.0183 0.00334627 0.0104786 0.0183 0.000996584 0.00708258 0.0183 0.00761421 0.000789141 0.0183 0.00971072 0.00516702 0.0183 0.00996321 0.00466197 0.0183 0.0103902 0.00361093 0.0183 0.00773572 0.000677282 0.0183 0.0101901 0.00414201 0.0183 0.000735724 0.00632272 0.0183 0.00100895 0.0038706 0.0183 0.0105621 0.00307271 0.0183 0.00783717 0.000546948 0.0183 0.00382488 0.0011705 0.0183 0.00626428 0.000677282 0.0183 0.00616283 0.000546948 0.0183 0.010189 -0.00414522 0.0183 0.00761421 -0.000789141 0.0183 0.00773572 -0.000677282 0.0183 0.00970779 -0.00517243 0.0183 0.00391033 0.000841814 0.0183 0.00608423 0.000401695 0.0183 0.00844519 -0.00704818 0.0183 0.00996173 -0.00466471 0.0183 0.0103882 -0.00361678 0.0183 0.00791577 -0.000401695 0.0183 0.0109962 0.000280139 0.0183 0.00799658 8.25793e-05 0.0183 0.0109672 0.000848414 0.0183 0.0109091 0.00141026 0.0183 0.0079694 0.000245485 0.0183 0.0073247 0.000945817 0.0183 0.00943158 0.00566038 0.0183 0.00747595 0.000879474 0.0183 0.00716459 0.000986361 0.0183 0.00912682 0.00614012 0.0183 0.0009694 0.00675451 0.0183 0.00195113 0.00349181 0.0183 0.000614213 0.00621086 0.0183 0.000915773 0.0065983 0.0183 0.000676153 0.00394242 0.0183 0.000324699 0.00605418 0.0183 0.000475947 0.00612053 0.0183 0.000996584 0.00691742 0.0183 0.00388226 0.0102919 0.0183 0.000340329 0.00398543 0.0183 0.000164595 0.00601364 0.0183 -0.000164595 0.00601364 0.0183 1.27851e-17 0.006 0.0183 1.21896e-17 0.004 0.0183 0.000915773 0.0074017 0.0183 0.00280419 0.0106364 0.0183 -0.002 0.004 0.0183 -0.000475947 0.00612053 0.0183 -0.00270963 0.00413017 0.0183 -0.0009694 0.00675451 0.0183 -0.00247908 0.00405825 0.0183 -0.000837167 0.00645305 0.0183 -0.000735724 0.00632272 0.0183 -0.00292959 0.00422919 0.0183 -0.000996584 0.00691742 0.0183 -0.000164595 0.00798636 0.0183 1.17609e-17 0.011 0.0183 1.34284e-17 0.008 0.0183 -0.00270887 0.0108701 0.0183 -0.00247815 0.010942 0.0183 -0.000915773 0.0074017 0.0183 -0.00349732 0.00467415 0.0183 -0.00364612 0.00486414 0.0183 -0.00394197 0.00552185 0.0183 -0.00398538 0.00575865 0.0183 -0.00332655 0.00450327 0.0183 -0.00313629 0.00435414 0.0183 -0.00292936 0.010771 0.0183 -0.000614213 0.00621086 0.0183 -0.00394175 0.00947908 0.0183 -0.00398538 0.00924135 0.0183 -0.000475947 0.00787947 0.0183 -0.000324699 0.00794582 0.0183 -0.00386983 0.00970963 0.0183 -0.00377081 0.00992959 0.0183 -0.00364585 0.0101363 0.0183 -0.00349673 0.0103265 0.0183 -0.00332585 0.0104973 0.0183 -0.00313586 0.0106461 0.0183 -0.00224135 0.0109854 0.0183 -0.000614213 0.00778914 0.0183 -0.002 0.011 0.0183 -0.000735724 0.00767728 0.0183 -0.000837167 0.00754695 0.0183 0.00371179 0.00149062 0.0183 0.0109962 -0.000285733 0.0183 0.00600342 -8.25793e-05 0.0183 0.000164595 -0.00601364 0.0183 0.000340329 -0.00398543 0.0183 -0.00270963 -0.0108698 0.0183 -0.000915773 -0.0065983 0.0183 -0.00247908 -0.0109417 0.0183 -0.00224135 -0.0109854 0.0183 1.27851e-17 -0.008 0.0183 0.000324699 -0.00794582 0.0183 0.0009694 -0.00724549 0.0183 0.00133241 -0.00377156 0.0183 0.000735724 -0.00632272 0.0183 0.00100678 -0.00387115 0.0183 0.000324699 -0.00605418 0.0183 0.000569235 0.010985 0.0183 0.000164595 0.00798636 0.0183 0.00169333 0.0108689 0.0183 0.000614213 0.00778914 0.0183 0.00113368 0.0109413 0.0183 -0.00224135 0.00401462 0.0183 -0.000915773 0.0065983 0.0183 -0.000324699 0.00605418 0.0183 0.00225264 0.0107666 0.0183 0.000837167 0.00754695 0.0183 0.000735724 0.00767728 0.0183 0.000475947 0.00787947 0.0183 0.000324699 0.00794582 0.0208 0.0109962 -0.000280139 0.0183 0.0109962 -0.000285733 0.0183 0.0109962 0.000280139 0.0208 0.0109672 -0.000848414 0.0183 0.0109672 -0.0008492 0.0183 0.0109083 -0.00141518 0.0208 0.0109091 -0.00141026 0.0208 0.0108221 -0.00196892 0.0183 0.0108211 -0.00197484 0.0208 0.0107061 -0.00252518 0.0183 0.0107057 -0.00252735 0.0183 0.0105607 -0.00307664 0.0208 0.0105621 -0.00307271 0.0208 0.0103902 -0.00361093 0.0183 0.0103882 -0.00361678 0.0208 0.0101901 -0.00414201 0.0183 0.010189 -0.00414522 0.0183 0.00996173 -0.00466471 0.0208 0.00996321 -0.00466197 0.0208 0.00971072 -0.00516702 0.0183 0.00970779 -0.00517243 0.0208 0.00943158 -0.00566038 0.0183 0.00942949 -0.00566424 0.0183 0.00912567 -0.00614159 0.0208 0.00912682 -0.00614012 0.0208 0.00879977 -0.00660008 0.0183 0.00879614 -0.00660474 0.0208 0.00844836 -0.00704412 0.0183 0.00844519 -0.00704818 0.0183 0.00807254 -0.00747218 0.0208 0.00807283 -0.00747191 0.0208 0.00767905 -0.00787591 0.0183 0.00767503 -0.00787961 0.0208 0.00726385 -0.00826021 0.0183 0.00725965 -0.00826408 0.0183 0.00682638 -0.00862557 0.0208 0.00682724 -0.00862478 0.0208 0.00637524 -0.00896409 0.0183 0.00637123 -0.00896671 0.0208 0.00590622 -0.00927964 0.0183 0.00590114 -0.00928295 0.0183 0.00541721 -0.00957359 0.0208 0.00541931 -0.00957221 0.0208 0.00491941 -0.00983862 0.0183 0.00491583 -0.0098402 0.0208 0.00440777 -0.0100781 0.0183 0.0044021 -0.0100805 0.0183 0.00387891 -0.0102934 0.0208 0.00388226 -0.0102919 0.0208 0.00334627 -0.0104786 0.0183 0.00334354 -0.0104793 0.0208 0.00280419 -0.0106364 0.0183 0.00279826 -0.0106379 0.0183 0.00224819 -0.0107677 0.0208 0.00225264 -0.0107666 0.0208 0.00169333 -0.0108689 0.0183 0.00169333 -0.0108689 0.0208 0.00113368 -0.0109413 0.0183 0.00113368 -0.0109413 0.0183 0.000569235 -0.010985 0.0208 0.000569235 -0.010985 0.0208 8.78704e-18 -0.011 0.0183 1.31081e-17 -0.011 0.0208 0.0109962 0.000285733 0.0183 0.0109672 0.000848414 0.0208 0.0109672 0.0008492 0.0183 0.0109091 0.00141026 0.0208 0.0109083 0.00141518 0.0208 0.0108211 0.00197484 0.0183 0.0108221 0.00196892 0.0183 0.0107061 0.00252518 0.0208 0.0107057 0.00252735 0.0183 0.0105621 0.00307271 0.0208 0.0105607 0.00307664 0.0208 0.0103882 0.00361678 0.0183 0.0103902 0.00361093 0.0183 0.0101901 0.00414201 0.0208 0.010189 0.00414522 0.0183 0.00996321 0.00466197 0.0208 0.00996173 0.00466471 0.0208 0.00970779 0.00517243 0.0183 0.00971072 0.00516702 0.0183 0.00943158 0.00566038 0.0208 0.00942949 0.00566424 0.0183 0.00912682 0.00614012 0.0208 0.00912567 0.00614159 0.0208 0.00879614 0.00660474 0.0183 0.00879977 0.00660008 0.0183 0.00844836 0.00704412 0.0208 0.00844519 0.00704818 0.0183 0.00807283 0.00747191 0.0208 0.00807254 0.00747218 0.0208 0.00767503 0.00787961 0.0183 0.00767905 0.00787591 0.0183 0.00726385 0.00826021 0.0208 0.00725965 0.00826408 0.0183 0.00682724 0.00862478 0.0208 0.00682638 0.00862557 0.0208 0.00637123 0.00896671 0.0183 0.00637524 0.00896409 0.0183 0.00590622 0.00927964 0.0208 0.00590114 0.00928295 0.0183 0.00541931 0.00957221 0.0208 0.00541721 0.00957359 0.0208 0.00491583 0.0098402 0.0183 0.00491941 0.00983862 0.0183 0.00440777 0.0100781 0.0208 0.0044021 0.0100805 0.0183 0.00388226 0.0102919 0.0208 0.00387891 0.0102934 0.0208 0.00334354 0.0104793 0.0183 0.00334627 0.0104786 0.0183 0.00280419 0.0106364 0.0208 0.00279826 0.0106379 0.0183 0.00225264 0.0107666 0.0208 0.00224819 0.0107677 0.0208 0.00169333 0.0108689 0.0183 0.00169333 0.0108689 0.0183 0.00113368 0.0109413 0.0208 0.00113368 0.0109413 0.0183 0.000569235 0.010985 0.0208 0.000569235 0.010985 0.0183 1.17609e-17 0.011 0.0208 1.88087e-17 0.011 0.0208 0.0200732 0.00492678 0.0225 0.0201031 0.00495225 0.0225 0.0200732 0.00492678 0.0225 0.0201365 0.00497275 0.0208 0.0201031 0.00495225 0.0208 0.0201365 0.00497275 0.0225 0.0201727 0.00498776 0.0208 0.0201727 0.00498776 0.0225 0.0202109 0.00499692 0.0225 0.02025 0.005 0.0208 0.0202109 0.00499692 0.0208 0.02025 0.005 0.0208 0.0200477 0.00489695 0.0225 0.0200477 0.00489695 0.0208 0.0200272 0.0048635 0.0208 0.0200122 0.00482725 0.0225 0.0200272 0.0048635 0.0225 0.0200122 0.00482725 0.0208 0.0200031 0.00478911 0.0225 0.0200031 0.00478911 0.0208 0.02 0.00475 0.0225 0.02 0.00475 0.0208 0.02 0.00325 0.0208 0.02 0.00475 0.0225 0.02 0.00475 0.0225 0.02 0.00325 0.0208 0.0200732 0.00307322 0.0225 0.0200477 0.00310305 0.0225 0.0200732 0.00307322 0.0225 0.0200272 0.0031365 0.0208 0.0200477 0.00310305 0.0208 0.0200272 0.0031365 0.0225 0.0200122 0.00317275 0.0208 0.0200122 0.00317275 0.0225 0.0200031 0.00321089 0.0225 0.02 0.00325 0.0208 0.0200031 0.00321089 0.0208 0.02 0.00325 0.0208 0.0201031 0.00304775 0.0225 0.0201031 0.00304775 0.0208 0.0201365 0.00302725 0.0208 0.0201727 0.00301224 0.0225 0.0201365 0.00302725 0.0225 0.0201727 0.00301224 0.0208 0.0202109 0.00300308 0.0225 0.0202109 0.00300308 0.0208 0.02025 0.003 0.0225 0.02025 0.003 0.0208 0.0200732 -0.00307322 0.0225 0.0201031 -0.00304775 0.0225 0.0200732 -0.00307322 0.0225 0.0201365 -0.00302725 0.0208 0.0201031 -0.00304775 0.0208 0.0201365 -0.00302725 0.0225 0.0201727 -0.00301224 0.0208 0.0201727 -0.00301224 0.0225 0.0202109 -0.00300308 0.0225 0.02025 -0.003 0.0208 0.0202109 -0.00300308 0.0208 0.02025 -0.003 0.0208 0.0200477 -0.00310305 0.0225 0.0200477 -0.00310305 0.0208 0.0200272 -0.0031365 0.0208 0.0200122 -0.00317275 0.0225 0.0200272 -0.0031365 0.0225 0.0200122 -0.00317275 0.0208 0.0200031 -0.00321089 0.0225 0.0200031 -0.00321089 0.0208 0.02 -0.00325 0.0225 0.02 -0.00325 0.0225 0.02 -0.00325 0.0208 0.02 -0.00475 0.0208 0.02 -0.00325 0.0225 0.02 -0.00475 0.0208 0.0200732 -0.00492678 0.0225 0.0200477 -0.00489695 0.0225 0.0200732 -0.00492678 0.0225 0.0200272 -0.0048635 0.0208 0.0200477 -0.00489695 0.0208 0.0200272 -0.0048635 0.0225 0.0200122 -0.00482725 0.0208 0.0200122 -0.00482725 0.0225 0.0200031 -0.00478911 0.0225 0.02 -0.00475 0.0208 0.0200031 -0.00478911 0.0208 0.02 -0.00475 0.0208 0.0201031 -0.00495225 0.0225 0.0201031 -0.00495225 0.0208 0.0201365 -0.00497275 0.0208 0.0201727 -0.00498776 0.0225 0.0201365 -0.00497275 0.0225 0.0201727 -0.00498776 0.0208 0.0202109 -0.00499692 0.0225 0.0202109 -0.00499692 0.0208 0.02025 -0.005 0.0225 0.02025 -0.005 0.0225 -0.00247815 -0.010942 0.0183 -0.00247908 -0.0109417 0.0183 -0.00224135 -0.0109854 0.0183 -0.002 -0.011 0.0225 -0.002 -0.011 0.0225 -0.00224135 -0.0109854 0.0183 -0.00292959 -0.0107708 0.0225 -0.00313586 -0.0106461 0.0183 -0.00313629 -0.0106459 0.0225 -0.00292936 -0.010771 0.0183 -0.00270963 -0.0108698 0.0225 -0.00270887 -0.0108701 0.0225 -0.00364585 -0.0101363 0.0183 -0.00364612 -0.0101359 0.0183 -0.00349732 -0.0103259 0.0225 -0.00349673 -0.0103265 0.0183 -0.00332655 -0.0104967 0.0225 -0.00332585 -0.0104973 0.0225 -0.00394175 -0.00947908 0.0183 -0.00387015 -0.00970887 0.0225 -0.00386983 -0.00970963 0.0183 -0.00377096 -0.00992936 0.0225 -0.00377081 -0.00992959 0.0225 -0.00398538 -0.00924135 0.0183 -0.00394197 -0.00947815 0.0183 -0.00398538 -0.00924135 0.0225 -0.004 -0.009 0.0183 -0.004 -0.009 0.0183 -0.004 -0.006 0.0225 -0.004 -0.009 0.0225 -0.004 -0.006 0.0183 -0.004 -0.009 0.0225 -0.00398538 -0.00575865 0.0183 -0.004 -0.006 0.0225 -0.004 -0.006 0.0225 -0.00377096 -0.00507064 0.0183 -0.00386983 -0.00529037 0.0225 -0.00387015 -0.00529113 0.0225 -0.00394197 -0.00552185 0.0183 -0.00394175 -0.00552092 0.0183 -0.00398538 -0.00575865 0.0183 -0.00349673 -0.00467345 0.0225 -0.00349732 -0.00467415 0.0225 -0.00332655 -0.00450327 0.0183 -0.00377081 -0.00507041 0.0225 -0.00364612 -0.00486414 0.0183 -0.00364585 -0.00486371 0.0225 -0.00292959 -0.00422919 0.0225 -0.00270963 -0.00413017 0.0183 -0.00292936 -0.00422904 0.0225 -0.00313629 -0.00435414 0.0183 -0.00313586 -0.00435388 0.0183 -0.00332585 -0.00450268 0.0183 -0.00270887 -0.00412985 0.0225 -0.00247908 -0.00405825 0.0183 -0.00247815 -0.00405803 0.0183 -0.00224135 -0.00401462 0.0225 -0.00224135 -0.00401462 0.0225 -0.002 -0.004 0.0183 -0.002 -0.004 0.0183 1.26794e-17 -0.004 0.0225 -0.002 -0.004 0.0225 1.38778e-17 -0.004 0.0183 -0.002 -0.004 0.0183 0.00399635 0.000168793 0.0225 0.00399635 -0.000170452 0.0225 0.00399635 0.000168793 0.0225 0.00396767 0.000507321 0.0183 0.00396767 0.000507321 0.0225 0.00391033 0.000841814 0.0183 0.00391033 0.000841814 0.0183 0.00382488 0.0011705 0.0225 0.00382488 0.0011705 0.0225 0.00371179 0.00149062 0.0183 0.00371179 0.00149062 0.0225 0.00357206 0.00180002 0.0183 0.00357206 0.00180002 0.0183 0.00340644 0.00209655 0.0225 0.00340644 0.00209655 0.0225 0.00321651 0.00237776 0.0183 0.00321651 0.00237776 0.0225 0.00300307 0.00264216 0.0183 0.00300307 0.00264216 0.0183 0.00276843 0.00288712 0.0225 0.00276843 0.00288712 0.0225 0.00251327 0.00311175 0.0183 0.00251327 0.00311175 0.0225 0.00224071 0.00331343 0.0183 0.00224071 0.00331343 0.0183 0.00195113 0.00349181 0.0225 0.00195113 0.00349181 0.0225 0.00164854 0.00364443 0.0183 0.00164854 0.00364443 0.0225 0.00133283 0.00377138 0.0183 0.00133283 0.00377138 0.0183 0.00100895 0.0038706 0.0225 0.00100895 0.0038706 0.0225 0.000676153 0.00394242 0.0183 0.000676153 0.00394242 0.0225 0.000340329 0.00398543 0.0183 0.000340329 0.00398543 0.0183 1.21896e-17 0.004 0.0225 1.32989e-17 0.004 0.0183 0.00399635 -0.000170452 0.0225 0.00396738 -0.000509073 0.0183 0.00396738 -0.000509073 0.0183 0.00391007 -0.00084332 0.0225 0.00391007 -0.00084332 0.0183 0.00382427 -0.00117228 0.0225 0.00382427 -0.00117228 0.0225 0.00371134 -0.00149193 0.0183 0.00371134 -0.00149193 0.0183 0.00357113 -0.00180176 0.0225 0.00357113 -0.00180176 0.0183 0.00340586 -0.00209763 0.0225 0.00340586 -0.00209763 0.0225 0.00321525 -0.00237938 0.0183 0.00321525 -0.00237938 0.0183 0.00300242 -0.00264299 0.0225 0.00300242 -0.00264299 0.0183 0.00276687 -0.00288855 0.0225 0.00276687 -0.00288855 0.0225 0.00251263 -0.00311234 0.0183 0.00251263 -0.00311234 0.0183 0.0022389 -0.00331461 0.0225 0.0022389 -0.00331461 0.0183 0.00195057 -0.00349217 0.0225 0.00195057 -0.00349217 0.0225 0.00164652 -0.00364532 0.0183 0.00164652 -0.00364532 0.0183 0.00133241 -0.00377156 0.0225 0.00133241 -0.00377156 0.0183 0.00100678 -0.00387115 0.0225 0.00100678 -0.00387115 0.0225 0.000675923 -0.00394248 0.0183 0.000675923 -0.00394248 0.0183 0.000340329 -0.00398543 0.0225 0.000340329 -0.00398543 0.0225 1.38778e-17 -0.004 0.0183 1.26794e-17 -0.004 0.0183 -0.002 0.004 0.0225 1.32989e-17 0.004 0.0225 -0.002 0.004 0.0183 1.21896e-17 0.004 0.0225 -0.002 0.004 0.0225 -0.00224135 0.00401462 0.0183 -0.00224135 0.00401462 0.0183 -0.00270963 0.00413017 0.0183 -0.00247908 0.00405825 0.0225 -0.00247815 0.00405803 0.0183 -0.00332655 0.00450327 0.0183 -0.00313629 0.00435414 0.0225 -0.00313586 0.00435388 0.0183 -0.00292959 0.00422919 0.0225 -0.00270887 0.00412985 0.0225 -0.00292936 0.00422904 0.0183 -0.00364612 0.00486414 0.0225 -0.00364585 0.00486371 0.0183 -0.00377096 0.00507064 0.0225 -0.00332585 0.00450268 0.0225 -0.00349673 0.00467345 0.0183 -0.00349732 0.00467415 0.0183 -0.00387015 0.00529113 0.0225 -0.00386983 0.00529037 0.0183 -0.00394197 0.00552185 0.0225 -0.00377081 0.00507041 0.0183 -0.00398538 0.00575865 0.0225 -0.00394175 0.00552092 0.0225 -0.00398538 0.00575865 0.0183 -0.004 0.006 0.0225 -0.004 0.006 0.0183 -0.002 0.004 0.0183 -0.004 0.009 0.0225 -0.004 0.006 0.0225 -0.004 0.009 0.0183 -0.004 0.006 0.0225 -0.00398538 0.00924135 0.0183 -0.004 0.009 0.0225 -0.004 0.009 0.0225 -0.00377096 0.00992936 0.0183 -0.00386983 0.00970963 0.0225 -0.00387015 0.00970887 0.0225 -0.00394197 0.00947815 0.0183 -0.00394175 0.00947908 0.0183 -0.00398538 0.00924135 0.0183 -0.00349673 0.0103265 0.0225 -0.00349732 0.0103259 0.0225 -0.00332655 0.0104967 0.0183 -0.00377081 0.00992959 0.0225 -0.00364612 0.0101359 0.0183 -0.00364585 0.0101363 0.0225 -0.00292959 0.0107708 0.0225 -0.00270963 0.0108698 0.0183 -0.00292936 0.010771 0.0225 -0.00313629 0.0106459 0.0183 -0.00313586 0.0106461 0.0183 -0.00332585 0.0104973 0.0183 -0.00270887 0.0108701 0.0225 -0.00247908 0.0109417 0.0183 -0.00247815 0.010942 0.0183 -0.00224135 0.0109854 0.0225 -0.00224135 0.0109854 0.0225 -0.002 0.011 0.0183 -0.002 0.011 0.0225 0.000479228 -0.00505831 0.02 0.000479228 -0.00505831 0.02 0.000709525 -0.00513013 0.0225 1.4713e-17 -0.005 0.02 0.000241499 -0.00501465 0.0225 0.000241499 -0.00501465 0.02 0.00113659 -0.00535439 0.02 0.00132662 -0.00550338 0.0225 0.00113659 -0.00535439 0.0225 0.000929661 -0.00522921 0.0225 0.000709525 -0.00513013 0.02 0.000929661 -0.00522921 0.0225 0.00164621 -0.00586425 0.02 0.00164621 -0.00586425 0.02 0.00177116 -0.00607113 0.0225 0.00149704 -0.00567378 0.0225 0.00132662 -0.00550338 0.02 0.00149704 -0.00567378 0.02 0.00198545 -0.00675952 0.0225 0.00194194 -0.00652164 0.02 0.00194194 -0.00652164 0.02 0.00187011 -0.00629109 0.0225 0.00187011 -0.00629109 0.0225 0.00177116 -0.00607113 0.02 0.00198541 -0.00724114 0.02 0.00194175 -0.00747909 0.0225 0.00198541 -0.00724114 0.0225 0.00198545 -0.00675952 0.02 0.00199995 -0.00700053 0.0225 0.00199995 -0.00700053 0.0225 0.00177076 -0.00792967 0.02 0.00177076 -0.00792967 0.02 0.00164579 -0.00813637 0.0225 0.00186977 -0.00770977 0.0225 0.00194175 -0.00747909 0.02 0.00186977 -0.00770977 0.02 0.00113605 -0.00864602 0.0225 0.00132583 -0.00849732 0.02 0.00132583 -0.00849732 0.02 0.0014966 -0.00832667 0.0225 0.0014966 -0.00832667 0.0225 0.00164579 -0.00813637 0.02 0.000708616 -0.0088702 0.02 0.000478411 -0.00894191 0.0225 0.000708616 -0.0088702 0.0225 0.00113605 -0.00864602 0.02 0.000928997 -0.00877112 0.0225 0.000928997 -0.00877112 0.0225 -6.09928e-07 -0.00899996 0.02 -6.09928e-07 -0.00899996 0.02 -0.000241548 -0.00898531 0.0225 0.000240745 -0.00898545 0.0225 0.000478411 -0.00894191 0.02 0.000240745 -0.00898545 0.02 -0.000929961 -0.00877059 0.0225 -0.000709683 -0.00886983 0.02 -0.000709683 -0.00886983 0.02 -0.000478752 -0.00894185 0.0225 -0.000478752 -0.00894185 0.0225 -0.000241548 -0.00898531 0.02 -0.0013265 -0.00849678 0.02 -0.0014974 -0.00832576 0.0225 -0.0013265 -0.00849678 0.0225 -0.000929961 -0.00877059 0.02 -0.00113626 -0.00864585 0.0225 -0.00113626 -0.00864585 0.0225 -0.00177098 -0.00792931 0.02 -0.00177098 -0.00792931 0.02 -0.0018702 -0.0077087 0.0225 -0.00164619 -0.00813573 0.0225 -0.0014974 -0.00832576 0.02 -0.00164619 -0.00813573 0.02 -0.00199999 -0.00699962 0.0225 -0.00198542 -0.00724096 0.02 -0.00198542 -0.00724096 0.02 -0.00194198 -0.00747804 0.0225 -0.00194198 -0.00747804 0.0225 -0.0018702 -0.0077087 0.0225 -0.0019853 -0.00675831 0.0225 -0.00199999 -0.00699962 0.02 -0.0019853 -0.00675831 0.02 -0.00194174 -0.00652097 0.0225 -0.00194174 -0.00652097 0.02 -0.00186996 -0.00629062 0.0225 -0.00186996 -0.00629062 0.0225 -0.00177063 -0.00607008 0.02 -0.00177063 -0.00607008 0.02 -0.00164559 -0.00586342 0.0225 -0.00164559 -0.00586342 0.02 -0.00149698 -0.00567371 0.0225 -0.00149698 -0.00567371 0.0225 -0.00132593 -0.00550272 0.02 -0.00132593 -0.00550272 0.02 -0.00113559 -0.00535371 0.0225 -0.00113559 -0.00535371 0.02 -0.000929082 -0.00522894 0.0225 -0.000929082 -0.00522894 0.0225 -0.000709007 -0.00512989 0.02 -0.000709007 -0.00512989 0.02 -0.000478075 -0.00505801 0.0225 -0.000478075 -0.00505801 0.02 -0.000241499 -0.00501465 0.0225 -0.000241499 -0.00501465 0.02 1.4517e-17 -0.005 0.0225 0.000479228 0.00894169 0.02 0.000479228 0.00894169 0.02 0.000709525 0.00886987 0.0225 1.4713e-17 0.009 0.02 0.000241499 0.00898535 0.0225 0.000241499 0.00898535 0.02 0.00113659 0.00864561 0.02 0.00132662 0.00849662 0.0225 0.00113659 0.00864561 0.0225 0.000929661 0.00877079 0.0225 0.000709525 0.00886987 0.02 0.000929661 0.00877079 0.0225 0.00164621 0.00813575 0.02 0.00164621 0.00813575 0.02 0.00177116 0.00792887 0.0225 0.00149704 0.00832622 0.0225 0.00132662 0.00849662 0.02 0.00149704 0.00832622 0.02 0.00198545 0.00724048 0.0225 0.00194194 0.00747836 0.02 0.00194194 0.00747836 0.02 0.00187011 0.00770891 0.0225 0.00187011 0.00770891 0.0225 0.00177116 0.00792887 0.02 0.00198541 0.00675886 0.02 0.00194175 0.00652091 0.0225 0.00198541 0.00675886 0.0225 0.00198545 0.00724048 0.02 0.00199995 0.00699947 0.0225 0.00199995 0.00699947 0.0225 0.00177076 0.00607033 0.02 0.00177076 0.00607033 0.02 0.00164579 0.00586363 0.0225 0.00186977 0.00629023 0.0225 0.00194175 0.00652091 0.02 0.00186977 0.00629023 0.02 0.00113605 0.00535398 0.0225 0.00132583 0.00550268 0.02 0.00132583 0.00550268 0.02 0.0014966 0.00567333 0.0225 0.0014966 0.00567333 0.0225 0.00164579 0.00586363 0.02 0.000708616 0.0051298 0.02 0.000478411 0.00505809 0.0225 0.000708616 0.0051298 0.0225 0.00113605 0.00535398 0.02 0.000928997 0.00522888 0.0225 0.000928997 0.00522888 0.0225 -6.09928e-07 0.00500004 0.02 -6.09928e-07 0.00500004 0.02 -0.000241548 0.00501469 0.0225 0.000240745 0.00501455 0.0225 0.000478411 0.00505809 0.02 0.000240745 0.00501455 0.02 -0.000929961 0.00522942 0.0225 -0.000709683 0.00513017 0.02 -0.000709683 0.00513017 0.02 -0.000478752 0.00505815 0.0225 -0.000478752 0.00505815 0.0225 -0.000241548 0.00501469 0.02 -0.0013265 0.00550322 0.02 -0.0014974 0.00567424 0.0225 -0.0013265 0.00550322 0.0225 -0.000929961 0.00522942 0.02 -0.00113626 0.00535415 0.0225 -0.00113626 0.00535415 0.0225 -0.00177098 0.00607069 0.02 -0.00177098 0.00607069 0.02 -0.0018702 0.0062913 0.0225 -0.00164619 0.00586427 0.0225 -0.0014974 0.00567424 0.02 -0.00164619 0.00586427 0.02 -0.00199999 0.00700038 0.0225 -0.00198542 0.00675904 0.02 -0.00198542 0.00675904 0.02 -0.00194198 0.00652196 0.0225 -0.00194198 0.00652196 0.0225 -0.0018702 0.0062913 0.0225 -0.0019853 0.00724169 0.0225 -0.00199999 0.00700038 0.02 -0.0019853 0.00724169 0.02 -0.00194174 0.00747903 0.0225 -0.00194174 0.00747903 0.02 -0.00186996 0.00770938 0.0225 -0.00186996 0.00770938 0.0225 -0.00177063 0.00792992 0.02 -0.00177063 0.00792992 0.02 -0.00164559 0.00813658 0.0225 -0.00164559 0.00813658 0.02 -0.00149698 0.00832629 0.0225 -0.00149698 0.00832629 0.0225 -0.00132593 0.00849728 0.02 -0.00132593 0.00849728 0.02 -0.00113559 0.00864629 0.0225 -0.00113559 0.00864629 0.02 -0.000929082 0.00877106 0.0225 -0.000929082 0.00877106 0.0225 -0.000709007 0.00887011 0.02 -0.000709007 0.00887011 0.02 -0.000478075 0.00894199 0.0225 -0.000478075 0.00894199 0.02 -0.000241499 0.00898535 0.0225 -0.000241499 0.00898535 0.02 1.54361e-17 0.009 0.0225 0.00747923 0.00194169 0.02 0.0072415 0.00198535 0.02 0.00747923 0.00194169 0.02 0.007 0.002 0.0225 0.0072415 0.00198535 0.0225 0.007 0.002 0.02 0.00792966 0.00177079 0.02 0.00813659 0.00164561 0.0225 0.00813659 0.00164561 0.0225 0.00792966 0.00177079 0.0225 0.00770953 0.00186987 0.02 0.00770953 0.00186987 0.0225 0.00864621 0.00113575 0.02 0.00849704 0.00132622 0.02 0.00864621 0.00113575 0.0225 0.00849704 0.00132622 0.0225 0.00832662 0.00149662 0.02 0.00832662 0.00149662 0.02 0.00894194 0.000478364 0.0225 0.00894194 0.000478364 0.02 0.00887011 0.000708906 0.02 0.00877116 0.000928871 0.0225 0.00887011 0.000708906 0.0225 0.00877116 0.000928871 0.02 0.00899995 -5.32243e-07 0.02 0.00898541 -0.000241135 0.0225 0.00898541 -0.000241135 0.0225 0.00898545 0.000240483 0.02 0.00898545 0.000240483 0.0225 0.00899995 -5.32243e-07 0.0225 0.00877076 -0.000929669 0.02 0.00886977 -0.000709773 0.02 0.00877076 -0.000929669 0.0225 0.00886977 -0.000709773 0.0225 0.00894175 -0.000479088 0.02 0.00894175 -0.000479088 0.02 0.00832583 -0.00149732 0.0225 0.00832583 -0.00149732 0.02 0.0084966 -0.00132667 0.02 0.00864579 -0.00113637 0.0225 0.0084966 -0.00132667 0.0225 0.00864579 -0.00113637 0.02 0.007929 -0.00177112 0.02 0.00770862 -0.0018702 0.0225 0.00770862 -0.0018702 0.0225 0.00813605 -0.00164602 0.02 0.00813605 -0.00164602 0.0225 0.007929 -0.00177112 0.0225 0.00699939 -0.00199996 0.02 0.00724075 -0.00198545 0.02 0.00699939 -0.00199996 0.0225 0.00724075 -0.00198545 0.0225 0.00747841 -0.00194191 0.02 0.00747841 -0.00194191 0.02 0.00629032 -0.00186983 0.0225 0.00629032 -0.00186983 0.02 0.00652125 -0.00194185 0.02 0.00675845 -0.00198531 0.0225 0.00652125 -0.00194185 0.0225 0.00675845 -0.00198531 0.02 0.00586374 -0.00164585 0.02 0.0056735 -0.00149678 0.0225 0.0056735 -0.00149678 0.0225 0.00607004 -0.00177058 0.02 0.00607004 -0.00177058 0.0225 0.00586374 -0.00164585 0.0225 0.00522902 -0.000929308 0.02 0.00535381 -0.00113573 0.02 0.00522902 -0.000929308 0.0225 0.00535381 -0.00113573 0.0225 0.0055026 -0.00132576 0.02 0.0055026 -0.00132576 0.02 0.00501458 -0.000240955 0.0225 0.00501458 -0.000240955 0.02 0.00505802 -0.000478039 0.02 0.0051298 -0.000708702 0.0225 0.00505802 -0.000478039 0.0225 0.0051298 -0.000708702 0.02 0.0050147 0.000241685 0.0225 0.0050147 0.000241685 0.02 0.00500001 3.81824e-07 0.0225 0.00500001 3.81824e-07 0.0225 0.00505826 0.000479032 0.02 0.00505826 0.000479032 0.02 0.00513004 0.000709382 0.0225 0.00513004 0.000709382 0.02 0.00522937 0.00092992 0.0225 0.00522937 0.00092992 0.0225 0.00535441 0.00113658 0.02 0.00535441 0.00113658 0.02 0.00550302 0.00132629 0.0225 0.00550302 0.00132629 0.02 0.00567407 0.00149728 0.0225 0.00567407 0.00149728 0.0225 0.00586441 0.00164629 0.02 0.00586441 0.00164629 0.02 0.00607092 0.00177106 0.0225 0.00607092 0.00177106 0.02 0.00629099 0.00187011 0.0225 0.00629099 0.00187011 0.0225 0.00652192 0.00194199 0.02 0.00652192 0.00194199 0.02 0.0067585 0.00198535 0.0225 0.0067585 0.00198535 0.0208 0.02375 0.003 0.0208 0.02025 0.003 0.0225 0.02025 0.003 0.0225 0.02375 0.003 0.0208 0.02025 0.005 0.0208 0.02375 0.005 0.0225 0.02375 0.005 0.0225 0.02025 0.005 0.0208 0.02375 -0.005 0.0208 0.02025 -0.005 0.0225 0.02025 -0.005 0.0225 0.02375 -0.005 0.0208 0.02025 -0.003 0.0208 0.02375 -0.003 0.0225 0.02375 -0.003 0.0225 0.02025 -0.003 0.0208 0.0239268 0.00492678 0.0225 0.0239523 0.00489695 0.0225 0.0239268 0.00492678 0.0225 0.0239728 0.0048635 0.0208 0.0239523 0.00489695 0.0208 0.0239728 0.0048635 0.0225 0.0239878 0.00482725 0.0208 0.0239878 0.00482725 0.0225 0.0239969 0.00478911 0.0225 0.024 0.00475 0.0208 0.0239969 0.00478911 0.0208 0.024 0.00475 0.0208 0.0238969 0.00495225 0.0225 0.0238969 0.00495225 0.0208 0.0238635 0.00497275 0.0208 0.0238273 0.00498776 0.0225 0.0238635 0.00497275 0.0225 0.0238273 0.00498776 0.0208 0.0237891 0.00499692 0.0225 0.0237891 0.00499692 0.0208 0.02375 0.005 0.0225 0.02375 0.005 0.0208 0.0239268 0.00307322 0.0225 0.0238969 0.00304775 0.0225 0.0239268 0.00307322 0.0225 0.0238635 0.00302725 0.0208 0.0238969 0.00304775 0.0208 0.0238635 0.00302725 0.0225 0.0238273 0.00301224 0.0208 0.0238273 0.00301224 0.0225 0.0237891 0.00300308 0.0225 0.02375 0.003 0.0208 0.0237891 0.00300308 0.0208 0.02375 0.003 0.0208 0.0239523 0.00310305 0.0225 0.0239523 0.00310305 0.0208 0.0239728 0.0031365 0.0208 0.0239878 0.00317275 0.0225 0.0239728 0.0031365 0.0225 0.0239878 0.00317275 0.0208 0.0239969 0.00321089 0.0225 0.0239969 0.00321089 0.0208 0.024 0.00325 0.0225 0.024 0.00325 0.0208 0.0239268 -0.00307322 0.0225 0.0239523 -0.00310305 0.0225 0.0239268 -0.00307322 0.0225 0.0239728 -0.0031365 0.0208 0.0239523 -0.00310305 0.0208 0.0239728 -0.0031365 0.0225 0.0239878 -0.00317275 0.0208 0.0239878 -0.00317275 0.0225 0.0239969 -0.00321089 0.0225 0.024 -0.00325 0.0208 0.0239969 -0.00321089 0.0208 0.024 -0.00325 0.0208 0.0238969 -0.00304775 0.0225 0.0238969 -0.00304775 0.0208 0.0238635 -0.00302725 0.0208 0.0238273 -0.00301224 0.0225 0.0238635 -0.00302725 0.0225 0.0238273 -0.00301224 0.0208 0.0237891 -0.00300308 0.0225 0.0237891 -0.00300308 0.0208 0.02375 -0.003 0.0225 0.02375 -0.003 0.0208 0.0239268 -0.00492678 0.0225 0.0238969 -0.00495225 0.0225 0.0239268 -0.00492678 0.0225 0.0238635 -0.00497275 0.0208 0.0238969 -0.00495225 0.0208 0.0238635 -0.00497275 0.0225 0.0238273 -0.00498776 0.0208 0.0238273 -0.00498776 0.0225 0.0237891 -0.00499692 0.0225 0.02375 -0.005 0.0208 0.0237891 -0.00499692 0.0208 0.02375 -0.005 0.0208 0.0239523 -0.00489695 0.0225 0.0239523 -0.00489695 0.0208 0.0239728 -0.0048635 0.0208 0.0239878 -0.00482725 0.0225 0.0239728 -0.0048635 0.0225 0.0239878 -0.00482725 0.0208 0.0239969 -0.00478911 0.0225 0.0239969 -0.00478911 0.0208 0.024 -0.00475 0.0225 0.024 -0.00475 0.0225 0.024 0.00475 0.0225 0.024 0.011 0.0225 0.0239969 0.00478911 0.0225 -0.00224135 0.0109854 0.0225 -0.00247908 0.0109417 0.0225 -0.002 0.011 0.0225 0.0239878 0.00482725 0.0225 0.0239728 0.0048635 0.0225 0.0239523 0.00489695 0.0225 0.0239268 0.00492678 0.0225 0.0238635 0.00497275 0.0225 0.0238969 0.00495225 0.0225 0.0237891 0.00499692 0.0225 0.0238273 0.00498776 0.0225 -0.00113559 0.00864629 0.0225 -0.000929082 0.00877106 0.0225 -0.00292959 0.0107708 0.0225 -0.00349732 0.0103259 0.0225 -0.00364612 0.0101359 0.0225 0.0237891 -0.00300308 0.0225 0.0237891 0.00300308 0.0225 0.02375 0.003 0.0225 0.007929 -0.00177112 0.0225 0.00770862 -0.0018702 0.0225 0.0200272 -0.0048635 0.0225 0.00164579 0.00586363 0.0225 0.00224071 0.00331343 0.0225 0.00251327 0.00311175 0.0225 -0.00198542 -0.00724096 0.0225 -0.004 -0.009 0.0225 -0.00194198 -0.00747804 0.0225 0.00149704 -0.00567378 0.0225 0.00164621 -0.00586425 0.0225 0.0022389 -0.00331461 0.0225 -0.00364612 -0.00486414 0.0225 -0.00149698 -0.00567371 0.0225 -0.00349732 -0.00467415 0.0225 -0.00398538 -0.00924135 0.0225 -0.0013265 -0.00849678 0.0225 -0.0014974 -0.00832576 0.0225 -0.00177098 -0.00792931 0.0225 -0.00164619 -0.00813573 0.0225 -0.00313586 -0.0106461 0.0225 -0.00292936 -0.010771 0.0225 -0.00113626 -0.00864585 0.0225 -0.00364585 -0.0101363 0.0225 -0.00377081 -0.00992959 0.0225 -0.002 -0.011 0.0225 -0.00247815 -0.010942 0.0225 -0.00224135 -0.0109854 0.0225 -0.00270887 -0.0108701 0.0225 0.0200732 0.00307322 0.0225 0.0201031 -0.00304775 0.0225 0.0201031 0.00304775 0.0225 0.0200732 -0.00307322 0.0225 0.0201365 0.00302725 0.0225 0.0201727 -0.00301224 0.0225 0.0201727 0.00301224 0.0225 0.0201365 -0.00302725 0.0225 0.02375 -0.003 0.0225 0.0202109 0.00300308 0.0225 0.02025 -0.003 0.0225 0.02025 0.003 0.0225 0.0238273 0.00301224 0.0225 0.0238273 -0.00301224 0.0225 0.0238635 -0.00302725 0.0225 0.0238635 0.00302725 0.0225 0.0239268 0.00307322 0.0225 0.0239268 -0.00307322 0.0225 0.0239523 -0.00310305 0.0225 0.0239728 -0.0031365 0.0225 0.0239523 0.00310305 0.0225 0.0239878 -0.00317275 0.0225 0.0239728 0.0031365 0.0225 0.0239878 0.00317275 0.0225 0.0239969 -0.00321089 0.0225 0.024 -0.00325 0.0225 0.0239969 0.00321089 0.0225 0.024 0.00325 0.0225 0.0202109 -0.00300308 0.0225 0.0238969 0.00304775 0.0225 0.0238969 -0.00304775 0.0225 0.0201365 -0.00497275 0.0225 0.0201031 -0.00495225 0.0225 0.024 -0.011 0.0225 0.00877076 -0.000929669 0.0225 0.00864579 -0.00113637 0.0225 0.02 -0.00325 0.0225 0.00399635 0.000168793 0.0225 0.0050147 0.000241685 0.0225 0.00396767 0.000507321 0.0225 0.0084966 -0.00132667 0.0225 0.000340329 -0.00398543 0.0225 1.38778e-17 -0.004 0.0225 0.000241499 -0.00501465 0.0225 0.00501458 -0.000240955 0.0225 0.00500001 3.81824e-07 0.0225 0.00399635 -0.000170452 0.0225 -0.00394175 -0.00947908 0.0225 -0.00386983 -0.00970963 0.0225 -0.00332655 -0.00450327 0.0225 -0.00313629 -0.00435414 0.0225 -0.0018702 -0.0077087 0.0225 -0.00349673 -0.0103265 0.0225 -0.00332585 -0.0104973 0.0225 -0.000709007 -0.00512989 0.0225 -0.002 -0.004 0.0225 -0.000929082 -0.00522894 0.0225 -0.00132593 -0.00550272 0.0225 -0.00247908 -0.00405825 0.0225 -0.00270963 -0.00413017 0.0225 0.000675923 -0.00394248 0.0225 0.000479228 -0.00505831 0.0225 0.000709525 -0.00513013 0.0225 0.00113659 -0.00535439 0.0225 0.00164652 -0.00364532 0.0225 0.00133241 -0.00377156 0.0225 -0.000929961 -0.00877059 0.0225 0.0201727 -0.00498776 0.0225 0.0202109 -0.00499692 0.0225 0.02025 -0.005 0.0225 0.0237891 -0.00499692 0.0225 0.02375 -0.005 0.0225 0.0238635 -0.00497275 0.0225 0.0238273 -0.00498776 0.0225 0.0239268 -0.00492678 0.0225 0.0238969 -0.00495225 0.0225 0.0239728 -0.0048635 0.0225 0.0239523 -0.00489695 0.0225 0.0239969 -0.00478911 0.0225 0.0239878 -0.00482725 0.0225 0.024 -0.00475 0.0225 0.00251263 -0.00311234 0.0225 0.00177116 -0.00607113 0.0225 -0.000478075 -0.00505801 0.0225 -0.00113559 -0.00535371 0.0225 -0.000241499 -0.00501465 0.0225 -0.00224135 -0.00401462 0.0225 -0.00292959 -0.00422919 0.0225 0.00187011 -0.00629109 0.0225 0.00276687 -0.00288855 0.0225 1.4713e-17 -0.005 0.0225 0.00391033 0.000841814 0.0225 0.00513004 0.000709382 0.0225 0.00522937 0.00092992 0.0225 0.00357113 -0.00180176 0.0225 0.00340586 -0.00209763 0.0225 0.00586374 -0.00164585 0.0225 0.00535381 -0.00113573 0.0225 0.00382427 -0.00117228 0.0225 0.00371134 -0.00149193 0.0225 0.00522902 -0.000929308 0.0225 0.00391007 -0.00084332 0.0225 0.0055026 -0.00132576 0.0225 0.00505802 -0.000478039 0.0225 0.00396738 -0.000509073 0.0225 0.0051298 -0.000708702 0.0225 0.0200122 -0.00482725 0.0225 0.00505826 0.000479032 0.0225 0.0200122 0.00317275 0.0225 0.00887011 0.000708906 0.0225 0.0200272 0.0031365 0.0225 0.00382488 0.0011705 0.0225 0.00899995 -5.32243e-07 0.0225 0.00357206 0.00180002 0.0225 0.00550302 0.00132629 0.0225 0.00567407 0.00149728 0.0225 0.00607092 0.00177106 0.0225 0.00321651 0.00237776 0.0225 0.00340644 0.00209655 0.0225 0.000928997 -0.00877112 0.0225 0.00113605 -0.00864602 0.0225 0.00132583 -0.00849732 0.0225 0.0056735 -0.00149678 0.0225 0.0014966 -0.00832667 0.0225 0.0200732 -0.00492678 0.0225 0.00186977 -0.00770977 0.0225 0.0200031 -0.00478911 0.0225 0.00813605 -0.00164602 0.0225 0.00371179 0.00149062 0.0225 0.00535441 0.00113658 0.0225 0.00832583 -0.00149732 0.0225 0.02 -0.00475 0.0225 0.0200477 -0.00310305 0.0225 0.00894175 -0.000479088 0.0225 0.0200272 -0.0031365 0.0225 0.0200031 -0.00321089 0.0225 0.0200122 -0.00317275 0.0225 0.00886977 -0.000709773 0.0225 0.00586441 0.00164629 0.0225 0.0200477 0.00310305 0.0225 0.00894194 0.000478364 0.0225 0.00898545 0.000240483 0.0225 0.00864621 0.00113575 0.0225 0.00877116 0.000928871 0.0225 0.02 0.00325 0.0225 0.00300307 0.00264216 0.0225 0.00652192 0.00194199 0.0225 0.00276843 0.00288712 0.0225 0.0067585 0.00198535 0.0225 0.00194175 0.00652091 0.0225 0.00186977 0.00629023 0.0225 0.00177076 0.00607033 0.0225 0.007 0.002 0.0225 0.0014966 0.00567333 0.0225 0.00195113 0.00349181 0.0225 0.00132583 0.00550268 0.0225 0.00164854 0.00364443 0.0225 0.00113605 0.00535398 0.0225 -0.00332655 0.0104967 0.0225 -0.00313629 0.0106459 0.0225 1.32989e-17 0.004 0.0225 -0.000478752 0.00505815 0.0225 -0.000709683 0.00513017 0.0225 -0.000478075 0.00894199 0.0225 -0.000709007 0.00887011 0.0225 -0.000241499 0.00898535 0.0225 -0.00199999 0.00700038 0.0225 -0.004 0.006 0.0225 -0.00198542 0.00675904 0.0225 -0.00149698 0.00832629 0.0225 -0.004 0.009 0.0225 -0.00164559 0.00813658 0.0225 -0.00377081 0.00507041 0.0225 -0.00164619 0.00586427 0.0225 -0.00386983 0.00529037 0.0225 -0.00194198 0.00652196 0.0225 -0.0014974 0.00567424 0.0225 -0.00364585 0.00486371 0.0225 -0.00349673 0.00467345 0.0225 -0.0013265 0.00550322 0.0225 -0.00313586 0.00435388 0.0225 -0.00332585 0.00450268 0.0225 -0.00177098 0.00607069 0.0225 -0.00394175 0.00552092 0.0225 -0.0018702 0.0062913 0.0225 -0.00398538 0.00575865 0.0225 -0.00186996 0.00770938 0.0225 -0.00194174 0.00747903 0.0225 -0.0019853 0.00724169 0.0225 -0.00377096 0.00992936 0.0225 -0.00270963 0.0108698 0.0225 1.4713e-17 0.009 0.0225 -0.002 0.004 0.0225 -0.00113626 0.00535415 0.0225 0.000240745 0.00501455 0.0225 -6.09928e-07 0.00500004 0.0225 -0.000929961 0.00522942 0.0225 0.000708616 0.0051298 0.0225 0.00100895 0.0038706 0.0225 0.000928997 0.00522888 0.0225 0.000340329 0.00398543 0.0225 0.000676153 0.00394242 0.0225 0.000478411 0.00505809 0.0225 0.00198545 0.00724048 0.0225 0.00747923 0.00194169 0.0225 0.00194194 0.00747836 0.0225 0.00770953 0.00186987 0.0225 0.0200477 0.00489695 0.0225 0.0201365 0.00497275 0.0225 0.0201727 0.00498776 0.0225 0.0201031 0.00495225 0.0225 0.0202109 0.00499692 0.0225 0.02025 0.005 0.0225 0.02375 0.005 0.0225 -0.004 -0.006 0.0225 -0.00186996 -0.00629062 0.0225 -0.00398538 -0.00575865 0.0225 -0.00164559 -0.00586342 0.0225 -0.00387015 -0.00529113 0.0225 -0.00377096 -0.00507064 0.0225 -0.00177063 -0.00607008 0.0225 -0.00394197 -0.00552185 0.0225 -0.0019853 -0.00675831 0.0225 -0.00194174 -0.00652097 0.0225 -0.00199999 -0.00699962 0.0225 0.00195057 -0.00349217 0.0225 0.00132662 -0.00550338 0.0225 0.00607004 -0.00177058 0.0225 0.000240745 -0.00898545 0.0225 -6.09928e-07 -0.00899996 0.0225 -0.000478752 -0.00894185 0.0225 -0.000709683 -0.00886983 0.0225 -0.000241548 -0.00898531 0.0225 0.000708616 -0.0088702 0.0225 0.000478411 -0.00894191 0.0225 0.00177076 -0.00792967 0.0225 0.00164579 -0.00813637 0.0225 0.00629032 -0.00186983 0.0225 0.00321525 -0.00237938 0.0225 0.00300242 -0.00264299 0.0225 0.00194175 -0.00747909 0.0225 0.00199995 -0.00700053 0.0225 0.00724075 -0.00198545 0.0225 0.00198545 -0.00675952 0.0225 0.0200477 -0.00489695 0.0225 0.00675845 -0.00198531 0.0225 0.00194194 -0.00652164 0.0225 0.00699939 -0.00199996 0.0225 0.000929661 -0.00522921 0.0225 0.00100678 -0.00387115 0.0225 0.00133283 0.00377138 0.0225 -0.000241548 0.00501469 0.0225 -0.00387015 0.00970887 0.0225 -0.00132593 0.00849728 0.0225 -0.00394197 0.00947815 0.0225 -0.00398538 0.00924135 0.0225 -0.00177063 0.00792992 0.0225 -0.00292936 0.00422904 0.0225 -0.00270887 0.00412985 0.0225 -0.00247815 0.00405803 0.0225 -0.00224135 0.00401462 0.0225 0.00198541 0.00675886 0.0225 0.00199995 0.00699947 0.0225 0.0072415 0.00198535 0.0225 0.00832662 0.00149662 0.0225 0.0200031 0.00478911 0.0225 0.00813659 0.00164561 0.0225 0.00849704 0.00132622 0.0225 0.02 0.00475 0.0225 0.0200122 0.00482725 0.0225 0.00792966 0.00177079 0.0225 0.0200732 0.00492678 0.0225 0.0200272 0.0048635 0.0225 0.00187011 0.00770891 0.0225 0.00177116 0.00792887 0.0225 0.000929661 0.00877079 0.0225 0.00149704 0.00832622 0.0225 0.00164621 0.00813575 0.0225 0.00113659 0.00864561 0.0225 0.00132662 0.00849662 0.0225 0.000479228 0.00894169 0.0225 0.000709525 0.00886987 0.0225 0.000241499 0.00898535 0.0225 0.00629099 0.00187011 0.0225 0.00747841 -0.00194191 0.0225 0.00198541 -0.00724114 0.0225 0.00652125 -0.00194185 0.0225 0.00898541 -0.000241135 0.0225 0.0200031 0.00321089 0.0208 0.024 -0.00475 0.0208 0.024 -0.011 0.0208 0.0239969 -0.00478911 0.0208 0.0237891 -0.00300308 0.0208 0.02375 -0.003 0.0208 0.0237891 0.00300308 0.0208 0.0239878 -0.00482725 0.0208 0.0239728 -0.0048635 0.0208 0.0239523 -0.00489695 0.0208 0.0239268 -0.00492678 0.0208 0.0238635 -0.00497275 0.0208 0.0238969 -0.00495225 0.0208 0.00491941 -0.00983862 0.0208 0.00440777 -0.0100781 0.0208 0.0238273 -0.00498776 0.0208 0.0201031 -0.00495225 0.0208 0.0201365 -0.00497275 0.0208 0.00844836 -0.00704412 0.0208 0.00767905 -0.00787591 0.0208 0.00726385 -0.00826021 0.0208 0.00912682 -0.00614012 0.0208 0.00879977 -0.00660008 0.0208 0.00996321 -0.00466197 0.0208 0.0101901 -0.00414201 0.0208 0.0200122 -0.00482725 0.0208 0.00943158 -0.00566038 0.0208 0.00971072 -0.00516702 0.0208 0.0200477 -0.00489695 0.0208 0.0200031 -0.00321089 0.0208 0.0108221 -0.00196892 0.0208 0.0200122 -0.00317275 0.0208 0.0105621 -0.00307271 0.0208 0.02 -0.00475 0.0208 0.0103902 -0.00361093 0.0208 0.02 -0.00325 0.0208 0.0200477 0.00310305 0.0208 0.0109672 0.0008492 0.0208 0.0200272 0.0031365 0.0208 0.0200477 -0.00310305 0.0208 0.0200272 -0.0031365 0.0208 0.0109672 -0.000848414 0.0208 0.0200031 0.00321089 0.0208 0.0108211 0.00197484 0.0208 0.02 0.00325 0.0208 0.0109083 0.00141518 0.0208 0.0105607 0.00307664 0.0208 0.0103882 0.00361678 0.0208 0.02 0.00475 0.0208 0.010189 0.00414522 0.0208 0.0200031 0.00478911 0.0208 0.0200732 -0.00307322 0.0208 0.0201031 0.00304775 0.0208 0.0201031 -0.00304775 0.0208 0.0200732 0.00307322 0.0208 0.0201365 -0.00302725 0.0208 0.0201727 0.00301224 0.0208 0.0201727 -0.00301224 0.0208 0.0201365 0.00302725 0.0208 0.02375 0.003 0.0208 0.0202109 -0.00300308 0.0208 0.02025 0.003 0.0208 0.02025 -0.003 0.0208 0.0238273 -0.00301224 0.0208 0.0238273 0.00301224 0.0208 0.0238635 0.00302725 0.0208 0.0238635 -0.00302725 0.0208 0.0239268 -0.00307322 0.0208 0.0239268 0.00307322 0.0208 0.0239523 0.00310305 0.0208 0.0239728 0.0031365 0.0208 0.0239523 -0.00310305 0.0208 0.0239878 0.00317275 0.0208 0.0239728 -0.0031365 0.0208 0.0239878 -0.00317275 0.0208 0.0239969 0.00321089 0.0208 0.024 0.00325 0.0208 0.0239969 -0.00321089 0.0208 0.024 -0.00325 0.0208 0.0202109 0.00300308 0.0208 0.0238969 -0.00304775 0.0208 0.0238969 0.00304775 0.0208 0.00807254 0.00747218 0.0208 0.00767503 0.00787961 0.0208 0.024 0.011 0.0208 0.0109962 0.000285733 0.0208 0.0107057 0.00252735 0.0208 0.0200272 0.0048635 0.0208 0.0200122 0.00482725 0.0208 0.00996173 0.00466471 0.0208 0.0201365 0.00497275 0.0208 0.0201031 0.00495225 0.0208 0.00879614 0.00660474 0.0208 0.00970779 0.00517243 0.0208 0.00844519 0.00704818 0.0208 0.00725965 0.00826408 0.0208 0.00682638 0.00862557 0.0208 0.00590114 0.00928295 0.0208 0.00637123 0.00896671 0.0208 0.00541721 0.00957359 0.0208 0.00491583 0.0098402 0.0208 0.000569235 0.010985 0.0208 1.88087e-17 0.011 0.0208 0.0044021 0.0100805 0.0208 0.00387891 0.0102934 0.0208 0.0201727 0.00498776 0.0208 0.0202109 0.00499692 0.0208 0.02025 0.005 0.0208 0.0237891 0.00499692 0.0208 0.02375 0.005 0.0208 0.0238635 0.00497275 0.0208 0.0238273 0.00498776 0.0208 0.0239268 0.00492678 0.0208 0.0238969 0.00495225 0.0208 0.0239728 0.0048635 0.0208 0.0239523 0.00489695 0.0208 0.0239969 0.00478911 0.0208 0.0239878 0.00482725 0.0208 0.024 0.00475 0.0208 0.0107061 -0.00252518 0.0208 0.0200122 0.00317275 0.0208 0.00169333 0.0108689 0.0208 0.00113368 0.0109413 0.0208 0.00279826 0.0106379 0.0208 0.00224819 0.0107677 0.0208 0.00334354 0.0104793 0.0208 0.00912567 0.00614159 0.0208 0.0200732 0.00492678 0.0208 0.0200477 0.00489695 0.0208 0.00942949 0.00566424 0.0208 0.0109962 -0.000280139 0.0208 0.0109091 -0.00141026 0.0208 0.0200031 -0.00478911 0.0208 0.0200272 -0.0048635 0.0208 0.0200732 -0.00492678 0.0208 0.00807283 -0.00747191 0.0208 0.00682724 -0.00862478 0.0208 0.0201727 -0.00498776 0.0208 0.0202109 -0.00499692 0.0208 0.00637524 -0.00896409 0.0208 0.00541931 -0.00957221 0.0208 0.00590622 -0.00927964 0.0208 0.02025 -0.005 0.0208 0.00388226 -0.0102919 0.0208 0.02375 -0.005 0.0208 0.0237891 -0.00499692 0.0208 0.00334627 -0.0104786 0.0208 0.00225264 -0.0107666 0.0208 0.00280419 -0.0106364 0.0208 0.00113368 -0.0109413 0.0208 0.00169333 -0.0108689 0.0208 8.78704e-18 -0.011 0.0208 0.000569235 -0.010985 0.0208 1.88087e-17 0.011 0.0183 1.17609e-17 0.011 0.0183 -0.002 0.011 0.0208 0.024 0.011 0.0225 0.024 0.011 0.0225 -0.002 0.011 0.0208 8.78704e-18 -0.011 0.0208 0.024 -0.011 0.0225 0.024 -0.011 0.0225 -0.002 -0.011 0.0183 -0.002 -0.011 0.0183 1.31081e-17 -0.011 0.0225 0.024 -0.011 0.0208 0.024 -0.011 0.0208 0.024 -0.00475 0.0225 0.024 -0.00475 0.0225 0.024 0.00475 0.0208 0.024 0.00475 0.0208 0.024 0.011 0.0225 0.024 0.011</float_array>
          <technique_common>
            <accessor count="2120" source="#ID5" stride="3">
              <param name="X" type="float"/>
              <param name="Y" type="float"/>
              <param name="Z" type="float"/>
            </accessor>
          </technique_common>
        </source>
        <source id="ID6">
          <float_array count="6360" id="ID7">-3.1186e-16 1 6.12323e-17 -3.1186e-16 1 6.12323e-17 -3.1186e-16 1 6.12323e-17 -3.1186e-16 1 6.12323e-17 -3.10795e-16 0.996584 -0.0825792 -3.11579e-16 0.999099 0.0424412 -3.10795e-16 0.996584 0.0825794 2.64476e-17 -0.0848059 -0.996397 -2.64476e-17 0.0848059 -0.996397 2.72637e-23 -8.74228e-08 -1 -3.04861e-16 0.977555 0.210679 -3.02318e-16 0.9694 0.245485 -2.85593e-16 0.915773 0.401695 -2.89372e-16 0.927889 0.372856 -2.65558e-16 0.851529 0.524307 -2.61079e-16 0.837166 0.546948 -2.34105e-16 0.750672 0.660675 -2.29443e-16 0.735724 0.677282 -1.91549e-16 0.614213 0.789141 -1.95917e-16 0.62822 0.778036 -1.52093e-16 0.487695 0.873014 -1.48429e-16 0.475947 0.879474 -1.03893e-16 0.33314 0.942877 -1.01261e-16 0.324699 0.945817 -5.13305e-17 0.164595 0.986361 -5.27047e-17 0.169001 0.985616 3.26291e-31 -9.49411e-16 1 4.27745e-27 -1.37158e-11 1 -3.09334e-16 0.9919 -0.127018 -3.02318e-16 0.9694 -0.245485 -2.98191e-16 0.956167 -0.292823 -2.85593e-16 0.915773 -0.401695 -2.78468e-16 0.892926 -0.450204 -2.50735e-16 0.803997 -0.594633 -2.61079e-16 0.837166 -0.546948 -2.29443e-16 0.735724 -0.677282 -2.15788e-16 0.691939 -0.721956 -1.91549e-16 0.614213 -0.78914 -1.74634e-16 0.559975 -0.82851 -1.28456e-16 0.411901 -0.911229 -1.48429e-16 0.475947 -0.879474 -1.01261e-16 0.324699 -0.945817 -7.8582e-17 0.251978 -0.967733 -5.13305e-17 0.164595 -0.986361 1.74634e-16 -0.559975 -0.82851 1.28456e-16 -0.411901 -0.911228 1.48429e-16 -0.475947 -0.879474 7.8582e-17 -0.251978 -0.967733 5.13306e-17 -0.164595 -0.986361 1.01261e-16 -0.324699 -0.945817 2.61079e-16 -0.837167 -0.546948 2.78468e-16 -0.892926 -0.450204 2.50735e-16 -0.803997 -0.594633 1.91549e-16 -0.614213 -0.78914 2.29443e-16 -0.735724 -0.677282 2.15788e-16 -0.691939 -0.721956 3.09334e-16 -0.9919 -0.127018 3.10795e-16 -0.996584 -0.0825794 3.11579e-16 -0.999099 0.0424415 2.98191e-16 -0.956167 -0.292823 2.85593e-16 -0.915773 -0.401695 3.02318e-16 -0.9694 -0.245486 2.65558e-16 -0.851529 0.524307 2.89372e-16 -0.927889 0.372856 2.85593e-16 -0.915773 0.401695 3.02318e-16 -0.9694 0.245485 3.04861e-16 -0.977555 0.210679 3.10795e-16 -0.996584 0.0825794 1.91549e-16 -0.614213 0.789141 1.95917e-16 -0.62822 0.778036 2.29443e-16 -0.735724 0.677282 2.61079e-16 -0.837166 0.546948 2.34105e-16 -0.750672 0.660675 1.52093e-16 -0.487695 0.873014 1.48429e-16 -0.475947 0.879474 1.01261e-16 -0.324699 0.945817 1.03893e-16 -0.33314 0.942877 5.13305e-17 -0.164595 0.986361 5.27047e-17 -0.169001 0.985616 -3.10795e-16 0.996584 0.0825794 -3.10795e-16 0.996584 -0.0825794 -3.10795e-16 0.996584 0.0825794 5.13306e-17 -0.164595 -0.986361 2.72637e-23 -8.74228e-08 -1 2.72637e-23 -8.74228e-08 -1 -3.02318e-16 0.9694 0.245485 -3.02318e-16 0.9694 0.245485 -2.85593e-16 0.915773 0.401695 -2.85593e-16 0.915773 0.401695 -2.61079e-16 0.837166 0.546948 -2.61079e-16 0.837166 0.546948 -2.29443e-16 0.735724 0.677282 -2.29443e-16 0.735724 0.677282 -1.91549e-16 0.614213 0.789141 -1.91549e-16 0.614213 0.789141 -1.48429e-16 0.475947 0.879474 -1.48429e-16 0.475947 0.879474 -1.01261e-16 0.324699 0.945817 -1.01261e-16 0.324699 0.945817 -5.13305e-17 0.164595 0.986361 -5.13305e-17 0.164595 0.986361 4.27717e-27 -1.37149e-11 1 4.93038e-32 -6.12323e-17 1 -3.10795e-16 0.996584 -0.0825792 -3.02318e-16 0.9694 -0.245485 -3.02318e-16 0.9694 -0.245485 -2.85593e-16 0.915773 -0.401695 -2.85593e-16 0.915773 -0.401695 -2.61079e-16 0.837166 -0.546948 -2.61079e-16 0.837166 -0.546948 -2.29443e-16 0.735724 -0.677282 -2.29443e-16 0.735724 -0.677282 -1.91549e-16 0.614213 -0.78914 -1.91549e-16 0.614213 -0.789141 -1.48429e-16 0.475947 -0.879474 -1.48429e-16 0.475947 -0.879474 -1.01261e-16 0.3247 -0.945817 -1.01261e-16 0.324699 -0.945817 -5.13305e-17 0.164595 -0.986361 -5.13305e-17 0.164595 -0.986361 1.91549e-16 -0.614213 -0.78914 1.48429e-16 -0.475947 -0.879474 1.48429e-16 -0.475947 -0.879474 1.01261e-16 -0.324699 -0.945817 5.13306e-17 -0.164595 -0.986361 1.01261e-16 -0.324699 -0.945817 2.61079e-16 -0.837167 -0.546948 2.85593e-16 -0.915773 -0.401695 2.61079e-16 -0.837167 -0.546948 1.91549e-16 -0.614213 -0.78914 2.29443e-16 -0.735724 -0.677282 2.29443e-16 -0.735724 -0.677282 3.10795e-16 -0.996584 -0.0825794 3.10795e-16 -0.996584 -0.0825794 3.10795e-16 -0.996584 0.0825794 3.02318e-16 -0.9694 -0.245486 2.85593e-16 -0.915773 -0.401695 3.02318e-16 -0.9694 -0.245486 2.61079e-16 -0.837166 0.546948 2.85593e-16 -0.915773 0.401695 2.85593e-16 -0.915773 0.401695 3.02318e-16 -0.9694 0.245485 3.02318e-16 -0.9694 0.245486 3.10795e-16 -0.996584 0.0825794 1.91549e-16 -0.614213 0.789141 1.91549e-16 -0.614213 0.78914 2.29443e-16 -0.735724 0.677282 2.61079e-16 -0.837166 0.546948 2.29443e-16 -0.735724 0.677282 1.48429e-16 -0.475948 0.879474 1.48429e-16 -0.475947 0.879474 1.01261e-16 -0.324699 0.945817 1.01261e-16 -0.3247 0.945817 5.13305e-17 -0.164595 0.986361 5.13305e-17 -0.164595 0.986361 -3.10795e-16 0.996584 -0.0825792 -3.11579e-16 0.999099 0.0424412 -3.10795e-16 0.996584 0.0825794 2.64476e-17 -0.0848059 -0.996397 -2.64476e-17 0.0848059 -0.996397 2.72637e-23 -8.74228e-08 -1 -3.04861e-16 0.977555 0.210679 -3.02318e-16 0.9694 0.245485 -2.85593e-16 0.915773 0.401695 -2.89372e-16 0.927889 0.372856 -2.65558e-16 0.851529 0.524307 -2.61079e-16 0.837166 0.546948 -2.34105e-16 0.750672 0.660675 -2.29443e-16 0.735724 0.677282 -1.91549e-16 0.614213 0.789141 -1.95917e-16 0.62822 0.778036 -1.52093e-16 0.487695 0.873014 -1.48429e-16 0.475947 0.879474 -1.03893e-16 0.33314 0.942877 -1.01261e-16 0.324699 0.945817 -5.13305e-17 0.164595 0.986361 -5.27047e-17 0.169001 0.985616 1.87798e-31 -5.05322e-16 1 4.27731e-27 -1.37154e-11 1 -3.09334e-16 0.9919 -0.127018 -3.02318e-16 0.9694 -0.245485 -2.98191e-16 0.956167 -0.292823 -2.85593e-16 0.915773 -0.401695 -2.78468e-16 0.892926 -0.450204 -2.50735e-16 0.803997 -0.594633 -2.61079e-16 0.837166 -0.546948 -2.29443e-16 0.735724 -0.677282 -2.15788e-16 0.691939 -0.721956 -1.91549e-16 0.614213 -0.78914 -1.74634e-16 0.559975 -0.82851 -1.28456e-16 0.411901 -0.911229 -1.48429e-16 0.475947 -0.879474 -1.01261e-16 0.324699 -0.945817 -7.8582e-17 0.251978 -0.967733 -5.13305e-17 0.164595 -0.986361 1.74634e-16 -0.559975 -0.82851 1.28456e-16 -0.411901 -0.911228 1.48429e-16 -0.475947 -0.879474 7.8582e-17 -0.251978 -0.967733 5.13306e-17 -0.164595 -0.986361 1.01261e-16 -0.324699 -0.945817 2.61079e-16 -0.837167 -0.546948 2.78468e-16 -0.892926 -0.450204 2.50735e-16 -0.803997 -0.594633 1.91549e-16 -0.614213 -0.78914 2.29443e-16 -0.735724 -0.677282 2.15788e-16 -0.691939 -0.721956 3.09334e-16 -0.9919 -0.127018 3.10795e-16 -0.996584 -0.0825794 3.11579e-16 -0.999099 0.0424415 2.98191e-16 -0.956167 -0.292823 2.85593e-16 -0.915773 -0.401695 3.02318e-16 -0.9694 -0.245486 2.65558e-16 -0.851529 0.524307 2.89372e-16 -0.927889 0.372856 2.85593e-16 -0.915773 0.401695 3.02318e-16 -0.9694 0.245485 3.04861e-16 -0.977555 0.210679 3.10795e-16 -0.996584 0.0825794 1.91549e-16 -0.614213 0.789141 1.95917e-16 -0.62822 0.778036 2.29443e-16 -0.735724 0.677282 2.61079e-16 -0.837166 0.546948 2.34105e-16 -0.750672 0.660675 1.52093e-16 -0.487695 0.873014 1.48429e-16 -0.475947 0.879474 1.01261e-16 -0.324699 0.945817 1.03893e-16 -0.33314 0.942877 5.13305e-17 -0.164595 0.986361 5.27047e-17 -0.169001 0.985616 1 3.1186e-16 -3.02079e-32 1 3.1186e-16 -3.02079e-32 1 3.1186e-16 -3.02079e-32 1 3.1186e-16 -3.02079e-32 1 3.1186e-16 -3.02079e-32 1 3.1186e-16 -3.02079e-32 1 3.1186e-16 -3.02079e-32 1 3.1186e-16 -3.02079e-32 1 3.1186e-16 -3.02079e-32 1 3.1186e-16 -3.02079e-32 1 3.1186e-16 -3.02079e-32 1 3.1186e-16 -3.02079e-32 1 3.1186e-16 -3.02079e-32 1 3.1186e-16 -3.02079e-32 1 3.1186e-16 -3.02079e-32 1 3.1186e-16 -3.02079e-32 1 3.1186e-16 -3.02079e-32 1 3.1186e-16 -3.02079e-32 1 3.1186e-16 -3.02079e-32 1 3.1186e-16 -3.02079e-32 1 3.1186e-16 -3.02079e-32 1 3.1186e-16 -3.02079e-32 1 3.1186e-16 -3.02079e-32 1 3.1186e-16 -3.02079e-32 1 3.1186e-16 -3.02079e-32 1 3.1186e-16 -3.02079e-32 1 3.1186e-16 -3.02079e-32 1 3.1186e-16 -3.02079e-32 1 3.1186e-16 -3.02079e-32 1 3.1186e-16 -3.02079e-32 1 3.1186e-16 -3.02079e-32 1 3.1186e-16 -3.02079e-32 1 3.1186e-16 -3.02079e-32 1 3.1186e-16 -3.02079e-32 1 3.1186e-16 -3.02079e-32 1 3.1186e-16 -3.02079e-32 1 3.1186e-16 -3.02079e-32 1 3.1186e-16 -3.02079e-32 1 3.1186e-16 -3.02079e-32 1 3.1186e-16 -3.02079e-32 1 3.1186e-16 -3.02079e-32 1 3.1186e-16 -3.02079e-32 1 3.1186e-16 -3.02079e-32 1 3.1186e-16 -3.02079e-32 1 3.1186e-16 -3.02079e-32 1 3.1186e-16 -3.02079e-32 1 3.1186e-16 -3.02079e-32 1 3.1186e-16 -3.02079e-32 1 3.1186e-16 -3.02079e-32 1 3.1186e-16 -3.02079e-32 1 3.1186e-16 -3.02079e-32 1 3.1186e-16 -3.02079e-32 1 3.1186e-16 -3.02079e-32 1 3.1186e-16 -3.02079e-32 1 3.1186e-16 -3.02079e-32 1 3.1186e-16 -3.02079e-32 1 3.1186e-16 -3.02079e-32 1 3.1186e-16 -3.02079e-32 1 3.1186e-16 -3.02079e-32 1 3.1186e-16 -3.02079e-32 1 3.1186e-16 -3.02079e-32 1 3.1186e-16 -3.02079e-32 1 3.1186e-16 -3.02079e-32 1 3.1186e-16 -3.02079e-32 1 3.1186e-16 -3.02079e-32 1 3.1186e-16 -3.02079e-32 1 3.1186e-16 -3.02079e-32 1 3.1186e-16 -3.02079e-32 1 3.1186e-16 -3.02079e-32 1 3.1186e-16 -3.02079e-32 1 3.1186e-16 -3.02079e-32 1 3.1186e-16 -3.02079e-32 1 3.1186e-16 -3.02079e-32 1 3.1186e-16 -3.02079e-32 1 3.1186e-16 -3.02079e-32 1 3.1186e-16 -3.02079e-32 1 3.1186e-16 -3.02079e-32 1 3.1186e-16 -3.02079e-32 1 3.1186e-16 -3.02079e-32 1 3.1186e-16 -3.02079e-32 1 3.1186e-16 -3.02079e-32 1 3.1186e-16 -3.02079e-32 1 3.1186e-16 -3.02079e-32 1 3.1186e-16 -3.02079e-32 1 3.1186e-16 -3.02079e-32 1 3.1186e-16 -3.02079e-32 1 3.1186e-16 -3.02079e-32 1 3.1186e-16 -3.02079e-32 1 3.1186e-16 -3.02079e-32 1 3.1186e-16 -3.02079e-32 1 3.1186e-16 -3.02079e-32 1 3.1186e-16 -3.02079e-32 1 3.1186e-16 -3.02079e-32 1 3.1186e-16 -3.02079e-32 1 3.1186e-16 -3.02079e-32 1 3.1186e-16 -3.02079e-32 1 3.1186e-16 -3.02079e-32 1 3.1186e-16 -3.02079e-32 1 3.1186e-16 -3.02079e-32 1 3.1186e-16 -3.02079e-32 1 3.1186e-16 -3.02079e-32 1 3.1186e-16 -3.02079e-32 1 3.1186e-16 -3.02079e-32 1 3.1186e-16 -3.02079e-32 1 3.1186e-16 -3.02079e-32 1 3.1186e-16 -3.02079e-32 1 3.1186e-16 -3.02079e-32 1 3.1186e-16 -3.02079e-32 1 3.1186e-16 -3.02079e-32 1 3.1186e-16 -3.02079e-32 1 3.1186e-16 -3.02079e-32 1 3.1186e-16 -3.02079e-32 1 3.1186e-16 -3.02079e-32 1 3.1186e-16 -3.02079e-32 1 3.1186e-16 -3.02079e-32 1 3.1186e-16 -3.02079e-32 1 3.1186e-16 -3.02079e-32 1 3.1186e-16 -3.02079e-32 1 3.1186e-16 -3.02079e-32 1 3.1186e-16 -3.02079e-32 1 3.1186e-16 -3.02079e-32 1 3.1186e-16 -3.02079e-32 1 3.1186e-16 -3.02079e-32 1 3.1186e-16 -3.02079e-32 1 3.1186e-16 -3.02079e-32 1 3.1186e-16 -3.02079e-32 1 3.1186e-16 -3.02079e-32 1 3.1186e-16 -3.02079e-32 1 3.1186e-16 -3.02079e-32 1 3.1186e-16 -3.02079e-32 1 3.1186e-16 -3.02079e-32 1 3.1186e-16 -3.02079e-32 1 3.1186e-16 -3.02079e-32 1 3.1186e-16 -3.02079e-32 1 3.1186e-16 -3.02079e-32 1 3.1186e-16 -3.02079e-32 1 3.1186e-16 -3.02079e-32 1 3.1186e-16 -3.02079e-32 1 3.1186e-16 -3.02079e-32 1 3.1186e-16 -3.02079e-32 1 3.1186e-16 -3.02079e-32 1 3.1186e-16 -3.02079e-32 1 3.1186e-16 -3.02079e-32 1 3.1186e-16 -3.02079e-32 1 3.1186e-16 -3.02079e-32 1 3.1186e-16 -3.02079e-32 1 3.1186e-16 -3.02079e-32 1 3.1186e-16 -3.02079e-32 1 3.1186e-16 -3.02079e-32 1 3.1186e-16 -3.02079e-32 1 3.1186e-16 -3.02079e-32 1 3.1186e-16 -3.02079e-32 1 3.1186e-16 -3.02079e-32 1 3.1186e-16 -3.02079e-32 1 3.1186e-16 -3.02079e-32 1 3.1186e-16 -3.02079e-32 1 3.1186e-16 -3.02079e-32 1 3.1186e-16 -3.02079e-32 1 3.1186e-16 -3.02079e-32 1 3.1186e-16 -3.02079e-32 1 3.1186e-16 -3.02079e-32 1 3.1186e-16 -3.02079e-32 1 3.1186e-16 -3.02079e-32 1 3.1186e-16 -3.02079e-32 1 3.1186e-16 -3.02079e-32 1 3.1186e-16 -3.02079e-32 1 3.1186e-16 -3.02079e-32 1 3.1186e-16 -3.02079e-32 1 3.1186e-16 -3.02079e-32 1 3.1186e-16 -3.02079e-32 1 3.1186e-16 -3.02079e-32 1 3.1186e-16 -3.02079e-32 1 3.1186e-16 -3.02079e-32 1 3.1186e-16 -3.02079e-32 1 3.1186e-16 -3.02079e-32 1 3.1186e-16 -3.02079e-32 1 3.1186e-16 -3.02079e-32 1 3.1186e-16 -3.02079e-32 1 3.1186e-16 -3.02079e-32 1 3.1186e-16 -3.02079e-32 1 3.1186e-16 -3.02079e-32 1 3.1186e-16 -3.02079e-32 1 3.1186e-16 -3.02079e-32 1 3.1186e-16 -3.02079e-32 1 3.1186e-16 -3.02079e-32 1 3.1186e-16 -3.02079e-32 1 3.1186e-16 -3.02079e-32 1 3.1186e-16 -3.02079e-32 1 3.1186e-16 -3.02079e-32 1 3.1186e-16 -3.02079e-32 1 3.1186e-16 -3.02079e-32 1 3.1186e-16 -3.02079e-32 1 3.1186e-16 -3.02079e-32 1 3.1186e-16 -3.02079e-32 1 3.1186e-16 -3.02079e-32 1 3.1186e-16 -3.02079e-32 1 3.1186e-16 -3.02079e-32 1 3.1186e-16 -3.02079e-32 1 3.1186e-16 -3.02079e-32 1 3.1186e-16 -3.02079e-32 1 3.1186e-16 -3.02079e-32 1 3.1186e-16 -3.02079e-32 1 3.1186e-16 -3.02079e-32 1 3.1186e-16 -3.02079e-32 1 3.1186e-16 -3.02079e-32 1 3.1186e-16 -3.02079e-32 1 3.1186e-16 -3.02079e-32 1 3.1186e-16 -3.02079e-32 1 3.1186e-16 -3.02079e-32 1 3.1186e-16 -3.02079e-32 1 3.1186e-16 -3.02079e-32 1 3.1186e-16 -3.02079e-32 1 3.1186e-16 -3.02079e-32 1 3.1186e-16 -3.02079e-32 1 3.1186e-16 -3.02079e-32 1 3.1186e-16 -3.02079e-32 1 3.1186e-16 -3.02079e-32 1 3.1186e-16 -3.02079e-32 1 3.1186e-16 -3.02079e-32 1 3.1186e-16 -3.02079e-32 1 3.1186e-16 -3.02079e-32 1 3.1186e-16 -3.02079e-32 1 3.1186e-16 -3.02079e-32 1 3.1186e-16 -3.02079e-32 1 3.1186e-16 -3.02079e-32 1 3.1186e-16 -3.02079e-32 1 3.1186e-16 -3.02079e-32 1 3.1186e-16 -3.02079e-32 1 3.1186e-16 -3.02079e-32 1 3.1186e-16 -3.02079e-32 1 3.1186e-16 -3.02079e-32 1 3.1186e-16 -3.02079e-32 1 3.1186e-16 -3.02079e-32 1 3.1186e-16 -3.02079e-32 1 3.1186e-16 -3.02079e-32 1 3.1186e-16 -3.02079e-32 1 3.1186e-16 -3.02079e-32 1 3.1186e-16 -3.02079e-32 1 3.1186e-16 -3.02079e-32 1 3.1186e-16 -3.02079e-32 1 3.1186e-16 -3.02079e-32 1 3.1186e-16 -3.02079e-32 1 3.1186e-16 -3.02079e-32 1 3.1186e-16 -3.02079e-32 1 3.1186e-16 -3.02079e-32 1 3.1186e-16 -3.02079e-32 1 3.1186e-16 -3.02079e-32 1 3.1186e-16 -3.02079e-32 1 3.1186e-16 -3.02079e-32 1 3.1186e-16 -3.02079e-32 1 3.1186e-16 -3.02079e-32 1 3.1186e-16 -3.02079e-32 1 3.1186e-16 -3.02079e-32 1 3.1186e-16 -3.02079e-32 1 3.1186e-16 -3.02079e-32 1 3.1186e-16 -3.02079e-32 1 3.1186e-16 -3.02079e-32 1 3.1186e-16 -3.02079e-32 1 3.1186e-16 -3.02079e-32 1 3.1186e-16 -3.02079e-32 1 3.1186e-16 -3.02079e-32 1 3.1186e-16 -3.02079e-32 1 3.1186e-16 -3.02079e-32 1 3.1186e-16 -3.02079e-32 1 3.1186e-16 -3.02079e-32 1 3.1186e-16 -3.02079e-32 1 3.1186e-16 -3.02079e-32 1 3.1186e-16 -3.02079e-32 -1 -3.1186e-16 3.02079e-32 -1 -3.1186e-16 3.02079e-32 -1 -3.1186e-16 3.02079e-32 -1 -3.1186e-16 3.02079e-32 -1 -3.1186e-16 3.02079e-32 -1 -3.1186e-16 3.02079e-32 -1 -3.1186e-16 3.02079e-32 -1 -3.1186e-16 3.02079e-32 -1 -3.1186e-16 3.02079e-32 -1 -3.1186e-16 3.02079e-32 -1 -3.1186e-16 3.02079e-32 -1 -3.1186e-16 3.02079e-32 -1 -3.1186e-16 3.02079e-32 -1 -3.1186e-16 3.02079e-32 -1 -3.1186e-16 3.02079e-32 -1 -3.1186e-16 3.02079e-32 -1 -3.1186e-16 3.02079e-32 -1 -3.1186e-16 3.02079e-32 -1 -3.1186e-16 3.02079e-32 -1 -3.1186e-16 3.02079e-32 -1 -3.1186e-16 3.02079e-32 -1 -3.1186e-16 3.02079e-32 -1 -3.1186e-16 3.02079e-32 -1 -3.1186e-16 3.02079e-32 -1 -3.1186e-16 3.02079e-32 -1 -3.1186e-16 3.02079e-32 -1 -3.1186e-16 3.02079e-32 -1 -3.1186e-16 3.02079e-32 -1 -3.1186e-16 3.02079e-32 -1 -3.1186e-16 3.02079e-32 -1 -3.1186e-16 3.02079e-32 -1 -3.1186e-16 3.02079e-32 -1 -3.1186e-16 3.02079e-32 -1 -3.1186e-16 3.02079e-32 -1 -3.1186e-16 3.02079e-32 -1 -3.1186e-16 3.02079e-32 -1 -3.1186e-16 3.02079e-32 -1 -3.1186e-16 3.02079e-32 -1 -3.1186e-16 3.02079e-32 -1 -3.1186e-16 3.02079e-32 -1 -3.1186e-16 3.02079e-32 -1 -3.1186e-16 3.02079e-32 -1 -3.1186e-16 3.02079e-32 -1 -3.1186e-16 3.02079e-32 -1 -3.1186e-16 3.02079e-32 -1 -3.1186e-16 3.02079e-32 -1 -3.1186e-16 3.02079e-32 -1 -3.1186e-16 3.02079e-32 -1 -3.1186e-16 3.02079e-32 -1 -3.1186e-16 3.02079e-32 -1 -3.1186e-16 3.02079e-32 -1 -3.1186e-16 3.02079e-32 -1 -3.1186e-16 3.02079e-32 -1 -3.1186e-16 3.02079e-32 -1 -3.1186e-16 3.02079e-32 -1 -3.1186e-16 3.02079e-32 -1 -3.1186e-16 3.02079e-32 -1 -3.1186e-16 3.02079e-32 -1 -3.1186e-16 3.02079e-32 -1 -3.1186e-16 3.02079e-32 -1 -3.1186e-16 3.02079e-32 -1 -3.1186e-16 3.02079e-32 -1 -3.1186e-16 3.02079e-32 -1 -3.1186e-16 3.02079e-32 -1 -3.1186e-16 3.02079e-32 -1 -3.1186e-16 3.02079e-32 -1 -3.1186e-16 3.02079e-32 -1 -3.1186e-16 3.02079e-32 -1 -3.1186e-16 3.02079e-32 -1 -3.1186e-16 3.02079e-32 -1 -3.1186e-16 3.02079e-32 -1 -3.1186e-16 3.02079e-32 -1 -3.1186e-16 3.02079e-32 -1 -3.1186e-16 3.02079e-32 -1 -3.1186e-16 3.02079e-32 -1 -3.1186e-16 3.02079e-32 -1 -3.1186e-16 3.02079e-32 -1 -3.1186e-16 3.02079e-32 -1 -3.1186e-16 3.02079e-32 -1 -3.1186e-16 3.02079e-32 -1 -3.1186e-16 3.02079e-32 -1 -3.1186e-16 3.02079e-32 -1 -3.1186e-16 3.02079e-32 -1 -3.1186e-16 3.02079e-32 -1 -3.1186e-16 3.02079e-32 -1 -3.1186e-16 3.02079e-32 -1 -3.1186e-16 3.02079e-32 -1 -3.1186e-16 3.02079e-32 -1 -3.1186e-16 3.02079e-32 -1 -3.1186e-16 3.02079e-32 -1 -3.1186e-16 3.02079e-32 -1 -3.1186e-16 3.02079e-32 -1 -3.1186e-16 3.02079e-32 -1 -3.1186e-16 3.02079e-32 -1 -3.1186e-16 3.02079e-32 -1 -3.1186e-16 3.02079e-32 -1 -3.1186e-16 3.02079e-32 -1 -3.1186e-16 3.02079e-32 -1 -3.1186e-16 3.02079e-32 -1 -3.1186e-16 3.02079e-32 -1 -3.1186e-16 3.02079e-32 -1 -3.1186e-16 3.02079e-32 -1 -3.1186e-16 3.02079e-32 -1 -3.1186e-16 3.02079e-32 -1 -3.1186e-16 3.02079e-32 -1 -3.1186e-16 3.02079e-32 -1 -3.1186e-16 3.02079e-32 -1 -3.1186e-16 3.02079e-32 -1 -3.1186e-16 3.02079e-32 -1 -3.1186e-16 3.02079e-32 -1 -3.1186e-16 3.02079e-32 -1 -3.1186e-16 3.02079e-32 -1 -3.1186e-16 3.02079e-32 -1 -3.1186e-16 3.02079e-32 -1 -3.1186e-16 3.02079e-32 -1 -3.1186e-16 3.02079e-32 -1 -3.1186e-16 3.02079e-32 -1 -3.1186e-16 3.02079e-32 -1 -3.1186e-16 3.02079e-32 -1 -3.1186e-16 3.02079e-32 -1 -3.1186e-16 3.02079e-32 -1 -3.1186e-16 3.02079e-32 -1 -3.1186e-16 3.02079e-32 -1 -3.1186e-16 3.02079e-32 -1 -3.1186e-16 3.02079e-32 -1 -3.1186e-16 3.02079e-32 -1 -3.1186e-16 3.02079e-32 -1 -3.1186e-16 3.02079e-32 -1 -3.1186e-16 3.02079e-32 -1 -3.1186e-16 3.02079e-32 -1 -3.1186e-16 3.02079e-32 -1 -3.1186e-16 3.02079e-32 -1 -3.1186e-16 3.02079e-32 -1 -3.1186e-16 3.02079e-32 -1 -3.1186e-16 3.02079e-32 -1 -3.1186e-16 3.02079e-32 -1 -3.1186e-16 3.02079e-32 -1 -3.1186e-16 3.02079e-32 -1 -3.1186e-16 3.02079e-32 -1 -3.1186e-16 3.02079e-32 -1 -3.1186e-16 3.02079e-32 -1 -3.1186e-16 3.02079e-32 -1 -3.1186e-16 3.02079e-32 -1 -3.1186e-16 3.02079e-32 -1 -3.1186e-16 3.02079e-32 -1 -3.1186e-16 3.02079e-32 -1 -3.1186e-16 3.02079e-32 -1 -3.1186e-16 3.02079e-32 -1 -3.1186e-16 3.02079e-32 -1 -3.1186e-16 3.02079e-32 -1 -3.1186e-16 3.02079e-32 -1 -3.1186e-16 3.02079e-32 -1 -3.1186e-16 3.02079e-32 -1 -3.1186e-16 3.02079e-32 -1 -3.1186e-16 3.02079e-32 -1 -3.1186e-16 3.02079e-32 -1 -3.1186e-16 3.02079e-32 -1 -3.1186e-16 3.02079e-32 -1 -3.1186e-16 3.02079e-32 -1 -3.1186e-16 3.02079e-32 -1 -3.1186e-16 3.02079e-32 -1 -3.1186e-16 3.02079e-32 -1 -3.1186e-16 3.02079e-32 -1 -3.1186e-16 3.02079e-32 -1 -3.1186e-16 3.02079e-32 -1 -3.1186e-16 3.02079e-32 -1 -3.1186e-16 3.02079e-32 -1 -3.1186e-16 3.02079e-32 -1 -3.1186e-16 3.02079e-32 -1 -3.1186e-16 3.02079e-32 -1 -3.1186e-16 3.02079e-32 -1 -3.1186e-16 3.02079e-32 -1 -3.1186e-16 3.02079e-32 -1 -3.1186e-16 3.02079e-32 -1 -3.1186e-16 3.02079e-32 -1 -3.1186e-16 3.02079e-32 -1 -3.1186e-16 3.02079e-32 -1 -3.1186e-16 3.02079e-32 -1 -3.1186e-16 3.02079e-32 -1 -3.1186e-16 3.02079e-32 -1 -3.1186e-16 3.02079e-32 -1 -3.1186e-16 3.02079e-32 -1 -3.1186e-16 3.02079e-32 -1 -3.1186e-16 3.02079e-32 -1 -3.1186e-16 3.02079e-32 -1 -3.1186e-16 3.02079e-32 -1 -3.1186e-16 3.02079e-32 -1 -3.1186e-16 3.02079e-32 -1 -3.1186e-16 3.02079e-32 -1 -3.1186e-16 3.02079e-32 -1 -3.1186e-16 3.02079e-32 -1 -3.1186e-16 3.02079e-32 -1 -3.1186e-16 3.02079e-32 -1 -3.1186e-16 3.02079e-32 -1 -3.1186e-16 3.02079e-32 -1 -3.1186e-16 3.02079e-32 -1 -3.1186e-16 3.02079e-32 -1 -3.1186e-16 3.02079e-32 -1 -3.1186e-16 3.02079e-32 -1 -3.1186e-16 3.02079e-32 -1 -3.1186e-16 3.02079e-32 -1 -3.1186e-16 3.02079e-32 -1 -3.1186e-16 3.02079e-32 -1 -3.1186e-16 3.02079e-32 -1 -3.1186e-16 3.02079e-32 -1 -3.1186e-16 3.02079e-32 -1 -3.1186e-16 3.02079e-32 -1 -3.1186e-16 3.02079e-32 -1 -3.1186e-16 3.02079e-32 -1 -3.1186e-16 3.02079e-32 -1 -3.1186e-16 3.02079e-32 -1 -3.1186e-16 3.02079e-32 -1 -3.1186e-16 3.02079e-32 -1 -3.1186e-16 3.02079e-32 -1 -3.1186e-16 3.02079e-32 -1 -3.1186e-16 3.02079e-32 -1 -3.1186e-16 3.02079e-32 -1 -3.1186e-16 3.02079e-32 -1 -3.1186e-16 3.02079e-32 -1 -3.1186e-16 3.02079e-32 -1 -3.1186e-16 3.02079e-32 -1 -3.1186e-16 3.02079e-32 -1 -3.1186e-16 3.02079e-32 -1 -3.1186e-16 3.02079e-32 -1 -3.1186e-16 3.02079e-32 -1 -3.1186e-16 3.02079e-32 -1 -3.1186e-16 3.02079e-32 -1 -3.1186e-16 3.02079e-32 -1 -3.1186e-16 3.02079e-32 -1 -3.1186e-16 3.02079e-32 -1 -3.1186e-16 3.02079e-32 -1 -3.1186e-16 3.02079e-32 -1 -3.1186e-16 3.02079e-32 -1 -3.1186e-16 3.02079e-32 -1 -3.1186e-16 3.02079e-32 -1 -3.1186e-16 3.02079e-32 -1 -3.1186e-16 3.02079e-32 -1 -3.1186e-16 3.02079e-32 -1 -3.1186e-16 3.02079e-32 -1 -3.1186e-16 3.02079e-32 -1 -3.1186e-16 3.02079e-32 -1 -3.1186e-16 3.02079e-32 -1 -3.1186e-16 3.02079e-32 -1 -3.1186e-16 3.02079e-32 -1 -3.1186e-16 3.02079e-32 -1 -3.1186e-16 3.02079e-32 -1 -3.1186e-16 3.02079e-32 -1 -3.1186e-16 3.02079e-32 -1 -3.1186e-16 3.02079e-32 -1 -3.1186e-16 3.02079e-32 -1 -3.1186e-16 3.02079e-32 -1 -3.1186e-16 3.02079e-32 -1 -3.1186e-16 3.02079e-32 -1 -3.1186e-16 3.02079e-32 -1 -3.1186e-16 3.02079e-32 -1 -3.1186e-16 3.02079e-32 -1 -3.1186e-16 3.02079e-32 -1 -3.1186e-16 3.02079e-32 -1 -3.1186e-16 3.02079e-32 -1 -3.1186e-16 3.02079e-32 -1 -3.1186e-16 3.02079e-32 -1 -3.1186e-16 3.02079e-32 -1 -3.1186e-16 3.02079e-32 -1 -3.1186e-16 3.02079e-32 -1 -3.1186e-16 3.02079e-32 -1 -3.1186e-16 3.02079e-32 -1 -3.1186e-16 3.02079e-32 -1 -3.1186e-16 3.02079e-32 -1 -3.1186e-16 3.02079e-32 -1 -3.1186e-16 3.02079e-32 -3.11757e-16 0.999668 -0.0257479 -3.11757e-16 0.999668 -0.0257479 -3.11757e-16 0.999668 0.0257479 -3.1093e-16 0.997018 -0.0771755 -3.1093e-16 0.997018 -0.0771755 -3.09279e-16 0.991723 -0.128398 -3.09279e-16 0.991723 -0.128398 -3.06808e-16 0.983798 -0.179281 -3.06808e-16 0.983798 -0.179281 -3.03523e-16 0.973264 -0.229688 -3.03523e-16 0.973264 -0.229688 -2.99433e-16 0.96015 -0.279486 -2.99433e-16 0.96015 -0.279486 -2.94549e-16 0.944489 -0.328542 -2.94549e-16 0.944489 -0.328542 -2.88884e-16 0.926324 -0.376728 -2.88884e-16 0.926324 -0.376728 -2.82453e-16 0.905702 -0.423914 -2.82453e-16 0.905702 -0.423914 -2.75273e-16 0.882679 -0.469977 -2.75273e-16 0.882679 -0.469977 -2.67362e-16 0.857315 -0.514793 -2.67362e-16 0.857315 -0.514793 -2.58743e-16 0.829677 -0.558244 -2.58743e-16 0.829677 -0.558244 -2.49438e-16 0.799839 -0.600214 -2.49438e-16 0.799839 -0.600214 -2.39472e-16 0.76788 -0.640593 -2.39472e-16 0.76788 -0.640593 -2.2887e-16 0.733885 -0.679273 -2.2887e-16 0.733885 -0.679273 -2.17661e-16 0.697944 -0.716152 -2.17661e-16 0.697944 -0.716152 -2.05875e-16 0.660152 -0.751132 -2.05875e-16 0.660152 -0.751132 -1.93544e-16 0.62061 -0.78412 -1.93544e-16 0.62061 -0.78412 -1.80699e-16 0.579421 -0.815028 -1.80699e-16 0.579421 -0.815028 -1.67374e-16 0.536696 -0.843776 -1.67374e-16 0.536696 -0.843776 -1.53606e-16 0.492548 -0.870285 -1.53606e-16 0.492548 -0.870285 -1.39431e-16 0.447094 -0.894487 -1.39431e-16 0.447094 -0.894487 -1.24886e-16 0.400454 -0.916317 -1.24886e-16 0.400454 -0.916317 -1.10009e-16 0.352752 -0.935717 -1.10009e-16 0.352752 -0.935717 -9.48414e-17 0.304115 -0.952635 -9.48414e-17 0.304115 -0.952635 -7.94218e-17 0.254671 -0.967028 -7.94218e-17 0.254671 -0.967028 -6.37917e-17 0.204552 -0.978856 -6.37917e-17 0.204552 -0.978856 -4.79924e-17 0.153891 -0.988088 -4.79924e-17 0.153891 -0.988088 -3.20658e-17 0.102821 -0.9947 -3.20658e-17 0.102821 -0.9947 -1.60542e-17 0.0514788 -0.998674 -1.60542e-17 0.0514788 -0.998674 -1.36319e-23 4.37114e-08 -1 -1.36319e-23 4.37114e-08 -1 -3.11757e-16 0.999668 0.0257479 -3.1093e-16 0.997018 0.0771754 -3.1093e-16 0.997018 0.0771757 -3.09279e-16 0.991723 0.128398 -3.09279e-16 0.991723 0.128398 -3.06808e-16 0.983798 0.179281 -3.06808e-16 0.983798 0.179281 -3.03523e-16 0.973264 0.229688 -3.03523e-16 0.973264 0.229688 -2.99433e-16 0.96015 0.279486 -2.99433e-16 0.96015 0.279486 -2.94549e-16 0.944489 0.328542 -2.94549e-16 0.944489 0.328542 -2.88884e-16 0.926324 0.376728 -2.88884e-16 0.926324 0.376728 -2.82453e-16 0.905702 0.423915 -2.82453e-16 0.905702 0.423915 -2.75273e-16 0.882679 0.469977 -2.75273e-16 0.882679 0.469977 -2.67363e-16 0.857315 0.514793 -2.67363e-16 0.857315 0.514793 -2.58743e-16 0.829677 0.558244 -2.58743e-16 0.829677 0.558244 -2.49438e-16 0.799839 0.600214 -2.49438e-16 0.799839 0.600214 -2.39472e-16 0.76788 0.640593 -2.39472e-16 0.76788 0.640593 -2.2887e-16 0.733885 0.679273 -2.2887e-16 0.733885 0.679273 -2.17661e-16 0.697944 0.716152 -2.17661e-16 0.697944 0.716152 -2.05875e-16 0.660152 0.751132 -2.05875e-16 0.660152 0.751132 -1.93544e-16 0.62061 0.78412 -1.93544e-16 0.62061 0.78412 -1.80698e-16 0.579421 0.815028 -1.80698e-16 0.579421 0.815028 -1.67374e-16 0.536696 0.843775 -1.67374e-16 0.536696 0.843775 -1.53606e-16 0.492548 0.870285 -1.53606e-16 0.492548 0.870285 -1.39431e-16 0.447094 0.894487 -1.39431e-16 0.447094 0.894487 -1.24886e-16 0.400454 0.916317 -1.24886e-16 0.400454 0.916317 -1.10009e-16 0.352752 0.935717 -1.10009e-16 0.352752 0.935717 -9.48414e-17 0.304115 0.952635 -9.48414e-17 0.304115 0.952635 -7.94219e-17 0.254671 0.967028 -7.94219e-17 0.254671 0.967028 -6.37917e-17 0.204552 0.978856 -6.37917e-17 0.204552 0.978856 -4.79924e-17 0.153891 0.988088 -4.79924e-17 0.153891 0.988088 -3.20658e-17 0.102821 0.9947 -3.20658e-17 0.102821 0.9947 -1.60541e-17 0.0514785 0.998674 -1.60541e-17 0.0514785 0.998674 3.7189e-24 -1.19249e-08 1 3.7189e-24 -1.19249e-08 1 -2.20519e-16 0.707107 -0.707107 -1.83307e-16 0.587785 -0.809017 -2.20519e-16 0.707107 -0.707107 -1.41582e-16 0.45399 -0.891007 -1.83307e-16 0.587785 -0.809017 -1.41582e-16 0.45399 -0.891007 -9.63701e-17 0.309017 -0.951057 -9.63701e-17 0.309017 -0.951057 -4.87857e-17 0.156435 -0.987688 -1.85945e-24 5.96244e-09 -1 -4.87857e-17 0.156435 -0.987688 -1.85945e-24 5.96244e-09 -1 -2.523e-16 0.809017 -0.587785 -2.523e-16 0.809017 -0.587785 -2.7787e-16 0.891007 -0.453991 -2.96597e-16 0.951057 -0.309017 -2.7787e-16 0.891007 -0.453991 -2.96597e-16 0.951057 -0.309017 -3.08021e-16 0.987688 -0.156435 -3.08021e-16 0.987688 -0.156434 -3.1186e-16 1 -6.95355e-08 -3.1186e-16 1 1.68883e-07 -3.1186e-16 1 6.12323e-17 -3.1186e-16 1 6.12323e-17 -3.1186e-16 1 6.12323e-17 -3.1186e-16 1 6.12323e-17 -2.20519e-16 0.707107 0.707107 -2.523e-16 0.809017 0.587785 -2.20519e-16 0.707107 0.707107 -2.7787e-16 0.891007 0.45399 -2.523e-16 0.809017 0.587785 -2.7787e-16 0.891007 0.45399 -2.96597e-16 0.951057 0.309017 -2.96597e-16 0.951057 0.309017 -3.08021e-16 0.987688 0.156435 -3.1186e-16 1 5.96244e-09 -3.08021e-16 0.987688 0.156435 -3.1186e-16 1 5.96244e-09 -1.83307e-16 0.587785 0.809017 -1.83307e-16 0.587785 0.809017 -1.41582e-16 0.453991 0.891007 -9.63702e-17 0.309017 0.951057 -1.41582e-16 0.453991 0.891007 -9.63702e-17 0.309017 0.951057 -4.87858e-17 0.156435 0.987688 -4.87857e-17 0.156434 0.987688 -2.16854e-23 6.95355e-08 1 5.2668e-23 -1.68883e-07 1 -2.20519e-16 0.707107 -0.707107 -1.83307e-16 0.587785 -0.809017 -2.20519e-16 0.707107 -0.707107 -1.41582e-16 0.45399 -0.891007 -1.83307e-16 0.587785 -0.809017 -1.41582e-16 0.45399 -0.891007 -9.63701e-17 0.309017 -0.951057 -9.63701e-17 0.309017 -0.951057 -4.87857e-17 0.156435 -0.987688 -1.85945e-24 5.96244e-09 -1 -4.87857e-17 0.156435 -0.987688 -1.85945e-24 5.96244e-09 -1 -2.523e-16 0.809017 -0.587785 -2.523e-16 0.809017 -0.587785 -2.7787e-16 0.891007 -0.453991 -2.96597e-16 0.951057 -0.309017 -2.7787e-16 0.891007 -0.453991 -2.96597e-16 0.951057 -0.309017 -3.08021e-16 0.987688 -0.156435 -3.08021e-16 0.987688 -0.156434 -3.1186e-16 1 -6.95355e-08 -3.1186e-16 1 1.68883e-07 -3.1186e-16 1 6.12323e-17 -3.1186e-16 1 6.12323e-17 -3.1186e-16 1 6.12323e-17 -3.1186e-16 1 6.12323e-17 -2.20519e-16 0.707107 0.707107 -2.523e-16 0.809017 0.587785 -2.20519e-16 0.707107 0.707107 -2.7787e-16 0.891007 0.45399 -2.523e-16 0.809017 0.587785 -2.7787e-16 0.891007 0.45399 -2.96597e-16 0.951057 0.309017 -2.96597e-16 0.951057 0.309017 -3.08021e-16 0.987688 0.156435 -3.1186e-16 1 5.96244e-09 -3.08021e-16 0.987688 0.156435 -3.1186e-16 1 5.96244e-09 -1.83307e-16 0.587785 0.809017 -1.83307e-16 0.587785 0.809017 -1.41582e-16 0.453991 0.891007 -9.63702e-17 0.309017 0.951057 -1.41582e-16 0.453991 0.891007 -9.63702e-17 0.309017 0.951057 -4.87858e-17 0.156435 0.987688 -4.87857e-17 0.156434 0.987688 -2.16854e-23 6.95355e-08 1 5.2668e-23 -1.68883e-07 1 7.46331e-17 -0.239316 -0.970942 7.46331e-17 -0.239316 -0.970942 3.75906e-17 -0.120537 -0.992709 2.16854e-23 -6.95355e-08 -1 -5.2668e-23 1.68883e-07 -1 3.75907e-17 -0.120537 -0.992709 1.44929e-16 -0.464723 -0.885456 1.77157e-16 -0.568065 -0.822984 1.77157e-16 -0.568065 -0.822984 1.44929e-16 -0.464723 -0.885456 1.10587e-16 -0.354605 -0.935016 1.10587e-16 -0.354605 -0.935016 2.56656e-16 -0.822984 -0.568065 2.56656e-16 -0.822984 -0.568065 2.33431e-16 -0.748511 -0.663123 2.33431e-16 -0.748511 -0.663123 2.06802e-16 -0.663123 -0.748511 2.06802e-16 -0.663123 -0.748511 3.02798e-16 -0.970942 -0.239316 2.91595e-16 -0.935016 -0.354605 2.91595e-16 -0.935016 -0.354605 2.76139e-16 -0.885456 -0.464723 2.76139e-16 -0.885456 -0.464723 3.09587e-16 -0.992709 -0.120537 3.02798e-16 -0.970942 -0.239316 3.09587e-16 -0.992709 -0.120537 3.1186e-16 -1 -5.96245e-09 3.1186e-16 -1 -5.96245e-09 3.1186e-16 -1 -6.12323e-17 3.1186e-16 -1 -6.12323e-17 3.1186e-16 -1 -6.12323e-17 3.1186e-16 -1 -6.12323e-17 3.09587e-16 -0.992709 0.120537 3.1186e-16 -1 5.96244e-09 3.1186e-16 -1 5.96244e-09 2.76139e-16 -0.885456 0.464723 2.91595e-16 -0.935016 0.354605 2.91595e-16 -0.935016 0.354605 3.02798e-16 -0.970942 0.239316 3.02798e-16 -0.970942 0.239316 3.09587e-16 -0.992709 0.120537 2.33431e-16 -0.748511 0.663123 2.33431e-16 -0.748511 0.663123 2.06802e-16 -0.663123 0.748511 2.76139e-16 -0.885456 0.464723 2.56656e-16 -0.822984 0.568065 2.56656e-16 -0.822984 0.568065 1.44929e-16 -0.464723 0.885456 1.10587e-16 -0.354605 0.935016 1.44929e-16 -0.464723 0.885456 1.77157e-16 -0.568065 0.822984 1.77157e-16 -0.568065 0.822984 2.06802e-16 -0.663123 0.748511 1.10587e-16 -0.354605 0.935016 7.46331e-17 -0.239316 0.970942 7.46331e-17 -0.239316 0.970942 3.75907e-17 -0.120537 0.992709 3.75906e-17 -0.120537 0.992709 2.16854e-23 -6.95355e-08 1 -5.2668e-23 1.68883e-07 1 4.93038e-32 -6.12323e-17 1 4.93038e-32 -6.12323e-17 1 4.93038e-32 -6.12323e-17 1 4.93038e-32 -6.12323e-17 1 3.11579e-16 -0.999099 -0.0424412 3.11579e-16 -0.999099 0.0424411 3.11579e-16 -0.999099 -0.0424412 3.09334e-16 -0.9919 -0.127018 3.09334e-16 -0.9919 -0.127018 3.04861e-16 -0.977555 -0.210679 3.04861e-16 -0.977555 -0.210679 2.98191e-16 -0.956167 -0.292823 2.98191e-16 -0.956167 -0.292823 2.89372e-16 -0.927889 -0.372856 2.89372e-16 -0.927889 -0.372856 2.78468e-16 -0.892926 -0.450204 2.78468e-16 -0.892926 -0.450204 2.65558e-16 -0.851529 -0.524307 2.65558e-16 -0.851529 -0.524307 2.50735e-16 -0.803997 -0.594633 2.50735e-16 -0.803997 -0.594633 2.34105e-16 -0.750672 -0.660675 2.34105e-16 -0.750672 -0.660675 2.15788e-16 -0.691939 -0.721956 2.15788e-16 -0.691939 -0.721956 1.95917e-16 -0.62822 -0.778036 1.95917e-16 -0.62822 -0.778036 1.74634e-16 -0.559975 -0.82851 1.74634e-16 -0.559975 -0.82851 1.52093e-16 -0.487695 -0.873014 1.52093e-16 -0.487695 -0.873014 1.28456e-16 -0.411901 -0.911229 1.28456e-16 -0.411901 -0.911229 1.03893e-16 -0.33314 -0.942877 1.03893e-16 -0.33314 -0.942877 7.8582e-17 -0.251978 -0.967733 7.8582e-17 -0.251978 -0.967733 5.27047e-17 -0.169001 -0.985616 5.27047e-17 -0.169001 -0.985616 2.64476e-17 -0.084806 -0.996397 2.64476e-17 -0.084806 -0.996397 1.36319e-23 -4.37114e-08 -1 1.36319e-23 -4.37114e-08 -1 3.11579e-16 -0.999099 0.0424411 3.09334e-16 -0.9919 0.127018 3.09334e-16 -0.9919 0.127018 3.04861e-16 -0.977555 0.210679 3.04861e-16 -0.977555 0.210679 2.98191e-16 -0.956167 0.292823 2.98191e-16 -0.956167 0.292823 2.89372e-16 -0.927889 0.372857 2.89372e-16 -0.927889 0.372857 2.78468e-16 -0.892926 0.450204 2.78468e-16 -0.892926 0.450204 2.65558e-16 -0.851529 0.524307 2.65558e-16 -0.851529 0.524307 2.50735e-16 -0.803997 0.594633 2.50735e-16 -0.803997 0.594633 2.34105e-16 -0.750672 0.660675 2.34105e-16 -0.750672 0.660675 2.15788e-16 -0.691939 0.721956 2.15788e-16 -0.691939 0.721956 1.95917e-16 -0.62822 0.778036 1.95917e-16 -0.62822 0.778036 1.74634e-16 -0.559975 0.82851 1.74634e-16 -0.559975 0.82851 1.52093e-16 -0.487695 0.873014 1.52093e-16 -0.487695 0.873014 1.28456e-16 -0.411901 0.911228 1.28456e-16 -0.411901 0.911228 1.03893e-16 -0.33314 0.942877 1.03893e-16 -0.33314 0.942877 7.85819e-17 -0.251978 0.967733 7.85819e-17 -0.251978 0.967733 5.27047e-17 -0.169001 0.985616 5.27047e-17 -0.169001 0.985616 2.64476e-17 -0.084806 0.996397 2.64476e-17 -0.084806 0.996397 -3.7189e-24 1.19249e-08 1 -3.7189e-24 1.19249e-08 1 -4.93038e-32 6.12323e-17 -1 -4.93038e-32 6.12323e-17 -1 -4.93038e-32 6.12323e-17 -1 -4.93038e-32 6.12323e-17 -1 1.85945e-24 -5.96244e-09 -1 3.75906e-17 -0.120537 -0.992709 3.75906e-17 -0.120537 -0.992709 1.10587e-16 -0.354605 -0.935016 7.46331e-17 -0.239316 -0.970942 7.46331e-17 -0.239316 -0.970942 2.06802e-16 -0.663123 -0.748511 1.77157e-16 -0.568065 -0.822984 1.77157e-16 -0.568065 -0.822984 1.44929e-16 -0.464723 -0.885456 1.10587e-16 -0.354605 -0.935016 1.44929e-16 -0.464723 -0.885456 2.56656e-16 -0.822984 -0.568065 2.56656e-16 -0.822984 -0.568065 2.76139e-16 -0.885456 -0.464723 2.06802e-16 -0.663123 -0.748511 2.33431e-16 -0.748511 -0.663123 2.33431e-16 -0.748511 -0.663123 2.91595e-16 -0.935016 -0.354605 2.91595e-16 -0.935016 -0.354605 3.02798e-16 -0.970942 -0.239316 2.76139e-16 -0.885456 -0.464723 3.09587e-16 -0.992709 -0.120537 3.02798e-16 -0.970942 -0.239316 3.09587e-16 -0.992709 -0.120537 3.1186e-16 -1 -6.95355e-08 3.1186e-16 -1 -6.95355e-08 1.85945e-24 -5.96244e-09 -1 3.1186e-16 -1 -6.12323e-17 3.1186e-16 -1 -6.12323e-17 3.1186e-16 -1 -6.12323e-17 3.1186e-16 -1 -6.12323e-17 3.09587e-16 -0.992709 0.120537 3.1186e-16 -1 5.96244e-09 3.1186e-16 -1 5.96244e-09 2.76139e-16 -0.885456 0.464723 2.91595e-16 -0.935016 0.354605 2.91595e-16 -0.935016 0.354605 3.02798e-16 -0.970942 0.239316 3.02798e-16 -0.970942 0.239316 3.09587e-16 -0.992709 0.120537 2.33431e-16 -0.748511 0.663123 2.33431e-16 -0.748511 0.663123 2.06802e-16 -0.663123 0.748511 2.76139e-16 -0.885456 0.464723 2.56656e-16 -0.822984 0.568065 2.56656e-16 -0.822984 0.568065 1.44929e-16 -0.464723 0.885456 1.10587e-16 -0.354605 0.935016 1.44929e-16 -0.464723 0.885456 1.77157e-16 -0.568065 0.822984 1.77157e-16 -0.568065 0.822984 2.06802e-16 -0.663123 0.748511 1.10587e-16 -0.354605 0.935016 7.46331e-17 -0.239316 0.970942 7.46331e-17 -0.239316 0.970942 3.75907e-17 -0.120537 0.992709 3.75906e-17 -0.120537 0.992709 2.16854e-23 -6.95355e-08 1 -5.2668e-23 1.68883e-07 1 7.46331e-17 -0.239316 -0.970942 7.46332e-17 -0.239316 -0.970942 1.10587e-16 -0.354605 -0.935016 -5.45274e-23 1.74846e-07 -1 3.75906e-17 -0.120537 -0.992709 3.75907e-17 -0.120537 -0.992709 1.77157e-16 -0.568065 -0.822984 2.06802e-16 -0.663123 -0.748511 1.77157e-16 -0.568065 -0.822984 1.44929e-16 -0.464723 -0.885456 1.10587e-16 -0.354605 -0.935016 1.44929e-16 -0.464723 -0.885456 2.56656e-16 -0.822984 -0.568065 2.56656e-16 -0.822984 -0.568065 2.76139e-16 -0.885456 -0.464723 2.33431e-16 -0.748511 -0.663123 2.06802e-16 -0.663122 -0.748511 2.33431e-16 -0.748511 -0.663123 3.09587e-16 -0.992709 -0.120537 3.02798e-16 -0.970942 -0.239316 3.02798e-16 -0.970942 -0.239316 2.91595e-16 -0.935016 -0.354605 2.91595e-16 -0.935016 -0.354605 2.76139e-16 -0.885456 -0.464723 3.09587e-16 -0.992709 0.120537 3.02798e-16 -0.970942 0.239316 3.09587e-16 -0.992709 0.120537 3.09587e-16 -0.992709 -0.120537 3.1186e-16 -1 -1.19249e-08 3.1186e-16 -1 -1.19249e-08 2.76139e-16 -0.885456 0.464723 2.76139e-16 -0.885456 0.464723 2.56656e-16 -0.822984 0.568065 2.91595e-16 -0.935016 0.354605 3.02798e-16 -0.970942 0.239315 2.91595e-16 -0.935016 0.354605 1.77157e-16 -0.568065 0.822984 2.06802e-16 -0.663123 0.748511 2.06802e-16 -0.663123 0.748511 2.33431e-16 -0.748511 0.663123 2.33431e-16 -0.748511 0.663123 2.56656e-16 -0.822984 0.568065 1.10587e-16 -0.354605 0.935016 7.46331e-17 -0.239316 0.970942 1.10587e-16 -0.354605 0.935016 1.77157e-16 -0.568065 0.822984 1.44929e-16 -0.464723 0.885456 1.44929e-16 -0.464723 0.885456 -4.70896e-23 1.50996e-07 1 2.72637e-23 -8.74228e-08 1 -3.75907e-17 0.120537 0.992709 3.75907e-17 -0.120537 0.992709 7.46331e-17 -0.239316 0.970942 3.75907e-17 -0.120537 0.992709 -1.44929e-16 0.464723 0.885456 -1.10587e-16 0.354605 0.935016 -1.10587e-16 0.354605 0.935016 -7.46331e-17 0.239316 0.970942 -7.46331e-17 0.239316 0.970942 -3.75906e-17 0.120537 0.992709 -2.06802e-16 0.663123 0.748511 -2.33431e-16 0.748511 0.663123 -2.06802e-16 0.663123 0.748511 -1.44929e-16 0.464723 0.885456 -1.77157e-16 0.568065 0.822984 -1.77157e-16 0.568065 0.822984 -2.76139e-16 0.885456 0.464723 -2.76139e-16 0.885456 0.464723 -2.91595e-16 0.935016 0.354605 -2.56656e-16 0.822984 0.568065 -2.33431e-16 0.748511 0.663123 -2.56656e-16 0.822984 0.568065 -3.1186e-16 1 4.37114e-08 -3.09587e-16 0.992709 0.120537 -3.09587e-16 0.992709 0.120537 -3.02798e-16 0.970942 0.239316 -3.02798e-16 0.970942 0.239316 -2.91595e-16 0.935016 0.354605 -3.09587e-16 0.992709 -0.120537 -3.1186e-16 1 -7.54979e-08 -3.09587e-16 0.992709 -0.120537 -3.02798e-16 0.970942 -0.239316 -3.02798e-16 0.970942 -0.239316 -2.91595e-16 0.935016 -0.354605 -2.91595e-16 0.935016 -0.354605 -2.76139e-16 0.885456 -0.464723 -2.76139e-16 0.885456 -0.464723 -2.56656e-16 0.822984 -0.568065 -2.56656e-16 0.822984 -0.568065 -2.33431e-16 0.748511 -0.663123 -2.33431e-16 0.748511 -0.663123 -2.06802e-16 0.663123 -0.748511 -2.06802e-16 0.663123 -0.748511 -1.77157e-16 0.568065 -0.822984 -1.77157e-16 0.568065 -0.822984 -1.44929e-16 0.464723 -0.885456 -1.44929e-16 0.464723 -0.885456 -1.10587e-16 0.354605 -0.935016 -1.10587e-16 0.354605 -0.935016 -7.46331e-17 0.239316 -0.970942 -7.46331e-17 0.239316 -0.970942 -3.75906e-17 0.120537 -0.992709 -3.75906e-17 0.120537 -0.992709 -4.93038e-32 6.12323e-17 -1 7.46331e-17 -0.239316 -0.970942 7.46332e-17 -0.239316 -0.970942 1.10587e-16 -0.354605 -0.935016 -5.45274e-23 1.74846e-07 -1 3.75906e-17 -0.120537 -0.992709 3.75907e-17 -0.120537 -0.992709 1.77157e-16 -0.568065 -0.822984 2.06802e-16 -0.663123 -0.748511 1.77157e-16 -0.568065 -0.822984 1.44929e-16 -0.464723 -0.885456 1.10587e-16 -0.354605 -0.935016 1.44929e-16 -0.464723 -0.885456 2.56656e-16 -0.822984 -0.568065 2.56656e-16 -0.822984 -0.568065 2.76139e-16 -0.885456 -0.464723 2.33431e-16 -0.748511 -0.663123 2.06802e-16 -0.663122 -0.748511 2.33431e-16 -0.748511 -0.663123 3.09587e-16 -0.992709 -0.120537 3.02798e-16 -0.970942 -0.239316 3.02798e-16 -0.970942 -0.239316 2.91595e-16 -0.935016 -0.354605 2.91595e-16 -0.935016 -0.354605 2.76139e-16 -0.885456 -0.464723 3.09587e-16 -0.992709 0.120537 3.02798e-16 -0.970942 0.239316 3.09587e-16 -0.992709 0.120537 3.09587e-16 -0.992709 -0.120537 3.1186e-16 -1 -1.19249e-08 3.1186e-16 -1 -1.19249e-08 2.76139e-16 -0.885456 0.464723 2.76139e-16 -0.885456 0.464723 2.56656e-16 -0.822984 0.568065 2.91595e-16 -0.935016 0.354605 3.02798e-16 -0.970942 0.239315 2.91595e-16 -0.935016 0.354605 1.77157e-16 -0.568065 0.822984 2.06802e-16 -0.663123 0.748511 2.06802e-16 -0.663123 0.748511 2.33431e-16 -0.748511 0.663123 2.33431e-16 -0.748511 0.663123 2.56656e-16 -0.822984 0.568065 1.10587e-16 -0.354605 0.935016 7.46331e-17 -0.239316 0.970942 1.10587e-16 -0.354605 0.935016 1.77157e-16 -0.568065 0.822984 1.44929e-16 -0.464723 0.885456 1.44929e-16 -0.464723 0.885456 -4.70896e-23 1.50996e-07 1 2.72637e-23 -8.74228e-08 1 -3.75907e-17 0.120537 0.992709 3.75907e-17 -0.120537 0.992709 7.46331e-17 -0.239316 0.970942 3.75907e-17 -0.120537 0.992709 -1.44929e-16 0.464723 0.885456 -1.10587e-16 0.354605 0.935016 -1.10587e-16 0.354605 0.935016 -7.46331e-17 0.239316 0.970942 -7.46331e-17 0.239316 0.970942 -3.75906e-17 0.120537 0.992709 -2.06802e-16 0.663123 0.748511 -2.33431e-16 0.748511 0.663123 -2.06802e-16 0.663123 0.748511 -1.44929e-16 0.464723 0.885456 -1.77157e-16 0.568065 0.822984 -1.77157e-16 0.568065 0.822984 -2.76139e-16 0.885456 0.464723 -2.76139e-16 0.885456 0.464723 -2.91595e-16 0.935016 0.354605 -2.56656e-16 0.822984 0.568065 -2.33431e-16 0.748511 0.663123 -2.56656e-16 0.822984 0.568065 -3.1186e-16 1 4.37114e-08 -3.09587e-16 0.992709 0.120537 -3.09587e-16 0.992709 0.120537 -3.02798e-16 0.970942 0.239316 -3.02798e-16 0.970942 0.239316 -2.91595e-16 0.935016 0.354605 -3.09587e-16 0.992709 -0.120537 -3.1186e-16 1 -7.54979e-08 -3.09587e-16 0.992709 -0.120537 -3.02798e-16 0.970942 -0.239316 -3.02798e-16 0.970942 -0.239316 -2.91595e-16 0.935016 -0.354605 -2.91595e-16 0.935016 -0.354605 -2.76139e-16 0.885456 -0.464723 -2.76139e-16 0.885456 -0.464723 -2.56656e-16 0.822984 -0.568065 -2.56656e-16 0.822984 -0.568065 -2.33431e-16 0.748511 -0.663123 -2.33431e-16 0.748511 -0.663123 -2.06802e-16 0.663123 -0.748511 -2.06802e-16 0.663123 -0.748511 -1.77157e-16 0.568065 -0.822984 -1.77157e-16 0.568065 -0.822984 -1.44929e-16 0.464723 -0.885456 -1.44929e-16 0.464723 -0.885456 -1.10587e-16 0.354605 -0.935016 -1.10587e-16 0.354605 -0.935016 -7.46331e-17 0.239316 -0.970942 -7.46331e-17 0.239316 -0.970942 -3.75906e-17 0.120537 -0.992709 -3.75906e-17 0.120537 -0.992709 -4.93038e-32 6.12323e-17 -1 7.46331e-17 -0.239316 -0.970942 3.75906e-17 -0.120537 -0.992709 7.46332e-17 -0.239316 -0.970942 -5.45274e-23 1.74846e-07 -1 3.75906e-17 -0.120537 -0.992709 9.41792e-23 -3.01992e-07 -1 1.44929e-16 -0.464723 -0.885456 1.77157e-16 -0.568065 -0.822984 1.77157e-16 -0.568065 -0.822984 1.44929e-16 -0.464723 -0.885456 1.10587e-16 -0.354605 -0.935016 1.10587e-16 -0.354605 -0.935016 2.56656e-16 -0.822984 -0.568065 2.33431e-16 -0.748511 -0.663123 2.56656e-16 -0.822984 -0.568065 2.33431e-16 -0.748511 -0.663123 2.06802e-16 -0.663123 -0.748511 2.06802e-16 -0.663123 -0.748511 3.02798e-16 -0.970942 -0.239316 3.02798e-16 -0.970942 -0.239315 2.91595e-16 -0.935016 -0.354605 2.76139e-16 -0.885456 -0.464723 2.91595e-16 -0.935016 -0.354605 2.76139e-16 -0.885456 -0.464723 3.1186e-16 -1 -1.19249e-08 3.09587e-16 -0.992709 0.120537 3.09587e-16 -0.992709 0.120537 3.09587e-16 -0.992709 -0.120537 3.09587e-16 -0.992709 -0.120537 3.1186e-16 -1 -1.19249e-08 2.76139e-16 -0.885456 0.464723 2.91595e-16 -0.935016 0.354605 2.76139e-16 -0.885456 0.464723 2.91595e-16 -0.935016 0.354605 3.02798e-16 -0.970942 0.239316 3.02798e-16 -0.970942 0.239316 2.06802e-16 -0.663123 0.748511 2.06802e-16 -0.663123 0.748511 2.33431e-16 -0.748511 0.663123 2.56656e-16 -0.822984 0.568065 2.33431e-16 -0.748511 0.663123 2.56656e-16 -0.822984 0.568065 1.44929e-16 -0.464723 0.885456 1.10587e-16 -0.354605 0.935016 1.10587e-16 -0.354605 0.935016 1.77157e-16 -0.568065 0.822984 1.77157e-16 -0.568065 0.822984 1.44929e-16 -0.464723 0.885456 2.72637e-23 -8.74228e-08 1 3.75907e-17 -0.120537 0.992709 2.72637e-23 -8.74228e-08 1 3.75907e-17 -0.120537 0.992709 7.46331e-17 -0.239316 0.970942 7.46331e-17 -0.239316 0.970942 -1.10587e-16 0.354605 0.935016 -1.10587e-16 0.354605 0.935016 -7.46331e-17 0.239316 0.970942 -3.75907e-17 0.120537 0.992709 -7.46331e-17 0.239316 0.970942 -3.75906e-17 0.120537 0.992709 -1.77157e-16 0.568065 0.822984 -2.06802e-16 0.663123 0.748511 -2.06802e-16 0.663123 0.748511 -1.44929e-16 0.464723 0.885456 -1.44929e-16 0.464723 0.885456 -1.77157e-16 0.568065 0.822984 -2.76139e-16 0.885456 0.464723 -2.56656e-16 0.822984 0.568065 -2.76139e-16 0.885456 0.464723 -2.56656e-16 0.822984 0.568065 -2.33431e-16 0.748511 0.663123 -2.33431e-16 0.748511 0.663123 -3.09587e-16 0.992709 0.120537 -3.09587e-16 0.992709 0.120537 -3.02798e-16 0.970942 0.239316 -2.91595e-16 0.935016 0.354605 -3.02798e-16 0.970942 0.239316 -2.91595e-16 0.935016 0.354605 -3.09587e-16 0.992709 -0.120537 -3.09587e-16 0.992709 -0.120537 -3.1186e-16 1 4.37114e-08 -3.1186e-16 1 4.37114e-08 -3.02798e-16 0.970942 -0.239316 -3.02798e-16 0.970942 -0.239316 -2.91595e-16 0.935016 -0.354605 -2.91595e-16 0.935016 -0.354605 -2.76139e-16 0.885456 -0.464723 -2.76139e-16 0.885456 -0.464723 -2.56656e-16 0.822984 -0.568065 -2.56656e-16 0.822984 -0.568065 -2.33431e-16 0.748511 -0.663123 -2.33431e-16 0.748511 -0.663123 -2.06802e-16 0.663123 -0.748511 -2.06802e-16 0.663123 -0.748511 -1.77157e-16 0.568065 -0.822984 -1.77157e-16 0.568065 -0.822984 -1.44929e-16 0.464723 -0.885456 -1.44929e-16 0.464723 -0.885456 -1.10587e-16 0.354605 -0.935016 -1.10587e-16 0.354605 -0.935016 -7.46331e-17 0.239316 -0.970942 -7.46331e-17 0.239316 -0.970942 -3.75906e-17 0.120537 -0.992709 -3.75906e-17 0.120537 -0.992709 4.93038e-32 -6.12323e-17 1 4.93038e-32 -6.12323e-17 1 4.93038e-32 -6.12323e-17 1 4.93038e-32 -6.12323e-17 1 -4.93038e-32 6.12323e-17 -1 -4.93038e-32 6.12323e-17 -1 -4.93038e-32 6.12323e-17 -1 -4.93038e-32 6.12323e-17 -1 4.93038e-32 -6.12323e-17 1 4.93038e-32 -6.12323e-17 1 4.93038e-32 -6.12323e-17 1 4.93038e-32 -6.12323e-17 1 -4.93038e-32 6.12323e-17 -1 -4.93038e-32 6.12323e-17 -1 -4.93038e-32 6.12323e-17 -1 -4.93038e-32 6.12323e-17 -1 2.20519e-16 -0.707107 -0.707107 2.523e-16 -0.809017 -0.587785 2.20519e-16 -0.707107 -0.707107 2.7787e-16 -0.891007 -0.45399 2.523e-16 -0.809017 -0.587785 2.7787e-16 -0.891007 -0.45399 2.96597e-16 -0.951057 -0.309017 2.96597e-16 -0.951057 -0.309017 3.08021e-16 -0.987688 -0.156435 3.1186e-16 -1 -5.96244e-09 3.08021e-16 -0.987688 -0.156435 3.1186e-16 -1 -5.96244e-09 1.83307e-16 -0.587785 -0.809017 1.83307e-16 -0.587785 -0.809017 1.41582e-16 -0.453991 -0.891007 9.63702e-17 -0.309017 -0.951057 1.41582e-16 -0.453991 -0.891007 9.63702e-17 -0.309017 -0.951057 4.87858e-17 -0.156435 -0.987688 4.87857e-17 -0.156434 -0.987688 2.16854e-23 -6.95355e-08 -1 -5.2668e-23 1.68883e-07 -1 2.20519e-16 -0.707107 0.707107 1.83307e-16 -0.587785 0.809017 2.20519e-16 -0.707107 0.707107 1.41582e-16 -0.45399 0.891007 1.83307e-16 -0.587785 0.809017 1.41582e-16 -0.45399 0.891007 9.63701e-17 -0.309017 0.951057 9.63701e-17 -0.309017 0.951057 4.87857e-17 -0.156435 0.987688 1.85945e-24 -5.96244e-09 1 4.87857e-17 -0.156435 0.987688 1.85945e-24 -5.96244e-09 1 2.523e-16 -0.809017 0.587785 2.523e-16 -0.809017 0.587785 2.7787e-16 -0.891007 0.453991 2.96597e-16 -0.951057 0.309017 2.7787e-16 -0.891007 0.453991 2.96597e-16 -0.951057 0.309017 3.08021e-16 -0.987688 0.156435 3.08021e-16 -0.987688 0.156434 3.1186e-16 -1 6.95355e-08 3.1186e-16 -1 -1.68883e-07 2.20519e-16 -0.707107 -0.707107 2.523e-16 -0.809017 -0.587785 2.20519e-16 -0.707107 -0.707107 2.7787e-16 -0.891007 -0.45399 2.523e-16 -0.809017 -0.587785 2.7787e-16 -0.891007 -0.45399 2.96597e-16 -0.951057 -0.309017 2.96597e-16 -0.951057 -0.309017 3.08021e-16 -0.987688 -0.156435 3.1186e-16 -1 -5.96244e-09 3.08021e-16 -0.987688 -0.156435 3.1186e-16 -1 -5.96244e-09 1.83307e-16 -0.587785 -0.809017 1.83307e-16 -0.587785 -0.809017 1.41582e-16 -0.453991 -0.891007 9.63702e-17 -0.309017 -0.951057 1.41582e-16 -0.453991 -0.891007 9.63702e-17 -0.309017 -0.951057 4.87858e-17 -0.156435 -0.987688 4.87857e-17 -0.156434 -0.987688 2.16854e-23 -6.95355e-08 -1 -5.2668e-23 1.68883e-07 -1 2.20519e-16 -0.707107 0.707107 1.83307e-16 -0.587785 0.809017 2.20519e-16 -0.707107 0.707107 1.41582e-16 -0.45399 0.891007 1.83307e-16 -0.587785 0.809017 1.41582e-16 -0.45399 0.891007 9.63701e-17 -0.309017 0.951057 9.63701e-17 -0.309017 0.951057 4.87857e-17 -0.156435 0.987688 1.85945e-24 -5.96244e-09 1 4.87857e-17 -0.156435 0.987688 1.85945e-24 -5.96244e-09 1 2.523e-16 -0.809017 0.587785 2.523e-16 -0.809017 0.587785 2.7787e-16 -0.891007 0.453991 2.96597e-16 -0.951057 0.309017 2.7787e-16 -0.891007 0.453991 2.96597e-16 -0.951057 0.309017 3.08021e-16 -0.987688 0.156435 3.08021e-16 -0.987688 0.156434 3.1186e-16 -1 6.95355e-08 3.1186e-16 -1 -1.68883e-07 1 3.1186e-16 -3.02079e-32 1 3.1186e-16 -3.02079e-32 1 3.1186e-16 -3.02079e-32 1 3.1186e-16 -3.02079e-32 1 3.1186e-16 -3.02079e-32 1 3.1186e-16 -3.02079e-32 1 3.1186e-16 -3.02079e-32 1 3.1186e-16 -3.02079e-32 1 3.1186e-16 -3.02079e-32 1 3.1186e-16 -3.02079e-32 1 3.1186e-16 -3.02079e-32 1 3.1186e-16 -3.02079e-32 1 3.1186e-16 -3.02079e-32 1 3.1186e-16 -3.02079e-32 1 3.1186e-16 -3.02079e-32 1 3.1186e-16 -3.02079e-32 1 3.1186e-16 -3.02079e-32 1 3.1186e-16 -3.02079e-32 1 3.1186e-16 -3.02079e-32 1 3.1186e-16 -3.02079e-32 1 3.1186e-16 -3.02079e-32 1 3.1186e-16 -3.02079e-32 1 3.1186e-16 -3.02079e-32 1 3.1186e-16 -3.02079e-32 1 3.1186e-16 -3.02079e-32 1 3.1186e-16 -3.02079e-32 1 3.1186e-16 -3.02079e-32 1 3.1186e-16 -3.02079e-32 1 3.1186e-16 -3.02079e-32 1 3.1186e-16 -3.02079e-32 1 3.1186e-16 -3.02079e-32 1 3.1186e-16 -3.02079e-32 1 3.1186e-16 -3.02079e-32 1 3.1186e-16 -3.02079e-32 1 3.1186e-16 -3.02079e-32 1 3.1186e-16 -3.02079e-32 1 3.1186e-16 -3.02079e-32 1 3.1186e-16 -3.02079e-32 1 3.1186e-16 -3.02079e-32 1 3.1186e-16 -3.02079e-32 1 3.1186e-16 -3.02079e-32 1 3.1186e-16 -3.02079e-32 1 3.1186e-16 -3.02079e-32 1 3.1186e-16 -3.02079e-32 1 3.1186e-16 -3.02079e-32 1 3.1186e-16 -3.02079e-32 1 3.1186e-16 -3.02079e-32 1 3.1186e-16 -3.02079e-32 1 3.1186e-16 -3.02079e-32 1 3.1186e-16 -3.02079e-32 1 3.1186e-16 -3.02079e-32 1 3.1186e-16 -3.02079e-32 1 3.1186e-16 -3.02079e-32 1 3.1186e-16 -3.02079e-32 1 3.1186e-16 -3.02079e-32 1 3.1186e-16 -3.02079e-32 1 3.1186e-16 -3.02079e-32 1 3.1186e-16 -3.02079e-32 1 3.1186e-16 -3.02079e-32 1 3.1186e-16 -3.02079e-32 1 3.1186e-16 -3.02079e-32 1 3.1186e-16 -3.02079e-32 1 3.1186e-16 -3.02079e-32 1 3.1186e-16 -3.02079e-32 1 3.1186e-16 -3.02079e-32 1 3.1186e-16 -3.02079e-32 1 3.1186e-16 -3.02079e-32 1 3.1186e-16 -3.02079e-32 1 3.1186e-16 -3.02079e-32 1 3.1186e-16 -3.02079e-32 1 3.1186e-16 -3.02079e-32 1 3.1186e-16 -3.02079e-32 1 3.1186e-16 -3.02079e-32 1 3.1186e-16 -3.02079e-32 1 3.1186e-16 -3.02079e-32 1 3.1186e-16 -3.02079e-32 1 3.1186e-16 -3.02079e-32 1 3.1186e-16 -3.02079e-32 1 3.1186e-16 -3.02079e-32 1 3.1186e-16 -3.02079e-32 1 3.1186e-16 -3.02079e-32 1 3.1186e-16 -3.02079e-32 1 3.1186e-16 -3.02079e-32 1 3.1186e-16 -3.02079e-32 1 3.1186e-16 -3.02079e-32 1 3.1186e-16 -3.02079e-32 1 3.1186e-16 -3.02079e-32 1 3.1186e-16 -3.02079e-32 1 3.1186e-16 -3.02079e-32 1 3.1186e-16 -3.02079e-32 1 3.1186e-16 -3.02079e-32 1 3.1186e-16 -3.02079e-32 1 3.1186e-16 -3.02079e-32 1 3.1186e-16 -3.02079e-32 1 3.1186e-16 -3.02079e-32 1 3.1186e-16 -3.02079e-32 1 3.1186e-16 -3.02079e-32 1 3.1186e-16 -3.02079e-32 1 3.1186e-16 -3.02079e-32 1 3.1186e-16 -3.02079e-32 1 3.1186e-16 -3.02079e-32 1 3.1186e-16 -3.02079e-32 1 3.1186e-16 -3.02079e-32 1 3.1186e-16 -3.02079e-32 1 3.1186e-16 -3.02079e-32 1 3.1186e-16 -3.02079e-32 1 3.1186e-16 -3.02079e-32 1 3.1186e-16 -3.02079e-32 1 3.1186e-16 -3.02079e-32 1 3.1186e-16 -3.02079e-32 1 3.1186e-16 -3.02079e-32 1 3.1186e-16 -3.02079e-32 1 3.1186e-16 -3.02079e-32 1 3.1186e-16 -3.02079e-32 1 3.1186e-16 -3.02079e-32 1 3.1186e-16 -3.02079e-32 1 3.1186e-16 -3.02079e-32 1 3.1186e-16 -3.02079e-32 1 3.1186e-16 -3.02079e-32 1 3.1186e-16 -3.02079e-32 1 3.1186e-16 -3.02079e-32 1 3.1186e-16 -3.02079e-32 1 3.1186e-16 -3.02079e-32 1 3.1186e-16 -3.02079e-32 1 3.1186e-16 -3.02079e-32 1 3.1186e-16 -3.02079e-32 1 3.1186e-16 -3.02079e-32 1 3.1186e-16 -3.02079e-32 1 3.1186e-16 -3.02079e-32 1 3.1186e-16 -3.02079e-32 1 3.1186e-16 -3.02079e-32 1 3.1186e-16 -3.02079e-32 1 3.1186e-16 -3.02079e-32 1 3.1186e-16 -3.02079e-32 1 3.1186e-16 -3.02079e-32 1 3.1186e-16 -3.02079e-32 1 3.1186e-16 -3.02079e-32 1 3.1186e-16 -3.02079e-32 1 3.1186e-16 -3.02079e-32 1 3.1186e-16 -3.02079e-32 1 3.1186e-16 -3.02079e-32 1 3.1186e-16 -3.02079e-32 1 3.1186e-16 -3.02079e-32 1 3.1186e-16 -3.02079e-32 1 3.1186e-16 -3.02079e-32 1 3.1186e-16 -3.02079e-32 1 3.1186e-16 -3.02079e-32 1 3.1186e-16 -3.02079e-32 1 3.1186e-16 -3.02079e-32 1 3.1186e-16 -3.02079e-32 1 3.1186e-16 -3.02079e-32 1 3.1186e-16 -3.02079e-32 1 3.1186e-16 -3.02079e-32 1 3.1186e-16 -3.02079e-32 1 3.1186e-16 -3.02079e-32 1 3.1186e-16 -3.02079e-32 1 3.1186e-16 -3.02079e-32 1 3.1186e-16 -3.02079e-32 1 3.1186e-16 -3.02079e-32 1 3.1186e-16 -3.02079e-32 1 3.1186e-16 -3.02079e-32 1 3.1186e-16 -3.02079e-32 1 3.1186e-16 -3.02079e-32 1 3.1186e-16 -3.02079e-32 1 3.1186e-16 -3.02079e-32 1 3.1186e-16 -3.02079e-32 1 3.1186e-16 -3.02079e-32 1 3.1186e-16 -3.02079e-32 1 3.1186e-16 -3.02079e-32 1 3.1186e-16 -3.02079e-32 1 3.1186e-16 -3.02079e-32 1 3.1186e-16 -3.02079e-32 1 3.1186e-16 -3.02079e-32 1 3.1186e-16 -3.02079e-32 1 3.1186e-16 -3.02079e-32 1 3.1186e-16 -3.02079e-32 1 3.1186e-16 -3.02079e-32 1 3.1186e-16 -3.02079e-32 1 3.1186e-16 -3.02079e-32 1 3.1186e-16 -3.02079e-32 1 3.1186e-16 -3.02079e-32 1 3.1186e-16 -3.02079e-32 1 3.1186e-16 -3.02079e-32 1 3.1186e-16 -3.02079e-32 1 3.1186e-16 -3.02079e-32 1 3.1186e-16 -3.02079e-32 1 3.1186e-16 -3.02079e-32 1 3.1186e-16 -3.02079e-32 1 3.1186e-16 -3.02079e-32 1 3.1186e-16 -3.02079e-32 1 3.1186e-16 -3.02079e-32 1 3.1186e-16 -3.02079e-32 1 3.1186e-16 -3.02079e-32 1 3.1186e-16 -3.02079e-32 1 3.1186e-16 -3.02079e-32 1 3.1186e-16 -3.02079e-32 1 3.1186e-16 -3.02079e-32 1 3.1186e-16 -3.02079e-32 1 3.1186e-16 -3.02079e-32 1 3.1186e-16 -3.02079e-32 1 3.1186e-16 -3.02079e-32 1 3.1186e-16 -3.02079e-32 1 3.1186e-16 -3.02079e-32 1 3.1186e-16 -3.02079e-32 1 3.1186e-16 -3.02079e-32 1 3.1186e-16 -3.02079e-32 1 3.1186e-16 -3.02079e-32 1 3.1186e-16 -3.02079e-32 1 3.1186e-16 -3.02079e-32 1 3.1186e-16 -3.02079e-32 1 3.1186e-16 -3.02079e-32 1 3.1186e-16 -3.02079e-32 1 3.1186e-16 -3.02079e-32 1 3.1186e-16 -3.02079e-32 1 3.1186e-16 -3.02079e-32 1 3.1186e-16 -3.02079e-32 1 3.1186e-16 -3.02079e-32 1 3.1186e-16 -3.02079e-32 1 3.1186e-16 -3.02079e-32 1 3.1186e-16 -3.02079e-32 1 3.1186e-16 -3.02079e-32 1 3.1186e-16 -3.02079e-32 1 3.1186e-16 -3.02079e-32 1 3.1186e-16 -3.02079e-32 1 3.1186e-16 -3.02079e-32 1 3.1186e-16 -3.02079e-32 1 3.1186e-16 -3.02079e-32 1 3.1186e-16 -3.02079e-32 1 3.1186e-16 -3.02079e-32 1 3.1186e-16 -3.02079e-32 1 3.1186e-16 -3.02079e-32 1 3.1186e-16 -3.02079e-32 1 3.1186e-16 -3.02079e-32 1 3.1186e-16 -3.02079e-32 1 3.1186e-16 -3.02079e-32 1 3.1186e-16 -3.02079e-32 1 3.1186e-16 -3.02079e-32 1 3.1186e-16 -3.02079e-32 1 3.1186e-16 -3.02079e-32 1 3.1186e-16 -3.02079e-32 1 3.1186e-16 -3.02079e-32 1 3.1186e-16 -3.02079e-32 1 3.1186e-16 -3.02079e-32 1 3.1186e-16 -3.02079e-32 1 3.1186e-16 -3.02079e-32 1 3.1186e-16 -3.02079e-32 1 3.1186e-16 -3.02079e-32 1 3.1186e-16 -3.02079e-32 1 3.1186e-16 -3.02079e-32 1 3.1186e-16 -3.02079e-32 1 3.1186e-16 -3.02079e-32 1 3.1186e-16 -3.02079e-32 1 3.1186e-16 -3.02079e-32 1 3.1186e-16 -3.02079e-32 1 3.1186e-16 -3.02079e-32 1 3.1186e-16 -3.02079e-32 1 3.1186e-16 -3.02079e-32 1 3.1186e-16 -3.02079e-32 1 3.1186e-16 -3.02079e-32 1 3.1186e-16 -3.02079e-32 1 3.1186e-16 -3.02079e-32 1 3.1186e-16 -3.02079e-32 1 3.1186e-16 -3.02079e-32 1 3.1186e-16 -3.02079e-32 1 3.1186e-16 -3.02079e-32 1 3.1186e-16 -3.02079e-32 1 3.1186e-16 -3.02079e-32 1 3.1186e-16 -3.02079e-32 1 3.1186e-16 -3.02079e-32 1 3.1186e-16 -3.02079e-32 1 3.1186e-16 -3.02079e-32 1 3.1186e-16 -3.02079e-32 1 3.1186e-16 -3.02079e-32 1 3.1186e-16 -3.02079e-32 1 3.1186e-16 -3.02079e-32 1 3.1186e-16 -3.02079e-32 1 3.1186e-16 -3.02079e-32 1 3.1186e-16 -3.02079e-32 1 3.1186e-16 -3.02079e-32 1 3.1186e-16 -3.02079e-32 1 3.1186e-16 -3.02079e-32 1 3.1186e-16 -3.02079e-32 1 3.1186e-16 -3.02079e-32 1 3.1186e-16 -3.02079e-32 1 3.1186e-16 -3.02079e-32 1 3.1186e-16 -3.02079e-32 1 3.1186e-16 -3.02079e-32 1 3.1186e-16 -3.02079e-32 1 3.1186e-16 -3.02079e-32 1 3.1186e-16 -3.02079e-32 1 3.1186e-16 -3.02079e-32 1 3.1186e-16 -3.02079e-32 1 3.1186e-16 -3.02079e-32 1 3.1186e-16 -3.02079e-32 1 3.1186e-16 -3.02079e-32 1 3.1186e-16 -3.02079e-32 1 3.1186e-16 -3.02079e-32 1 3.1186e-16 -3.02079e-32 1 3.1186e-16 -3.02079e-32 1 3.1186e-16 -3.02079e-32 1 3.1186e-16 -3.02079e-32 1 3.1186e-16 -3.02079e-32 1 3.1186e-16 -3.02079e-32 1 3.1186e-16 -3.02079e-32 1 3.1186e-16 -3.02079e-32 1 3.1186e-16 -3.02079e-32 1 3.1186e-16 -3.02079e-32 1 3.1186e-16 -3.02079e-32 1 3.1186e-16 -3.02079e-32 1 3.1186e-16 -3.02079e-32 1 3.1186e-16 -3.02079e-32 1 3.1186e-16 -3.02079e-32 1 3.1186e-16 -3.02079e-32 1 3.1186e-16 -3.02079e-32 1 3.1186e-16 -3.02079e-32 1 3.1186e-16 -3.02079e-32 1 3.1186e-16 -3.02079e-32 1 3.1186e-16 -3.02079e-32 1 3.1186e-16 -3.02079e-32 1 3.1186e-16 -3.02079e-32 1 3.1186e-16 -3.02079e-32 1 3.1186e-16 -3.02079e-32 1 3.1186e-16 -3.02079e-32 1 3.1186e-16 -3.02079e-32 1 3.1186e-16 -3.02079e-32 1 3.1186e-16 -3.02079e-32 1 3.1186e-16 -3.02079e-32 1 3.1186e-16 -3.02079e-32 1 3.1186e-16 -3.02079e-32 1 3.1186e-16 -3.02079e-32 1 3.1186e-16 -3.02079e-32 1 3.1186e-16 -3.02079e-32 1 3.1186e-16 -3.02079e-32 1 3.1186e-16 -3.02079e-32 1 3.1186e-16 -3.02079e-32 1 3.1186e-16 -3.02079e-32 1 3.1186e-16 -3.02079e-32 1 3.1186e-16 -3.02079e-32 1 3.1186e-16 -3.02079e-32 1 3.1186e-16 -3.02079e-32 -1 -3.1186e-16 3.02079e-32 -1 -3.1186e-16 3.02079e-32 -1 -3.1186e-16 3.02079e-32 -1 -3.1186e-16 3.02079e-32 -1 -3.1186e-16 3.02079e-32 -1 -3.1186e-16 3.02079e-32 -1 -3.1186e-16 3.02079e-32 -1 -3.1186e-16 3.02079e-32 -1 -3.1186e-16 3.02079e-32 -1 -3.1186e-16 3.02079e-32 -1 -3.1186e-16 3.02079e-32 -1 -3.1186e-16 3.02079e-32 -1 -3.1186e-16 3.02079e-32 -1 -3.1186e-16 3.02079e-32 -1 -3.1186e-16 3.02079e-32 -1 -3.1186e-16 3.02079e-32 -1 -3.1186e-16 3.02079e-32 -1 -3.1186e-16 3.02079e-32 -1 -3.1186e-16 3.02079e-32 -1 -3.1186e-16 3.02079e-32 -1 -3.1186e-16 3.02079e-32 -1 -3.1186e-16 3.02079e-32 -1 -3.1186e-16 3.02079e-32 -1 -3.1186e-16 3.02079e-32 -1 -3.1186e-16 3.02079e-32 -1 -3.1186e-16 3.02079e-32 -1 -3.1186e-16 3.02079e-32 -1 -3.1186e-16 3.02079e-32 -1 -3.1186e-16 3.02079e-32 -1 -3.1186e-16 3.02079e-32 -1 -3.1186e-16 3.02079e-32 -1 -3.1186e-16 3.02079e-32 -1 -3.1186e-16 3.02079e-32 -1 -3.1186e-16 3.02079e-32 -1 -3.1186e-16 3.02079e-32 -1 -3.1186e-16 3.02079e-32 -1 -3.1186e-16 3.02079e-32 -1 -3.1186e-16 3.02079e-32 -1 -3.1186e-16 3.02079e-32 -1 -3.1186e-16 3.02079e-32 -1 -3.1186e-16 3.02079e-32 -1 -3.1186e-16 3.02079e-32 -1 -3.1186e-16 3.02079e-32 -1 -3.1186e-16 3.02079e-32 -1 -3.1186e-16 3.02079e-32 -1 -3.1186e-16 3.02079e-32 -1 -3.1186e-16 3.02079e-32 -1 -3.1186e-16 3.02079e-32 -1 -3.1186e-16 3.02079e-32 -1 -3.1186e-16 3.02079e-32 -1 -3.1186e-16 3.02079e-32 -1 -3.1186e-16 3.02079e-32 -1 -3.1186e-16 3.02079e-32 -1 -3.1186e-16 3.02079e-32 -1 -3.1186e-16 3.02079e-32 -1 -3.1186e-16 3.02079e-32 -1 -3.1186e-16 3.02079e-32 -1 -3.1186e-16 3.02079e-32 -1 -3.1186e-16 3.02079e-32 -1 -3.1186e-16 3.02079e-32 -1 -3.1186e-16 3.02079e-32 -1 -3.1186e-16 3.02079e-32 -1 -3.1186e-16 3.02079e-32 -1 -3.1186e-16 3.02079e-32 -1 -3.1186e-16 3.02079e-32 -1 -3.1186e-16 3.02079e-32 -1 -3.1186e-16 3.02079e-32 -1 -3.1186e-16 3.02079e-32 -1 -3.1186e-16 3.02079e-32 -1 -3.1186e-16 3.02079e-32 -1 -3.1186e-16 3.02079e-32 -1 -3.1186e-16 3.02079e-32 -1 -3.1186e-16 3.02079e-32 -1 -3.1186e-16 3.02079e-32 -1 -3.1186e-16 3.02079e-32 -1 -3.1186e-16 3.02079e-32 -1 -3.1186e-16 3.02079e-32 -1 -3.1186e-16 3.02079e-32 -1 -3.1186e-16 3.02079e-32 -1 -3.1186e-16 3.02079e-32 -1 -3.1186e-16 3.02079e-32 -1 -3.1186e-16 3.02079e-32 -1 -3.1186e-16 3.02079e-32 -1 -3.1186e-16 3.02079e-32 -1 -3.1186e-16 3.02079e-32 -1 -3.1186e-16 3.02079e-32 -1 -3.1186e-16 3.02079e-32 -1 -3.1186e-16 3.02079e-32 -1 -3.1186e-16 3.02079e-32 -1 -3.1186e-16 3.02079e-32 -1 -3.1186e-16 3.02079e-32 -1 -3.1186e-16 3.02079e-32 -1 -3.1186e-16 3.02079e-32 -1 -3.1186e-16 3.02079e-32 -1 -3.1186e-16 3.02079e-32 -1 -3.1186e-16 3.02079e-32 -1 -3.1186e-16 3.02079e-32 -1 -3.1186e-16 3.02079e-32 -1 -3.1186e-16 3.02079e-32 -1 -3.1186e-16 3.02079e-32 -1 -3.1186e-16 3.02079e-32 -1 -3.1186e-16 3.02079e-32 -1 -3.1186e-16 3.02079e-32 -1 -3.1186e-16 3.02079e-32 -1 -3.1186e-16 3.02079e-32 -1 -3.1186e-16 3.02079e-32 -1 -3.1186e-16 3.02079e-32 -1 -3.1186e-16 3.02079e-32 -1 -3.1186e-16 3.02079e-32 -1 -3.1186e-16 3.02079e-32 -1 -3.1186e-16 3.02079e-32 -1 -3.1186e-16 3.02079e-32 -1 -3.1186e-16 3.02079e-32 -1 -3.1186e-16 3.02079e-32 -1 -3.1186e-16 3.02079e-32 -1 -3.1186e-16 3.02079e-32 -1 -3.1186e-16 3.02079e-32 -1 -3.1186e-16 3.02079e-32 -1 -3.1186e-16 3.02079e-32 -1 -3.1186e-16 3.02079e-32 -1 -3.1186e-16 3.02079e-32 -1 -3.1186e-16 3.02079e-32 -1 -3.1186e-16 3.02079e-32 -1 -3.1186e-16 3.02079e-32 -1 -3.1186e-16 3.02079e-32 -1 -3.1186e-16 3.02079e-32 -1 -3.1186e-16 3.02079e-32 -1 -3.1186e-16 3.02079e-32 -1 -3.1186e-16 3.02079e-32 -1 -3.1186e-16 3.02079e-32 -1 -3.1186e-16 3.02079e-32 -1 -3.1186e-16 3.02079e-32 -1 -3.1186e-16 3.02079e-32 -1 -3.1186e-16 3.02079e-32 -1 -3.1186e-16 3.02079e-32 -1 -3.1186e-16 3.02079e-32 -1 -3.1186e-16 3.02079e-32 -1 -3.1186e-16 3.02079e-32 -1 -3.1186e-16 3.02079e-32 -1 -3.1186e-16 3.02079e-32 -1 -3.1186e-16 3.02079e-32 -1 -3.1186e-16 3.02079e-32 -1 -3.1186e-16 3.02079e-32 -1 -3.1186e-16 3.02079e-32 -1 -3.1186e-16 3.02079e-32 -1 -3.1186e-16 3.02079e-32 -1 -3.1186e-16 3.02079e-32 -1 -3.1186e-16 3.02079e-32 -1 -3.1186e-16 3.02079e-32 -1 -3.1186e-16 3.02079e-32 -1 -3.1186e-16 3.02079e-32 -1 -3.1186e-16 3.02079e-32 4.93038e-32 -6.12323e-17 1 4.93038e-32 -6.12323e-17 1 4.93038e-32 -6.12323e-17 1 4.93038e-32 -6.12323e-17 1 4.93038e-32 -6.12323e-17 1 4.93038e-32 -6.12323e-17 1 -4.93038e-32 6.12323e-17 -1 -4.93038e-32 6.12323e-17 -1 -4.93038e-32 6.12323e-17 -1 -4.93038e-32 6.12323e-17 -1 -4.93038e-32 6.12323e-17 -1 -4.93038e-32 6.12323e-17 -1 -3.1186e-16 1 6.12323e-17 -3.1186e-16 1 6.12323e-17 -3.1186e-16 1 6.12323e-17 -3.1186e-16 1 6.12323e-17 -3.1186e-16 1 6.12323e-17 -3.1186e-16 1 6.12323e-17 -3.1186e-16 1 6.12323e-17 -3.1186e-16 1 6.12323e-17</float_array>
          <technique_common>
            <accessor count="2120" source="#ID7" stride="3">
              <param name="X" type="float"/>
              <param name="Y" type="float"/>
              <param name="Z" type="float"/>
            </accessor>
          </technique_common>
        </source>
        <vertices id="ID8">
          <input semantic="POSITION" source="#ID4"/>
          <input semantic="NORMAL" source="#ID6"/>
        </vertices>
        <triangles count="2068" material="ID9">
          <input offset="0" semantic="VERTEX" source="#ID8"/>
          <p>0 1 2 1 0 3 4 5 6 7 8 9 10 11 6 6 5 10 12 11 13 10 13 11 12 14 15 14 12 13 16 17 15 15 14 16 18 17 19 16 19 17 18 20 21 20 18 19 22 23 21 21 20 22 24 23 25 22 25 23 24 26 27 26 24 25 4 28 5 28 29 30 29 28 4 31 32 30 30 29 31 33 32 34 31 34 32 33 35 36 35 33 34 37 38 36 36 35 37 39 38 40 37 40 38 39 41 42 41 39 40 43 8 42 42 41 43 43 9 8 44 45 46 47 48 49 50 51 52 53 54 55 56 57 58 59 60 61 62 63 64 65 66 67 68 69 70 71 70 72 73 68 74 68 73 69 74 75 76 76 73 74 77 78 75 76 75 78 26 77 27 77 26 78 62 71 72 70 69 72 64 63 65 71 62 64 66 58 67 63 66 65 56 61 57 58 57 67 51 60 59 59 61 56 54 50 52 50 60 51 53 55 44 54 52 55 46 45 49 53 44 46 47 7 48 45 47 49 9 48 7 79 80 81 82 83 84 81 85 86 86 79 81 87 88 85 86 85 88 89 87 90 87 89 88 90 91 92 92 89 90 93 94 91 92 91 94 95 93 96 93 95 94 96 97 98 98 95 96 99 100 97 98 97 100 101 99 102 99 101 100 79 103 80 104 103 105 103 104 80 105 106 107 107 104 105 108 109 106 107 106 109 110 108 111 108 110 109 111 112 113 113 110 111 114 115 112 113 112 115 116 114 117 114 116 115 117 118 119 119 116 117 119 118 83 118 84 83 120 121 122 123 124 125 126 127 128 129 130 131 132 133 134 135 136 137 138 139 140 141 142 143 144 145 146 147 146 148 149 144 150 144 149 145 150 151 152 152 149 150 153 154 151 152 151 154 102 153 101 153 102 154 138 147 148 146 145 148 140 139 141 147 138 140 142 134 143 139 142 141 132 137 133 134 133 143 127 136 135 135 137 132 130 126 128 126 136 127 129 131 120 130 128 131 122 121 125 129 120 122 123 82 124 121 123 125 84 124 82 155 156 157 158 159 160 161 162 157 157 156 161 163 162 164 161 164 162 163 165 166 165 163 164 167 168 166 166 165 167 169 168 170 167 170 168 169 171 172 171 169 170 173 174 172 172 171 173 175 174 176 173 176 174 175 177 178 177 175 176 155 179 156 179 180 181 180 179 155 182 183 181 181 180 182 184 183 185 182 185 183 184 186 187 186 184 185 188 189 187 187 186 188 190 189 191 188 191 189 190 192 193 192 190 191 194 159 193 193 192 194 194 160 159 195 196 197 198 199 200 201 202 203 204 205 206 207 208 209 210 211 212 213 214 215 216 217 218 219 220 221 222 221 223 224 219 225 219 224 220 225 226 227 227 224 225 228 229 226 227 226 229 177 228 178 228 177 229 213 222 223 221 220 223 215 214 216 222 213 215 217 209 218 214 217 216 207 212 208 209 208 218 202 211 210 210 212 207 205 201 203 201 211 202 204 206 195 205 203 206 197 196 200 204 195 197 198 158 199 196 198 200 160 199 158 230 231 232 233 234 235 236 237 238 239 240 237 241 242 243 238 244 245 246 247 248 249 250 251 233 248 234 252 253 254 247 253 255 252 254 249 256 251 242 257 245 244 235 257 258 259 260 261 260 241 243 262 263 264 259 263 265 231 262 264 266 267 239 268 232 269 270 267 266 269 271 268 272 273 274 275 276 277 273 275 278 279 280 281 280 271 282 281 283 284 285 276 286 283 287 284 287 288 289 290 291 292 293 290 294 289 295 296 297 298 299 300 295 301 274 270 272 302 300 301 303 304 305 304 306 307 304 307 308 308 305 304 303 305 309 310 303 309 311 302 312 313 310 309 313 299 298 298 310 313 292 314 315 286 315 316 311 306 302 307 306 311 301 312 302 295 300 296 289 296 287 283 288 287 281 284 279 280 279 271 269 282 271 232 268 230 231 230 262 263 262 265 259 265 260 243 261 260 242 241 256 251 256 249 254 250 249 253 252 255 247 255 248 233 246 248 235 234 257 244 258 257 238 245 236 237 236 239 267 240 239 270 266 272 274 273 317 277 278 275 278 317 273 285 277 276 318 285 286 315 314 316 286 316 318 292 319 314 291 290 293 319 292 291 293 294 297 298 297 294 320 321 322 323 324 325 326 327 328 329 326 330 331 332 333 334 335 328 336 337 323 338 339 333 324 323 337 337 340 338 340 337 336 340 339 338 333 339 331 341 335 334 341 342 325 343 332 344 344 332 331 345 346 347 348 349 347 320 350 351 329 330 352 353 354 355 356 357 358 359 360 353 361 362 357 363 364 365 362 361 364 366 367 368 367 360 369 366 370 371 365 372 373 372 374 373 371 375 376 377 378 374 378 379 380 381 376 375 379 382 383 384 381 385 386 387 388 384 389 390 391 392 393 388 394 395 395 396 397 397 396 391 393 398 399 398 400 401 386 389 387 402 401 400 382 403 383 404 403 402 356 352 405 406 346 407 367 369 368 325 324 341 334 342 341 328 335 326 329 327 326 352 330 405 356 405 357 362 358 357 364 361 365 373 363 365 374 372 377 378 377 379 383 380 379 403 382 402 400 404 402 398 401 399 393 399 391 396 392 391 395 397 388 387 394 388 389 386 390 384 390 381 375 385 381 371 376 366 368 370 366 369 360 408 355 359 353 359 408 360 322 355 354 320 351 321 320 322 354 350 407 351 406 347 346 350 406 407 345 347 349 349 348 343 332 343 348 409 410 411 412 413 414 415 416 417 418 415 419 420 421 422 423 424 417 425 426 412 427 428 422 413 412 426 426 429 427 429 426 425 429 428 427 422 428 420 430 424 423 430 431 414 432 421 433 433 421 420 434 435 436 437 438 436 409 439 440 418 419 441 442 443 444 445 446 447 448 449 442 450 451 446 452 453 454 451 450 453 455 456 457 456 449 458 455 459 460 454 461 462 461 463 462 460 464 465 466 467 463 467 468 469 470 465 464 468 471 472 473 470 474 475 476 477 473 478 479 480 481 482 477 483 484 484 485 486 486 485 480 482 487 488 487 489 490 475 478 476 491 490 489 471 492 472 493 492 491 445 441 494 495 435 496 456 458 457 414 413 430 423 431 430 417 424 415 418 416 415 441 419 494 445 494 446 451 447 446 453 450 454 462 452 454 463 461 466 467 466 468 472 469 468 492 471 491 489 493 491 487 490 488 482 488 480 485 481 480 484 486 477 476 483 477 478 475 479 473 479 470 464 474 470 460 465 455 457 459 455 458 449 497 444 448 442 448 497 449 411 444 443 409 440 410 409 411 443 439 496 440 495 436 435 439 495 496 434 436 438 438 437 432 421 432 437 498 499 500 501 502 503 498 500 504 505 500 499 506 507 498 508 509 510 511 509 512 512 509 508 513 514 515 516 517 518 519 520 514 521 522 523 524 520 525 526 513 515 527 506 504 528 529 530 506 527 531 507 532 498 533 531 534 527 534 531 535 536 533 533 534 535 536 535 537 538 539 540 537 541 536 542 543 544 541 537 545 546 543 547 545 548 549 550 551 552 553 554 548 555 556 557 558 559 560 561 562 563 564 558 560 564 563 562 561 565 566 567 565 568 569 568 570 571 502 572 573 574 575 576 577 578 579 580 573 575 581 573 582 580 583 584 585 583 580 586 587 588 589 590 591 592 593 594 589 588 595 596 597 594 588 598 599 595 597 600 598 588 588 601 602 581 603 573 602 600 588 604 605 576 606 576 605 607 576 608 576 609 610 608 576 610 576 611 604 576 606 609 612 588 613 578 611 576 613 590 584 614 576 612 583 585 615 616 617 618 588 619 601 617 620 618 621 622 623 624 625 626 627 628 629 621 630 622 631 632 633 634 623 620 635 616 636 636 637 635 638 639 640 641 599 642 592 643 593 577 644 593 596 552 637 645 641 646 647 561 566 648 549 501 552 635 637 649 650 651 652 653 654 655 656 657 658 628 659 660 661 655 662 663 664 665 666 667 666 668 529 522 521 528 517 516 505 669 670 510 671 518 523 664 669 662 665 672 666 673 667 538 542 539 674 675 676 677 556 678 679 551 635 552 680 681 682 683 684 680 645 599 641 599 597 642 595 552 596 618 636 616 620 617 634 623 634 621 685 630 686 658 659 687 627 629 688 689 690 691 692 651 693 690 694 695 696 697 698 649 699 700 698 701 702 703 704 705 701 706 707 708 709 704 710 711 712 713 714 715 626 716 717 626 625 718 718 719 626 717 624 626 720 626 721 716 626 720 632 709 626 633 722 715 721 709 708 707 723 701 724 633 725 726 711 727 633 728 729 724 728 633 633 730 731 729 730 633 633 732 733 731 732 633 715 714 734 733 722 633 726 735 736 736 737 738 710 727 711 663 739 550 547 675 740 547 740 546 739 551 550 662 739 663 669 664 670 510 670 508 526 511 741 512 741 511 532 507 524 526 741 513 520 519 525 520 515 514 525 532 524 506 498 504 499 517 505 518 671 516 518 521 523 528 530 522 529 668 530 666 672 668 667 673 665 538 540 673 538 674 539 674 543 542 544 543 546 547 676 675 676 679 677 556 679 557 677 679 678 660 555 557 656 655 661 661 660 557 652 657 656 652 682 653 652 654 657 681 680 684 653 682 681 684 683 646 645 646 683 742 573 743 577 744 578 580 579 586 603 579 573 580 745 583 745 580 587 583 615 582 576 588 612 583 613 584 613 588 590 576 614 577 746 577 747 746 744 577 747 577 593 644 591 593 568 593 643 568 569 748 570 568 643 565 567 749 568 748 567 566 565 749 571 503 502 648 541 549 561 647 562 549 541 545 560 563 564 750 559 558 553 750 554 750 553 559 549 548 554 501 503 648 751 571 572 751 752 753 752 751 572 639 753 640 752 640 753 638 754 639 742 743 754 639 754 743 573 742 574 755 756 711 757 758 759 736 735 737 736 711 726 736 715 734 715 736 738 626 633 632 722 713 715 715 631 633 721 626 709 703 708 704 760 704 761 704 760 705 701 761 706 760 761 701 762 698 702 702 701 723 698 697 695 696 698 762 689 694 690 694 698 695 689 691 687 700 650 649 630 692 622 659 689 687 627 685 686 629 628 658 685 627 688 630 685 692 692 693 622 651 650 693 763 700 699 763 764 757 764 763 699 757 765 758 764 765 757 758 766 759 767 755 766 759 766 755 711 756 712 755 767 756 768 769 770 769 771 772 771 769 768 773 772 774 771 774 772 775 776 773 773 774 775 776 777 778 777 776 775 779 778 780 777 780 778 781 782 779 779 780 781 782 783 784 783 782 781 785 784 786 783 786 784 787 788 785 785 786 787 788 789 790 789 788 787 791 790 792 789 792 790 793 794 791 791 792 793 794 795 796 795 794 793 797 796 798 795 798 796 799 800 797 797 798 799 800 801 802 801 800 799 803 802 804 801 804 802 805 806 803 803 804 805 806 807 808 807 806 805 809 808 810 807 810 808 811 812 809 809 810 811 812 813 814 813 812 811 815 814 816 813 816 814 817 818 815 815 816 817 818 819 820 819 818 817 821 820 822 819 822 820 823 824 821 821 822 823 824 825 826 825 824 823 827 826 828 825 828 826 829 830 827 827 828 829 768 770 831 832 833 831 831 770 832 833 834 835 834 833 832 836 835 837 834 837 835 838 839 836 836 837 838 839 840 841 840 839 838 842 841 843 840 843 841 844 845 842 842 843 844 845 846 847 846 845 844 848 847 849 846 849 847 850 851 848 848 849 850 851 852 853 852 851 850 854 853 855 852 855 853 856 857 854 854 855 856 857 858 859 858 857 856 860 859 861 858 861 859 862 863 860 860 861 862 863 864 865 864 863 862 866 865 867 864 867 865 868 869 866 866 867 868 869 870 871 870 869 868 872 871 873 870 873 871 874 875 872 872 873 874 875 876 877 876 875 874 878 877 879 876 879 877 880 881 878 878 879 880 881 882 883 882 881 880 884 883 885 882 885 883 886 887 884 884 885 886 887 888 889 888 887 886 888 890 889 889 890 891 892 893 894 895 893 896 892 896 893 895 897 898 897 895 896 899 900 898 898 897 899 901 900 902 899 902 900 903 901 902 904 892 894 905 906 904 904 894 905 907 906 908 905 908 906 907 909 910 909 907 908 911 912 910 910 909 911 911 913 912 914 915 916 916 917 914 918 919 920 921 919 922 918 922 919 921 923 924 923 921 922 925 926 924 924 923 925 927 926 928 925 928 926 929 927 928 930 918 920 931 932 930 930 920 931 933 932 934 931 934 932 933 935 936 935 933 934 937 938 936 936 935 937 937 939 938 940 941 942 943 941 944 940 944 941 943 945 946 945 943 944 947 948 946 946 945 947 949 948 950 947 950 948 951 949 950 952 940 942 953 954 952 952 942 953 955 954 956 953 956 954 955 957 958 957 955 956 959 960 958 958 957 959 959 961 960 962 963 964 962 965 963 966 967 968 969 967 970 966 970 967 969 971 972 971 969 970 973 974 972 972 971 973 975 974 976 973 976 974 977 975 976 978 966 968 979 980 978 978 968 979 981 980 982 979 982 980 981 983 984 983 981 982 985 986 984 984 983 985 985 987 986 988 989 990 991 992 993 994 995 996 997 998 999 1000 1001 1002 1003 1004 1005 1006 1007 1008 1009 1010 1008 1006 1011 1012 1012 1007 1006 1013 1011 1014 1011 1013 1012 1009 1001 1010 1013 1014 1015 1008 1007 1009 1003 1000 1002 1000 1010 1001 996 1005 1004 1004 1003 1002 994 997 995 996 995 1005 998 989 999 994 998 997 988 990 993 999 989 988 991 993 990 1016 1017 1018 1016 1019 1017 1020 1021 1022 1023 1024 1025 1026 1027 1028 1029 1030 1031 1032 1033 1034 1035 1036 1037 1038 1039 1040 1041 1042 1043 1042 1041 1036 1044 1043 1045 1042 1045 1043 1046 1047 1044 1044 1045 1046 1037 1039 1035 1036 1041 1037 1031 1038 1040 1038 1035 1039 1034 1030 1029 1029 1031 1040 1032 1023 1033 1034 1033 1030 1024 1027 1025 1032 1024 1023 1026 1028 1020 1025 1027 1026 1021 1020 1028 1048 1049 1050 1048 1051 1049 1052 1053 1054 1054 1055 1056 1056 1052 1054 1057 1058 1055 1056 1055 1058 1059 1057 1060 1057 1059 1058 1060 1061 1062 1062 1059 1060 1063 1064 1061 1062 1061 1064 1065 1063 1066 1063 1065 1064 1066 1067 1068 1068 1065 1066 1069 1070 1067 1068 1067 1070 1071 1069 1072 1069 1071 1070 1072 1073 1074 1074 1071 1072 1075 1076 1073 1074 1073 1076 1077 1075 1078 1075 1077 1076 1078 1079 1080 1080 1077 1078 1081 1082 1079 1080 1079 1082 1083 1081 1084 1081 1083 1082 1084 1085 1086 1086 1083 1084 1087 1088 1085 1086 1085 1088 1089 1087 1090 1087 1089 1088 1052 1091 1053 1092 1091 1093 1091 1092 1053 1093 1094 1095 1095 1092 1093 1096 1097 1094 1095 1094 1097 1098 1096 1099 1096 1098 1097 1099 1100 1101 1101 1098 1099 1102 1103 1100 1101 1100 1103 1104 1102 1105 1102 1104 1103 1105 1106 1107 1107 1104 1105 1108 1109 1106 1107 1106 1109 1110 1108 1111 1108 1110 1109 1111 1112 1113 1113 1110 1111 1114 1115 1112 1113 1112 1115 1116 1114 1117 1114 1116 1115 1117 1118 1119 1119 1116 1117 1120 1121 1118 1119 1118 1121 1122 1120 1123 1120 1122 1121 1123 1124 1125 1125 1122 1123 1125 1124 1126 1124 1127 1126 1128 1129 1130 1128 1131 1129 1132 1133 1134 1135 1136 1137 1138 1139 1140 1141 1142 1143 1144 1145 1146 1147 1148 1149 1150 1151 1152 1151 1150 1153 1154 1152 1155 1151 1155 1152 1156 1157 1154 1154 1155 1156 1158 1157 1156 1153 1150 1146 1148 1145 1144 1145 1153 1146 1138 1147 1149 1149 1148 1144 1139 1143 1140 1138 1140 1147 1141 1135 1142 1139 1141 1143 1137 1136 1133 1142 1135 1137 1132 1134 1159 1133 1136 1134 1160 1161 1162 1160 1163 1161 1164 1165 1166 1167 1168 1169 1170 1171 1172 1173 1174 1175 1176 1177 1178 1179 1180 1181 1182 1183 1184 1185 1186 1187 1186 1185 1180 1188 1187 1189 1186 1189 1187 1190 1191 1188 1188 1189 1190 1181 1183 1179 1180 1185 1181 1175 1182 1184 1182 1179 1183 1178 1174 1173 1173 1175 1184 1176 1167 1177 1178 1177 1174 1168 1171 1169 1176 1168 1167 1170 1172 1164 1169 1171 1170 1165 1164 1172 1192 1193 1194 1195 1196 1197 1198 1199 1200 1201 1202 1203 1204 1205 1206 1207 1208 1209 1210 1211 1212 1213 1214 1215 1216 1217 1218 1219 1220 1221 1222 1223 1224 1225 1226 1227 1228 1229 1230 1231 1232 1233 1234 1235 1236 1237 1238 1239 1240 1241 1242 1243 1244 1245 1246 1247 1248 1249 1250 1251 1252 1253 1254 1255 1256 1257 1258 1259 1260 1261 1262 1263 1264 1265 1266 1267 1268 1269 1270 1271 1272 1264 1272 1271 1270 1273 1274 1273 1270 1272 1275 1276 1274 1274 1273 1275 1277 1276 1278 1275 1278 1276 1277 1279 1280 1279 1277 1278 1281 1282 1280 1280 1279 1281 1283 1282 1284 1281 1284 1282 1283 1285 1286 1285 1283 1284 1287 1288 1286 1286 1285 1287 1289 1288 1290 1287 1290 1288 1289 1291 1292 1291 1289 1290 1293 1294 1292 1292 1291 1293 1195 1294 1295 1293 1295 1294 1271 1265 1264 1268 1267 1266 1265 1268 1266 1258 1260 1269 1269 1260 1267 1263 1259 1261 1261 1259 1258 1253 1262 1254 1253 1263 1262 1252 1257 1256 1252 1254 1257 1255 1247 1246 1256 1255 1246 1250 1249 1248 1247 1250 1248 1240 1242 1251 1251 1242 1249 1245 1241 1243 1243 1241 1240 1235 1244 1236 1235 1245 1244 1234 1239 1238 1234 1236 1239 1237 1229 1228 1238 1237 1228 1232 1231 1230 1229 1232 1230 1222 1224 1233 1233 1224 1231 1227 1223 1225 1225 1223 1222 1217 1226 1218 1217 1227 1226 1216 1221 1220 1216 1218 1221 1219 1211 1210 1220 1219 1210 1214 1213 1212 1211 1214 1212 1204 1206 1215 1215 1206 1213 1209 1205 1207 1207 1205 1204 1199 1208 1200 1199 1209 1208 1198 1201 1203 1198 1200 1201 1202 1192 1194 1203 1202 1194 1197 1196 1193 1192 1197 1193 1195 1295 1196 1296 1297 1298 1299 1300 1301 1302 1303 1304 1305 1306 1307 1308 1309 1310 1311 1312 1313 1314 1315 1316 1317 1318 1319 1320 1321 1322 1323 1324 1325 1326 1327 1328 1329 1330 1331 1332 1333 1334 1335 1336 1337 1338 1339 1340 1341 1342 1343 1344 1345 1346 1347 1348 1349 1350 1351 1352 1353 1354 1355 1356 1357 1358 1359 1360 1361 1362 1363 1364 1365 1366 1367 1368 1369 1370 1371 1372 1373 1374 1375 1376 1368 1376 1375 1374 1377 1378 1377 1374 1376 1379 1380 1378 1378 1377 1379 1381 1380 1382 1379 1382 1380 1381 1383 1384 1383 1381 1382 1385 1386 1384 1384 1383 1385 1387 1386 1388 1385 1388 1386 1387 1389 1390 1389 1387 1388 1391 1392 1390 1390 1389 1391 1393 1392 1394 1391 1394 1392 1393 1395 1396 1395 1393 1394 1397 1398 1396 1396 1395 1397 1299 1398 1399 1397 1399 1398 1375 1369 1368 1372 1371 1370 1369 1372 1370 1362 1364 1373 1373 1364 1371 1367 1363 1365 1365 1363 1362 1357 1366 1358 1357 1367 1366 1356 1361 1360 1356 1358 1361 1359 1351 1350 1360 1359 1350 1354 1353 1352 1351 1354 1352 1344 1346 1355 1355 1346 1353 1349 1345 1347 1347 1345 1344 1339 1348 1340 1339 1349 1348 1338 1343 1342 1338 1340 1343 1341 1333 1332 1342 1341 1332 1336 1335 1334 1333 1336 1334 1326 1328 1337 1337 1328 1335 1331 1327 1329 1329 1327 1326 1321 1330 1322 1321 1331 1330 1320 1325 1324 1320 1322 1325 1323 1315 1314 1324 1323 1314 1318 1317 1316 1315 1318 1316 1308 1310 1319 1319 1310 1317 1313 1309 1311 1311 1309 1308 1303 1312 1304 1303 1313 1312 1302 1305 1307 1302 1304 1305 1306 1296 1298 1307 1306 1298 1301 1300 1297 1296 1301 1297 1299 1399 1300 1400 1401 1402 1403 1404 1405 1406 1407 1408 1409 1410 1411 1412 1413 1414 1415 1416 1417 1418 1419 1420 1421 1422 1423 1424 1425 1426 1427 1428 1429 1430 1431 1432 1433 1434 1435 1436 1437 1438 1439 1440 1441 1442 1443 1444 1445 1446 1447 1448 1449 1450 1451 1452 1453 1454 1455 1456 1457 1458 1459 1460 1461 1462 1463 1464 1465 1466 1467 1468 1469 1470 1471 1472 1473 1474 1475 1476 1477 1478 1479 1480 1481 1480 1479 1482 1478 1483 1478 1482 1479 1483 1484 1485 1485 1482 1483 1486 1487 1484 1485 1484 1487 1488 1486 1489 1486 1488 1487 1489 1490 1491 1491 1488 1489 1492 1493 1490 1491 1490 1493 1494 1492 1495 1492 1494 1493 1495 1496 1497 1497 1494 1495 1498 1499 1496 1497 1496 1499 1500 1498 1501 1498 1500 1499 1501 1502 1503 1503 1500 1501 1403 1405 1502 1503 1502 1405 1481 1473 1472 1480 1481 1472 1476 1475 1474 1473 1476 1474 1466 1468 1477 1477 1468 1475 1471 1467 1469 1469 1467 1466 1461 1470 1462 1461 1471 1470 1460 1465 1464 1460 1462 1465 1463 1455 1454 1464 1463 1454 1458 1457 1456 1455 1458 1456 1448 1450 1459 1459 1450 1457 1453 1449 1451 1451 1449 1448 1443 1452 1444 1443 1453 1452 1442 1447 1446 1442 1444 1447 1445 1437 1436 1446 1445 1436 1440 1439 1438 1437 1440 1438 1430 1432 1441 1441 1432 1439 1435 1431 1433 1433 1431 1430 1425 1434 1426 1425 1435 1434 1424 1429 1428 1424 1426 1429 1427 1419 1418 1428 1427 1418 1422 1421 1420 1419 1422 1420 1412 1414 1423 1423 1414 1421 1417 1413 1415 1415 1413 1412 1407 1416 1408 1407 1417 1416 1406 1409 1411 1406 1408 1409 1410 1400 1402 1411 1410 1402 1404 1403 1401 1400 1404 1401 1504 1505 1506 1506 1507 1504 1508 1509 1510 1510 1511 1508 1512 1513 1514 1514 1515 1512 1516 1517 1518 1518 1519 1516 1520 1521 1522 1523 1521 1524 1520 1524 1521 1523 1525 1526 1525 1523 1524 1527 1528 1526 1526 1525 1527 1529 1528 1530 1527 1530 1528 1531 1529 1530 1532 1520 1522 1533 1534 1532 1532 1522 1533 1535 1534 1536 1533 1536 1534 1535 1537 1538 1537 1535 1536 1539 1540 1538 1538 1537 1539 1539 1541 1540 1542 1543 1544 1545 1543 1546 1542 1546 1543 1545 1547 1548 1547 1545 1546 1549 1550 1548 1548 1547 1549 1551 1550 1552 1549 1552 1550 1553 1551 1552 1554 1542 1544 1555 1556 1554 1554 1544 1555 1557 1556 1558 1555 1558 1556 1557 1559 1560 1559 1557 1558 1561 1562 1560 1560 1559 1561 1561 1563 1562 1564 1565 1566 1567 1565 1568 1564 1568 1565 1567 1569 1570 1569 1567 1568 1571 1572 1570 1570 1569 1571 1573 1572 1574 1571 1574 1572 1575 1573 1574 1576 1564 1566 1577 1578 1576 1576 1566 1577 1579 1578 1580 1577 1580 1578 1579 1581 1582 1581 1579 1580 1583 1584 1582 1582 1581 1583 1583 1585 1584 1586 1587 1588 1589 1587 1590 1586 1590 1587 1589 1591 1592 1591 1589 1590 1593 1594 1592 1592 1591 1593 1595 1594 1596 1593 1596 1594 1597 1595 1596 1598 1586 1588 1599 1600 1598 1598 1588 1599 1601 1600 1602 1599 1602 1600 1601 1603 1604 1603 1601 1602 1605 1606 1604 1604 1603 1605 1605 1607 1606 1608 1609 1610 1611 1612 1613 1614 1609 1615 1614 1610 1609 1616 1609 1617 1616 1615 1609 1609 1618 1619 1617 1609 1619 1609 1620 1621 1618 1609 1621 1622 1623 1624 1625 1626 1622 1627 1628 1629 1630 1631 1632 1633 1634 1635 1636 1637 1638 1639 1640 1641 1642 1643 1644 1645 1646 1647 1648 1637 1649 1650 1651 1652 1653 1652 1654 1655 1656 1657 1655 1658 1656 1659 1660 1661 1660 1659 1662 1663 1664 1665 1661 1660 1666 1627 1629 1667 1668 1669 1670 1671 1672 1673 1628 1627 1672 1673 1674 1671 1675 1676 1677 1677 1678 1679 1679 1675 1677 1680 1681 1678 1679 1678 1681 1682 1680 1683 1680 1682 1681 1683 1684 1685 1685 1682 1683 1685 1684 1686 1687 1668 1665 1676 1675 1688 1629 1670 1667 1674 1689 1688 1676 1688 1689 1674 1673 1689 1671 1628 1672 1687 1669 1668 1669 1667 1670 1690 1691 1692 1687 1665 1664 1663 1661 1666 1664 1663 1666 1693 1694 1695 1696 1697 1698 1695 1694 1699 1700 1701 1702 1703 1704 1705 1646 1706 1707 1708 1643 1709 1652 1646 1654 1647 1637 1645 1710 1638 1637 1652 1711 1712 1713 1714 1715 1716 1717 1718 1701 1714 1713 1719 1720 1721 1722 1723 1724 1655 1725 1658 1726 1692 1727 1726 1690 1692 1728 1727 1692 1692 1729 1730 1692 1731 1732 1729 1692 1732 1692 1733 1734 1731 1692 1734 1692 1735 1736 1733 1692 1736 1692 1737 1738 1735 1692 1738 1737 1692 1739 1740 1641 1741 1730 1728 1692 1713 1742 1701 1715 1714 1743 1701 1742 1744 1743 1714 1716 1745 1717 1716 1714 1745 1716 1643 1716 1709 1718 1746 1716 1740 1747 1748 1744 1749 1701 1750 1751 1752 1753 1754 1755 1756 1757 1758 1759 1760 1757 1761 1756 1758 1762 1763 1764 1765 1630 1632 1751 1698 1766 1767 1768 1769 1752 1770 1750 1771 1662 1659 1772 1773 1774 1775 1776 1777 1778 1692 1779 1652 1651 1658 1780 1779 1692 1753 1781 1761 1652 1653 1711 1692 1782 1780 1691 1783 1784 1764 1763 1760 1765 1785 1786 1765 1786 1630 1787 1788 1773 1699 1789 1790 1791 1792 1793 1794 1795 1796 1777 1772 1797 1798 1799 1800 1801 1802 1803 1804 1805 1806 1807 1808 1809 1807 1806 1805 1810 1633 1635 1807 1811 1808 1812 1813 1634 1812 1814 1813 1633 1812 1634 1815 1814 1816 1817 1622 1818 1819 1820 1821 1822 1613 1823 1824 1613 1822 1613 1623 1823 1612 1623 1613 1825 1826 1827 1828 1829 1830 1831 1832 1833 1827 1826 1834 1835 1836 1837 1838 1835 1839 1835 1837 1840 1833 1841 1842 1832 1836 1835 1843 1826 1844 1842 1841 1844 1845 1829 1846 1847 1829 1826 1832 1831 1836 1848 1622 1626 1612 1849 1623 1850 1613 1824 1624 1818 1622 1849 1624 1623 1817 1625 1622 1838 1851 1852 1853 1854 1819 1851 1821 1855 1856 1857 1858 1859 1860 1861 1862 1863 1864 1864 1865 1866 1867 1868 1609 1867 1609 1869 1609 1870 1871 1868 1870 1609 1609 1871 1872 1872 1620 1609 1873 1874 1875 1876 1643 1642 1637 1648 1710 1716 1746 1709 1643 1708 1644 1877 1876 1878 1876 1642 1878 1879 1877 1880 1877 1879 1876 1879 1875 1874 1879 1880 1875 1873 1881 1882 1874 1873 1882 1873 1636 1883 1881 1873 1883 1873 1637 1636 1706 1646 1645 1647 1649 1637 1639 1884 1885 1646 1707 1654 1886 1755 1754 1755 1781 1753 1712 1650 1652 1778 1655 1692 1887 1888 1655 1652 1658 1725 1889 1890 1655 1655 1890 1725 1655 1888 1891 1655 1891 1889 1655 1892 1893 1887 1655 1893 1892 1655 1778 1692 1894 1895 1782 1692 1895 1896 1897 1898 1784 1894 1691 1692 1691 1894 1783 1899 1784 1900 1901 1902 1903 1899 1783 1904 1748 1747 1905 1902 1906 1758 1753 1761 1897 1896 1886 1741 1747 1740 1640 1741 1641 1884 1639 1641 1885 1723 1722 1723 1885 1884 1907 1722 1724 1908 1721 1907 1907 1724 1908 1719 1700 1720 1908 1719 1721 1701 1749 1702 1700 1702 1720 1809 1806 1807 1858 1909 1816 1910 1820 1819 1911 1912 1848 1622 1848 1912 1913 1914 1912 1913 1912 1911 1914 1829 1828 1912 1914 1828 1829 1845 1915 1830 1829 1915 1847 1846 1829 1825 1847 1826 1843 1834 1826 1843 1844 1841 1833 1832 1841 1838 1839 1916 1835 1840 1839 1838 1917 1918 1916 1917 1838 1919 1851 1838 1838 1918 1919 1852 1851 1855 1821 1851 1819 1819 1859 1853 1819 1854 1910 1860 1856 1861 1859 1861 1853 1909 1858 1857 1857 1856 1860 1815 1816 1909 1813 1814 1815 1635 1809 1810 1808 1811 1920 1809 1635 1806 1921 1920 1922 1923 1924 1925 1926 1803 1927 1925 1928 1929 1864 1866 1930 1929 1931 1865 1932 1930 1933 1932 1864 1930 1609 1933 1869 1933 1930 1869 1934 1609 1613 1935 1936 1609 1609 1936 1933 1937 1938 1609 1609 1938 1935 1609 1934 1937 1939 1940 1613 1613 1940 1934 1850 1941 1613 1613 1941 1939 1942 1804 1776 1805 1804 1942 1696 1704 1697 1775 1942 1776 1797 1775 1777 1774 1797 1772 1787 1773 1772 1752 1788 1770 1770 1788 1787 1698 1751 1750 1698 1697 1766 1705 1763 1703 1696 1705 1704 1785 1789 1786 1903 1631 1899 1763 1762 1703 1757 1756 1759 1760 1759 1764 1631 1943 1899 1944 1899 1943 1945 1896 1898 1897 1886 1754 1900 1944 1943 1748 1904 1945 1945 1898 1748 1747 1905 1904 1900 1943 1901 1905 1906 1904 1901 1906 1902 1903 1632 1631 1796 1693 1794 1790 1789 1785 1693 1695 1794 1699 1790 1695 1795 1792 1796 1946 1792 1791 1793 1792 1795 1662 1771 1946 1946 1791 1662 1771 1659 1800 1798 1769 1799 1659 1798 1800 1767 1802 1768 1769 1768 1799 1947 1803 1802 1947 1802 1767 1926 1801 1803 1923 1926 1927 1925 1924 1928 1923 1927 1924 1929 1928 1931 1865 1931 1866 1865 1864 1863 1862 1921 1863 1920 1811 1922 1921 1922 1863 1948 1949 1950 1951 1952 1953 1954 1949 1955 1954 1950 1949 1956 1949 1957 1956 1955 1949 1949 1958 1959 1957 1949 1959 1960 1949 1961 1958 1949 1962 1963 1964 1965 1966 1949 1967 1968 1963 1969 1970 1971 1972 1973 1974 1975 1976 1977 1978 1979 1980 1981 1976 1982 1977 1983 1984 1985 1986 1987 1988 1989 1990 1991 1989 1992 1990 1993 1994 1995 1996 1997 1994 1998 1999 2000 1999 1998 2001 2002 2003 2004 2000 1999 2005 1952 2006 1953 2007 2008 2009 2010 2011 2012 1951 1953 2011 2012 2013 2010 2014 2015 2016 2016 2017 2018 2018 2014 2016 2019 2020 2017 2018 2017 2020 2021 2019 2022 2019 2021 2020 2022 2023 2024 2024 2021 2022 2024 2023 2025 2026 2007 2004 2015 2014 2027 1952 2009 2006 2013 2028 2027 2015 2027 2028 2013 2012 2028 2010 1951 2011 2026 2008 2007 2008 2006 2009 2029 2030 2031 2026 2004 2003 2002 2000 2005 2003 2002 2005 1984 1983 2032 1990 2033 1991 1985 1984 1992 2034 2035 2036 1993 1991 2033 2037 2038 2039 2034 2036 2040 2035 1996 2036 2041 2037 2039 2037 2041 2031 1996 2035 1997 2031 2042 2043 2044 2031 2045 2031 2043 2045 2046 2047 2031 2046 2031 2044 2048 2049 2031 2050 2051 2031 2052 2031 2053 2052 2037 2031 2054 2053 2031 2031 2055 2056 2031 2057 2058 2055 2031 2058 2031 2059 2060 2057 2031 2060 2031 2061 2062 2059 2031 2062 2031 2063 2064 2061 2031 2064 2063 2031 2065 2031 2047 2050 2056 2054 2031 2066 1982 1979 2067 1992 1989 2068 2069 2031 2031 2069 2048 2070 2071 2031 2031 2071 2068 2031 2051 2072 2031 2072 2070 2031 2041 2029 2042 2031 2030 2073 2038 2074 2038 2073 2039 2074 2075 2076 2076 2073 2074 2075 2034 2040 2076 2075 2040 1995 1994 1997 1991 1993 1995 1983 2001 2032 1992 2067 1985 2001 1998 2077 2077 2032 2001 1988 2077 1986 1998 1986 2077 1987 2078 1988 2078 1978 1977 1978 2078 1987 1977 1982 2066 1981 1980 2079 1979 1982 1980 1972 1971 2079 1981 2079 1971 1974 1970 2080 1970 1972 2080 2081 1973 1975 1975 1974 2080 2081 1963 1968 1968 1973 2081 1949 2082 1965 1963 1965 1969 2082 1949 1966 1964 1949 1965 1967 1949 2083 2084 1949 1964 2085 1949 2084 2086 2083 1949 1949 2087 2088 2086 1949 2088 1960 2087 1949 2089 1949 2085 2090 1961 1949 2089 2091 1949 2091 2092 1949 1949 2093 2090 1949 2094 2095 2095 2093 1949 1949 2096 2097 2094 1949 2097 1949 2098 2099 2096 1949 2099 1949 2092 1962 2100 2101 2102 2103 2100 2104 2104 2100 2105 2102 2105 2100 2106 2107 2108 2106 2109 2110 2111 2106 2110 2106 2108 2109 2112 2113 2114 2112 2114 2115 2116 2117 2118 2116 2118 2119</p>
        </triangles>
      </mesh>
    </geometry>
    <geometry id="ID10">
      <mesh>
        <source id="ID11">
          <float_array count="6342" id="ID12">-0.0198 0.024 -0.011 -0.0215 0.024 -0.011 -0.0215 0.024 -0.00475 -0.0198 0.024 -0.00475 -0.02 0.00164579 -0.00586363 -0.02 0.000837167 -0.00645305 -0.02 0.000735724 -0.00632272 -0.02 -0.00177063 -0.00792992 -0.02 -0.00186996 -0.00770938 -0.02 -0.000915773 -0.0074017 -0.02 -0.0018702 -0.0062913 -0.02 -0.00177098 -0.00607069 -0.02 -0.000915773 -0.0065983 -0.02 -0.0009694 -0.00675451 -0.02 -0.00194198 -0.00652196 -0.02 1.28019e-17 -0.006 -0.02 -0.000164595 -0.00601364 -0.02 -0.000241548 -0.00501469 -0.02 -0.000837167 -0.00645305 -0.02 -0.00164619 -0.00586427 -0.02 -0.000478752 -0.00505815 -0.02 -0.000324699 -0.00605418 -0.02 -0.000475947 -0.00612053 -0.02 -0.000709683 -0.00513017 -0.02 -0.00113626 -0.00535415 -0.02 -0.000929961 -0.00522942 -0.02 -0.000614213 -0.00621086 -0.02 -0.0013265 -0.00550322 -0.02 -0.000735724 -0.00632272 -0.02 -0.0014974 -0.00567424 -0.02 -6.09928e-07 -0.00500004 -0.02 0.000324699 -0.00605418 -0.02 0.000164595 -0.00601364 -0.02 0.000478411 -0.00505809 -0.02 0.000240745 -0.00501455 -0.02 0.000708616 -0.0051298 -0.02 0.000475947 -0.00612053 -0.02 0.00132583 -0.00550268 -0.02 0.000614213 -0.00621086 -0.02 -0.000996584 -0.00691742 -0.02 -0.00198542 -0.00675904 -0.02 0.00177076 -0.00607033 -0.02 0.000915773 -0.0065983 -0.02 -0.0019853 -0.00724169 -0.02 -0.00199999 -0.00700038 -0.02 -0.000996584 -0.00708258 -0.02 0.00186977 -0.00629023 -0.02 0.0009694 -0.00675451 -0.02 -0.0009694 -0.00724549 -0.02 -0.00194174 -0.00747903 -0.02 0.000996584 -0.00691742 -0.02 0.00198541 -0.00675886 -0.02 -0.00164559 -0.00813658 -0.02 -0.000837167 -0.00754695 -0.02 0.000996584 -0.00708258 -0.02 0.00199995 -0.00699947 -0.02 0.00198545 -0.00724048 -0.02 -0.000735724 -0.00767728 -0.02 -0.00149698 -0.00832629 -0.02 0.0009694 -0.00724549 -0.02 0.00194194 -0.00747836 -0.02 0.00187011 -0.00770891 -0.02 -0.00132593 -0.00849728 -0.02 -0.000614213 -0.00778914 -0.02 -0.00113559 -0.00864629 -0.02 0.00177116 -0.00792887 -0.02 0.000915773 -0.0074017 -0.02 -0.000475947 -0.00787947 -0.02 -0.000929082 -0.00877106 -0.02 0.000837167 -0.00754695 -0.02 0.00164621 -0.00813575 -0.02 0.000735724 -0.00767728 -0.02 0.000475947 -0.00787947 -0.02 0.000614213 -0.00778914 -0.02 0.00113659 -0.00864561 -0.02 0.00132662 -0.00849662 -0.02 0.000479228 -0.00894169 -0.02 0.000324699 -0.00794582 -0.02 0.000709525 -0.00886987 -0.02 0.000164595 -0.00798636 -0.02 0.000241499 -0.00898535 -0.02 1.29856e-17 -0.009 -0.02 -0.000241499 -0.00898535 -0.02 1.29244e-17 -0.008 -0.02 0.000929661 -0.00877079 -0.02 -0.000478075 -0.00894199 -0.02 -0.000164595 -0.00798636 -0.02 -0.000324699 -0.00794582 -0.02 -0.000709007 -0.00887011 -0.02 0.00149704 -0.00832622 -0.02 0.00113605 -0.00535398 -0.02 0.00194175 -0.00652091 -0.02 0.0014966 -0.00567333 -0.02 0.000928997 -0.00522888 -0.02 0.00164579 0.00813637 -0.02 0.000892926 0.0074502 -0.02 0.000803997 0.00759463 -0.02 -0.000927889 0.00662714 -0.02 -0.000851529 0.00647569 -0.02 -0.00177063 0.00607008 -0.02 -0.000892926 0.0074502 -0.02 -0.000956167 0.00729282 -0.02 -0.0018702 0.0077087 -0.02 -0.00194198 0.00747804 -0.02 0.000478411 0.00894191 -0.02 0.000708616 0.0088702 -0.02 0.000251978 0.00796773 -0.02 -0.00164619 0.00813573 -0.02 -0.00177098 0.00792931 -0.02 8.48059e-05 0.0079964 -0.02 -6.09928e-07 0.00899996 -0.02 0.000240745 0.00898545 -0.02 -0.000251978 0.00796773 -0.02 -0.000478752 0.00894185 -0.02 -0.000241548 0.00898531 -0.02 -0.000929961 0.00877059 -0.02 -0.000709683 0.00886983 -0.02 -0.000411901 0.00791123 -0.02 -8.48059e-05 0.0079964 -0.02 -0.000559975 0.00782851 -0.02 -0.00113626 0.00864585 -0.02 -0.000691939 0.00772196 -0.02 -0.0013265 0.00849678 -0.02 -0.0014974 0.00832576 -0.02 0.000411901 0.00791123 -0.02 0.000928997 0.00877112 -0.02 -0.000803997 0.00759463 -0.02 0.000559975 0.00782851 -0.02 0.00113605 0.00864602 -0.02 0.00132583 0.00849732 -0.02 0.0014966 0.00832667 -0.02 0.000691939 0.00772196 -0.02 -0.0009919 0.00712702 -0.02 -0.00198542 0.00724096 -0.02 0.00186977 0.00770977 -0.02 0.00177076 0.00792967 -0.02 -0.000999099 0.00695756 -0.02 -0.00199999 0.00699962 -0.02 0.00194175 0.00747909 -0.02 0.000956167 0.00729282 -0.02 -0.0019853 0.00675831 -0.02 -0.000977555 0.00678932 -0.02 0.0009919 0.00712702 -0.02 -0.00186996 0.00629062 -0.02 -0.000750672 0.00633933 -0.02 -0.00149698 0.00567371 -0.02 -0.00164559 0.00586342 -0.02 0.00198541 0.00724114 -0.02 0.00199995 0.00700053 -0.02 0.000977555 0.00678932 -0.02 0.00198545 0.00675952 -0.02 0.00194194 0.00652164 -0.02 0.000999099 0.00695756 -0.02 0.000927889 0.00662714 -0.02 -0.000929082 0.00522894 -0.02 -0.00033314 0.00605712 -0.02 -0.000709007 0.00512989 -0.02 -0.000169001 0.00601438 -0.02 -0.000478075 0.00505801 -0.02 0.00177116 0.00607113 -0.02 0.00187011 0.00629109 -0.02 1.38435e-17 0.006 -0.02 1.39047e-17 0.005 -0.02 -0.000241499 0.00501465 -0.02 0.00164621 0.00586425 -0.02 0.000851529 0.00647569 -0.02 0.000750672 0.00633933 -0.02 0.00113659 0.00535439 -0.02 0.000487695 0.00612699 -0.02 0.00062822 0.00622196 -0.02 0.000929661 0.00522921 -0.02 0.000709525 0.00513013 -0.02 0.00033314 0.00605712 -0.02 0.000479228 0.00505831 -0.02 0.000169001 0.00601438 -0.02 0.000241499 0.00501465 -0.02 0.00149704 0.00567378 -0.02 0.00132662 0.00550338 -0.02 -0.000487695 0.00612699 -0.02 -0.00113559 0.00535371 -0.02 -0.00062822 0.00622196 -0.02 -0.00132593 0.00550272 -0.02 -0.00194174 0.00652097 -0.02 0.00864579 0.00113637 -0.02 0.00789293 0.000450204 -0.02 0.007804 0.000594633 -0.02 0.00607211 -0.000372856 -0.02 0.00614847 -0.000524307 -0.02 0.00522937 -0.00092992 -0.02 0.00610707 0.000450204 -0.02 0.00604383 0.000292823 -0.02 0.0051298 0.000708702 -0.02 0.00505802 0.000478039 -0.02 0.00747841 0.00194191 -0.02 0.00770862 0.0018702 -0.02 0.00725198 0.000967733 -0.02 0.00535381 0.00113573 -0.02 0.00522902 0.000929308 -0.02 0.00708481 0.000996397 -0.02 0.00699939 0.00199996 -0.02 0.00724075 0.00198545 -0.02 0.00674802 0.000967733 -0.02 0.00652125 0.00194185 -0.02 0.00675845 0.00198531 -0.02 0.00607004 0.00177058 -0.02 0.00629032 0.00186983 -0.02 0.0065881 0.000911228 -0.02 0.00691519 0.000996397 -0.02 0.00644003 0.00082851 -0.02 0.00586374 0.00164585 -0.02 0.00630806 0.000721956 -0.02 0.0056735 0.00149678 -0.02 0.0055026 0.00132576 -0.02 0.0074119 0.000911228 -0.02 0.007929 0.00177112 -0.02 0.006196 0.000594633 -0.02 0.00755997 0.00082851 -0.02 0.00813605 0.00164602 -0.02 0.00832583 0.00149732 -0.02 0.0084966 0.00132667 -0.02 0.00769194 0.000721956 -0.02 0.0060081 0.000127018 -0.02 0.00501458 0.000240955 -0.02 0.00886977 0.000709773 -0.02 0.00877076 0.000929669 -0.02 0.0060009 -4.24412e-05 -0.02 0.00500001 -3.81824e-07 -0.02 0.00894175 0.000479088 -0.02 0.00795617 0.000292823 -0.02 0.0050147 -0.000241685 -0.02 0.00602244 -0.000210679 -0.02 0.0079919 0.000127018 -0.02 0.00513004 -0.000709382 -0.02 0.00624933 -0.000660675 -0.02 0.00550302 -0.00132629 -0.02 0.00535441 -0.00113658 -0.02 0.00898541 0.000241135 -0.02 0.00899995 5.32243e-07 -0.02 0.00797756 -0.000210679 -0.02 0.00898545 -0.000240483 -0.02 0.00894194 -0.000478364 -0.02 0.0079991 -4.24412e-05 -0.02 0.00792789 -0.000372856 -0.02 0.00607092 -0.00177106 -0.02 0.00666686 -0.000942877 -0.02 0.00629099 -0.00187011 -0.02 0.006831 -0.000985616 -0.02 0.00652192 -0.00194199 -0.02 0.00877116 -0.000928871 -0.02 0.00887011 -0.000708906 -0.02 0.007 -0.001 -0.02 0.007 -0.002 -0.02 0.0067585 -0.00198535 -0.02 0.00864621 -0.00113575 -0.02 0.00785153 -0.000524307 -0.02 0.00775067 -0.000660675 -0.02 0.00813659 -0.00164561 -0.02 0.00748769 -0.000873014 -0.02 0.00762822 -0.000778036 -0.02 0.00792966 -0.00177079 -0.02 0.00770953 -0.00186987 -0.02 0.00733314 -0.000942877 -0.02 0.00747923 -0.00194169 -0.02 0.007169 -0.000985616 -0.02 0.0072415 -0.00198535 -0.02 0.00849704 -0.00132622 -0.02 0.00832662 -0.00149662 -0.02 0.00651231 -0.000873014 -0.02 0.00586441 -0.00164629 -0.02 0.00637178 -0.000778036 -0.02 0.00567407 -0.00149728 -0.02 0.00505826 -0.000479032 -0.02 0.00733314 -0.000942877 -0.0183 0.007169 -0.000985616 -0.0183 0.00733314 -0.000942877 -0.0183 0.007 -0.001 -0.02 0.007169 -0.000985616 -0.02 0.007 -0.001 -0.0183 0.00762822 -0.000778036 -0.0183 0.00775067 -0.000660675 -0.02 0.00775067 -0.000660675 -0.02 0.00762822 -0.000778036 -0.02 0.00748769 -0.000873014 -0.0183 0.00748769 -0.000873014 -0.02 0.00797756 -0.000210679 -0.0183 0.00792789 -0.000372856 -0.0183 0.00797756 -0.000210679 -0.02 0.00792789 -0.000372856 -0.02 0.00785153 -0.000524307 -0.0183 0.00785153 -0.000524307 -0.0183 0.00795617 0.000292823 -0.02 0.00795617 0.000292823 -0.0183 0.0079919 0.000127018 -0.0183 0.0079991 -4.24412e-05 -0.02 0.0079919 0.000127018 -0.02 0.0079991 -4.24412e-05 -0.0183 0.007804 0.000594633 -0.0183 0.00769194 0.000721956 -0.02 0.00769194 0.000721956 -0.02 0.00789293 0.000450204 -0.0183 0.00789293 0.000450204 -0.02 0.007804 0.000594633 -0.02 0.00725198 0.000967733 -0.0183 0.0074119 0.000911228 -0.0183 0.00725198 0.000967733 -0.02 0.0074119 0.000911228 -0.02 0.00755997 0.00082851 -0.0183 0.00755997 0.00082851 -0.0183 0.00674802 0.000967733 -0.02 0.00674802 0.000967733 -0.0183 0.00691519 0.000996397 -0.0183 0.00708481 0.000996397 -0.02 0.00691519 0.000996397 -0.02 0.00708481 0.000996397 -0.0183 0.00644003 0.00082851 -0.0183 0.00630806 0.000721956 -0.02 0.00630806 0.000721956 -0.02 0.0065881 0.000911228 -0.0183 0.0065881 0.000911228 -0.02 0.00644003 0.00082851 -0.02 0.00604383 0.000292823 -0.0183 0.00610707 0.000450204 -0.0183 0.00604383 0.000292823 -0.02 0.00610707 0.000450204 -0.02 0.006196 0.000594633 -0.0183 0.006196 0.000594633 -0.02 0.00602244 -0.000210679 -0.02 0.0060009 -4.24412e-05 -0.0183 0.0060009 -4.24412e-05 -0.0183 0.0060081 0.000127018 -0.02 0.0060081 0.000127018 -0.0183 0.00602244 -0.000210679 -0.02 0.00607211 -0.000372856 -0.0183 0.00607211 -0.000372856 -0.02 0.00614847 -0.000524307 -0.02 0.00624933 -0.000660675 -0.0183 0.00614847 -0.000524307 -0.0183 0.00624933 -0.000660675 -0.02 0.00637178 -0.000778036 -0.0183 0.00637178 -0.000778036 -0.02 0.00651231 -0.000873014 -0.02 0.00666686 -0.000942877 -0.0183 0.00651231 -0.000873014 -0.0183 0.00666686 -0.000942877 -0.02 0.006831 -0.000985616 -0.0183 0.006831 -0.000985616 -0.02 0.000324699 -0.00794582 -0.0183 0.000169001 -0.00798562 -0.0183 0.00033314 -0.00794288 -0.0183 2.86342e-18 -0.008 -0.02 0.000164595 -0.00798636 -0.02 1.29244e-17 -0.008 -0.0183 0.00062822 -0.00777804 -0.0183 0.000750672 -0.00766067 -0.02 0.000735724 -0.00767728 -0.02 0.000614213 -0.00778914 -0.02 0.000475947 -0.00787947 -0.0183 0.000487695 -0.00787301 -0.02 0.0009694 -0.00724549 -0.0183 0.000927889 -0.00737286 -0.0183 0.000977555 -0.00721068 -0.02 0.000915773 -0.0074017 -0.02 0.000837167 -0.00754695 -0.0183 0.000851529 -0.00752431 -0.0183 0.000956167 -0.00670718 -0.02 0.0009694 -0.00675451 -0.0183 0.0009919 -0.00687298 -0.0183 0.000999099 -0.00704244 -0.02 0.000996584 -0.00691742 -0.02 0.000996584 -0.00708258 -0.0183 0.000803997 -0.00640537 -0.0183 0.000691939 -0.00627804 -0.02 0.000735724 -0.00632272 -0.02 0.000915773 -0.0065983 -0.0183 0.000892926 -0.0065498 -0.02 0.000837167 -0.00645305 -0.02 0.000324699 -0.00605418 -0.0183 0.000411901 -0.00608877 -0.0183 0.000251978 -0.00603227 -0.02 0.000475947 -0.00612053 -0.02 0.000614213 -0.00621086 -0.0183 0.000559975 -0.00617149 -0.0183 -0.000251978 -0.00603227 -0.02 -0.000164595 -0.00601364 -0.0183 -8.48059e-05 -0.0060036 -0.0183 8.48059e-05 -0.0060036 -0.02 1.28019e-17 -0.006 -0.02 0.000164595 -0.00601364 -0.0183 -0.000559975 -0.00617149 -0.0183 -0.000691939 -0.00627804 -0.02 -0.000614213 -0.00621086 -0.02 -0.000324699 -0.00605418 -0.0183 -0.000411901 -0.00608877 -0.02 -0.000475947 -0.00612053 -0.02 -0.000915773 -0.0065983 -0.0183 -0.000892926 -0.0065498 -0.0183 -0.000956167 -0.00670718 -0.02 -0.000837167 -0.00645305 -0.02 -0.000735724 -0.00632272 -0.0183 -0.000803997 -0.00640537 -0.02 -0.000996584 -0.00708258 -0.02 -0.000996584 -0.00691742 -0.0183 -0.000999099 -0.00704244 -0.0183 -0.0009919 -0.00687298 -0.02 -0.0009694 -0.00675451 -0.0183 -0.000977555 -0.00721068 -0.0183 -0.000927889 -0.00737286 -0.02 -0.0009694 -0.00724549 -0.0183 -0.000851529 -0.00752431 -0.02 -0.000915773 -0.0074017 -0.02 -0.000837167 -0.00754695 -0.0183 -0.000750672 -0.00766067 -0.0183 -0.00062822 -0.00777804 -0.02 -0.000735724 -0.00767728 -0.0183 -0.000487695 -0.00787301 -0.02 -0.000614213 -0.00778914 -0.02 -0.000475947 -0.00787947 -0.0183 -0.00033314 -0.00794288 -0.0183 -0.000169001 -0.00798562 -0.02 -0.000324699 -0.00794582 -0.02 -0.000164595 -0.00798636 -0.02 0.00033314 0.00605712 -0.0183 0.00033314 0.00605712 -0.0183 0.000487695 0.00612699 -0.02 1.38435e-17 0.006 -0.0183 0.000169001 0.00601438 -0.02 0.000169001 0.00601438 -0.0183 0.000750672 0.00633933 -0.0183 0.000851529 0.00647569 -0.02 0.000750672 0.00633933 -0.02 0.00062822 0.00622196 -0.02 0.000487695 0.00612699 -0.0183 0.00062822 0.00622196 -0.02 0.000977555 0.00678932 -0.0183 0.000977555 0.00678932 -0.0183 0.000999099 0.00695756 -0.02 0.000927889 0.00662714 -0.02 0.000851529 0.00647569 -0.0183 0.000927889 0.00662714 -0.0183 0.000892926 0.0074502 -0.02 0.000956167 0.00729282 -0.0183 0.000956167 0.00729282 -0.0183 0.0009919 0.00712702 -0.02 0.0009919 0.00712702 -0.02 0.000999099 0.00695756 -0.0183 0.000691939 0.00772196 -0.0183 0.000559975 0.00782851 -0.02 0.000691939 0.00772196 -0.02 0.000892926 0.0074502 -0.0183 0.000803997 0.00759463 -0.02 0.000803997 0.00759463 -0.02 0.000251978 0.00796773 -0.0183 0.000251978 0.00796773 -0.0183 8.48059e-05 0.0079964 -0.02 0.000411901 0.00791123 -0.02 0.000559975 0.00782851 -0.0183 0.000411901 0.00791123 -0.0183 -0.000411901 0.00791123 -0.02 -0.000251978 0.00796773 -0.0183 -0.000251978 0.00796773 -0.0183 -8.48059e-05 0.0079964 -0.02 -8.48059e-05 0.0079964 -0.02 8.48059e-05 0.0079964 -0.0183 -0.000691939 0.00772196 -0.0183 -0.000803997 0.00759463 -0.02 -0.000691939 0.00772196 -0.02 -0.000411901 0.00791123 -0.0183 -0.000559975 0.00782851 -0.02 -0.000559975 0.00782851 -0.02 -0.000956167 0.00729282 -0.0183 -0.000956167 0.00729282 -0.0183 -0.0009919 0.00712702 -0.02 -0.000892926 0.0074502 -0.02 -0.000803997 0.00759463 -0.0183 -0.000892926 0.0074502 -0.02 -0.000999099 0.00695756 -0.0183 -0.000999099 0.00695756 -0.0183 -0.000977555 0.00678932 -0.02 -0.0009919 0.00712702 -0.0183 -0.000927889 0.00662714 -0.02 -0.000977555 0.00678932 -0.0183 -0.000851529 0.00647569 -0.02 -0.000927889 0.00662714 -0.02 -0.000851529 0.00647569 -0.0183 -0.000750672 0.00633933 -0.0183 -0.00062822 0.00622196 -0.02 -0.000750672 0.00633933 -0.0183 -0.000487695 0.00612699 -0.02 -0.00062822 0.00622196 -0.02 -0.000487695 0.00612699 -0.0183 -0.00033314 0.00605712 -0.0183 -0.000169001 0.00601438 -0.02 -0.00033314 0.00605712 -0.0183 2.86342e-18 0.006 -0.02 -0.000169001 0.00601438 -0.0215 -0.004 0.009 -0.0215 -0.004 0.006 -0.0183 -0.004 0.006 -0.0183 -0.004 0.009 -0.0215 -0.00398538 0.00575865 -0.0183 -0.004 0.006 -0.0215 -0.004 0.006 -0.0215 -0.00377096 0.00507064 -0.0183 -0.00387015 0.00529113 -0.0215 -0.00387015 0.00529113 -0.0215 -0.00394197 0.00552185 -0.0183 -0.00394197 0.00552185 -0.0183 -0.00398538 0.00575865 -0.0183 -0.00349732 0.00467415 -0.0215 -0.00349732 0.00467415 -0.0215 -0.00332655 0.00450327 -0.0183 -0.00377096 0.00507064 -0.0215 -0.00364612 0.00486414 -0.0183 -0.00364612 0.00486414 -0.0215 -0.00292959 0.00422919 -0.0215 -0.00270963 0.00413017 -0.0183 -0.00292959 0.00422919 -0.0215 -0.00313629 0.00435414 -0.0183 -0.00313629 0.00435414 -0.0183 -0.00332655 0.00450327 -0.0183 -0.00270963 0.00413017 -0.0215 -0.00247908 0.00405825 -0.0183 -0.00247908 0.00405825 -0.0183 -0.00224135 0.00401462 -0.0215 -0.00224135 0.00401462 -0.0215 -0.002 0.004 -0.0183 -0.002 0.004 -0.0215 -0.002 0.004 -0.0215 1.38778e-17 0.004 -0.0183 2.55726e-18 0.004 -0.0183 -0.002 0.004 -0.0215 0.00399635 0.000170452 -0.0215 0.00399635 -0.000168793 -0.0183 0.00399635 -0.000168793 -0.0215 0.00396767 -0.000507321 -0.0183 0.00396767 -0.000507321 -0.0183 0.00391033 -0.000841814 -0.0215 0.00391033 -0.000841814 -0.0215 0.00382488 -0.0011705 -0.0183 0.00382488 -0.0011705 -0.0215 0.00371179 -0.00149062 -0.0183 0.00371179 -0.00149062 -0.0183 0.00357206 -0.00180002 -0.0215 0.00357206 -0.00180002 -0.0215 0.00340644 -0.00209655 -0.0183 0.00340644 -0.00209655 -0.0215 0.00321651 -0.00237776 -0.0183 0.00321651 -0.00237776 -0.0183 0.00300307 -0.00264216 -0.0215 0.00300307 -0.00264216 -0.0215 0.00276843 -0.00288712 -0.0183 0.00276843 -0.00288712 -0.0215 0.00251327 -0.00311175 -0.0183 0.00251327 -0.00311175 -0.0183 0.00224071 -0.00331343 -0.0215 0.00224071 -0.00331343 -0.0215 0.00195113 -0.00349181 -0.0183 0.00195113 -0.00349181 -0.0215 0.00164854 -0.00364443 -0.0183 0.00164854 -0.00364443 -0.0183 0.00133283 -0.00377138 -0.0215 0.00133283 -0.00377138 -0.0215 0.00100895 -0.0038706 -0.0183 0.00100895 -0.0038706 -0.0215 0.000676153 -0.00394242 -0.0183 0.000676153 -0.00394242 -0.0183 0.000340329 -0.00398543 -0.0215 0.000340329 -0.00398543 -0.0183 5.55826e-18 -0.004 -0.0215 -9.65055e-18 -0.004 -0.0183 0.00399635 0.000170452 -0.0215 0.00396738 0.000509073 -0.0183 0.00396738 0.000509073 -0.0183 0.00391007 0.00084332 -0.0215 0.00391007 0.00084332 -0.0183 0.00382427 0.00117228 -0.0215 0.00382427 0.00117228 -0.0215 0.00371134 0.00149193 -0.0183 0.00371134 0.00149193 -0.0183 0.00357113 0.00180176 -0.0215 0.00357113 0.00180176 -0.0183 0.00340586 0.00209763 -0.0215 0.00340586 0.00209763 -0.0215 0.00321525 0.00237938 -0.0183 0.00321525 0.00237938 -0.0183 0.00300242 0.00264299 -0.0215 0.00300242 0.00264299 -0.0183 0.00276687 0.00288855 -0.0215 0.00276687 0.00288855 -0.0215 0.00251263 0.00311234 -0.0183 0.00251263 0.00311234 -0.0183 0.0022389 0.00331461 -0.0215 0.0022389 0.00331461 -0.0183 0.00195057 0.00349217 -0.0215 0.00195057 0.00349217 -0.0215 0.00164652 0.00364532 -0.0183 0.00164652 0.00364532 -0.0183 0.00133241 0.00377156 -0.0215 0.00133241 0.00377156 -0.0183 0.00100678 0.00387115 -0.0215 0.00100678 0.00387115 -0.0215 0.000675923 0.00394248 -0.0183 0.000675923 0.00394248 -0.0183 0.000340329 0.00398543 -0.0215 0.000340329 0.00398543 -0.0215 1.38778e-17 0.004 -0.0183 2.55726e-18 0.004 -0.0215 -9.65055e-18 -0.004 -0.0215 -0.002 -0.004 -0.0183 -0.002 -0.004 -0.0183 5.55826e-18 -0.004 -0.0215 -0.00247815 -0.00405803 -0.0183 -0.00247815 -0.00405803 -0.0183 -0.00224135 -0.00401462 -0.0183 -0.002 -0.004 -0.0215 -0.002 -0.004 -0.0215 -0.00224135 -0.00401462 -0.0183 -0.00292936 -0.00422904 -0.0215 -0.00313586 -0.00435388 -0.0183 -0.00313586 -0.00435388 -0.0215 -0.00292936 -0.00422904 -0.0183 -0.00270887 -0.00412985 -0.0215 -0.00270887 -0.00412985 -0.0215 -0.00364585 -0.00486371 -0.0183 -0.00364585 -0.00486371 -0.0183 -0.00349673 -0.00467345 -0.0215 -0.00349673 -0.00467345 -0.0183 -0.00332585 -0.00450268 -0.0215 -0.00332585 -0.00450268 -0.0215 -0.00394175 -0.00552092 -0.0183 -0.00386983 -0.00529037 -0.0215 -0.00386983 -0.00529037 -0.0183 -0.00377081 -0.00507041 -0.0215 -0.00377081 -0.00507041 -0.0215 -0.00398538 -0.00575865 -0.0183 -0.00394175 -0.00552092 -0.0183 -0.00398538 -0.00575865 -0.0215 -0.004 -0.006 -0.0183 -0.004 -0.006 -0.0215 -0.004 -0.006 -0.0215 -0.004 -0.009 -0.0183 -0.004 -0.009 -0.0183 -0.004 -0.006 -0.0215 0.000479228 -0.00894169 -0.02 0.000241499 -0.00898535 -0.02 0.000479228 -0.00894169 -0.02 1.29856e-17 -0.009 -0.0215 0.000241499 -0.00898535 -0.0215 1.40223e-17 -0.009 -0.02 0.000929661 -0.00877079 -0.02 0.00113659 -0.00864561 -0.0215 0.00113659 -0.00864561 -0.0215 0.000929661 -0.00877079 -0.0215 0.000709525 -0.00886987 -0.02 0.000709525 -0.00886987 -0.0215 0.00164621 -0.00813575 -0.02 0.00149704 -0.00832622 -0.02 0.00164621 -0.00813575 -0.0215 0.00149704 -0.00832622 -0.0215 0.00132662 -0.00849662 -0.02 0.00132662 -0.00849662 -0.02 0.00194194 -0.00747836 -0.0215 0.00194194 -0.00747836 -0.02 0.00187011 -0.00770891 -0.02 0.00177116 -0.00792887 -0.0215 0.00187011 -0.00770891 -0.0215 0.00177116 -0.00792887 -0.02 0.00199995 -0.00699947 -0.02 0.00198541 -0.00675886 -0.0215 0.00198541 -0.00675886 -0.0215 0.00198545 -0.00724048 -0.02 0.00198545 -0.00724048 -0.0215 0.00199995 -0.00699947 -0.0215 0.00177076 -0.00607033 -0.02 0.00186977 -0.00629023 -0.02 0.00177076 -0.00607033 -0.0215 0.00186977 -0.00629023 -0.0215 0.00194175 -0.00652091 -0.02 0.00194175 -0.00652091 -0.02 0.00132583 -0.00550268 -0.0215 0.00132583 -0.00550268 -0.02 0.0014966 -0.00567333 -0.02 0.00164579 -0.00586363 -0.0215 0.0014966 -0.00567333 -0.0215 0.00164579 -0.00586363 -0.02 0.000928997 -0.00522888 -0.02 0.000708616 -0.0051298 -0.0215 0.000708616 -0.0051298 -0.0215 0.00113605 -0.00535398 -0.02 0.00113605 -0.00535398 -0.0215 0.000928997 -0.00522888 -0.0215 -6.09928e-07 -0.00500004 -0.02 0.000240745 -0.00501455 -0.02 -6.09928e-07 -0.00500004 -0.0215 0.000240745 -0.00501455 -0.0215 0.000478411 -0.00505809 -0.02 0.000478411 -0.00505809 -0.02 -0.000709683 -0.00513017 -0.0215 -0.000709683 -0.00513017 -0.02 -0.000478752 -0.00505815 -0.02 -0.000241548 -0.00501469 -0.0215 -0.000478752 -0.00505815 -0.0215 -0.000241548 -0.00501469 -0.02 -0.00113626 -0.00535415 -0.02 -0.0013265 -0.00550322 -0.0215 -0.0013265 -0.00550322 -0.0215 -0.000929961 -0.00522942 -0.02 -0.000929961 -0.00522942 -0.0215 -0.00113626 -0.00535415 -0.0215 -0.00177098 -0.00607069 -0.02 -0.00164619 -0.00586427 -0.02 -0.00177098 -0.00607069 -0.0215 -0.00164619 -0.00586427 -0.0215 -0.0014974 -0.00567424 -0.02 -0.0014974 -0.00567424 -0.02 -0.00198542 -0.00675904 -0.0215 -0.00198542 -0.00675904 -0.02 -0.00194198 -0.00652196 -0.02 -0.0018702 -0.0062913 -0.0215 -0.00194198 -0.00652196 -0.0215 -0.0018702 -0.0062913 -0.02 -0.0019853 -0.00724169 -0.0215 -0.0019853 -0.00724169 -0.02 -0.00199999 -0.00700038 -0.0215 -0.00199999 -0.00700038 -0.0215 -0.00194174 -0.00747903 -0.02 -0.00194174 -0.00747903 -0.02 -0.00186996 -0.00770938 -0.0215 -0.00186996 -0.00770938 -0.02 -0.00177063 -0.00792992 -0.0215 -0.00177063 -0.00792992 -0.0215 -0.00164559 -0.00813658 -0.02 -0.00164559 -0.00813658 -0.02 -0.00149698 -0.00832629 -0.0215 -0.00149698 -0.00832629 -0.02 -0.00132593 -0.00849728 -0.0215 -0.00132593 -0.00849728 -0.0215 -0.00113559 -0.00864629 -0.02 -0.00113559 -0.00864629 -0.02 -0.000929082 -0.00877106 -0.0215 -0.000929082 -0.00877106 -0.02 -0.000709007 -0.00887011 -0.0215 -0.000709007 -0.00887011 -0.0215 -0.000478075 -0.00894199 -0.02 -0.000478075 -0.00894199 -0.02 -0.000241499 -0.00898535 -0.0215 -0.000241499 -0.00898535 -0.0215 0.000479228 0.00505831 -0.02 0.000479228 0.00505831 -0.02 0.000709525 0.00513013 -0.0215 1.40223e-17 0.005 -0.02 0.000241499 0.00501465 -0.0215 0.000241499 0.00501465 -0.02 0.00113659 0.00535439 -0.02 0.00132662 0.00550338 -0.0215 0.00113659 0.00535439 -0.0215 0.000929661 0.00522921 -0.0215 0.000709525 0.00513013 -0.02 0.000929661 0.00522921 -0.0215 0.00164621 0.00586425 -0.02 0.00164621 0.00586425 -0.02 0.00177116 0.00607113 -0.0215 0.00149704 0.00567378 -0.0215 0.00132662 0.00550338 -0.02 0.00149704 0.00567378 -0.02 0.00198545 0.00675952 -0.0215 0.00194194 0.00652164 -0.02 0.00194194 0.00652164 -0.02 0.00187011 0.00629109 -0.0215 0.00187011 0.00629109 -0.0215 0.00177116 0.00607113 -0.02 0.00198541 0.00724114 -0.02 0.00194175 0.00747909 -0.0215 0.00198541 0.00724114 -0.0215 0.00198545 0.00675952 -0.02 0.00199995 0.00700053 -0.0215 0.00199995 0.00700053 -0.0215 0.00177076 0.00792967 -0.02 0.00177076 0.00792967 -0.02 0.00164579 0.00813637 -0.0215 0.00186977 0.00770977 -0.0215 0.00194175 0.00747909 -0.02 0.00186977 0.00770977 -0.02 0.00113605 0.00864602 -0.0215 0.00132583 0.00849732 -0.02 0.00132583 0.00849732 -0.02 0.0014966 0.00832667 -0.0215 0.0014966 0.00832667 -0.0215 0.00164579 0.00813637 -0.02 0.000708616 0.0088702 -0.02 0.000478411 0.00894191 -0.0215 0.000708616 0.0088702 -0.0215 0.00113605 0.00864602 -0.02 0.000928997 0.00877112 -0.0215 0.000928997 0.00877112 -0.0215 -6.09928e-07 0.00899996 -0.02 -6.09928e-07 0.00899996 -0.02 -0.000241548 0.00898531 -0.0215 0.000240745 0.00898545 -0.0215 0.000478411 0.00894191 -0.02 0.000240745 0.00898545 -0.02 -0.000929961 0.00877059 -0.0215 -0.000709683 0.00886983 -0.02 -0.000709683 0.00886983 -0.02 -0.000478752 0.00894185 -0.0215 -0.000478752 0.00894185 -0.0215 -0.000241548 0.00898531 -0.02 -0.0013265 0.00849678 -0.02 -0.0014974 0.00832576 -0.0215 -0.0013265 0.00849678 -0.0215 -0.000929961 0.00877059 -0.02 -0.00113626 0.00864585 -0.0215 -0.00113626 0.00864585 -0.0215 -0.00177098 0.00792931 -0.02 -0.00177098 0.00792931 -0.02 -0.0018702 0.0077087 -0.0215 -0.00164619 0.00813573 -0.0215 -0.0014974 0.00832576 -0.02 -0.00164619 0.00813573 -0.02 -0.00199999 0.00699962 -0.0215 -0.00198542 0.00724096 -0.02 -0.00198542 0.00724096 -0.02 -0.00194198 0.00747804 -0.0215 -0.00194198 0.00747804 -0.0215 -0.0018702 0.0077087 -0.0215 -0.0019853 0.00675831 -0.0215 -0.00199999 0.00699962 -0.02 -0.0019853 0.00675831 -0.02 -0.00194174 0.00652097 -0.0215 -0.00194174 0.00652097 -0.02 -0.00186996 0.00629062 -0.0215 -0.00186996 0.00629062 -0.0215 -0.00177063 0.00607008 -0.02 -0.00177063 0.00607008 -0.02 -0.00164559 0.00586342 -0.0215 -0.00164559 0.00586342 -0.02 -0.00149698 0.00567371 -0.0215 -0.00149698 0.00567371 -0.0215 -0.00132593 0.00550272 -0.02 -0.00132593 0.00550272 -0.02 -0.00113559 0.00535371 -0.0215 -0.00113559 0.00535371 -0.02 -0.000929082 0.00522894 -0.0215 -0.000929082 0.00522894 -0.0215 -0.000709007 0.00512989 -0.02 -0.000709007 0.00512989 -0.02 -0.000478075 0.00505801 -0.0215 -0.000478075 0.00505801 -0.02 -0.000241499 0.00501465 -0.0215 -0.000241499 0.00501465 -0.02 1.39047e-17 0.005 -0.0215 0.00747923 -0.00194169 -0.02 0.0072415 -0.00198535 -0.02 0.00747923 -0.00194169 -0.02 0.007 -0.002 -0.0215 0.0072415 -0.00198535 -0.0215 0.007 -0.002 -0.02 0.00792966 -0.00177079 -0.02 0.00813659 -0.00164561 -0.0215 0.00813659 -0.00164561 -0.0215 0.00792966 -0.00177079 -0.0215 0.00770953 -0.00186987 -0.02 0.00770953 -0.00186987 -0.0215 0.00864621 -0.00113575 -0.02 0.00849704 -0.00132622 -0.02 0.00864621 -0.00113575 -0.0215 0.00849704 -0.00132622 -0.0215 0.00832662 -0.00149662 -0.02 0.00832662 -0.00149662 -0.02 0.00894194 -0.000478364 -0.0215 0.00894194 -0.000478364 -0.02 0.00887011 -0.000708906 -0.02 0.00877116 -0.000928871 -0.0215 0.00887011 -0.000708906 -0.0215 0.00877116 -0.000928871 -0.02 0.00899995 5.32243e-07 -0.02 0.00898541 0.000241135 -0.0215 0.00898541 0.000241135 -0.0215 0.00898545 -0.000240483 -0.02 0.00898545 -0.000240483 -0.0215 0.00899995 5.32243e-07 -0.0215 0.00877076 0.000929669 -0.02 0.00886977 0.000709773 -0.02 0.00877076 0.000929669 -0.0215 0.00886977 0.000709773 -0.0215 0.00894175 0.000479088 -0.02 0.00894175 0.000479088 -0.02 0.00832583 0.00149732 -0.0215 0.00832583 0.00149732 -0.02 0.0084966 0.00132667 -0.02 0.00864579 0.00113637 -0.0215 0.0084966 0.00132667 -0.0215 0.00864579 0.00113637 -0.02 0.007929 0.00177112 -0.02 0.00770862 0.0018702 -0.0215 0.00770862 0.0018702 -0.0215 0.00813605 0.00164602 -0.02 0.00813605 0.00164602 -0.0215 0.007929 0.00177112 -0.0215 0.00699939 0.00199996 -0.02 0.00724075 0.00198545 -0.02 0.00699939 0.00199996 -0.0215 0.00724075 0.00198545 -0.0215 0.00747841 0.00194191 -0.02 0.00747841 0.00194191 -0.02 0.00629032 0.00186983 -0.0215 0.00629032 0.00186983 -0.02 0.00652125 0.00194185 -0.02 0.00675845 0.00198531 -0.0215 0.00652125 0.00194185 -0.0215 0.00675845 0.00198531 -0.02 0.00586374 0.00164585 -0.02 0.0056735 0.00149678 -0.0215 0.0056735 0.00149678 -0.0215 0.00607004 0.00177058 -0.02 0.00607004 0.00177058 -0.0215 0.00586374 0.00164585 -0.0215 0.00522902 0.000929308 -0.02 0.00535381 0.00113573 -0.02 0.00522902 0.000929308 -0.0215 0.00535381 0.00113573 -0.0215 0.0055026 0.00132576 -0.02 0.0055026 0.00132576 -0.02 0.00501458 0.000240955 -0.0215 0.00501458 0.000240955 -0.02 0.00505802 0.000478039 -0.02 0.0051298 0.000708702 -0.0215 0.00505802 0.000478039 -0.0215 0.0051298 0.000708702 -0.02 0.0050147 -0.000241685 -0.0215 0.0050147 -0.000241685 -0.02 0.00500001 -3.81824e-07 -0.0215 0.00500001 -3.81824e-07 -0.0215 0.00505826 -0.000479032 -0.02 0.00505826 -0.000479032 -0.02 0.00513004 -0.000709382 -0.0215 0.00513004 -0.000709382 -0.02 0.00522937 -0.00092992 -0.0215 0.00522937 -0.00092992 -0.0215 0.00535441 -0.00113658 -0.02 0.00535441 -0.00113658 -0.02 0.00550302 -0.00132629 -0.0215 0.00550302 -0.00132629 -0.02 0.00567407 -0.00149728 -0.0215 0.00567407 -0.00149728 -0.0215 0.00586441 -0.00164629 -0.02 0.00586441 -0.00164629 -0.02 0.00607092 -0.00177106 -0.0215 0.00607092 -0.00177106 -0.02 0.00629099 -0.00187011 -0.0215 0.00629099 -0.00187011 -0.0215 0.00652192 -0.00194199 -0.02 0.00652192 -0.00194199 -0.02 0.0067585 -0.00198535 -0.0215 0.0067585 -0.00198535 -0.0215 -0.00398538 -0.00924135 -0.0183 -0.004 -0.009 -0.0215 -0.004 -0.009 -0.0215 -0.00377096 -0.00992936 -0.0183 -0.00387015 -0.00970887 -0.0215 -0.00387015 -0.00970887 -0.0215 -0.00394197 -0.00947815 -0.0183 -0.00394197 -0.00947815 -0.0183 -0.00398538 -0.00924135 -0.0183 -0.00349732 -0.0103259 -0.0215 -0.00349732 -0.0103259 -0.0215 -0.00332655 -0.0104967 -0.0183 -0.00377096 -0.00992936 -0.0215 -0.00364612 -0.0101359 -0.0183 -0.00364612 -0.0101359 -0.0215 -0.00292959 -0.0107708 -0.0215 -0.00270963 -0.0108698 -0.0183 -0.00292959 -0.0107708 -0.0215 -0.00313629 -0.0106459 -0.0183 -0.00313629 -0.0106459 -0.0183 -0.00332655 -0.0104967 -0.0183 -0.00270963 -0.0108698 -0.0215 -0.00247908 -0.0109417 -0.0183 -0.00247908 -0.0109417 -0.0183 -0.00224135 -0.0109854 -0.0215 -0.00224135 -0.0109854 -0.0215 -0.002 -0.011 -0.0183 -0.002 -0.011 -0.0183 0.00674802 0.000967733 -0.0183 0.00725965 0.00826408 -0.0183 0.0065881 0.000911228 -0.0183 -0.00387015 0.00970887 -0.0183 -0.00394197 0.00947815 -0.0183 -0.004 0.009 -0.0183 0.00767503 0.00787961 -0.0183 0.00396767 -0.000507321 -0.0183 0.00607211 -0.000372856 -0.0183 0.00602244 -0.000210679 -0.0183 0.00682638 0.00862557 -0.0183 0.00340586 0.00209763 -0.0183 0.0060009 -4.24412e-05 -0.0183 0.00399635 -0.000168793 -0.0183 0.00644003 0.00082851 -0.0183 0.00844519 0.00704818 -0.0183 0.00807254 0.00747218 -0.0183 0.00691519 0.000996397 -0.0183 0.00399635 0.000170452 -0.0183 0.00879614 0.00660474 -0.0183 0.00708481 0.000996397 -0.0183 0.00725198 0.000967733 -0.0183 0.00396738 0.000509073 -0.0183 0.00604383 0.000292823 -0.0183 0.00391007 0.00084332 -0.0183 0.00610707 0.000450204 -0.0183 0.006196 0.000594633 -0.0183 0.00382427 0.00117228 -0.0183 0.0074119 0.000911228 -0.0183 0.00970779 0.00517243 -0.0183 0.00942949 0.00566424 -0.0183 0.00630806 0.000721956 -0.0183 0.00371134 0.00149193 -0.0183 0.00357113 0.00180176 -0.0183 0.00637123 0.00896671 -0.0183 0.00590114 0.00928295 -0.0183 0.00321525 0.00237938 -0.0183 0.00300242 0.00264299 -0.0183 0.00541721 0.00957359 -0.0183 0.00276687 0.00288855 -0.0183 0.00491583 0.0098402 -0.0183 0.0107057 0.00252735 -0.0183 0.0105607 0.00307664 -0.0183 0.00789293 0.000450204 -0.0183 0.00251263 0.00311234 -0.0183 0.0109083 0.00141518 -0.0183 0.0108211 0.00197484 -0.0183 0.00795617 0.000292823 -0.0183 0.0044021 0.0100805 -0.0183 0.00637178 -0.000778036 -0.0183 0.00624933 -0.000660675 -0.0183 0.00371179 -0.00149062 -0.0183 0.00387891 0.0102934 -0.0183 0.000999099 0.00695756 -0.0183 0.0109962 0.000285733 -0.0183 0.0079991 -4.24412e-05 -0.0183 0.0109962 -0.000280139 -0.0183 0.0009919 0.00712702 -0.0183 0.0107061 -0.00252518 -0.0183 0.0108221 -0.00196892 -0.0183 0.00792789 -0.000372856 -0.0183 0.00279826 0.0106379 -0.0183 0.00224819 0.0107677 -0.0183 0.000956167 0.00729282 -0.0183 0.000803997 -0.00640537 -0.0183 0.00100895 -0.0038706 -0.0183 0.000691939 -0.00627804 -0.0183 0.00113368 0.0109413 -0.0183 0.000569235 0.010985 -0.0183 0.000411901 0.00791123 -0.0183 8.48059e-05 0.0079964 -0.0183 0.000251978 0.00796773 -0.0183 0.000691939 0.00772196 -0.0183 0.000803997 0.00759463 -0.0183 0.00169333 0.0108689 -0.0183 0.00195057 0.00349217 -0.0183 0.000977555 0.00678932 -0.0183 0.000927889 0.00662714 -0.0183 0.000851529 0.00647569 -0.0183 0.00164652 0.00364532 -0.0183 -8.48059e-05 0.0079964 -0.0183 1.53137e-17 0.011 -0.0183 -0.000251978 0.00796773 -0.0183 -0.00270963 0.0108698 -0.0183 -0.00292959 0.0107708 -0.0183 -0.000956167 0.00729282 -0.0183 -0.002 0.004 -0.0183 -0.000487695 0.00612699 -0.0183 -0.00062822 0.00622196 -0.0183 2.55726e-18 0.004 -0.0183 -0.000169001 0.00601438 -0.0183 -0.00033314 0.00605712 -0.0183 -0.000927889 0.00662714 -0.0183 -0.000977555 0.00678932 -0.0183 -0.00224135 0.00401462 -0.0183 -0.00292959 0.00422919 -0.0183 -0.00270963 0.00413017 -0.0183 -0.000851529 0.00647569 -0.0183 -0.000750672 0.00633933 -0.0183 -0.00313629 0.00435414 -0.0183 -0.004 0.006 -0.0183 -0.00332655 0.00450327 -0.0183 -0.000559975 0.00782851 -0.0183 -0.002 0.011 -0.0183 -0.00349732 0.00467415 -0.0183 0.00767905 -0.00787591 -0.0183 0.00666686 -0.000942877 -0.0183 0.00726385 -0.00826021 -0.0183 -0.00364612 0.00486414 -0.0183 0.006831 -0.000985616 -0.0183 -0.00377096 0.00507064 -0.0183 0.00637524 -0.00896409 -0.0183 0.00682724 -0.00862478 -0.0183 0.00340644 -0.00209655 -0.0183 -0.00387015 0.00529113 -0.0183 -0.00394197 0.00552185 -0.0183 -0.00332655 0.0104967 -0.0183 -0.00349732 0.0103259 -0.0183 -0.00398538 0.00924135 -0.0183 -0.00364612 0.0101359 -0.0183 -0.00377096 0.00992936 -0.0183 -0.00313629 0.0106459 -0.0183 -0.0009919 0.00712702 -0.0183 -0.000999099 0.00695756 -0.0183 -0.00247908 0.00405825 -0.0183 -0.00398538 0.00575865 -0.0183 -0.004 -0.009 -0.0183 -0.000977555 -0.00721068 -0.0183 -0.000999099 -0.00704244 -0.0183 0.00590622 -0.00927964 -0.0183 0.00321651 -0.00237776 -0.0183 0.00300307 -0.00264216 -0.0183 -0.00394175 -0.00552092 -0.0183 -0.004 -0.006 -0.0183 -0.00386983 -0.00529037 -0.0183 0.00440777 -0.0100781 -0.0183 0.00491941 -0.00983862 -0.0183 0.00251327 -0.00311175 -0.0183 -0.00377081 -0.00507041 -0.0183 0.00224071 -0.00331343 -0.0183 0.00164854 -0.00364443 -0.0183 0.00133283 -0.00377138 -0.0183 0.000892926 -0.0065498 -0.0183 0.00276843 -0.00288712 -0.0183 0.00541931 -0.00957221 -0.0183 -0.000892926 0.0074502 -0.0183 2.86342e-18 0.006 -0.0183 0.00844836 -0.00704412 -0.0183 0.00807283 -0.00747191 -0.0183 -0.000691939 0.00772196 -0.0183 -0.000803997 0.00759463 -0.0183 0.00651231 -0.000873014 -0.0183 0.007 -0.001 -0.0183 0.00879977 -0.00660008 -0.0183 0.0022389 0.00331461 -0.0183 0.000999099 -0.00704244 -0.0183 0.000977555 -0.00721068 -0.0183 0.00334627 -0.0104786 -0.0183 0.00762822 -0.000778036 -0.0183 0.00971072 -0.00516702 -0.0183 0.00996321 -0.00466197 -0.0183 0.0101901 -0.00414201 -0.0183 0.00775067 -0.000660675 -0.0183 0.0105621 -0.00307271 -0.0183 0.00785153 -0.000524307 -0.0183 0.0103902 -0.00361093 -0.0183 0.000892926 0.0074502 -0.0183 0.00382488 -0.0011705 -0.0183 0.00614847 -0.000524307 -0.0183 0.0103882 0.00361678 -0.0183 0.010189 0.00414522 -0.0183 0.00769194 0.000721956 -0.0183 0.00755997 0.00082851 -0.0183 0.00912567 0.00614159 -0.0183 0.00391033 -0.000841814 -0.0183 0.00996173 0.00466471 -0.0183 0.007804 0.000594633 -0.0183 0.0109672 -0.000848414 -0.0183 0.0109091 -0.00141026 -0.0183 0.00797756 -0.000210679 -0.0183 0.00357206 -0.00180002 -0.0183 0.00733314 -0.000942877 -0.0183 0.00943158 -0.00566038 -0.0183 0.00748769 -0.000873014 -0.0183 0.007169 -0.000985616 -0.0183 0.00912682 -0.00614012 -0.0183 0.0009919 -0.00687298 -0.0183 0.00195113 -0.00349181 -0.0183 0.000559975 -0.00617149 -0.0183 0.000676153 -0.00394242 -0.0183 0.000411901 -0.00608877 -0.0183 0.00388226 -0.0102919 -0.0183 0.000251978 -0.00603227 -0.0183 0.000340329 -0.00398543 -0.0183 8.48059e-05 -0.0060036 -0.0183 -8.48059e-05 -0.0060036 -0.0183 5.55826e-18 -0.004 -0.0183 0.00280419 -0.0106364 -0.0183 0.000927889 -0.00737286 -0.0183 -0.000411901 -0.00608877 -0.0183 -0.000559975 -0.00617149 -0.0183 -0.00270887 -0.00412985 -0.0183 -0.0009919 -0.00687298 -0.0183 -0.000956167 -0.00670718 -0.0183 -0.000892926 -0.0065498 -0.0183 -0.000803997 -0.00640537 -0.0183 -0.002 -0.004 -0.0183 -0.00292936 -0.00422904 -0.0183 -0.000169001 -0.00798562 -0.0183 1.31081e-17 -0.011 -0.0183 2.86342e-18 -0.008 -0.0183 -0.00270963 -0.0108698 -0.0183 -0.00247908 -0.0109417 -0.0183 -0.000927889 -0.00737286 -0.0183 -0.00349673 -0.00467345 -0.0183 -0.00364585 -0.00486371 -0.0183 -0.00398538 -0.00575865 -0.0183 -0.00332585 -0.00450268 -0.0183 -0.00292959 -0.0107708 -0.0183 -0.00313586 -0.00435388 -0.0183 -0.000691939 -0.00627804 -0.0183 -0.00033314 -0.00794288 -0.0183 -0.000487695 -0.00787301 -0.0183 -0.00394197 -0.00947815 -0.0183 -0.00387015 -0.00970887 -0.0183 -0.00398538 -0.00924135 -0.0183 -0.00377096 -0.00992936 -0.0183 -0.00364612 -0.0101359 -0.0183 -0.00349732 -0.0103259 -0.0183 -0.00332655 -0.0104967 -0.0183 -0.00313629 -0.0106459 -0.0183 -0.000851529 -0.00752431 -0.0183 -0.002 -0.011 -0.0183 -0.000750672 -0.00766067 -0.0183 -0.00224135 -0.0109854 -0.0183 -0.00062822 -0.00777804 -0.0183 0.0079919 0.000127018 -0.0183 0.0109672 0.0008492 -0.0183 0.0060081 0.000127018 -0.0183 0.000569235 -0.010985 -0.0183 0.000169001 -0.00798562 -0.0183 0.00169333 -0.0108689 -0.0183 0.00062822 -0.00777804 -0.0183 0.00113368 -0.0109413 -0.0183 -0.00247815 -0.00405803 -0.0183 -0.00224135 -0.00401462 -0.0183 -0.000251978 -0.00603227 -0.0183 0.00225264 -0.0107666 -0.0183 0.000851529 -0.00752431 -0.0183 0.000956167 -0.00670718 -0.0183 0.000750672 -0.00766067 -0.0183 0.000487695 -0.00787301 -0.0183 0.00033314 -0.00794288 -0.0183 0.000340329 0.00398543 -0.0183 0.000169001 0.00601438 -0.0183 0.000675923 0.00394248 -0.0183 0.00062822 0.00622196 -0.0183 0.000487695 0.00612699 -0.0183 -0.00247908 0.0109417 -0.0183 -0.00224135 0.0109854 -0.0183 -0.000411901 0.00791123 -0.0183 0.000559975 0.00782851 -0.0183 0.00133241 0.00377156 -0.0183 0.00334354 0.0104793 -0.0183 0.000750672 0.00633933 -0.0183 0.00100678 0.00387115 -0.0183 0.00033314 0.00605712 -0.0215 -0.00247815 0.010942 -0.0183 -0.00270963 0.0108698 -0.0183 -0.00247908 0.0109417 -0.0215 -0.002 0.011 -0.0215 -0.00224135 0.0109854 -0.0183 -0.00224135 0.0109854 -0.0183 -0.00313629 0.0106459 -0.0215 -0.00313586 0.0106461 -0.0183 -0.00332655 0.0104967 -0.0215 -0.00292936 0.010771 -0.0183 -0.00292959 0.0107708 -0.0215 -0.00270887 0.0108701 -0.0215 -0.00364585 0.0101363 -0.0183 -0.00377096 0.00992936 -0.0183 -0.00364612 0.0101359 -0.0215 -0.00349673 0.0103265 -0.0183 -0.00349732 0.0103259 -0.0215 -0.00332585 0.0104973 -0.0215 -0.00386983 0.00970963 -0.0183 -0.00394197 0.00947815 -0.0183 -0.00387015 0.00970887 -0.0215 -0.00377081 0.00992959 -0.0215 -0.00394175 0.00947908 -0.0183 -0.00398538 0.00924135 -0.0183 -0.004 0.009 -0.0215 -0.00398538 0.00924135 -0.0215 -0.004 0.009 -0.0183 -0.002 0.011 -0.0215 0.0200477 0.00489695 -0.0215 0.0200732 0.00492678 -0.0198 0.0200732 0.00492678 -0.0198 0.0200477 0.00489695 -0.0215 0.0200272 0.0048635 -0.0198 0.0200272 0.0048635 -0.0215 0.0200122 0.00482725 -0.0215 0.0200031 0.00478911 -0.0198 0.0200122 0.00482725 -0.0198 0.0200031 0.00478911 -0.0215 0.02 0.00475 -0.0198 0.02 0.00475 -0.0198 0.0201031 0.00495225 -0.0215 0.0201031 0.00495225 -0.0198 0.0201365 0.00497275 -0.0198 0.0201727 0.00498776 -0.0215 0.0201365 0.00497275 -0.0215 0.0201727 0.00498776 -0.0198 0.0202109 0.00499692 -0.0215 0.0202109 0.00499692 -0.0198 0.02025 0.005 -0.0215 0.02025 0.005 -0.0198 0.02 0.00475 -0.0215 0.02 0.00325 -0.0215 0.02 0.00475 -0.0198 0.02 0.00325 -0.0215 0.0201031 0.00304775 -0.0215 0.0200732 0.00307322 -0.0198 0.0200732 0.00307322 -0.0198 0.0201031 0.00304775 -0.0215 0.0201365 0.00302725 -0.0198 0.0201365 0.00302725 -0.0215 0.0201727 0.00301224 -0.0215 0.0202109 0.00300308 -0.0198 0.0201727 0.00301224 -0.0198 0.0202109 0.00300308 -0.0215 0.02025 0.003 -0.0198 0.02025 0.003 -0.0198 0.0200477 0.00310305 -0.0215 0.0200477 0.00310305 -0.0198 0.0200272 0.0031365 -0.0198 0.0200122 0.00317275 -0.0215 0.0200272 0.0031365 -0.0215 0.0200122 0.00317275 -0.0198 0.0200031 0.00321089 -0.0215 0.0200031 0.00321089 -0.0198 0.02 0.00325 -0.0215 0.02 0.00325 -0.0215 0.0200477 -0.00310305 -0.0215 0.0200732 -0.00307322 -0.0198 0.0200732 -0.00307322 -0.0198 0.0200477 -0.00310305 -0.0215 0.0200272 -0.0031365 -0.0198 0.0200272 -0.0031365 -0.0215 0.0200122 -0.00317275 -0.0215 0.0200031 -0.00321089 -0.0198 0.0200122 -0.00317275 -0.0198 0.0200031 -0.00321089 -0.0215 0.02 -0.00325 -0.0198 0.02 -0.00325 -0.0198 0.0201031 -0.00304775 -0.0215 0.0201031 -0.00304775 -0.0198 0.0201365 -0.00302725 -0.0198 0.0201727 -0.00301224 -0.0215 0.0201365 -0.00302725 -0.0215 0.0201727 -0.00301224 -0.0198 0.0202109 -0.00300308 -0.0215 0.0202109 -0.00300308 -0.0198 0.02025 -0.003 -0.0215 0.02025 -0.003 -0.0198 0.02 -0.00325 -0.0215 0.02 -0.00475 -0.0215 0.02 -0.00325 -0.0198 0.02 -0.00475 -0.0215 0.0201031 -0.00495225 -0.0215 0.0200732 -0.00492678 -0.0198 0.0200732 -0.00492678 -0.0198 0.0201031 -0.00495225 -0.0215 0.0201365 -0.00497275 -0.0198 0.0201365 -0.00497275 -0.0215 0.0201727 -0.00498776 -0.0215 0.0202109 -0.00499692 -0.0198 0.0201727 -0.00498776 -0.0198 0.0202109 -0.00499692 -0.0215 0.02025 -0.005 -0.0198 0.02025 -0.005 -0.0198 0.0200477 -0.00489695 -0.0215 0.0200477 -0.00489695 -0.0198 0.0200272 -0.0048635 -0.0198 0.0200122 -0.00482725 -0.0215 0.0200272 -0.0048635 -0.0215 0.0200122 -0.00482725 -0.0198 0.0200031 -0.00478911 -0.0215 0.0200031 -0.00478911 -0.0198 0.02 -0.00475 -0.0215 0.02 -0.00475 -0.0198 0.0109962 0.000280139 -0.0183 0.0109962 0.000285733 -0.0183 0.0109962 -0.000280139 -0.0198 0.0109672 0.000848414 -0.0183 0.0109672 0.0008492 -0.0183 0.0109083 0.00141518 -0.0198 0.0109091 0.00141026 -0.0198 0.0108221 0.00196892 -0.0183 0.0108211 0.00197484 -0.0198 0.0107061 0.00252518 -0.0183 0.0107057 0.00252735 -0.0183 0.0105607 0.00307664 -0.0198 0.0105621 0.00307271 -0.0198 0.0103902 0.00361093 -0.0183 0.0103882 0.00361678 -0.0198 0.0101901 0.00414201 -0.0183 0.010189 0.00414522 -0.0183 0.00996173 0.00466471 -0.0198 0.00996321 0.00466197 -0.0198 0.00971072 0.00516702 -0.0183 0.00970779 0.00517243 -0.0198 0.00943158 0.00566038 -0.0183 0.00942949 0.00566424 -0.0183 0.00912567 0.00614159 -0.0198 0.00912682 0.00614012 -0.0198 0.00879977 0.00660008 -0.0183 0.00879614 0.00660474 -0.0198 0.00844836 0.00704412 -0.0183 0.00844519 0.00704818 -0.0183 0.00807254 0.00747218 -0.0198 0.00807283 0.00747191 -0.0198 0.00767905 0.00787591 -0.0183 0.00767503 0.00787961 -0.0198 0.00726385 0.00826021 -0.0183 0.00725965 0.00826408 -0.0183 0.00682638 0.00862557 -0.0198 0.00682724 0.00862478 -0.0198 0.00637524 0.00896409 -0.0183 0.00637123 0.00896671 -0.0198 0.00590622 0.00927964 -0.0183 0.00590114 0.00928295 -0.0183 0.00541721 0.00957359 -0.0198 0.00541931 0.00957221 -0.0198 0.00491941 0.00983862 -0.0183 0.00491583 0.0098402 -0.0198 0.00440777 0.0100781 -0.0183 0.0044021 0.0100805 -0.0183 0.00387891 0.0102934 -0.0198 0.00388226 0.0102919 -0.0198 0.00334627 0.0104786 -0.0183 0.00334354 0.0104793 -0.0198 0.00280419 0.0106364 -0.0183 0.00279826 0.0106379 -0.0183 0.00224819 0.0107677 -0.0198 0.00225264 0.0107666 -0.0198 0.00169333 0.0108689 -0.0183 0.00169333 0.0108689 -0.0198 0.00113368 0.0109413 -0.0183 0.00113368 0.0109413 -0.0183 0.000569235 0.010985 -0.0198 0.000569235 0.010985 -0.0198 6.50435e-18 0.011 -0.0183 1.53137e-17 0.011 -0.0198 0.0109962 -0.000285733 -0.0183 0.0109672 -0.000848414 -0.0198 0.0109672 -0.0008492 -0.0183 0.0109091 -0.00141026 -0.0198 0.0109083 -0.00141518 -0.0198 0.0108211 -0.00197484 -0.0183 0.0108221 -0.00196892 -0.0183 0.0107061 -0.00252518 -0.0198 0.0107057 -0.00252735 -0.0183 0.0105621 -0.00307271 -0.0198 0.0105607 -0.00307664 -0.0198 0.0103882 -0.00361678 -0.0183 0.0103902 -0.00361093 -0.0183 0.0101901 -0.00414201 -0.0198 0.010189 -0.00414522 -0.0183 0.00996321 -0.00466197 -0.0198 0.00996173 -0.00466471 -0.0198 0.00970779 -0.00517243 -0.0183 0.00971072 -0.00516702 -0.0183 0.00943158 -0.00566038 -0.0198 0.00942949 -0.00566424 -0.0183 0.00912682 -0.00614012 -0.0198 0.00912567 -0.00614159 -0.0198 0.00879614 -0.00660474 -0.0183 0.00879977 -0.00660008 -0.0183 0.00844836 -0.00704412 -0.0198 0.00844519 -0.00704818 -0.0183 0.00807283 -0.00747191 -0.0198 0.00807254 -0.00747218 -0.0198 0.00767503 -0.00787961 -0.0183 0.00767905 -0.00787591 -0.0183 0.00726385 -0.00826021 -0.0198 0.00725965 -0.00826408 -0.0183 0.00682724 -0.00862478 -0.0198 0.00682638 -0.00862557 -0.0198 0.00637123 -0.00896671 -0.0183 0.00637524 -0.00896409 -0.0183 0.00590622 -0.00927964 -0.0198 0.00590114 -0.00928295 -0.0183 0.00541931 -0.00957221 -0.0198 0.00541721 -0.00957359 -0.0198 0.00491583 -0.0098402 -0.0183 0.00491941 -0.00983862 -0.0183 0.00440777 -0.0100781 -0.0198 0.0044021 -0.0100805 -0.0183 0.00388226 -0.0102919 -0.0198 0.00387891 -0.0102934 -0.0198 0.00334354 -0.0104793 -0.0183 0.00334627 -0.0104786 -0.0183 0.00280419 -0.0106364 -0.0198 0.00279826 -0.0106379 -0.0183 0.00225264 -0.0107666 -0.0198 0.00224819 -0.0107677 -0.0198 0.00169333 -0.0108689 -0.0183 0.00169333 -0.0108689 -0.0183 0.00113368 -0.0109413 -0.0198 0.00113368 -0.0109413 -0.0183 0.000569235 -0.010985 -0.0198 0.000569235 -0.010985 -0.0183 1.31081e-17 -0.011 -0.0198 1.92203e-17 -0.011 -0.0215 0.02025 0.005 -0.0198 0.02375 0.005 -0.0198 0.02025 0.005 -0.0215 0.02375 0.005 -0.0215 0.02375 0.003 -0.0198 0.02025 0.003 -0.0198 0.02375 0.003 -0.0215 0.02025 0.003 -0.0215 0.02025 -0.003 -0.0198 0.02375 -0.003 -0.0198 0.02025 -0.003 -0.0215 0.02375 -0.003 -0.0215 0.02375 -0.005 -0.0198 0.02025 -0.005 -0.0198 0.02375 -0.005 -0.0215 0.02025 -0.005 -0.0215 0.0238969 0.00495225 -0.0215 0.0239268 0.00492678 -0.0198 0.0239268 0.00492678 -0.0198 0.0238969 0.00495225 -0.0215 0.0238635 0.00497275 -0.0198 0.0238635 0.00497275 -0.0215 0.0238273 0.00498776 -0.0215 0.0237891 0.00499692 -0.0198 0.0238273 0.00498776 -0.0198 0.0237891 0.00499692 -0.0215 0.02375 0.005 -0.0198 0.02375 0.005 -0.0198 0.0239523 0.00489695 -0.0215 0.0239523 0.00489695 -0.0198 0.0239728 0.0048635 -0.0198 0.0239878 0.00482725 -0.0215 0.0239728 0.0048635 -0.0215 0.0239878 0.00482725 -0.0198 0.0239969 0.00478911 -0.0215 0.0239969 0.00478911 -0.0198 0.024 0.00475 -0.0215 0.024 0.00475 -0.0215 0.0239523 0.00310305 -0.0215 0.0239268 0.00307322 -0.0198 0.0239268 0.00307322 -0.0198 0.0239523 0.00310305 -0.0215 0.0239728 0.0031365 -0.0198 0.0239728 0.0031365 -0.0215 0.0239878 0.00317275 -0.0215 0.0239969 0.00321089 -0.0198 0.0239878 0.00317275 -0.0198 0.0239969 0.00321089 -0.0215 0.024 0.00325 -0.0198 0.024 0.00325 -0.0198 0.0238969 0.00304775 -0.0215 0.0238969 0.00304775 -0.0198 0.0238635 0.00302725 -0.0198 0.0238273 0.00301224 -0.0215 0.0238635 0.00302725 -0.0215 0.0238273 0.00301224 -0.0198 0.0237891 0.00300308 -0.0215 0.0237891 0.00300308 -0.0198 0.02375 0.003 -0.0215 0.02375 0.003 -0.0215 0.0238969 -0.00304775 -0.0215 0.0239268 -0.00307322 -0.0198 0.0239268 -0.00307322 -0.0198 0.0238969 -0.00304775 -0.0215 0.0238635 -0.00302725 -0.0198 0.0238635 -0.00302725 -0.0215 0.0238273 -0.00301224 -0.0215 0.0237891 -0.00300308 -0.0198 0.0238273 -0.00301224 -0.0198 0.0237891 -0.00300308 -0.0215 0.02375 -0.003 -0.0198 0.02375 -0.003 -0.0198 0.0239523 -0.00310305 -0.0215 0.0239523 -0.00310305 -0.0198 0.0239728 -0.0031365 -0.0198 0.0239878 -0.00317275 -0.0215 0.0239728 -0.0031365 -0.0215 0.0239878 -0.00317275 -0.0198 0.0239969 -0.00321089 -0.0215 0.0239969 -0.00321089 -0.0198 0.024 -0.00325 -0.0215 0.024 -0.00325 -0.0215 0.0239523 -0.00489695 -0.0215 0.0239268 -0.00492678 -0.0198 0.0239268 -0.00492678 -0.0198 0.0239523 -0.00489695 -0.0215 0.0239728 -0.0048635 -0.0198 0.0239728 -0.0048635 -0.0215 0.0239878 -0.00482725 -0.0215 0.0239969 -0.00478911 -0.0198 0.0239878 -0.00482725 -0.0198 0.0239969 -0.00478911 -0.0215 0.024 -0.00475 -0.0198 0.024 -0.00475 -0.0198 0.0238969 -0.00495225 -0.0215 0.0238969 -0.00495225 -0.0198 0.0238635 -0.00497275 -0.0198 0.0238273 -0.00498776 -0.0215 0.0238635 -0.00497275 -0.0215 0.0238273 -0.00498776 -0.0198 0.0237891 -0.00499692 -0.0215 0.0237891 -0.00499692 -0.0198 0.02375 -0.005 -0.0215 0.02375 -0.005 -0.0198 0.024 0.00475 -0.0198 0.024 0.011 -0.0198 0.0239969 0.00478911 -0.0198 0.0237891 0.00300308 -0.0198 0.02375 0.003 -0.0198 0.0237891 -0.00300308 -0.0198 0.0239878 0.00482725 -0.0198 0.0239728 0.0048635 -0.0198 0.0239523 0.00489695 -0.0198 0.0239268 0.00492678 -0.0198 0.0238635 0.00497275 -0.0198 0.0238969 0.00495225 -0.0198 0.00491941 0.00983862 -0.0198 0.00440777 0.0100781 -0.0198 0.0238273 0.00498776 -0.0198 0.0201031 0.00495225 -0.0198 0.0201365 0.00497275 -0.0198 0.00844836 0.00704412 -0.0198 0.00767905 0.00787591 -0.0198 0.00726385 0.00826021 -0.0198 0.00912682 0.00614012 -0.0198 0.00879977 0.00660008 -0.0198 0.00996321 0.00466197 -0.0198 0.0101901 0.00414201 -0.0198 0.0200122 0.00482725 -0.0198 0.00943158 0.00566038 -0.0198 0.00971072 0.00516702 -0.0198 0.0200477 0.00489695 -0.0198 0.0200031 0.00321089 -0.0198 0.0108221 0.00196892 -0.0198 0.0200122 0.00317275 -0.0198 0.0105621 0.00307271 -0.0198 0.02 0.00475 -0.0198 0.0103902 0.00361093 -0.0198 0.02 0.00325 -0.0198 0.0200477 -0.00310305 -0.0198 0.0109672 -0.0008492 -0.0198 0.0200272 -0.0031365 -0.0198 0.0200477 0.00310305 -0.0198 0.0200272 0.0031365 -0.0198 0.0109672 0.000848414 -0.0198 0.0200031 -0.00321089 -0.0198 0.0108211 -0.00197484 -0.0198 0.02 -0.00325 -0.0198 0.0109083 -0.00141518 -0.0198 0.0105607 -0.00307664 -0.0198 0.0103882 -0.00361678 -0.0198 0.02 -0.00475 -0.0198 0.010189 -0.00414522 -0.0198 0.0200031 -0.00478911 -0.0198 0.0200732 0.00307322 -0.0198 0.0201031 -0.00304775 -0.0198 0.0201031 0.00304775 -0.0198 0.0200732 -0.00307322 -0.0198 0.0201365 0.00302725 -0.0198 0.0201727 -0.00301224 -0.0198 0.0201727 0.00301224 -0.0198 0.0201365 -0.00302725 -0.0198 0.02375 -0.003 -0.0198 0.0202109 0.00300308 -0.0198 0.02025 -0.003 -0.0198 0.02025 0.003 -0.0198 0.0238273 0.00301224 -0.0198 0.0238273 -0.00301224 -0.0198 0.0238635 -0.00302725 -0.0198 0.0238635 0.00302725 -0.0198 0.0239268 0.00307322 -0.0198 0.0239268 -0.00307322 -0.0198 0.0239523 -0.00310305 -0.0198 0.0239728 -0.0031365 -0.0198 0.0239523 0.00310305 -0.0198 0.0239878 -0.00317275 -0.0198 0.0239728 0.0031365 -0.0198 0.0239878 0.00317275 -0.0198 0.0239969 -0.00321089 -0.0198 0.024 -0.00325 -0.0198 0.0239969 0.00321089 -0.0198 0.024 0.00325 -0.0198 0.0202109 -0.00300308 -0.0198 0.0238969 0.00304775 -0.0198 0.0238969 -0.00304775 -0.0198 0.00807254 -0.00747218 -0.0198 0.00767503 -0.00787961 -0.0198 0.024 -0.011 -0.0198 0.0109962 -0.000285733 -0.0198 0.0107057 -0.00252735 -0.0198 0.0200272 -0.0048635 -0.0198 0.0200122 -0.00482725 -0.0198 0.00996173 -0.00466471 -0.0198 0.0201365 -0.00497275 -0.0198 0.0201031 -0.00495225 -0.0198 0.00879614 -0.00660474 -0.0198 0.00970779 -0.00517243 -0.0198 0.00844519 -0.00704818 -0.0198 0.00725965 -0.00826408 -0.0198 0.00682638 -0.00862557 -0.0198 0.00590114 -0.00928295 -0.0198 0.00637123 -0.00896671 -0.0198 0.00541721 -0.00957359 -0.0198 0.00491583 -0.0098402 -0.0198 0.000569235 -0.010985 -0.0198 1.92203e-17 -0.011 -0.0198 0.0044021 -0.0100805 -0.0198 0.00387891 -0.0102934 -0.0198 0.0201727 -0.00498776 -0.0198 0.0202109 -0.00499692 -0.0198 0.02025 -0.005 -0.0198 0.0237891 -0.00499692 -0.0198 0.02375 -0.005 -0.0198 0.0238635 -0.00497275 -0.0198 0.0238273 -0.00498776 -0.0198 0.0239268 -0.00492678 -0.0198 0.0238969 -0.00495225 -0.0198 0.0239728 -0.0048635 -0.0198 0.0239523 -0.00489695 -0.0198 0.0239969 -0.00478911 -0.0198 0.0239878 -0.00482725 -0.0198 0.024 -0.00475 -0.0198 0.0107061 0.00252518 -0.0198 0.0200122 -0.00317275 -0.0198 0.00169333 -0.0108689 -0.0198 0.00113368 -0.0109413 -0.0198 0.00279826 -0.0106379 -0.0198 0.00224819 -0.0107677 -0.0198 0.00334354 -0.0104793 -0.0198 0.00912567 -0.00614159 -0.0198 0.0200732 -0.00492678 -0.0198 0.0200477 -0.00489695 -0.0198 0.00942949 -0.00566424 -0.0198 0.0109962 0.000280139 -0.0198 0.0109091 0.00141026 -0.0198 0.0200031 0.00478911 -0.0198 0.0200272 0.0048635 -0.0198 0.0200732 0.00492678 -0.0198 0.00807283 0.00747191 -0.0198 0.00682724 0.00862478 -0.0198 0.0201727 0.00498776 -0.0198 0.0202109 0.00499692 -0.0198 0.00637524 0.00896409 -0.0198 0.00541931 0.00957221 -0.0198 0.00590622 0.00927964 -0.0198 0.02025 0.005 -0.0198 0.00388226 0.0102919 -0.0198 0.02375 0.005 -0.0198 0.0237891 0.00499692 -0.0198 0.00334627 0.0104786 -0.0198 0.00225264 0.0107666 -0.0198 0.00280419 0.0106364 -0.0198 0.00113368 0.0109413 -0.0198 0.00169333 0.0108689 -0.0198 6.50435e-18 0.011 -0.0198 0.000569235 0.010985 -0.0215 0.024 0.011 -0.0215 -0.002 0.011 -0.0198 6.50435e-18 0.011 -0.0183 -0.002 0.011 -0.0183 1.53137e-17 0.011 -0.0198 0.024 0.011 -0.0215 0.024 -0.011 -0.0198 0.024 -0.011 -0.0198 1.92203e-17 -0.011 -0.0215 -0.002 -0.011 -0.0183 1.31081e-17 -0.011 -0.0183 -0.002 -0.011 -0.0215 0.024 -0.00475 -0.0215 0.024 -0.011 -0.0215 0.0239969 -0.00478911 -0.0215 -0.00224135 -0.0109854 -0.0215 -0.00247908 -0.0109417 -0.0215 -0.002 -0.011 -0.0215 0.0239878 -0.00482725 -0.0215 0.0239728 -0.0048635 -0.0215 0.0239523 -0.00489695 -0.0215 0.0239268 -0.00492678 -0.0215 0.0238635 -0.00497275 -0.0215 0.0238969 -0.00495225 -0.0215 0.0237891 -0.00499692 -0.0215 0.0238273 -0.00498776 -0.0215 -0.00113559 -0.00864629 -0.0215 -0.000929082 -0.00877106 -0.0215 -0.00292959 -0.0107708 -0.0215 -0.00349732 -0.0103259 -0.0215 -0.00364612 -0.0101359 -0.0215 0.0237891 0.00300308 -0.0215 0.0237891 -0.00300308 -0.0215 0.02375 -0.003 -0.0215 0.007929 0.00177112 -0.0215 0.00770862 0.0018702 -0.0215 0.0200272 0.0048635 -0.0215 0.00164579 -0.00586363 -0.0215 0.00224071 -0.00331343 -0.0215 0.00251327 -0.00311175 -0.0215 -0.00198542 0.00724096 -0.0215 -0.004 0.009 -0.0215 -0.00194198 0.00747804 -0.0215 0.00149704 0.00567378 -0.0215 0.00164621 0.00586425 -0.0215 0.0022389 0.00331461 -0.0215 -0.00364612 0.00486414 -0.0215 -0.00149698 0.00567371 -0.0215 -0.00349732 0.00467415 -0.0215 -0.00398538 0.00924135 -0.0215 -0.0013265 0.00849678 -0.0215 -0.0014974 0.00832576 -0.0215 -0.00177098 0.00792931 -0.0215 -0.00164619 0.00813573 -0.0215 -0.00313586 0.0106461 -0.0215 -0.00292936 0.010771 -0.0215 -0.00113626 0.00864585 -0.0215 -0.00364585 0.0101363 -0.0215 -0.00377081 0.00992959 -0.0215 -0.002 0.011 -0.0215 -0.00247815 0.010942 -0.0215 -0.00224135 0.0109854 -0.0215 -0.00270887 0.0108701 -0.0215 0.0200732 -0.00307322 -0.0215 0.0201031 0.00304775 -0.0215 0.0201031 -0.00304775 -0.0215 0.0200732 0.00307322 -0.0215 0.0201365 -0.00302725 -0.0215 0.0201727 0.00301224 -0.0215 0.0201727 -0.00301224 -0.0215 0.0201365 0.00302725 -0.0215 0.02375 0.003 -0.0215 0.0202109 -0.00300308 -0.0215 0.02025 0.003 -0.0215 0.02025 -0.003 -0.0215 0.0238273 -0.00301224 -0.0215 0.0238273 0.00301224 -0.0215 0.0238635 0.00302725 -0.0215 0.0238635 -0.00302725 -0.0215 0.0239268 -0.00307322 -0.0215 0.0239268 0.00307322 -0.0215 0.0239523 0.00310305 -0.0215 0.0239728 0.0031365 -0.0215 0.0239523 -0.00310305 -0.0215 0.0239878 0.00317275 -0.0215 0.0239728 -0.0031365 -0.0215 0.0239878 -0.00317275 -0.0215 0.0239969 0.00321089 -0.0215 0.024 0.00325 -0.0215 0.0239969 -0.00321089 -0.0215 0.024 -0.00325 -0.0215 0.0202109 0.00300308 -0.0215 0.0238969 -0.00304775 -0.0215 0.0238969 0.00304775 -0.0215 0.0201365 0.00497275 -0.0215 0.0201031 0.00495225 -0.0215 0.024 0.011 -0.0215 0.00877076 0.000929669 -0.0215 0.00864579 0.00113637 -0.0215 0.02 0.00325 -0.0215 0.00399635 -0.000168793 -0.0215 0.0050147 -0.000241685 -0.0215 0.00396767 -0.000507321 -0.0215 0.0084966 0.00132667 -0.0215 0.000340329 0.00398543 -0.0215 1.38778e-17 0.004 -0.0215 0.000241499 0.00501465 -0.0215 0.00501458 0.000240955 -0.0215 0.00500001 -3.81824e-07 -0.0215 0.00399635 0.000170452 -0.0215 -0.00394175 0.00947908 -0.0215 -0.00386983 0.00970963 -0.0215 -0.00332655 0.00450327 -0.0215 -0.00313629 0.00435414 -0.0215 -0.0018702 0.0077087 -0.0215 -0.00349673 0.0103265 -0.0215 -0.00332585 0.0104973 -0.0215 -0.000709007 0.00512989 -0.0215 -0.002 0.004 -0.0215 -0.000929082 0.00522894 -0.0215 -0.00132593 0.00550272 -0.0215 -0.00247908 0.00405825 -0.0215 -0.00270963 0.00413017 -0.0215 0.000675923 0.00394248 -0.0215 0.000479228 0.00505831 -0.0215 0.000709525 0.00513013 -0.0215 0.00113659 0.00535439 -0.0215 0.00164652 0.00364532 -0.0215 0.00133241 0.00377156 -0.0215 -0.000929961 0.00877059 -0.0215 0.0201727 0.00498776 -0.0215 0.0202109 0.00499692 -0.0215 0.02025 0.005 -0.0215 0.0237891 0.00499692 -0.0215 0.02375 0.005 -0.0215 0.0238635 0.00497275 -0.0215 0.0238273 0.00498776 -0.0215 0.0239268 0.00492678 -0.0215 0.0238969 0.00495225 -0.0215 0.0239728 0.0048635 -0.0215 0.0239523 0.00489695 -0.0215 0.0239969 0.00478911 -0.0215 0.0239878 0.00482725 -0.0215 0.024 0.00475 -0.0215 0.00251263 0.00311234 -0.0215 0.00177116 0.00607113 -0.0215 -0.000478075 0.00505801 -0.0215 -0.00113559 0.00535371 -0.0215 -0.000241499 0.00501465 -0.0215 -0.00224135 0.00401462 -0.0215 -0.00292959 0.00422919 -0.0215 0.00187011 0.00629109 -0.0215 0.00276687 0.00288855 -0.0215 1.40223e-17 0.005 -0.0215 0.00391033 -0.000841814 -0.0215 0.00513004 -0.000709382 -0.0215 0.00522937 -0.00092992 -0.0215 0.00357113 0.00180176 -0.0215 0.00340586 0.00209763 -0.0215 0.00586374 0.00164585 -0.0215 0.00535381 0.00113573 -0.0215 0.00382427 0.00117228 -0.0215 0.00371134 0.00149193 -0.0215 0.00522902 0.000929308 -0.0215 0.00391007 0.00084332 -0.0215 0.0055026 0.00132576 -0.0215 0.00505802 0.000478039 -0.0215 0.00396738 0.000509073 -0.0215 0.0051298 0.000708702 -0.0215 0.0200122 0.00482725 -0.0215 0.00505826 -0.000479032 -0.0215 0.0200122 -0.00317275 -0.0215 0.00887011 -0.000708906 -0.0215 0.0200272 -0.0031365 -0.0215 0.00382488 -0.0011705 -0.0215 0.00899995 5.32243e-07 -0.0215 0.00357206 -0.00180002 -0.0215 0.00550302 -0.00132629 -0.0215 0.00567407 -0.00149728 -0.0215 0.00607092 -0.00177106 -0.0215 0.00321651 -0.00237776 -0.0215 0.00340644 -0.00209655 -0.0215 0.000928997 0.00877112 -0.0215 0.00113605 0.00864602 -0.0215 0.00132583 0.00849732 -0.0215 0.0056735 0.00149678 -0.0215 0.0014966 0.00832667 -0.0215 0.0200732 0.00492678 -0.0215 0.00186977 0.00770977 -0.0215 0.0200031 0.00478911 -0.0215 0.00813605 0.00164602 -0.0215 0.00371179 -0.00149062 -0.0215 0.00535441 -0.00113658 -0.0215 0.00832583 0.00149732 -0.0215 0.02 0.00475 -0.0215 0.0200477 0.00310305 -0.0215 0.00894175 0.000479088 -0.0215 0.0200272 0.0031365 -0.0215 0.0200031 0.00321089 -0.0215 0.0200122 0.00317275 -0.0215 0.00886977 0.000709773 -0.0215 0.00586441 -0.00164629 -0.0215 0.0200477 -0.00310305 -0.0215 0.00894194 -0.000478364 -0.0215 0.00898545 -0.000240483 -0.0215 0.00864621 -0.00113575 -0.0215 0.00877116 -0.000928871 -0.0215 0.02 -0.00325 -0.0215 0.00300307 -0.00264216 -0.0215 0.00652192 -0.00194199 -0.0215 0.00276843 -0.00288712 -0.0215 0.0067585 -0.00198535 -0.0215 0.00194175 -0.00652091 -0.0215 0.00186977 -0.00629023 -0.0215 0.00177076 -0.00607033 -0.0215 0.007 -0.002 -0.0215 0.0014966 -0.00567333 -0.0215 0.00195113 -0.00349181 -0.0215 0.00132583 -0.00550268 -0.0215 0.00164854 -0.00364443 -0.0215 0.00113605 -0.00535398 -0.0215 -0.00332655 -0.0104967 -0.0215 -0.00313629 -0.0106459 -0.0215 -9.65055e-18 -0.004 -0.0215 -0.000478752 -0.00505815 -0.0215 -0.000709683 -0.00513017 -0.0215 -0.000478075 -0.00894199 -0.0215 -0.000709007 -0.00887011 -0.0215 -0.000241499 -0.00898535 -0.0215 -0.00199999 -0.00700038 -0.0215 -0.004 -0.006 -0.0215 -0.00198542 -0.00675904 -0.0215 -0.00149698 -0.00832629 -0.0215 -0.004 -0.009 -0.0215 -0.00164559 -0.00813658 -0.0215 -0.00377081 -0.00507041 -0.0215 -0.00164619 -0.00586427 -0.0215 -0.00386983 -0.00529037 -0.0215 -0.00194198 -0.00652196 -0.0215 -0.0014974 -0.00567424 -0.0215 -0.00364585 -0.00486371 -0.0215 -0.00349673 -0.00467345 -0.0215 -0.0013265 -0.00550322 -0.0215 -0.00313586 -0.00435388 -0.0215 -0.00332585 -0.00450268 -0.0215 -0.00177098 -0.00607069 -0.0215 -0.00394175 -0.00552092 -0.0215 -0.0018702 -0.0062913 -0.0215 -0.00398538 -0.00575865 -0.0215 -0.00186996 -0.00770938 -0.0215 -0.00194174 -0.00747903 -0.0215 -0.0019853 -0.00724169 -0.0215 -0.00377096 -0.00992936 -0.0215 -0.00270963 -0.0108698 -0.0215 1.40223e-17 -0.009 -0.0215 -0.002 -0.004 -0.0215 -0.00113626 -0.00535415 -0.0215 0.000240745 -0.00501455 -0.0215 -6.09928e-07 -0.00500004 -0.0215 -0.000929961 -0.00522942 -0.0215 0.000708616 -0.0051298 -0.0215 0.00100895 -0.0038706 -0.0215 0.000928997 -0.00522888 -0.0215 0.000340329 -0.00398543 -0.0215 0.000676153 -0.00394242 -0.0215 0.000478411 -0.00505809 -0.0215 0.00198545 -0.00724048 -0.0215 0.00747923 -0.00194169 -0.0215 0.00194194 -0.00747836 -0.0215 0.00770953 -0.00186987 -0.0215 0.0200477 -0.00489695 -0.0215 0.0201365 -0.00497275 -0.0215 0.0201727 -0.00498776 -0.0215 0.0201031 -0.00495225 -0.0215 0.0202109 -0.00499692 -0.0215 0.02025 -0.005 -0.0215 0.02375 -0.005 -0.0215 0.00133283 -0.00377138 -0.0215 -0.000241548 -0.00501469 -0.0215 -0.00387015 -0.00970887 -0.0215 -0.00132593 -0.00849728 -0.0215 -0.00394197 -0.00947815 -0.0215 -0.00398538 -0.00924135 -0.0215 -0.00177063 -0.00792992 -0.0215 -0.00292936 -0.00422904 -0.0215 -0.00270887 -0.00412985 -0.0215 -0.00247815 -0.00405803 -0.0215 -0.00224135 -0.00401462 -0.0215 0.00198541 -0.00675886 -0.0215 0.00199995 -0.00699947 -0.0215 0.0072415 -0.00198535 -0.0215 0.00832662 -0.00149662 -0.0215 0.0200031 -0.00478911 -0.0215 0.00813659 -0.00164561 -0.0215 0.00849704 -0.00132622 -0.0215 0.02 -0.00475 -0.0215 0.0200122 -0.00482725 -0.0215 0.00792966 -0.00177079 -0.0215 0.0200732 -0.00492678 -0.0215 0.0200272 -0.0048635 -0.0215 0.00187011 -0.00770891 -0.0215 0.00177116 -0.00792887 -0.0215 0.000929661 -0.00877079 -0.0215 0.00149704 -0.00832622 -0.0215 0.00164621 -0.00813575 -0.0215 0.00113659 -0.00864561 -0.0215 0.00132662 -0.00849662 -0.0215 0.000479228 -0.00894169 -0.0215 0.000709525 -0.00886987 -0.0215 0.000241499 -0.00898535 -0.0215 -0.004 0.006 -0.0215 -0.00186996 0.00629062 -0.0215 -0.00398538 0.00575865 -0.0215 -0.00164559 0.00586342 -0.0215 -0.00387015 0.00529113 -0.0215 -0.00377096 0.00507064 -0.0215 -0.00177063 0.00607008 -0.0215 -0.00394197 0.00552185 -0.0215 -0.0019853 0.00675831 -0.0215 -0.00194174 0.00652097 -0.0215 -0.00199999 0.00699962 -0.0215 0.00195057 0.00349217 -0.0215 0.00132662 0.00550338 -0.0215 0.00607004 0.00177058 -0.0215 0.000240745 0.00898545 -0.0215 -6.09928e-07 0.00899996 -0.0215 -0.000478752 0.00894185 -0.0215 -0.000709683 0.00886983 -0.0215 -0.000241548 0.00898531 -0.0215 0.000708616 0.0088702 -0.0215 0.000478411 0.00894191 -0.0215 0.00177076 0.00792967 -0.0215 0.00164579 0.00813637 -0.0215 0.00629032 0.00186983 -0.0215 0.00321525 0.00237938 -0.0215 0.00300242 0.00264299 -0.0215 0.00194175 0.00747909 -0.0215 0.00199995 0.00700053 -0.0215 0.00724075 0.00198545 -0.0215 0.00198545 0.00675952 -0.0215 0.0200477 0.00489695 -0.0215 0.00675845 0.00198531 -0.0215 0.00194194 0.00652164 -0.0215 0.00699939 0.00199996 -0.0215 0.000929661 0.00522921 -0.0215 0.00100678 0.00387115 -0.0215 0.00629099 -0.00187011 -0.0215 0.00747841 0.00194191 -0.0215 0.00198541 0.00724114 -0.0215 0.00652125 0.00194185 -0.0215 0.00898541 0.000241135 -0.0215 0.0200031 -0.00321089 -0.0215 0.024 0.00325 -0.0198 0.024 -0.00325 -0.0215 0.024 -0.00325 -0.0198 0.024 0.00325 -0.0215 0.024 0.011 -0.0198 0.024 0.00475 -0.0215 0.024 0.00475 -0.0198 0.024 0.011</float_array>
          <technique_common>
            <accessor count="2114" source="#ID12" stride="3">
              <param name="X" type="float"/>
              <param name="Y" type="float"/>
              <param name="Z" type="float"/>
            </accessor>
          </technique_common>
        </source>
        <source id="ID13">
          <float_array count="6342" id="ID14">-3.1186e-16 1 6.12323e-17 -3.1186e-16 1 6.12323e-17 -3.1186e-16 1 6.12323e-17 -3.1186e-16 1 6.12323e-17 -1 -3.1186e-16 3.02079e-32 -1 -3.1186e-16 3.02079e-32 -1 -3.1186e-16 3.02079e-32 -1 -3.1186e-16 3.02079e-32 -1 -3.1186e-16 3.02079e-32 -1 -3.1186e-16 3.02079e-32 -1 -3.1186e-16 3.02079e-32 -1 -3.1186e-16 3.02079e-32 -1 -3.1186e-16 3.02079e-32 -1 -3.1186e-16 3.02079e-32 -1 -3.1186e-16 3.02079e-32 -1 -3.1186e-16 3.02079e-32 -1 -3.1186e-16 3.02079e-32 -1 -3.1186e-16 3.02079e-32 -1 -3.1186e-16 3.02079e-32 -1 -3.1186e-16 3.02079e-32 -1 -3.1186e-16 3.02079e-32 -1 -3.1186e-16 3.02079e-32 -1 -3.1186e-16 3.02079e-32 -1 -3.1186e-16 3.02079e-32 -1 -3.1186e-16 3.02079e-32 -1 -3.1186e-16 3.02079e-32 -1 -3.1186e-16 3.02079e-32 -1 -3.1186e-16 3.02079e-32 -1 -3.1186e-16 3.02079e-32 -1 -3.1186e-16 3.02079e-32 -1 -3.1186e-16 3.02079e-32 -1 -3.1186e-16 3.02079e-32 -1 -3.1186e-16 3.02079e-32 -1 -3.1186e-16 3.02079e-32 -1 -3.1186e-16 3.02079e-32 -1 -3.1186e-16 3.02079e-32 -1 -3.1186e-16 3.02079e-32 -1 -3.1186e-16 3.02079e-32 -1 -3.1186e-16 3.02079e-32 -1 -3.1186e-16 3.02079e-32 -1 -3.1186e-16 3.02079e-32 -1 -3.1186e-16 3.02079e-32 -1 -3.1186e-16 3.02079e-32 -1 -3.1186e-16 3.02079e-32 -1 -3.1186e-16 3.02079e-32 -1 -3.1186e-16 3.02079e-32 -1 -3.1186e-16 3.02079e-32 -1 -3.1186e-16 3.02079e-32 -1 -3.1186e-16 3.02079e-32 -1 -3.1186e-16 3.02079e-32 -1 -3.1186e-16 3.02079e-32 -1 -3.1186e-16 3.02079e-32 -1 -3.1186e-16 3.02079e-32 -1 -3.1186e-16 3.02079e-32 -1 -3.1186e-16 3.02079e-32 -1 -3.1186e-16 3.02079e-32 -1 -3.1186e-16 3.02079e-32 -1 -3.1186e-16 3.02079e-32 -1 -3.1186e-16 3.02079e-32 -1 -3.1186e-16 3.02079e-32 -1 -3.1186e-16 3.02079e-32 -1 -3.1186e-16 3.02079e-32 -1 -3.1186e-16 3.02079e-32 -1 -3.1186e-16 3.02079e-32 -1 -3.1186e-16 3.02079e-32 -1 -3.1186e-16 3.02079e-32 -1 -3.1186e-16 3.02079e-32 -1 -3.1186e-16 3.02079e-32 -1 -3.1186e-16 3.02079e-32 -1 -3.1186e-16 3.02079e-32 -1 -3.1186e-16 3.02079e-32 -1 -3.1186e-16 3.02079e-32 -1 -3.1186e-16 3.02079e-32 -1 -3.1186e-16 3.02079e-32 -1 -3.1186e-16 3.02079e-32 -1 -3.1186e-16 3.02079e-32 -1 -3.1186e-16 3.02079e-32 -1 -3.1186e-16 3.02079e-32 -1 -3.1186e-16 3.02079e-32 -1 -3.1186e-16 3.02079e-32 -1 -3.1186e-16 3.02079e-32 -1 -3.1186e-16 3.02079e-32 -1 -3.1186e-16 3.02079e-32 -1 -3.1186e-16 3.02079e-32 -1 -3.1186e-16 3.02079e-32 -1 -3.1186e-16 3.02079e-32 -1 -3.1186e-16 3.02079e-32 -1 -3.1186e-16 3.02079e-32 -1 -3.1186e-16 3.02079e-32 -1 -3.1186e-16 3.02079e-32 -1 -3.1186e-16 3.02079e-32 -1 -3.1186e-16 3.02079e-32 -1 -3.1186e-16 3.02079e-32 -1 -3.1186e-16 3.02079e-32 -1 -3.1186e-16 3.02079e-32 -1 -3.1186e-16 3.02079e-32 -1 -3.1186e-16 3.02079e-32 -1 -3.1186e-16 3.02079e-32 -1 -3.1186e-16 3.02079e-32 -1 -3.1186e-16 3.02079e-32 -1 -3.1186e-16 3.02079e-32 -1 -3.1186e-16 3.02079e-32 -1 -3.1186e-16 3.02079e-32 -1 -3.1186e-16 3.02079e-32 -1 -3.1186e-16 3.02079e-32 -1 -3.1186e-16 3.02079e-32 -1 -3.1186e-16 3.02079e-32 -1 -3.1186e-16 3.02079e-32 -1 -3.1186e-16 3.02079e-32 -1 -3.1186e-16 3.02079e-32 -1 -3.1186e-16 3.02079e-32 -1 -3.1186e-16 3.02079e-32 -1 -3.1186e-16 3.02079e-32 -1 -3.1186e-16 3.02079e-32 -1 -3.1186e-16 3.02079e-32 -1 -3.1186e-16 3.02079e-32 -1 -3.1186e-16 3.02079e-32 -1 -3.1186e-16 3.02079e-32 -1 -3.1186e-16 3.02079e-32 -1 -3.1186e-16 3.02079e-32 -1 -3.1186e-16 3.02079e-32 -1 -3.1186e-16 3.02079e-32 -1 -3.1186e-16 3.02079e-32 -1 -3.1186e-16 3.02079e-32 -1 -3.1186e-16 3.02079e-32 -1 -3.1186e-16 3.02079e-32 -1 -3.1186e-16 3.02079e-32 -1 -3.1186e-16 3.02079e-32 -1 -3.1186e-16 3.02079e-32 -1 -3.1186e-16 3.02079e-32 -1 -3.1186e-16 3.02079e-32 -1 -3.1186e-16 3.02079e-32 -1 -3.1186e-16 3.02079e-32 -1 -3.1186e-16 3.02079e-32 -1 -3.1186e-16 3.02079e-32 -1 -3.1186e-16 3.02079e-32 -1 -3.1186e-16 3.02079e-32 -1 -3.1186e-16 3.02079e-32 -1 -3.1186e-16 3.02079e-32 -1 -3.1186e-16 3.02079e-32 -1 -3.1186e-16 3.02079e-32 -1 -3.1186e-16 3.02079e-32 -1 -3.1186e-16 3.02079e-32 -1 -3.1186e-16 3.02079e-32 -1 -3.1186e-16 3.02079e-32 -1 -3.1186e-16 3.02079e-32 -1 -3.1186e-16 3.02079e-32 -1 -3.1186e-16 3.02079e-32 -1 -3.1186e-16 3.02079e-32 -1 -3.1186e-16 3.02079e-32 -1 -3.1186e-16 3.02079e-32 -1 -3.1186e-16 3.02079e-32 -1 -3.1186e-16 3.02079e-32 -1 -3.1186e-16 3.02079e-32 -1 -3.1186e-16 3.02079e-32 -1 -3.1186e-16 3.02079e-32 -1 -3.1186e-16 3.02079e-32 -1 -3.1186e-16 3.02079e-32 -1 -3.1186e-16 3.02079e-32 -1 -3.1186e-16 3.02079e-32 -1 -3.1186e-16 3.02079e-32 -1 -3.1186e-16 3.02079e-32 -1 -3.1186e-16 3.02079e-32 -1 -3.1186e-16 3.02079e-32 -1 -3.1186e-16 3.02079e-32 -1 -3.1186e-16 3.02079e-32 -1 -3.1186e-16 3.02079e-32 -1 -3.1186e-16 3.02079e-32 -1 -3.1186e-16 3.02079e-32 -1 -3.1186e-16 3.02079e-32 -1 -3.1186e-16 3.02079e-32 -1 -3.1186e-16 3.02079e-32 -1 -3.1186e-16 3.02079e-32 -1 -3.1186e-16 3.02079e-32 -1 -3.1186e-16 3.02079e-32 -1 -3.1186e-16 3.02079e-32 -1 -3.1186e-16 3.02079e-32 -1 -3.1186e-16 3.02079e-32 -1 -3.1186e-16 3.02079e-32 -1 -3.1186e-16 3.02079e-32 -1 -3.1186e-16 3.02079e-32 -1 -3.1186e-16 3.02079e-32 -1 -3.1186e-16 3.02079e-32 -1 -3.1186e-16 3.02079e-32 -1 -3.1186e-16 3.02079e-32 -1 -3.1186e-16 3.02079e-32 -1 -3.1186e-16 3.02079e-32 -1 -3.1186e-16 3.02079e-32 -1 -3.1186e-16 3.02079e-32 -1 -3.1186e-16 3.02079e-32 -1 -3.1186e-16 3.02079e-32 -1 -3.1186e-16 3.02079e-32 -1 -3.1186e-16 3.02079e-32 -1 -3.1186e-16 3.02079e-32 -1 -3.1186e-16 3.02079e-32 -1 -3.1186e-16 3.02079e-32 -1 -3.1186e-16 3.02079e-32 -1 -3.1186e-16 3.02079e-32 -1 -3.1186e-16 3.02079e-32 -1 -3.1186e-16 3.02079e-32 -1 -3.1186e-16 3.02079e-32 -1 -3.1186e-16 3.02079e-32 -1 -3.1186e-16 3.02079e-32 -1 -3.1186e-16 3.02079e-32 -1 -3.1186e-16 3.02079e-32 -1 -3.1186e-16 3.02079e-32 -1 -3.1186e-16 3.02079e-32 -1 -3.1186e-16 3.02079e-32 -1 -3.1186e-16 3.02079e-32 -1 -3.1186e-16 3.02079e-32 -1 -3.1186e-16 3.02079e-32 -1 -3.1186e-16 3.02079e-32 -1 -3.1186e-16 3.02079e-32 -1 -3.1186e-16 3.02079e-32 -1 -3.1186e-16 3.02079e-32 -1 -3.1186e-16 3.02079e-32 -1 -3.1186e-16 3.02079e-32 -1 -3.1186e-16 3.02079e-32 -1 -3.1186e-16 3.02079e-32 -1 -3.1186e-16 3.02079e-32 -1 -3.1186e-16 3.02079e-32 -1 -3.1186e-16 3.02079e-32 -1 -3.1186e-16 3.02079e-32 -1 -3.1186e-16 3.02079e-32 -1 -3.1186e-16 3.02079e-32 -1 -3.1186e-16 3.02079e-32 -1 -3.1186e-16 3.02079e-32 -1 -3.1186e-16 3.02079e-32 -1 -3.1186e-16 3.02079e-32 -1 -3.1186e-16 3.02079e-32 -1 -3.1186e-16 3.02079e-32 -1 -3.1186e-16 3.02079e-32 -1 -3.1186e-16 3.02079e-32 -1 -3.1186e-16 3.02079e-32 -1 -3.1186e-16 3.02079e-32 -1 -3.1186e-16 3.02079e-32 -1 -3.1186e-16 3.02079e-32 -1 -3.1186e-16 3.02079e-32 -1 -3.1186e-16 3.02079e-32 -1 -3.1186e-16 3.02079e-32 -1 -3.1186e-16 3.02079e-32 -1 -3.1186e-16 3.02079e-32 -1 -3.1186e-16 3.02079e-32 -1 -3.1186e-16 3.02079e-32 -1 -3.1186e-16 3.02079e-32 -1 -3.1186e-16 3.02079e-32 -1 -3.1186e-16 3.02079e-32 -1 -3.1186e-16 3.02079e-32 -1 -3.1186e-16 3.02079e-32 -1 -3.1186e-16 3.02079e-32 -1 -3.1186e-16 3.02079e-32 -1 -3.1186e-16 3.02079e-32 -1 -3.1186e-16 3.02079e-32 -1 -3.1186e-16 3.02079e-32 -1 -3.1186e-16 3.02079e-32 -1 -3.1186e-16 3.02079e-32 -1 -3.1186e-16 3.02079e-32 -1 -3.1186e-16 3.02079e-32 -1 -3.1186e-16 3.02079e-32 -1 -3.1186e-16 3.02079e-32 -1 -3.1186e-16 3.02079e-32 -1 -3.1186e-16 3.02079e-32 -1 -3.1186e-16 3.02079e-32 -1 -3.1186e-16 3.02079e-32 -1 -3.1186e-16 3.02079e-32 -1 -3.1186e-16 3.02079e-32 -1 -3.1186e-16 3.02079e-32 -1 -3.1186e-16 3.02079e-32 -1 -3.1186e-16 3.02079e-32 -1 -3.1186e-16 3.02079e-32 -1 -3.1186e-16 3.02079e-32 -1 -3.1186e-16 3.02079e-32 1.03893e-16 -0.33314 0.942877 5.27047e-17 -0.169001 0.985616 1.03893e-16 -0.33314 0.942877 -5.45274e-23 1.74846e-07 1 5.27047e-17 -0.169001 0.985616 9.41792e-23 -3.01992e-07 1 1.95917e-16 -0.62822 0.778036 2.34105e-16 -0.750672 0.660675 2.34105e-16 -0.750672 0.660675 1.95917e-16 -0.62822 0.778036 1.52093e-16 -0.487695 0.873014 1.52093e-16 -0.487695 0.873014 3.04861e-16 -0.977555 0.210679 2.89372e-16 -0.927889 0.372856 3.04861e-16 -0.977555 0.210679 2.89372e-16 -0.927889 0.372857 2.65558e-16 -0.851529 0.524307 2.65558e-16 -0.851529 0.524307 2.98191e-16 -0.956167 -0.292823 2.98191e-16 -0.956167 -0.292823 3.09334e-16 -0.9919 -0.127018 3.11579e-16 -0.999099 0.0424415 3.09334e-16 -0.9919 -0.127018 3.11579e-16 -0.999099 0.042441 2.50735e-16 -0.803997 -0.594633 2.15788e-16 -0.691939 -0.721956 2.15788e-16 -0.691939 -0.721956 2.78468e-16 -0.892926 -0.450204 2.78468e-16 -0.892926 -0.450204 2.50735e-16 -0.803997 -0.594633 7.8582e-17 -0.251978 -0.967733 1.28456e-16 -0.411901 -0.911228 7.8582e-17 -0.251978 -0.967733 1.28456e-16 -0.411901 -0.911228 1.74634e-16 -0.559975 -0.82851 1.74634e-16 -0.559975 -0.82851 -7.8582e-17 0.251978 -0.967733 -7.8582e-17 0.251978 -0.967733 -2.64476e-17 0.0848059 -0.996397 2.64476e-17 -0.0848059 -0.996397 -2.64476e-17 0.0848059 -0.996397 2.64476e-17 -0.0848059 -0.996397 -1.74634e-16 0.559975 -0.82851 -2.15788e-16 0.691939 -0.721956 -2.15788e-16 0.691939 -0.721956 -1.28456e-16 0.411901 -0.911228 -1.28456e-16 0.411901 -0.911229 -1.74634e-16 0.559975 -0.82851 -2.98191e-16 0.956167 -0.292823 -2.78468e-16 0.892926 -0.450204 -2.98191e-16 0.956167 -0.292823 -2.78468e-16 0.892926 -0.450204 -2.50735e-16 0.803997 -0.594633 -2.50735e-16 0.803997 -0.594633 -3.04861e-16 0.977555 0.210679 -3.11579e-16 0.999099 0.0424412 -3.11579e-16 0.999099 0.0424412 -3.09334e-16 0.9919 -0.127018 -3.09334e-16 0.9919 -0.127018 -3.04861e-16 0.977555 0.210679 -2.89372e-16 0.927889 0.372857 -2.89372e-16 0.927889 0.372856 -2.65558e-16 0.851529 0.524307 -2.34105e-16 0.750672 0.660675 -2.65558e-16 0.851529 0.524307 -2.34105e-16 0.750672 0.660675 -1.95917e-16 0.62822 0.778036 -1.95917e-16 0.62822 0.778036 -1.52093e-16 0.487695 0.873014 -1.03893e-16 0.33314 0.942877 -1.52093e-16 0.487695 0.873014 -1.03893e-16 0.33314 0.942877 -5.27047e-17 0.169001 0.985616 -5.27047e-17 0.169001 0.985616 1.01261e-16 -0.324699 0.945817 5.27047e-17 -0.169001 0.985616 1.03893e-16 -0.33314 0.942877 -5.45274e-23 1.74846e-07 1 5.13305e-17 -0.164595 0.986361 9.41792e-23 -3.01992e-07 1 1.95917e-16 -0.62822 0.778036 2.34105e-16 -0.750672 0.660675 2.29443e-16 -0.735724 0.677282 1.91549e-16 -0.614213 0.789141 1.48429e-16 -0.475947 0.879474 1.52093e-16 -0.487695 0.873014 3.02318e-16 -0.9694 0.245485 2.89372e-16 -0.927889 0.372856 3.04861e-16 -0.977555 0.210679 2.85593e-16 -0.915773 0.401695 2.61079e-16 -0.837166 0.546948 2.65558e-16 -0.851529 0.524307 2.98191e-16 -0.956167 -0.292823 3.02318e-16 -0.9694 -0.245486 3.09334e-16 -0.9919 -0.127018 3.11579e-16 -0.999099 0.0424415 3.10795e-16 -0.996584 -0.0825794 3.10795e-16 -0.996584 0.0825794 2.50735e-16 -0.803997 -0.594633 2.15788e-16 -0.691939 -0.721956 2.29443e-16 -0.735724 -0.677282 2.85593e-16 -0.915773 -0.401695 2.78468e-16 -0.892926 -0.450204 2.61079e-16 -0.837167 -0.546948 1.01261e-16 -0.324699 -0.945817 1.28456e-16 -0.411901 -0.911228 7.8582e-17 -0.251978 -0.967733 1.48429e-16 -0.475947 -0.879474 1.91549e-16 -0.614213 -0.78914 1.74634e-16 -0.559975 -0.82851 -7.8582e-17 0.251978 -0.967733 -5.13305e-17 0.164595 -0.986361 -2.64476e-17 0.0848059 -0.996397 2.64476e-17 -0.0848059 -0.996397 2.72637e-23 -8.74228e-08 -1 5.13306e-17 -0.164595 -0.986361 -1.74634e-16 0.559975 -0.82851 -2.15788e-16 0.691939 -0.721956 -1.91549e-16 0.614213 -0.78914 -1.01261e-16 0.324699 -0.945817 -1.28456e-16 0.411901 -0.911229 -1.48429e-16 0.475947 -0.879474 -2.85593e-16 0.915773 -0.401695 -2.78468e-16 0.892926 -0.450204 -2.98191e-16 0.956167 -0.292823 -2.61079e-16 0.837166 -0.546948 -2.29443e-16 0.735724 -0.677282 -2.50735e-16 0.803997 -0.594633 -3.10795e-16 0.996584 0.0825794 -3.10795e-16 0.996584 -0.0825792 -3.11579e-16 0.999099 0.0424412 -3.09334e-16 0.9919 -0.127018 -3.02318e-16 0.9694 -0.245485 -3.04861e-16 0.977555 0.210679 -2.89372e-16 0.927889 0.372856 -3.02318e-16 0.9694 0.245485 -2.65558e-16 0.851529 0.524307 -2.85593e-16 0.915773 0.401695 -2.61079e-16 0.837166 0.546948 -2.34105e-16 0.750672 0.660675 -1.95917e-16 0.62822 0.778036 -2.29443e-16 0.735724 0.677282 -1.52093e-16 0.487695 0.873014 -1.91549e-16 0.614213 0.789141 -1.48429e-16 0.475947 0.879474 -1.03893e-16 0.33314 0.942877 -5.27047e-17 0.169001 0.985616 -1.01261e-16 0.324699 0.945817 -5.13305e-17 0.164595 0.986361 1.03893e-16 -0.33314 0.942878 1.03893e-16 -0.33314 0.942877 1.52093e-16 -0.487695 0.873014 -5.45274e-23 1.74846e-07 1 5.27047e-17 -0.169001 0.985616 5.27047e-17 -0.169001 0.985616 2.34105e-16 -0.750672 0.660675 2.65558e-16 -0.851529 0.524307 2.34105e-16 -0.750672 0.660675 1.95917e-16 -0.62822 0.778036 1.52093e-16 -0.487695 0.873014 1.95917e-16 -0.62822 0.778036 3.04861e-16 -0.977555 0.210679 3.04861e-16 -0.977555 0.210679 3.11579e-16 -0.999099 0.0424415 2.89372e-16 -0.927889 0.372856 2.65558e-16 -0.851529 0.524308 2.89372e-16 -0.927889 0.372856 2.78468e-16 -0.892926 -0.450204 2.98191e-16 -0.956167 -0.292823 2.98191e-16 -0.956167 -0.292823 3.09334e-16 -0.9919 -0.127018 3.09334e-16 -0.9919 -0.127018 3.11579e-16 -0.999099 0.0424415 2.15788e-16 -0.691939 -0.721956 1.74634e-16 -0.559975 -0.82851 2.15788e-16 -0.691939 -0.721956 2.78468e-16 -0.892926 -0.450204 2.50735e-16 -0.803997 -0.594633 2.50735e-16 -0.803997 -0.594633 7.8582e-17 -0.251978 -0.967733 7.8582e-17 -0.251978 -0.967733 2.64476e-17 -0.0848059 -0.996397 1.28456e-16 -0.411901 -0.911228 1.74634e-16 -0.559975 -0.82851 1.28456e-16 -0.411901 -0.911228 -1.28456e-16 0.411901 -0.911229 -7.8582e-17 0.251978 -0.967733 -7.8582e-17 0.251978 -0.967733 -2.64476e-17 0.0848059 -0.996397 -2.64476e-17 0.0848059 -0.996397 2.64476e-17 -0.0848059 -0.996397 -2.15788e-16 0.691939 -0.721956 -2.50735e-16 0.803997 -0.594633 -2.15788e-16 0.691939 -0.721956 -1.28456e-16 0.411901 -0.911229 -1.74634e-16 0.559975 -0.82851 -1.74634e-16 0.559975 -0.82851 -2.98191e-16 0.956167 -0.292823 -2.98191e-16 0.956167 -0.292823 -3.09334e-16 0.9919 -0.127018 -2.78468e-16 0.892926 -0.450204 -2.50735e-16 0.803997 -0.594633 -2.78468e-16 0.892926 -0.450204 -3.11579e-16 0.999099 0.0424412 -3.11579e-16 0.999099 0.0424412 -3.04861e-16 0.977555 0.210679 -3.09334e-16 0.9919 -0.127018 -2.89372e-16 0.927889 0.372856 -3.04861e-16 0.977555 0.210679 -2.65558e-16 0.851529 0.524307 -2.89372e-16 0.927889 0.372857 -2.65558e-16 0.851529 0.524307 -2.34105e-16 0.750672 0.660675 -1.95917e-16 0.62822 0.778036 -2.34105e-16 0.750672 0.660675 -1.52093e-16 0.487695 0.873014 -1.95917e-16 0.62822 0.778036 -1.52093e-16 0.487695 0.873014 -1.03893e-16 0.33314 0.942877 -5.27047e-17 0.169001 0.985616 -1.03893e-16 0.33314 0.942877 3.5809e-30 -1.13855e-14 1 -5.27047e-17 0.169001 0.985616 3.1186e-16 -1 -6.12323e-17 3.1186e-16 -1 -6.12323e-17 3.1186e-16 -1 -6.12323e-17 3.1186e-16 -1 -6.12323e-17 3.09587e-16 -0.992709 -0.120537 3.1186e-16 -1 -5.96244e-09 3.1186e-16 -1 -5.96244e-09 2.76139e-16 -0.885456 -0.464723 2.91595e-16 -0.935016 -0.354605 2.91595e-16 -0.935016 -0.354605 3.02798e-16 -0.970942 -0.239316 3.02798e-16 -0.970942 -0.239316 3.09587e-16 -0.992709 -0.120537 2.33431e-16 -0.748511 -0.663123 2.33431e-16 -0.748511 -0.663123 2.06802e-16 -0.663123 -0.748511 2.76139e-16 -0.885456 -0.464723 2.56656e-16 -0.822984 -0.568065 2.56656e-16 -0.822984 -0.568065 1.44929e-16 -0.464723 -0.885456 1.10587e-16 -0.354605 -0.935016 1.44929e-16 -0.464723 -0.885456 1.77157e-16 -0.568065 -0.822984 1.77157e-16 -0.568065 -0.822984 2.06802e-16 -0.663123 -0.748511 1.10587e-16 -0.354605 -0.935016 7.46331e-17 -0.239316 -0.970942 7.46331e-17 -0.239316 -0.970942 3.75907e-17 -0.120537 -0.992709 3.75906e-17 -0.120537 -0.992709 2.16854e-23 -6.95355e-08 -1 -5.2668e-23 1.68883e-07 -1 -4.93038e-32 6.12323e-17 -1 -4.93038e-32 6.12323e-17 -1 -4.93038e-32 6.12323e-17 -1 -4.93038e-32 6.12323e-17 -1 3.11579e-16 -0.999099 -0.0424412 3.11579e-16 -0.999099 0.0424411 3.11579e-16 -0.999099 0.0424411 3.09334e-16 -0.9919 0.127018 3.09334e-16 -0.9919 0.127018 3.04861e-16 -0.977555 0.210679 3.04861e-16 -0.977555 0.210679 2.98191e-16 -0.956167 0.292823 2.98191e-16 -0.956167 0.292823 2.89372e-16 -0.927889 0.372857 2.89372e-16 -0.927889 0.372857 2.78468e-16 -0.892926 0.450204 2.78468e-16 -0.892926 0.450204 2.65558e-16 -0.851529 0.524307 2.65558e-16 -0.851529 0.524307 2.50735e-16 -0.803997 0.594633 2.50735e-16 -0.803997 0.594633 2.34105e-16 -0.750672 0.660675 2.34105e-16 -0.750672 0.660675 2.15788e-16 -0.691939 0.721956 2.15788e-16 -0.691939 0.721956 1.95917e-16 -0.62822 0.778036 1.95917e-16 -0.62822 0.778036 1.74634e-16 -0.559975 0.82851 1.74634e-16 -0.559975 0.82851 1.52093e-16 -0.487695 0.873014 1.52093e-16 -0.487695 0.873014 1.28456e-16 -0.411901 0.911228 1.28456e-16 -0.411901 0.911228 1.03893e-16 -0.33314 0.942877 1.03893e-16 -0.33314 0.942877 7.85819e-17 -0.251978 0.967733 7.85819e-17 -0.251978 0.967733 5.27047e-17 -0.169001 0.985616 5.27047e-17 -0.169001 0.985616 2.64476e-17 -0.084806 0.996397 2.64476e-17 -0.084806 0.996397 -3.7189e-24 1.19249e-08 1 -3.7189e-24 1.19249e-08 1 3.11579e-16 -0.999099 -0.0424412 3.09334e-16 -0.9919 -0.127018 3.09334e-16 -0.9919 -0.127018 3.04861e-16 -0.977555 -0.210679 3.04861e-16 -0.977555 -0.210679 2.98191e-16 -0.956167 -0.292823 2.98191e-16 -0.956167 -0.292823 2.89372e-16 -0.927889 -0.372856 2.89372e-16 -0.927889 -0.372856 2.78468e-16 -0.892926 -0.450204 2.78468e-16 -0.892926 -0.450204 2.65558e-16 -0.851529 -0.524307 2.65558e-16 -0.851529 -0.524307 2.50735e-16 -0.803997 -0.594633 2.50735e-16 -0.803997 -0.594633 2.34105e-16 -0.750672 -0.660675 2.34105e-16 -0.750672 -0.660675 2.15788e-16 -0.691939 -0.721956 2.15788e-16 -0.691939 -0.721956 1.95917e-16 -0.62822 -0.778036 1.95917e-16 -0.62822 -0.778036 1.74634e-16 -0.559975 -0.82851 1.74634e-16 -0.559975 -0.82851 1.52093e-16 -0.487695 -0.873014 1.52093e-16 -0.487695 -0.873014 1.28456e-16 -0.411901 -0.911229 1.28456e-16 -0.411901 -0.911229 1.03893e-16 -0.33314 -0.942877 1.03893e-16 -0.33314 -0.942877 7.8582e-17 -0.251978 -0.967733 7.8582e-17 -0.251978 -0.967733 5.27047e-17 -0.169001 -0.985616 5.27047e-17 -0.169001 -0.985616 2.64476e-17 -0.084806 -0.996397 2.64476e-17 -0.084806 -0.996397 1.36319e-23 -4.37114e-08 -1 1.36319e-23 -4.37114e-08 -1 4.93038e-32 -6.12323e-17 1 4.93038e-32 -6.12323e-17 1 4.93038e-32 -6.12323e-17 1 4.93038e-32 -6.12323e-17 1 7.46331e-17 -0.239316 0.970942 7.46331e-17 -0.239316 0.970942 3.75906e-17 -0.120537 0.992709 2.16854e-23 -6.95355e-08 1 -5.2668e-23 1.68883e-07 1 3.75907e-17 -0.120537 0.992709 1.44929e-16 -0.464723 0.885456 1.77157e-16 -0.568065 0.822984 1.77157e-16 -0.568065 0.822984 1.44929e-16 -0.464723 0.885456 1.10587e-16 -0.354605 0.935016 1.10587e-16 -0.354605 0.935016 2.56656e-16 -0.822984 0.568065 2.56656e-16 -0.822984 0.568065 2.33431e-16 -0.748511 0.663123 2.33431e-16 -0.748511 0.663123 2.06802e-16 -0.663123 0.748511 2.06802e-16 -0.663123 0.748511 3.02798e-16 -0.970942 0.239316 2.91595e-16 -0.935016 0.354605 2.91595e-16 -0.935016 0.354605 2.76139e-16 -0.885456 0.464723 2.76139e-16 -0.885456 0.464723 3.09587e-16 -0.992709 0.120537 3.02798e-16 -0.970942 0.239316 3.09587e-16 -0.992709 0.120537 3.1186e-16 -1 5.96244e-09 3.1186e-16 -1 5.96244e-09 3.1186e-16 -1 -6.12323e-17 3.1186e-16 -1 -6.12323e-17 3.1186e-16 -1 -6.12323e-17 3.1186e-16 -1 -6.12323e-17 7.46331e-17 -0.239316 0.970942 3.75906e-17 -0.120537 0.992709 7.46332e-17 -0.239316 0.970942 -5.45274e-23 1.74846e-07 1 3.75906e-17 -0.120537 0.992709 9.41792e-23 -3.01992e-07 1 1.44929e-16 -0.464723 0.885456 1.77157e-16 -0.568065 0.822984 1.77157e-16 -0.568065 0.822984 1.44929e-16 -0.464723 0.885456 1.10587e-16 -0.354605 0.935016 1.10587e-16 -0.354605 0.935016 2.56656e-16 -0.822984 0.568065 2.33431e-16 -0.748511 0.663123 2.56656e-16 -0.822984 0.568065 2.33431e-16 -0.748511 0.663123 2.06802e-16 -0.663123 0.748511 2.06802e-16 -0.663123 0.748511 3.02798e-16 -0.970942 0.239316 3.02798e-16 -0.970942 0.239315 2.91595e-16 -0.935016 0.354605 2.76139e-16 -0.885456 0.464723 2.91595e-16 -0.935016 0.354605 2.76139e-16 -0.885456 0.464723 3.1186e-16 -1 1.19249e-08 3.09587e-16 -0.992709 -0.120537 3.09587e-16 -0.992709 -0.120537 3.09587e-16 -0.992709 0.120537 3.09587e-16 -0.992709 0.120537 3.1186e-16 -1 1.19249e-08 2.76139e-16 -0.885456 -0.464723 2.91595e-16 -0.935016 -0.354605 2.76139e-16 -0.885456 -0.464723 2.91595e-16 -0.935016 -0.354605 3.02798e-16 -0.970942 -0.239316 3.02798e-16 -0.970942 -0.239316 2.06802e-16 -0.663123 -0.748511 2.06802e-16 -0.663123 -0.748511 2.33431e-16 -0.748511 -0.663123 2.56656e-16 -0.822984 -0.568065 2.33431e-16 -0.748511 -0.663123 2.56656e-16 -0.822984 -0.568065 1.44929e-16 -0.464723 -0.885456 1.10587e-16 -0.354605 -0.935016 1.10587e-16 -0.354605 -0.935016 1.77157e-16 -0.568065 -0.822984 1.77157e-16 -0.568065 -0.822984 1.44929e-16 -0.464723 -0.885456 2.72637e-23 -8.74228e-08 -1 3.75907e-17 -0.120537 -0.992709 2.72637e-23 -8.74228e-08 -1 3.75907e-17 -0.120537 -0.992709 7.46331e-17 -0.239316 -0.970942 7.46331e-17 -0.239316 -0.970942 -1.10587e-16 0.354605 -0.935016 -1.10587e-16 0.354605 -0.935016 -7.46331e-17 0.239316 -0.970942 -3.75907e-17 0.120537 -0.992709 -7.46331e-17 0.239316 -0.970942 -3.75906e-17 0.120537 -0.992709 -1.77157e-16 0.568065 -0.822984 -2.06802e-16 0.663123 -0.748511 -2.06802e-16 0.663123 -0.748511 -1.44929e-16 0.464723 -0.885456 -1.44929e-16 0.464723 -0.885456 -1.77157e-16 0.568065 -0.822984 -2.76139e-16 0.885456 -0.464723 -2.56656e-16 0.822984 -0.568065 -2.76139e-16 0.885456 -0.464723 -2.56656e-16 0.822984 -0.568065 -2.33431e-16 0.748511 -0.663123 -2.33431e-16 0.748511 -0.663123 -3.09587e-16 0.992709 -0.120537 -3.09587e-16 0.992709 -0.120537 -3.02798e-16 0.970942 -0.239316 -2.91595e-16 0.935016 -0.354605 -3.02798e-16 0.970942 -0.239316 -2.91595e-16 0.935016 -0.354605 -3.09587e-16 0.992709 0.120537 -3.09587e-16 0.992709 0.120537 -3.1186e-16 1 -4.37114e-08 -3.1186e-16 1 -4.37114e-08 -3.02798e-16 0.970942 0.239316 -3.02798e-16 0.970942 0.239316 -2.91595e-16 0.935016 0.354605 -2.91595e-16 0.935016 0.354605 -2.76139e-16 0.885456 0.464723 -2.76139e-16 0.885456 0.464723 -2.56656e-16 0.822984 0.568065 -2.56656e-16 0.822984 0.568065 -2.33431e-16 0.748511 0.663123 -2.33431e-16 0.748511 0.663123 -2.06802e-16 0.663123 0.748511 -2.06802e-16 0.663123 0.748511 -1.77157e-16 0.568065 0.822984 -1.77157e-16 0.568065 0.822984 -1.44929e-16 0.464723 0.885456 -1.44929e-16 0.464723 0.885456 -1.10587e-16 0.354605 0.935016 -1.10587e-16 0.354605 0.935016 -7.46331e-17 0.239316 0.970942 -7.46331e-17 0.239316 0.970942 -3.75906e-17 0.120537 0.992709 -3.75906e-17 0.120537 0.992709 7.46331e-17 -0.239316 0.970942 7.46332e-17 -0.239316 0.970942 1.10587e-16 -0.354605 0.935016 -5.45274e-23 1.74846e-07 1 3.75906e-17 -0.120537 0.992709 3.75907e-17 -0.120537 0.992709 1.77157e-16 -0.568065 0.822984 2.06802e-16 -0.663123 0.748511 1.77157e-16 -0.568065 0.822984 1.44929e-16 -0.464723 0.885456 1.10587e-16 -0.354605 0.935016 1.44929e-16 -0.464723 0.885456 2.56656e-16 -0.822984 0.568065 2.56656e-16 -0.822984 0.568065 2.76139e-16 -0.885456 0.464723 2.33431e-16 -0.748511 0.663123 2.06802e-16 -0.663122 0.748511 2.33431e-16 -0.748511 0.663123 3.09587e-16 -0.992709 0.120537 3.02798e-16 -0.970942 0.239316 3.02798e-16 -0.970942 0.239316 2.91595e-16 -0.935016 0.354605 2.91595e-16 -0.935016 0.354605 2.76139e-16 -0.885456 0.464723 3.09587e-16 -0.992709 -0.120537 3.02798e-16 -0.970942 -0.239316 3.09587e-16 -0.992709 -0.120537 3.09587e-16 -0.992709 0.120537 3.1186e-16 -1 1.19249e-08 3.1186e-16 -1 1.19249e-08 2.76139e-16 -0.885456 -0.464723 2.76139e-16 -0.885456 -0.464723 2.56656e-16 -0.822984 -0.568065 2.91595e-16 -0.935016 -0.354605 3.02798e-16 -0.970942 -0.239315 2.91595e-16 -0.935016 -0.354605 1.77157e-16 -0.568065 -0.822984 2.06802e-16 -0.663123 -0.748511 2.06802e-16 -0.663123 -0.748511 2.33431e-16 -0.748511 -0.663123 2.33431e-16 -0.748511 -0.663123 2.56656e-16 -0.822984 -0.568065 1.10587e-16 -0.354605 -0.935016 7.46331e-17 -0.239316 -0.970942 1.10587e-16 -0.354605 -0.935016 1.77157e-16 -0.568065 -0.822984 1.44929e-16 -0.464723 -0.885456 1.44929e-16 -0.464723 -0.885456 -4.70896e-23 1.50996e-07 -1 2.72637e-23 -8.74228e-08 -1 -3.75907e-17 0.120537 -0.992709 3.75907e-17 -0.120537 -0.992709 7.46331e-17 -0.239316 -0.970942 3.75907e-17 -0.120537 -0.992709 -1.44929e-16 0.464723 -0.885456 -1.10587e-16 0.354605 -0.935016 -1.10587e-16 0.354605 -0.935016 -7.46331e-17 0.239316 -0.970942 -7.46331e-17 0.239316 -0.970942 -3.75906e-17 0.120537 -0.992709 -2.06802e-16 0.663123 -0.748511 -2.33431e-16 0.748511 -0.663123 -2.06802e-16 0.663123 -0.748511 -1.44929e-16 0.464723 -0.885456 -1.77157e-16 0.568065 -0.822984 -1.77157e-16 0.568065 -0.822984 -2.76139e-16 0.885456 -0.464723 -2.76139e-16 0.885456 -0.464723 -2.91595e-16 0.935016 -0.354605 -2.56656e-16 0.822984 -0.568065 -2.33431e-16 0.748511 -0.663123 -2.56656e-16 0.822984 -0.568065 -3.1186e-16 1 -4.37114e-08 -3.09587e-16 0.992709 -0.120537 -3.09587e-16 0.992709 -0.120537 -3.02798e-16 0.970942 -0.239316 -3.02798e-16 0.970942 -0.239316 -2.91595e-16 0.935016 -0.354605 -3.09587e-16 0.992709 0.120537 -3.1186e-16 1 7.54979e-08 -3.09587e-16 0.992709 0.120537 -3.02798e-16 0.970942 0.239316 -3.02798e-16 0.970942 0.239316 -2.91595e-16 0.935016 0.354605 -2.91595e-16 0.935016 0.354605 -2.76139e-16 0.885456 0.464723 -2.76139e-16 0.885456 0.464723 -2.56656e-16 0.822984 0.568065 -2.56656e-16 0.822984 0.568065 -2.33431e-16 0.748511 0.663123 -2.33431e-16 0.748511 0.663123 -2.06802e-16 0.663123 0.748511 -2.06802e-16 0.663123 0.748511 -1.77157e-16 0.568065 0.822984 -1.77157e-16 0.568065 0.822984 -1.44929e-16 0.464723 0.885456 -1.44929e-16 0.464723 0.885456 -1.10587e-16 0.354605 0.935016 -1.10587e-16 0.354605 0.935016 -7.46331e-17 0.239316 0.970942 -7.46331e-17 0.239316 0.970942 -3.75906e-17 0.120537 0.992709 -3.75906e-17 0.120537 0.992709 4.93038e-32 -6.12323e-17 1 7.46331e-17 -0.239316 0.970942 3.75906e-17 -0.120537 0.992709 7.46332e-17 -0.239316 0.970942 -5.45274e-23 1.74846e-07 1 3.75906e-17 -0.120537 0.992709 9.41792e-23 -3.01992e-07 1 1.44929e-16 -0.464723 0.885456 1.77157e-16 -0.568065 0.822984 1.77157e-16 -0.568065 0.822984 1.44929e-16 -0.464723 0.885456 1.10587e-16 -0.354605 0.935016 1.10587e-16 -0.354605 0.935016 2.56656e-16 -0.822984 0.568065 2.33431e-16 -0.748511 0.663123 2.56656e-16 -0.822984 0.568065 2.33431e-16 -0.748511 0.663123 2.06802e-16 -0.663123 0.748511 2.06802e-16 -0.663123 0.748511 3.02798e-16 -0.970942 0.239316 3.02798e-16 -0.970942 0.239315 2.91595e-16 -0.935016 0.354605 2.76139e-16 -0.885456 0.464723 2.91595e-16 -0.935016 0.354605 2.76139e-16 -0.885456 0.464723 3.1186e-16 -1 1.19249e-08 3.09587e-16 -0.992709 -0.120537 3.09587e-16 -0.992709 -0.120537 3.09587e-16 -0.992709 0.120537 3.09587e-16 -0.992709 0.120537 3.1186e-16 -1 1.19249e-08 2.76139e-16 -0.885456 -0.464723 2.91595e-16 -0.935016 -0.354605 2.76139e-16 -0.885456 -0.464723 2.91595e-16 -0.935016 -0.354605 3.02798e-16 -0.970942 -0.239316 3.02798e-16 -0.970942 -0.239316 2.06802e-16 -0.663123 -0.748511 2.06802e-16 -0.663123 -0.748511 2.33431e-16 -0.748511 -0.663123 2.56656e-16 -0.822984 -0.568065 2.33431e-16 -0.748511 -0.663123 2.56656e-16 -0.822984 -0.568065 1.44929e-16 -0.464723 -0.885456 1.10587e-16 -0.354605 -0.935016 1.10587e-16 -0.354605 -0.935016 1.77157e-16 -0.568065 -0.822984 1.77157e-16 -0.568065 -0.822984 1.44929e-16 -0.464723 -0.885456 2.72637e-23 -8.74228e-08 -1 3.75907e-17 -0.120537 -0.992709 2.72637e-23 -8.74228e-08 -1 3.75907e-17 -0.120537 -0.992709 7.46331e-17 -0.239316 -0.970942 7.46331e-17 -0.239316 -0.970942 -1.10587e-16 0.354605 -0.935016 -1.10587e-16 0.354605 -0.935016 -7.46331e-17 0.239316 -0.970942 -3.75907e-17 0.120537 -0.992709 -7.46331e-17 0.239316 -0.970942 -3.75906e-17 0.120537 -0.992709 -1.77157e-16 0.568065 -0.822984 -2.06802e-16 0.663123 -0.748511 -2.06802e-16 0.663123 -0.748511 -1.44929e-16 0.464723 -0.885456 -1.44929e-16 0.464723 -0.885456 -1.77157e-16 0.568065 -0.822984 -2.76139e-16 0.885456 -0.464723 -2.56656e-16 0.822984 -0.568065 -2.76139e-16 0.885456 -0.464723 -2.56656e-16 0.822984 -0.568065 -2.33431e-16 0.748511 -0.663123 -2.33431e-16 0.748511 -0.663123 -3.09587e-16 0.992709 -0.120537 -3.09587e-16 0.992709 -0.120537 -3.02798e-16 0.970942 -0.239316 -2.91595e-16 0.935016 -0.354605 -3.02798e-16 0.970942 -0.239316 -2.91595e-16 0.935016 -0.354605 -3.09587e-16 0.992709 0.120537 -3.09587e-16 0.992709 0.120537 -3.1186e-16 1 -4.37114e-08 -3.1186e-16 1 -4.37114e-08 -3.02798e-16 0.970942 0.239316 -3.02798e-16 0.970942 0.239316 -2.91595e-16 0.935016 0.354605 -2.91595e-16 0.935016 0.354605 -2.76139e-16 0.885456 0.464723 -2.76139e-16 0.885456 0.464723 -2.56656e-16 0.822984 0.568065 -2.56656e-16 0.822984 0.568065 -2.33431e-16 0.748511 0.663123 -2.33431e-16 0.748511 0.663123 -2.06802e-16 0.663123 0.748511 -2.06802e-16 0.663123 0.748511 -1.77157e-16 0.568065 0.822984 -1.77157e-16 0.568065 0.822984 -1.44929e-16 0.464723 0.885456 -1.44929e-16 0.464723 0.885456 -1.10587e-16 0.354605 0.935016 -1.10587e-16 0.354605 0.935016 -7.46331e-17 0.239316 0.970942 -7.46331e-17 0.239316 0.970942 -3.75906e-17 0.120537 0.992709 -3.75906e-17 0.120537 0.992709 3.09587e-16 -0.992709 -0.120537 3.1186e-16 -1 -5.96244e-09 3.1186e-16 -1 -5.96244e-09 2.76139e-16 -0.885456 -0.464723 2.91595e-16 -0.935016 -0.354605 2.91595e-16 -0.935016 -0.354605 3.02798e-16 -0.970942 -0.239316 3.02798e-16 -0.970942 -0.239316 3.09587e-16 -0.992709 -0.120537 2.33431e-16 -0.748511 -0.663123 2.33431e-16 -0.748511 -0.663123 2.06802e-16 -0.663123 -0.748511 2.76139e-16 -0.885456 -0.464723 2.56656e-16 -0.822984 -0.568065 2.56656e-16 -0.822984 -0.568065 1.44929e-16 -0.464723 -0.885456 1.10587e-16 -0.354605 -0.935016 1.44929e-16 -0.464723 -0.885456 1.77157e-16 -0.568065 -0.822984 1.77157e-16 -0.568065 -0.822984 2.06802e-16 -0.663123 -0.748511 1.10587e-16 -0.354605 -0.935016 7.46331e-17 -0.239316 -0.970942 7.46331e-17 -0.239316 -0.970942 3.75907e-17 -0.120537 -0.992709 3.75906e-17 -0.120537 -0.992709 2.16854e-23 -6.95355e-08 -1 -5.2668e-23 1.68883e-07 -1 1 3.1186e-16 -3.02079e-32 1 3.1186e-16 -3.02079e-32 1 3.1186e-16 -3.02079e-32 1 3.1186e-16 -3.02079e-32 1 3.1186e-16 -3.02079e-32 1 3.1186e-16 -3.02079e-32 1 3.1186e-16 -3.02079e-32 1 3.1186e-16 -3.02079e-32 1 3.1186e-16 -3.02079e-32 1 3.1186e-16 -3.02079e-32 1 3.1186e-16 -3.02079e-32 1 3.1186e-16 -3.02079e-32 1 3.1186e-16 -3.02079e-32 1 3.1186e-16 -3.02079e-32 1 3.1186e-16 -3.02079e-32 1 3.1186e-16 -3.02079e-32 1 3.1186e-16 -3.02079e-32 1 3.1186e-16 -3.02079e-32 1 3.1186e-16 -3.02079e-32 1 3.1186e-16 -3.02079e-32 1 3.1186e-16 -3.02079e-32 1 3.1186e-16 -3.02079e-32 1 3.1186e-16 -3.02079e-32 1 3.1186e-16 -3.02079e-32 1 3.1186e-16 -3.02079e-32 1 3.1186e-16 -3.02079e-32 1 3.1186e-16 -3.02079e-32 1 3.1186e-16 -3.02079e-32 1 3.1186e-16 -3.02079e-32 1 3.1186e-16 -3.02079e-32 1 3.1186e-16 -3.02079e-32 1 3.1186e-16 -3.02079e-32 1 3.1186e-16 -3.02079e-32 1 3.1186e-16 -3.02079e-32 1 3.1186e-16 -3.02079e-32 1 3.1186e-16 -3.02079e-32 1 3.1186e-16 -3.02079e-32 1 3.1186e-16 -3.02079e-32 1 3.1186e-16 -3.02079e-32 1 3.1186e-16 -3.02079e-32 1 3.1186e-16 -3.02079e-32 1 3.1186e-16 -3.02079e-32 1 3.1186e-16 -3.02079e-32 1 3.1186e-16 -3.02079e-32 1 3.1186e-16 -3.02079e-32 1 3.1186e-16 -3.02079e-32 1 3.1186e-16 -3.02079e-32 1 3.1186e-16 -3.02079e-32 1 3.1186e-16 -3.02079e-32 1 3.1186e-16 -3.02079e-32 1 3.1186e-16 -3.02079e-32 1 3.1186e-16 -3.02079e-32 1 3.1186e-16 -3.02079e-32 1 3.1186e-16 -3.02079e-32 1 3.1186e-16 -3.02079e-32 1 3.1186e-16 -3.02079e-32 1 3.1186e-16 -3.02079e-32 1 3.1186e-16 -3.02079e-32 1 3.1186e-16 -3.02079e-32 1 3.1186e-16 -3.02079e-32 1 3.1186e-16 -3.02079e-32 1 3.1186e-16 -3.02079e-32 1 3.1186e-16 -3.02079e-32 1 3.1186e-16 -3.02079e-32 1 3.1186e-16 -3.02079e-32 1 3.1186e-16 -3.02079e-32 1 3.1186e-16 -3.02079e-32 1 3.1186e-16 -3.02079e-32 1 3.1186e-16 -3.02079e-32 1 3.1186e-16 -3.02079e-32 1 3.1186e-16 -3.02079e-32 1 3.1186e-16 -3.02079e-32 1 3.1186e-16 -3.02079e-32 1 3.1186e-16 -3.02079e-32 1 3.1186e-16 -3.02079e-32 1 3.1186e-16 -3.02079e-32 1 3.1186e-16 -3.02079e-32 1 3.1186e-16 -3.02079e-32 1 3.1186e-16 -3.02079e-32 1 3.1186e-16 -3.02079e-32 1 3.1186e-16 -3.02079e-32 1 3.1186e-16 -3.02079e-32 1 3.1186e-16 -3.02079e-32 1 3.1186e-16 -3.02079e-32 1 3.1186e-16 -3.02079e-32 1 3.1186e-16 -3.02079e-32 1 3.1186e-16 -3.02079e-32 1 3.1186e-16 -3.02079e-32 1 3.1186e-16 -3.02079e-32 1 3.1186e-16 -3.02079e-32 1 3.1186e-16 -3.02079e-32 1 3.1186e-16 -3.02079e-32 1 3.1186e-16 -3.02079e-32 1 3.1186e-16 -3.02079e-32 1 3.1186e-16 -3.02079e-32 1 3.1186e-16 -3.02079e-32 1 3.1186e-16 -3.02079e-32 1 3.1186e-16 -3.02079e-32 1 3.1186e-16 -3.02079e-32 1 3.1186e-16 -3.02079e-32 1 3.1186e-16 -3.02079e-32 1 3.1186e-16 -3.02079e-32 1 3.1186e-16 -3.02079e-32 1 3.1186e-16 -3.02079e-32 1 3.1186e-16 -3.02079e-32 1 3.1186e-16 -3.02079e-32 1 3.1186e-16 -3.02079e-32 1 3.1186e-16 -3.02079e-32 1 3.1186e-16 -3.02079e-32 1 3.1186e-16 -3.02079e-32 1 3.1186e-16 -3.02079e-32 1 3.1186e-16 -3.02079e-32 1 3.1186e-16 -3.02079e-32 1 3.1186e-16 -3.02079e-32 1 3.1186e-16 -3.02079e-32 1 3.1186e-16 -3.02079e-32 1 3.1186e-16 -3.02079e-32 1 3.1186e-16 -3.02079e-32 1 3.1186e-16 -3.02079e-32 1 3.1186e-16 -3.02079e-32 1 3.1186e-16 -3.02079e-32 1 3.1186e-16 -3.02079e-32 1 3.1186e-16 -3.02079e-32 1 3.1186e-16 -3.02079e-32 1 3.1186e-16 -3.02079e-32 1 3.1186e-16 -3.02079e-32 1 3.1186e-16 -3.02079e-32 1 3.1186e-16 -3.02079e-32 1 3.1186e-16 -3.02079e-32 1 3.1186e-16 -3.02079e-32 1 3.1186e-16 -3.02079e-32 1 3.1186e-16 -3.02079e-32 1 3.1186e-16 -3.02079e-32 1 3.1186e-16 -3.02079e-32 1 3.1186e-16 -3.02079e-32 1 3.1186e-16 -3.02079e-32 1 3.1186e-16 -3.02079e-32 1 3.1186e-16 -3.02079e-32 1 3.1186e-16 -3.02079e-32 1 3.1186e-16 -3.02079e-32 1 3.1186e-16 -3.02079e-32 1 3.1186e-16 -3.02079e-32 1 3.1186e-16 -3.02079e-32 1 3.1186e-16 -3.02079e-32 1 3.1186e-16 -3.02079e-32 1 3.1186e-16 -3.02079e-32 1 3.1186e-16 -3.02079e-32 1 3.1186e-16 -3.02079e-32 1 3.1186e-16 -3.02079e-32 1 3.1186e-16 -3.02079e-32 1 3.1186e-16 -3.02079e-32 1 3.1186e-16 -3.02079e-32 1 3.1186e-16 -3.02079e-32 1 3.1186e-16 -3.02079e-32 1 3.1186e-16 -3.02079e-32 1 3.1186e-16 -3.02079e-32 1 3.1186e-16 -3.02079e-32 1 3.1186e-16 -3.02079e-32 1 3.1186e-16 -3.02079e-32 1 3.1186e-16 -3.02079e-32 1 3.1186e-16 -3.02079e-32 1 3.1186e-16 -3.02079e-32 1 3.1186e-16 -3.02079e-32 1 3.1186e-16 -3.02079e-32 1 3.1186e-16 -3.02079e-32 1 3.1186e-16 -3.02079e-32 1 3.1186e-16 -3.02079e-32 1 3.1186e-16 -3.02079e-32 1 3.1186e-16 -3.02079e-32 1 3.1186e-16 -3.02079e-32 1 3.1186e-16 -3.02079e-32 1 3.1186e-16 -3.02079e-32 1 3.1186e-16 -3.02079e-32 1 3.1186e-16 -3.02079e-32 1 3.1186e-16 -3.02079e-32 1 3.1186e-16 -3.02079e-32 1 3.1186e-16 -3.02079e-32 1 3.1186e-16 -3.02079e-32 1 3.1186e-16 -3.02079e-32 1 3.1186e-16 -3.02079e-32 1 3.1186e-16 -3.02079e-32 1 3.1186e-16 -3.02079e-32 1 3.1186e-16 -3.02079e-32 1 3.1186e-16 -3.02079e-32 1 3.1186e-16 -3.02079e-32 1 3.1186e-16 -3.02079e-32 1 3.1186e-16 -3.02079e-32 1 3.1186e-16 -3.02079e-32 1 3.1186e-16 -3.02079e-32 1 3.1186e-16 -3.02079e-32 1 3.1186e-16 -3.02079e-32 1 3.1186e-16 -3.02079e-32 1 3.1186e-16 -3.02079e-32 1 3.1186e-16 -3.02079e-32 1 3.1186e-16 -3.02079e-32 1 3.1186e-16 -3.02079e-32 1 3.1186e-16 -3.02079e-32 1 3.1186e-16 -3.02079e-32 1 3.1186e-16 -3.02079e-32 1 3.1186e-16 -3.02079e-32 1 3.1186e-16 -3.02079e-32 1 3.1186e-16 -3.02079e-32 1 3.1186e-16 -3.02079e-32 1 3.1186e-16 -3.02079e-32 1 3.1186e-16 -3.02079e-32 1 3.1186e-16 -3.02079e-32 1 3.1186e-16 -3.02079e-32 1 3.1186e-16 -3.02079e-32 1 3.1186e-16 -3.02079e-32 1 3.1186e-16 -3.02079e-32 1 3.1186e-16 -3.02079e-32 1 3.1186e-16 -3.02079e-32 1 3.1186e-16 -3.02079e-32 1 3.1186e-16 -3.02079e-32 1 3.1186e-16 -3.02079e-32 1 3.1186e-16 -3.02079e-32 1 3.1186e-16 -3.02079e-32 1 3.1186e-16 -3.02079e-32 1 3.1186e-16 -3.02079e-32 1 3.1186e-16 -3.02079e-32 1 3.1186e-16 -3.02079e-32 1 3.1186e-16 -3.02079e-32 1 3.1186e-16 -3.02079e-32 1 3.1186e-16 -3.02079e-32 1 3.1186e-16 -3.02079e-32 1 3.1186e-16 -3.02079e-32 1 3.1186e-16 -3.02079e-32 1 3.1186e-16 -3.02079e-32 1 3.1186e-16 -3.02079e-32 1 3.1186e-16 -3.02079e-32 1 3.1186e-16 -3.02079e-32 1 3.1186e-16 -3.02079e-32 1 3.1186e-16 -3.02079e-32 1 3.1186e-16 -3.02079e-32 1 3.1186e-16 -3.02079e-32 1 3.1186e-16 -3.02079e-32 1 3.1186e-16 -3.02079e-32 1 3.1186e-16 -3.02079e-32 1 3.1186e-16 -3.02079e-32 1 3.1186e-16 -3.02079e-32 1 3.1186e-16 -3.02079e-32 1 3.1186e-16 -3.02079e-32 1 3.1186e-16 -3.02079e-32 1 3.1186e-16 -3.02079e-32 1 3.1186e-16 -3.02079e-32 1 3.1186e-16 -3.02079e-32 1 3.1186e-16 -3.02079e-32 1 3.1186e-16 -3.02079e-32 1 3.1186e-16 -3.02079e-32 1 3.1186e-16 -3.02079e-32 1 3.1186e-16 -3.02079e-32 1 3.1186e-16 -3.02079e-32 1 3.1186e-16 -3.02079e-32 1 3.1186e-16 -3.02079e-32 1 3.1186e-16 -3.02079e-32 1 3.1186e-16 -3.02079e-32 1 3.1186e-16 -3.02079e-32 1 3.1186e-16 -3.02079e-32 1 3.1186e-16 -3.02079e-32 1 3.1186e-16 -3.02079e-32 1 3.1186e-16 -3.02079e-32 1 3.1186e-16 -3.02079e-32 1 3.1186e-16 -3.02079e-32 1 3.1186e-16 -3.02079e-32 1 3.1186e-16 -3.02079e-32 1 3.1186e-16 -3.02079e-32 1 3.1186e-16 -3.02079e-32 7.46331e-17 -0.239316 0.970942 1.10587e-16 -0.354605 0.935016 7.46331e-17 -0.239316 0.970942 2.16854e-23 -6.95355e-08 1 3.75907e-17 -0.120537 0.992709 3.75906e-17 -0.120537 0.992709 1.77157e-16 -0.568065 0.822984 1.77157e-16 -0.568065 0.822984 2.06802e-16 -0.663123 0.748511 1.44929e-16 -0.464723 0.885456 1.44929e-16 -0.464723 0.885456 1.10587e-16 -0.354605 0.935016 2.56656e-16 -0.822984 0.568065 2.76139e-16 -0.885456 0.464723 2.56656e-16 -0.822984 0.568065 2.33431e-16 -0.748511 0.663123 2.33431e-16 -0.748511 0.663123 2.06802e-16 -0.663123 0.748511 2.91595e-16 -0.935016 0.354605 3.02798e-16 -0.970942 0.239316 2.91595e-16 -0.935016 0.354605 2.76139e-16 -0.885456 0.464723 3.02798e-16 -0.970942 0.239316 3.09587e-16 -0.992709 0.120537 3.1186e-16 -1 5.96244e-09 3.09587e-16 -0.992709 0.120537 3.1186e-16 -1 5.96244e-09 2.16854e-23 -6.95355e-08 1 -2.523e-16 0.809017 -0.587785 -2.20519e-16 0.707107 -0.707107 -2.20519e-16 0.707107 -0.707107 -2.523e-16 0.809017 -0.587785 -2.7787e-16 0.891007 -0.453991 -2.7787e-16 0.891007 -0.453991 -2.96597e-16 0.951057 -0.309017 -3.08021e-16 0.987688 -0.156435 -2.96597e-16 0.951057 -0.309017 -3.08021e-16 0.987688 -0.156434 -3.1186e-16 1 -6.95355e-08 -3.1186e-16 1 1.68883e-07 -1.83307e-16 0.587785 -0.809017 -1.83307e-16 0.587785 -0.809017 -1.41582e-16 0.45399 -0.891007 -9.63701e-17 0.309017 -0.951057 -1.41582e-16 0.45399 -0.891007 -9.63701e-17 0.309017 -0.951057 -4.87857e-17 0.156435 -0.987688 -4.87857e-17 0.156435 -0.987688 -1.85944e-24 5.96241e-09 -1 -1.85944e-24 5.96241e-09 -1 -3.1186e-16 1 6.12323e-17 -3.1186e-16 1 6.12323e-17 -3.1186e-16 1 6.12323e-17 -3.1186e-16 1 6.12323e-17 -1.83307e-16 0.587785 0.809017 -2.20519e-16 0.707107 0.707107 -2.20519e-16 0.707107 0.707107 -1.83307e-16 0.587785 0.809017 -1.41582e-16 0.453991 0.891007 -1.41582e-16 0.453991 0.891007 -9.63702e-17 0.309017 0.951057 -4.87858e-17 0.156435 0.987688 -9.63702e-17 0.309017 0.951057 -4.87857e-17 0.156434 0.987688 -2.16853e-23 6.95354e-08 1 5.2668e-23 -1.68883e-07 1 -2.523e-16 0.809017 0.587785 -2.523e-16 0.809017 0.587785 -2.7787e-16 0.891007 0.45399 -2.96597e-16 0.951057 0.309017 -2.7787e-16 0.891007 0.45399 -2.96597e-16 0.951057 0.309017 -3.08021e-16 0.987688 0.156435 -3.08021e-16 0.987688 0.156435 -3.1186e-16 1 5.96247e-09 -3.1186e-16 1 5.96247e-09 -2.523e-16 0.809017 -0.587785 -2.20519e-16 0.707107 -0.707107 -2.20519e-16 0.707107 -0.707107 -2.523e-16 0.809017 -0.587785 -2.7787e-16 0.891007 -0.453991 -2.7787e-16 0.891007 -0.453991 -2.96597e-16 0.951057 -0.309017 -3.08021e-16 0.987688 -0.156435 -2.96597e-16 0.951057 -0.309017 -3.08021e-16 0.987688 -0.156434 -3.1186e-16 1 -6.95355e-08 -3.1186e-16 1 1.68883e-07 -1.83307e-16 0.587785 -0.809017 -1.83307e-16 0.587785 -0.809017 -1.41582e-16 0.45399 -0.891007 -9.63701e-17 0.309017 -0.951057 -1.41582e-16 0.45399 -0.891007 -9.63701e-17 0.309017 -0.951057 -4.87857e-17 0.156435 -0.987688 -4.87857e-17 0.156435 -0.987688 -1.85944e-24 5.96241e-09 -1 -1.85944e-24 5.96241e-09 -1 -3.1186e-16 1 6.12323e-17 -3.1186e-16 1 6.12323e-17 -3.1186e-16 1 6.12323e-17 -3.1186e-16 1 6.12323e-17 -1.83307e-16 0.587785 0.809017 -2.20519e-16 0.707107 0.707107 -2.20519e-16 0.707107 0.707107 -1.83307e-16 0.587785 0.809017 -1.41582e-16 0.453991 0.891007 -1.41582e-16 0.453991 0.891007 -9.63702e-17 0.309017 0.951057 -4.87858e-17 0.156435 0.987688 -9.63702e-17 0.309017 0.951057 -4.87857e-17 0.156434 0.987688 -2.16853e-23 6.95354e-08 1 5.2668e-23 -1.68883e-07 1 -2.523e-16 0.809017 0.587785 -2.523e-16 0.809017 0.587785 -2.7787e-16 0.891007 0.45399 -2.96597e-16 0.951057 0.309017 -2.7787e-16 0.891007 0.45399 -2.96597e-16 0.951057 0.309017 -3.08021e-16 0.987688 0.156435 -3.08021e-16 0.987688 0.156435 -3.1186e-16 1 5.96247e-09 -3.1186e-16 1 5.96247e-09 -3.11757e-16 0.999668 0.0257479 -3.11757e-16 0.999668 0.0257479 -3.11757e-16 0.999668 -0.0257479 -3.1093e-16 0.997018 0.0771755 -3.1093e-16 0.997018 0.0771755 -3.09279e-16 0.991723 0.128398 -3.09279e-16 0.991723 0.128398 -3.06808e-16 0.983798 0.179281 -3.06808e-16 0.983798 0.179281 -3.03523e-16 0.973264 0.229688 -3.03523e-16 0.973264 0.229688 -2.99433e-16 0.96015 0.279486 -2.99433e-16 0.96015 0.279486 -2.94549e-16 0.944489 0.328542 -2.94549e-16 0.944489 0.328542 -2.88884e-16 0.926324 0.376728 -2.88884e-16 0.926324 0.376728 -2.82453e-16 0.905702 0.423914 -2.82453e-16 0.905702 0.423914 -2.75273e-16 0.882679 0.469977 -2.75273e-16 0.882679 0.469977 -2.67362e-16 0.857315 0.514793 -2.67362e-16 0.857315 0.514793 -2.58743e-16 0.829677 0.558244 -2.58743e-16 0.829677 0.558244 -2.49438e-16 0.799839 0.600214 -2.49438e-16 0.799839 0.600214 -2.39472e-16 0.76788 0.640593 -2.39472e-16 0.76788 0.640593 -2.2887e-16 0.733885 0.679273 -2.2887e-16 0.733885 0.679273 -2.17661e-16 0.697944 0.716152 -2.17661e-16 0.697944 0.716152 -2.05875e-16 0.660152 0.751132 -2.05875e-16 0.660152 0.751132 -1.93544e-16 0.62061 0.78412 -1.93544e-16 0.62061 0.78412 -1.80699e-16 0.579421 0.815028 -1.80699e-16 0.579421 0.815028 -1.67374e-16 0.536696 0.843776 -1.67374e-16 0.536696 0.843776 -1.53606e-16 0.492548 0.870285 -1.53606e-16 0.492548 0.870285 -1.39431e-16 0.447094 0.894487 -1.39431e-16 0.447094 0.894487 -1.24886e-16 0.400454 0.916317 -1.24886e-16 0.400454 0.916317 -1.10009e-16 0.352752 0.935717 -1.10009e-16 0.352752 0.935717 -9.48414e-17 0.304115 0.952635 -9.48414e-17 0.304115 0.952635 -7.94218e-17 0.254671 0.967028 -7.94218e-17 0.254671 0.967028 -6.37917e-17 0.204552 0.978856 -6.37917e-17 0.204552 0.978856 -4.79924e-17 0.153891 0.988088 -4.79924e-17 0.153891 0.988088 -3.20658e-17 0.102821 0.9947 -3.20658e-17 0.102821 0.9947 -1.60542e-17 0.0514788 0.998674 -1.60542e-17 0.0514788 0.998674 -1.36319e-23 4.37114e-08 1 -1.36319e-23 4.37114e-08 1 -3.11757e-16 0.999668 -0.0257479 -3.1093e-16 0.997018 -0.0771754 -3.1093e-16 0.997018 -0.0771757 -3.09279e-16 0.991723 -0.128398 -3.09279e-16 0.991723 -0.128398 -3.06808e-16 0.983798 -0.179281 -3.06808e-16 0.983798 -0.179281 -3.03523e-16 0.973264 -0.229688 -3.03523e-16 0.973264 -0.229688 -2.99433e-16 0.96015 -0.279486 -2.99433e-16 0.96015 -0.279486 -2.94549e-16 0.944489 -0.328542 -2.94549e-16 0.944489 -0.328542 -2.88884e-16 0.926324 -0.376728 -2.88884e-16 0.926324 -0.376728 -2.82453e-16 0.905702 -0.423915 -2.82453e-16 0.905702 -0.423915 -2.75273e-16 0.882679 -0.469977 -2.75273e-16 0.882679 -0.469977 -2.67363e-16 0.857315 -0.514793 -2.67363e-16 0.857315 -0.514793 -2.58743e-16 0.829677 -0.558244 -2.58743e-16 0.829677 -0.558244 -2.49438e-16 0.799839 -0.600214 -2.49438e-16 0.799839 -0.600214 -2.39472e-16 0.76788 -0.640593 -2.39472e-16 0.76788 -0.640593 -2.2887e-16 0.733885 -0.679273 -2.2887e-16 0.733885 -0.679273 -2.17661e-16 0.697944 -0.716152 -2.17661e-16 0.697944 -0.716152 -2.05875e-16 0.660152 -0.751132 -2.05875e-16 0.660152 -0.751132 -1.93544e-16 0.62061 -0.78412 -1.93544e-16 0.62061 -0.78412 -1.80698e-16 0.579421 -0.815028 -1.80698e-16 0.579421 -0.815028 -1.67374e-16 0.536696 -0.843775 -1.67374e-16 0.536696 -0.843775 -1.53606e-16 0.492548 -0.870285 -1.53606e-16 0.492548 -0.870285 -1.39431e-16 0.447094 -0.894487 -1.39431e-16 0.447094 -0.894487 -1.24886e-16 0.400454 -0.916317 -1.24886e-16 0.400454 -0.916317 -1.10009e-16 0.352752 -0.935717 -1.10009e-16 0.352752 -0.935717 -9.48414e-17 0.304115 -0.952635 -9.48414e-17 0.304115 -0.952635 -7.94219e-17 0.254671 -0.967028 -7.94219e-17 0.254671 -0.967028 -6.37917e-17 0.204552 -0.978856 -6.37917e-17 0.204552 -0.978856 -4.79924e-17 0.153891 -0.988088 -4.79924e-17 0.153891 -0.988088 -3.20658e-17 0.102821 -0.9947 -3.20658e-17 0.102821 -0.9947 -1.60541e-17 0.0514785 -0.998674 -1.60541e-17 0.0514785 -0.998674 3.7189e-24 -1.19249e-08 -1 3.7189e-24 -1.19249e-08 -1 -4.93038e-32 6.12323e-17 -1 -4.93038e-32 6.12323e-17 -1 -4.93038e-32 6.12323e-17 -1 -4.93038e-32 6.12323e-17 -1 4.93038e-32 -6.12323e-17 1 4.93038e-32 -6.12323e-17 1 4.93038e-32 -6.12323e-17 1 4.93038e-32 -6.12323e-17 1 -4.93038e-32 6.12323e-17 -1 -4.93038e-32 6.12323e-17 -1 -4.93038e-32 6.12323e-17 -1 -4.93038e-32 6.12323e-17 -1 4.93038e-32 -6.12323e-17 1 4.93038e-32 -6.12323e-17 1 4.93038e-32 -6.12323e-17 1 4.93038e-32 -6.12323e-17 1 1.83307e-16 -0.587785 -0.809017 2.20519e-16 -0.707107 -0.707107 2.20519e-16 -0.707107 -0.707107 1.83307e-16 -0.587785 -0.809017 1.41582e-16 -0.453991 -0.891007 1.41582e-16 -0.453991 -0.891007 9.63702e-17 -0.309017 -0.951057 4.87858e-17 -0.156435 -0.987688 9.63702e-17 -0.309017 -0.951057 4.87857e-17 -0.156434 -0.987688 2.16854e-23 -6.95355e-08 -1 -5.26679e-23 1.68883e-07 -1 2.523e-16 -0.809017 -0.587785 2.523e-16 -0.809017 -0.587785 2.7787e-16 -0.891007 -0.45399 2.96597e-16 -0.951057 -0.309017 2.7787e-16 -0.891007 -0.45399 2.96597e-16 -0.951057 -0.309017 3.08021e-16 -0.987688 -0.156435 3.08021e-16 -0.987688 -0.156435 3.1186e-16 -1 -5.96241e-09 3.1186e-16 -1 -5.96241e-09 2.523e-16 -0.809017 0.587785 2.20519e-16 -0.707107 0.707107 2.20519e-16 -0.707107 0.707107 2.523e-16 -0.809017 0.587785 2.7787e-16 -0.891007 0.453991 2.7787e-16 -0.891007 0.453991 2.96597e-16 -0.951057 0.309017 3.08021e-16 -0.987688 0.156435 2.96597e-16 -0.951057 0.309017 3.08021e-16 -0.987688 0.156434 3.1186e-16 -1 6.95354e-08 3.1186e-16 -1 -1.68883e-07 1.83307e-16 -0.587785 0.809017 1.83307e-16 -0.587785 0.809017 1.41582e-16 -0.45399 0.891007 9.63701e-17 -0.309017 0.951057 1.41582e-16 -0.45399 0.891007 9.63701e-17 -0.309017 0.951057 4.87857e-17 -0.156435 0.987688 4.87857e-17 -0.156435 0.987688 1.85946e-24 -5.96247e-09 1 1.85946e-24 -5.96247e-09 1 1.83307e-16 -0.587785 -0.809017 2.20519e-16 -0.707107 -0.707107 2.20519e-16 -0.707107 -0.707107 1.83307e-16 -0.587785 -0.809017 1.41582e-16 -0.453991 -0.891007 1.41582e-16 -0.453991 -0.891007 9.63702e-17 -0.309017 -0.951057 4.87858e-17 -0.156435 -0.987688 9.63702e-17 -0.309017 -0.951057 4.87857e-17 -0.156434 -0.987688 2.16854e-23 -6.95355e-08 -1 -5.26679e-23 1.68883e-07 -1 2.523e-16 -0.809017 -0.587785 2.523e-16 -0.809017 -0.587785 2.7787e-16 -0.891007 -0.45399 2.96597e-16 -0.951057 -0.309017 2.7787e-16 -0.891007 -0.45399 2.96597e-16 -0.951057 -0.309017 3.08021e-16 -0.987688 -0.156435 3.08021e-16 -0.987688 -0.156435 3.1186e-16 -1 -5.96241e-09 3.1186e-16 -1 -5.96241e-09 2.523e-16 -0.809017 0.587785 2.20519e-16 -0.707107 0.707107 2.20519e-16 -0.707107 0.707107 2.523e-16 -0.809017 0.587785 2.7787e-16 -0.891007 0.453991 2.7787e-16 -0.891007 0.453991 2.96597e-16 -0.951057 0.309017 3.08021e-16 -0.987688 0.156435 2.96597e-16 -0.951057 0.309017 3.08021e-16 -0.987688 0.156434 3.1186e-16 -1 6.95354e-08 3.1186e-16 -1 -1.68883e-07 1.83307e-16 -0.587785 0.809017 1.83307e-16 -0.587785 0.809017 1.41582e-16 -0.45399 0.891007 9.63701e-17 -0.309017 0.951057 1.41582e-16 -0.45399 0.891007 9.63701e-17 -0.309017 0.951057 4.87857e-17 -0.156435 0.987688 4.87857e-17 -0.156435 0.987688 1.85946e-24 -5.96247e-09 1 1.85946e-24 -5.96247e-09 1 1 3.1186e-16 -3.02079e-32 1 3.1186e-16 -3.02079e-32 1 3.1186e-16 -3.02079e-32 1 3.1186e-16 -3.02079e-32 1 3.1186e-16 -3.02079e-32 1 3.1186e-16 -3.02079e-32 1 3.1186e-16 -3.02079e-32 1 3.1186e-16 -3.02079e-32 1 3.1186e-16 -3.02079e-32 1 3.1186e-16 -3.02079e-32 1 3.1186e-16 -3.02079e-32 1 3.1186e-16 -3.02079e-32 1 3.1186e-16 -3.02079e-32 1 3.1186e-16 -3.02079e-32 1 3.1186e-16 -3.02079e-32 1 3.1186e-16 -3.02079e-32 1 3.1186e-16 -3.02079e-32 1 3.1186e-16 -3.02079e-32 1 3.1186e-16 -3.02079e-32 1 3.1186e-16 -3.02079e-32 1 3.1186e-16 -3.02079e-32 1 3.1186e-16 -3.02079e-32 1 3.1186e-16 -3.02079e-32 1 3.1186e-16 -3.02079e-32 1 3.1186e-16 -3.02079e-32 1 3.1186e-16 -3.02079e-32 1 3.1186e-16 -3.02079e-32 1 3.1186e-16 -3.02079e-32 1 3.1186e-16 -3.02079e-32 1 3.1186e-16 -3.02079e-32 1 3.1186e-16 -3.02079e-32 1 3.1186e-16 -3.02079e-32 1 3.1186e-16 -3.02079e-32 1 3.1186e-16 -3.02079e-32 1 3.1186e-16 -3.02079e-32 1 3.1186e-16 -3.02079e-32 1 3.1186e-16 -3.02079e-32 1 3.1186e-16 -3.02079e-32 1 3.1186e-16 -3.02079e-32 1 3.1186e-16 -3.02079e-32 1 3.1186e-16 -3.02079e-32 1 3.1186e-16 -3.02079e-32 1 3.1186e-16 -3.02079e-32 1 3.1186e-16 -3.02079e-32 1 3.1186e-16 -3.02079e-32 1 3.1186e-16 -3.02079e-32 1 3.1186e-16 -3.02079e-32 1 3.1186e-16 -3.02079e-32 1 3.1186e-16 -3.02079e-32 1 3.1186e-16 -3.02079e-32 1 3.1186e-16 -3.02079e-32 1 3.1186e-16 -3.02079e-32 1 3.1186e-16 -3.02079e-32 1 3.1186e-16 -3.02079e-32 1 3.1186e-16 -3.02079e-32 1 3.1186e-16 -3.02079e-32 1 3.1186e-16 -3.02079e-32 1 3.1186e-16 -3.02079e-32 1 3.1186e-16 -3.02079e-32 1 3.1186e-16 -3.02079e-32 1 3.1186e-16 -3.02079e-32 1 3.1186e-16 -3.02079e-32 1 3.1186e-16 -3.02079e-32 1 3.1186e-16 -3.02079e-32 1 3.1186e-16 -3.02079e-32 1 3.1186e-16 -3.02079e-32 1 3.1186e-16 -3.02079e-32 1 3.1186e-16 -3.02079e-32 1 3.1186e-16 -3.02079e-32 1 3.1186e-16 -3.02079e-32 1 3.1186e-16 -3.02079e-32 1 3.1186e-16 -3.02079e-32 1 3.1186e-16 -3.02079e-32 1 3.1186e-16 -3.02079e-32 1 3.1186e-16 -3.02079e-32 1 3.1186e-16 -3.02079e-32 1 3.1186e-16 -3.02079e-32 1 3.1186e-16 -3.02079e-32 1 3.1186e-16 -3.02079e-32 1 3.1186e-16 -3.02079e-32 1 3.1186e-16 -3.02079e-32 1 3.1186e-16 -3.02079e-32 1 3.1186e-16 -3.02079e-32 1 3.1186e-16 -3.02079e-32 1 3.1186e-16 -3.02079e-32 1 3.1186e-16 -3.02079e-32 1 3.1186e-16 -3.02079e-32 1 3.1186e-16 -3.02079e-32 1 3.1186e-16 -3.02079e-32 1 3.1186e-16 -3.02079e-32 1 3.1186e-16 -3.02079e-32 1 3.1186e-16 -3.02079e-32 1 3.1186e-16 -3.02079e-32 1 3.1186e-16 -3.02079e-32 1 3.1186e-16 -3.02079e-32 1 3.1186e-16 -3.02079e-32 1 3.1186e-16 -3.02079e-32 1 3.1186e-16 -3.02079e-32 1 3.1186e-16 -3.02079e-32 1 3.1186e-16 -3.02079e-32 1 3.1186e-16 -3.02079e-32 1 3.1186e-16 -3.02079e-32 1 3.1186e-16 -3.02079e-32 1 3.1186e-16 -3.02079e-32 1 3.1186e-16 -3.02079e-32 1 3.1186e-16 -3.02079e-32 1 3.1186e-16 -3.02079e-32 1 3.1186e-16 -3.02079e-32 1 3.1186e-16 -3.02079e-32 1 3.1186e-16 -3.02079e-32 1 3.1186e-16 -3.02079e-32 1 3.1186e-16 -3.02079e-32 1 3.1186e-16 -3.02079e-32 1 3.1186e-16 -3.02079e-32 1 3.1186e-16 -3.02079e-32 1 3.1186e-16 -3.02079e-32 1 3.1186e-16 -3.02079e-32 1 3.1186e-16 -3.02079e-32 1 3.1186e-16 -3.02079e-32 1 3.1186e-16 -3.02079e-32 1 3.1186e-16 -3.02079e-32 1 3.1186e-16 -3.02079e-32 1 3.1186e-16 -3.02079e-32 1 3.1186e-16 -3.02079e-32 1 3.1186e-16 -3.02079e-32 1 3.1186e-16 -3.02079e-32 1 3.1186e-16 -3.02079e-32 1 3.1186e-16 -3.02079e-32 1 3.1186e-16 -3.02079e-32 1 3.1186e-16 -3.02079e-32 1 3.1186e-16 -3.02079e-32 1 3.1186e-16 -3.02079e-32 1 3.1186e-16 -3.02079e-32 1 3.1186e-16 -3.02079e-32 1 3.1186e-16 -3.02079e-32 1 3.1186e-16 -3.02079e-32 1 3.1186e-16 -3.02079e-32 1 3.1186e-16 -3.02079e-32 1 3.1186e-16 -3.02079e-32 1 3.1186e-16 -3.02079e-32 1 3.1186e-16 -3.02079e-32 1 3.1186e-16 -3.02079e-32 1 3.1186e-16 -3.02079e-32 1 3.1186e-16 -3.02079e-32 1 3.1186e-16 -3.02079e-32 1 3.1186e-16 -3.02079e-32 1 3.1186e-16 -3.02079e-32 1 3.1186e-16 -3.02079e-32 1 3.1186e-16 -3.02079e-32 1 3.1186e-16 -3.02079e-32 1 3.1186e-16 -3.02079e-32 1 3.1186e-16 -3.02079e-32 4.93038e-32 -6.12323e-17 1 4.93038e-32 -6.12323e-17 1 4.93038e-32 -6.12323e-17 1 4.93038e-32 -6.12323e-17 1 4.93038e-32 -6.12323e-17 1 4.93038e-32 -6.12323e-17 1 -4.93038e-32 6.12323e-17 -1 -4.93038e-32 6.12323e-17 -1 -4.93038e-32 6.12323e-17 -1 -4.93038e-32 6.12323e-17 -1 -4.93038e-32 6.12323e-17 -1 -4.93038e-32 6.12323e-17 -1 -1 -3.1186e-16 3.02079e-32 -1 -3.1186e-16 3.02079e-32 -1 -3.1186e-16 3.02079e-32 -1 -3.1186e-16 3.02079e-32 -1 -3.1186e-16 3.02079e-32 -1 -3.1186e-16 3.02079e-32 -1 -3.1186e-16 3.02079e-32 -1 -3.1186e-16 3.02079e-32 -1 -3.1186e-16 3.02079e-32 -1 -3.1186e-16 3.02079e-32 -1 -3.1186e-16 3.02079e-32 -1 -3.1186e-16 3.02079e-32 -1 -3.1186e-16 3.02079e-32 -1 -3.1186e-16 3.02079e-32 -1 -3.1186e-16 3.02079e-32 -1 -3.1186e-16 3.02079e-32 -1 -3.1186e-16 3.02079e-32 -1 -3.1186e-16 3.02079e-32 -1 -3.1186e-16 3.02079e-32 -1 -3.1186e-16 3.02079e-32 -1 -3.1186e-16 3.02079e-32 -1 -3.1186e-16 3.02079e-32 -1 -3.1186e-16 3.02079e-32 -1 -3.1186e-16 3.02079e-32 -1 -3.1186e-16 3.02079e-32 -1 -3.1186e-16 3.02079e-32 -1 -3.1186e-16 3.02079e-32 -1 -3.1186e-16 3.02079e-32 -1 -3.1186e-16 3.02079e-32 -1 -3.1186e-16 3.02079e-32 -1 -3.1186e-16 3.02079e-32 -1 -3.1186e-16 3.02079e-32 -1 -3.1186e-16 3.02079e-32 -1 -3.1186e-16 3.02079e-32 -1 -3.1186e-16 3.02079e-32 -1 -3.1186e-16 3.02079e-32 -1 -3.1186e-16 3.02079e-32 -1 -3.1186e-16 3.02079e-32 -1 -3.1186e-16 3.02079e-32 -1 -3.1186e-16 3.02079e-32 -1 -3.1186e-16 3.02079e-32 -1 -3.1186e-16 3.02079e-32 -1 -3.1186e-16 3.02079e-32 -1 -3.1186e-16 3.02079e-32 -1 -3.1186e-16 3.02079e-32 -1 -3.1186e-16 3.02079e-32 -1 -3.1186e-16 3.02079e-32 -1 -3.1186e-16 3.02079e-32 -1 -3.1186e-16 3.02079e-32 -1 -3.1186e-16 3.02079e-32 -1 -3.1186e-16 3.02079e-32 -1 -3.1186e-16 3.02079e-32 -1 -3.1186e-16 3.02079e-32 -1 -3.1186e-16 3.02079e-32 -1 -3.1186e-16 3.02079e-32 -1 -3.1186e-16 3.02079e-32 -1 -3.1186e-16 3.02079e-32 -1 -3.1186e-16 3.02079e-32 -1 -3.1186e-16 3.02079e-32 -1 -3.1186e-16 3.02079e-32 -1 -3.1186e-16 3.02079e-32 -1 -3.1186e-16 3.02079e-32 -1 -3.1186e-16 3.02079e-32 -1 -3.1186e-16 3.02079e-32 -1 -3.1186e-16 3.02079e-32 -1 -3.1186e-16 3.02079e-32 -1 -3.1186e-16 3.02079e-32 -1 -3.1186e-16 3.02079e-32 -1 -3.1186e-16 3.02079e-32 -1 -3.1186e-16 3.02079e-32 -1 -3.1186e-16 3.02079e-32 -1 -3.1186e-16 3.02079e-32 -1 -3.1186e-16 3.02079e-32 -1 -3.1186e-16 3.02079e-32 -1 -3.1186e-16 3.02079e-32 -1 -3.1186e-16 3.02079e-32 -1 -3.1186e-16 3.02079e-32 -1 -3.1186e-16 3.02079e-32 -1 -3.1186e-16 3.02079e-32 -1 -3.1186e-16 3.02079e-32 -1 -3.1186e-16 3.02079e-32 -1 -3.1186e-16 3.02079e-32 -1 -3.1186e-16 3.02079e-32 -1 -3.1186e-16 3.02079e-32 -1 -3.1186e-16 3.02079e-32 -1 -3.1186e-16 3.02079e-32 -1 -3.1186e-16 3.02079e-32 -1 -3.1186e-16 3.02079e-32 -1 -3.1186e-16 3.02079e-32 -1 -3.1186e-16 3.02079e-32 -1 -3.1186e-16 3.02079e-32 -1 -3.1186e-16 3.02079e-32 -1 -3.1186e-16 3.02079e-32 -1 -3.1186e-16 3.02079e-32 -1 -3.1186e-16 3.02079e-32 -1 -3.1186e-16 3.02079e-32 -1 -3.1186e-16 3.02079e-32 -1 -3.1186e-16 3.02079e-32 -1 -3.1186e-16 3.02079e-32 -1 -3.1186e-16 3.02079e-32 -1 -3.1186e-16 3.02079e-32 -1 -3.1186e-16 3.02079e-32 -1 -3.1186e-16 3.02079e-32 -1 -3.1186e-16 3.02079e-32 -1 -3.1186e-16 3.02079e-32 -1 -3.1186e-16 3.02079e-32 -1 -3.1186e-16 3.02079e-32 -1 -3.1186e-16 3.02079e-32 -1 -3.1186e-16 3.02079e-32 -1 -3.1186e-16 3.02079e-32 -1 -3.1186e-16 3.02079e-32 -1 -3.1186e-16 3.02079e-32 -1 -3.1186e-16 3.02079e-32 -1 -3.1186e-16 3.02079e-32 -1 -3.1186e-16 3.02079e-32 -1 -3.1186e-16 3.02079e-32 -1 -3.1186e-16 3.02079e-32 -1 -3.1186e-16 3.02079e-32 -1 -3.1186e-16 3.02079e-32 -1 -3.1186e-16 3.02079e-32 -1 -3.1186e-16 3.02079e-32 -1 -3.1186e-16 3.02079e-32 -1 -3.1186e-16 3.02079e-32 -1 -3.1186e-16 3.02079e-32 -1 -3.1186e-16 3.02079e-32 -1 -3.1186e-16 3.02079e-32 -1 -3.1186e-16 3.02079e-32 -1 -3.1186e-16 3.02079e-32 -1 -3.1186e-16 3.02079e-32 -1 -3.1186e-16 3.02079e-32 -1 -3.1186e-16 3.02079e-32 -1 -3.1186e-16 3.02079e-32 -1 -3.1186e-16 3.02079e-32 -1 -3.1186e-16 3.02079e-32 -1 -3.1186e-16 3.02079e-32 -1 -3.1186e-16 3.02079e-32 -1 -3.1186e-16 3.02079e-32 -1 -3.1186e-16 3.02079e-32 -1 -3.1186e-16 3.02079e-32 -1 -3.1186e-16 3.02079e-32 -1 -3.1186e-16 3.02079e-32 -1 -3.1186e-16 3.02079e-32 -1 -3.1186e-16 3.02079e-32 -1 -3.1186e-16 3.02079e-32 -1 -3.1186e-16 3.02079e-32 -1 -3.1186e-16 3.02079e-32 -1 -3.1186e-16 3.02079e-32 -1 -3.1186e-16 3.02079e-32 -1 -3.1186e-16 3.02079e-32 -1 -3.1186e-16 3.02079e-32 -1 -3.1186e-16 3.02079e-32 -1 -3.1186e-16 3.02079e-32 -1 -3.1186e-16 3.02079e-32 -1 -3.1186e-16 3.02079e-32 -1 -3.1186e-16 3.02079e-32 -1 -3.1186e-16 3.02079e-32 -1 -3.1186e-16 3.02079e-32 -1 -3.1186e-16 3.02079e-32 -1 -3.1186e-16 3.02079e-32 -1 -3.1186e-16 3.02079e-32 -1 -3.1186e-16 3.02079e-32 -1 -3.1186e-16 3.02079e-32 -1 -3.1186e-16 3.02079e-32 -1 -3.1186e-16 3.02079e-32 -1 -3.1186e-16 3.02079e-32 -1 -3.1186e-16 3.02079e-32 -1 -3.1186e-16 3.02079e-32 -1 -3.1186e-16 3.02079e-32 -1 -3.1186e-16 3.02079e-32 -1 -3.1186e-16 3.02079e-32 -1 -3.1186e-16 3.02079e-32 -1 -3.1186e-16 3.02079e-32 -1 -3.1186e-16 3.02079e-32 -1 -3.1186e-16 3.02079e-32 -1 -3.1186e-16 3.02079e-32 -1 -3.1186e-16 3.02079e-32 -1 -3.1186e-16 3.02079e-32 -1 -3.1186e-16 3.02079e-32 -1 -3.1186e-16 3.02079e-32 -1 -3.1186e-16 3.02079e-32 -1 -3.1186e-16 3.02079e-32 -1 -3.1186e-16 3.02079e-32 -1 -3.1186e-16 3.02079e-32 -1 -3.1186e-16 3.02079e-32 -1 -3.1186e-16 3.02079e-32 -1 -3.1186e-16 3.02079e-32 -1 -3.1186e-16 3.02079e-32 -1 -3.1186e-16 3.02079e-32 -1 -3.1186e-16 3.02079e-32 -1 -3.1186e-16 3.02079e-32 -1 -3.1186e-16 3.02079e-32 -1 -3.1186e-16 3.02079e-32 -1 -3.1186e-16 3.02079e-32 -1 -3.1186e-16 3.02079e-32 -1 -3.1186e-16 3.02079e-32 -1 -3.1186e-16 3.02079e-32 -1 -3.1186e-16 3.02079e-32 -1 -3.1186e-16 3.02079e-32 -1 -3.1186e-16 3.02079e-32 -1 -3.1186e-16 3.02079e-32 -1 -3.1186e-16 3.02079e-32 -1 -3.1186e-16 3.02079e-32 -1 -3.1186e-16 3.02079e-32 -1 -3.1186e-16 3.02079e-32 -1 -3.1186e-16 3.02079e-32 -1 -3.1186e-16 3.02079e-32 -1 -3.1186e-16 3.02079e-32 -1 -3.1186e-16 3.02079e-32 -1 -3.1186e-16 3.02079e-32 -1 -3.1186e-16 3.02079e-32 -1 -3.1186e-16 3.02079e-32 -1 -3.1186e-16 3.02079e-32 -1 -3.1186e-16 3.02079e-32 -1 -3.1186e-16 3.02079e-32 -1 -3.1186e-16 3.02079e-32 -1 -3.1186e-16 3.02079e-32 -1 -3.1186e-16 3.02079e-32 -1 -3.1186e-16 3.02079e-32 -1 -3.1186e-16 3.02079e-32 -1 -3.1186e-16 3.02079e-32 -1 -3.1186e-16 3.02079e-32 -1 -3.1186e-16 3.02079e-32 -1 -3.1186e-16 3.02079e-32 -1 -3.1186e-16 3.02079e-32 -1 -3.1186e-16 3.02079e-32 -1 -3.1186e-16 3.02079e-32 -1 -3.1186e-16 3.02079e-32 -1 -3.1186e-16 3.02079e-32 -1 -3.1186e-16 3.02079e-32 -1 -3.1186e-16 3.02079e-32 -1 -3.1186e-16 3.02079e-32 -1 -3.1186e-16 3.02079e-32 -1 -3.1186e-16 3.02079e-32 -1 -3.1186e-16 3.02079e-32 -1 -3.1186e-16 3.02079e-32 -1 -3.1186e-16 3.02079e-32 -1 -3.1186e-16 3.02079e-32 -1 -3.1186e-16 3.02079e-32 -1 -3.1186e-16 3.02079e-32 -1 -3.1186e-16 3.02079e-32 -1 -3.1186e-16 3.02079e-32 -1 -3.1186e-16 3.02079e-32 -1 -3.1186e-16 3.02079e-32 -1 -3.1186e-16 3.02079e-32 -1 -3.1186e-16 3.02079e-32 -1 -3.1186e-16 3.02079e-32 -1 -3.1186e-16 3.02079e-32 -1 -3.1186e-16 3.02079e-32 -1 -3.1186e-16 3.02079e-32 -1 -3.1186e-16 3.02079e-32 -1 -3.1186e-16 3.02079e-32 -1 -3.1186e-16 3.02079e-32 -1 -3.1186e-16 3.02079e-32 -1 -3.1186e-16 3.02079e-32 -1 -3.1186e-16 3.02079e-32 -1 -3.1186e-16 3.02079e-32 -1 -3.1186e-16 3.02079e-32 -1 -3.1186e-16 3.02079e-32 -1 -3.1186e-16 3.02079e-32 -1 -3.1186e-16 3.02079e-32 -1 -3.1186e-16 3.02079e-32 -1 -3.1186e-16 3.02079e-32 -1 -3.1186e-16 3.02079e-32 -1 -3.1186e-16 3.02079e-32 -1 -3.1186e-16 3.02079e-32 -1 -3.1186e-16 3.02079e-32 -1 -3.1186e-16 3.02079e-32 -1 -3.1186e-16 3.02079e-32 -1 -3.1186e-16 3.02079e-32 -1 -3.1186e-16 3.02079e-32 -1 -3.1186e-16 3.02079e-32 -1 -3.1186e-16 3.02079e-32 -1 -3.1186e-16 3.02079e-32 -1 -3.1186e-16 3.02079e-32 -1 -3.1186e-16 3.02079e-32 -1 -3.1186e-16 3.02079e-32 -1 -3.1186e-16 3.02079e-32 -1 -3.1186e-16 3.02079e-32 -1 -3.1186e-16 3.02079e-32 -1 -3.1186e-16 3.02079e-32 -1 -3.1186e-16 3.02079e-32 -1 -3.1186e-16 3.02079e-32 -1 -3.1186e-16 3.02079e-32 -1 -3.1186e-16 3.02079e-32 -1 -3.1186e-16 3.02079e-32 -1 -3.1186e-16 3.02079e-32 -1 -3.1186e-16 3.02079e-32 -1 -3.1186e-16 3.02079e-32 -1 -3.1186e-16 3.02079e-32 -1 -3.1186e-16 3.02079e-32 -1 -3.1186e-16 3.02079e-32 -1 -3.1186e-16 3.02079e-32 -1 -3.1186e-16 3.02079e-32 -1 -3.1186e-16 3.02079e-32 -1 -3.1186e-16 3.02079e-32 -1 -3.1186e-16 3.02079e-32 -1 -3.1186e-16 3.02079e-32 -1 -3.1186e-16 3.02079e-32 -1 -3.1186e-16 3.02079e-32 -1 -3.1186e-16 3.02079e-32 -1 -3.1186e-16 3.02079e-32 -1 -3.1186e-16 3.02079e-32 -1 -3.1186e-16 3.02079e-32 -1 -3.1186e-16 3.02079e-32 -1 -3.1186e-16 3.02079e-32 -1 -3.1186e-16 3.02079e-32 -1 -3.1186e-16 3.02079e-32 -1 -3.1186e-16 3.02079e-32 -1 -3.1186e-16 3.02079e-32 -1 -3.1186e-16 3.02079e-32 -1 -3.1186e-16 3.02079e-32 -1 -3.1186e-16 3.02079e-32 -1 -3.1186e-16 3.02079e-32 -1 -3.1186e-16 3.02079e-32 -1 -3.1186e-16 3.02079e-32 -1 -3.1186e-16 3.02079e-32 -1 -3.1186e-16 3.02079e-32 -1 -3.1186e-16 3.02079e-32 -1 -3.1186e-16 3.02079e-32 -1 -3.1186e-16 3.02079e-32 -1 -3.1186e-16 3.02079e-32 -1 -3.1186e-16 3.02079e-32 -1 -3.1186e-16 3.02079e-32 -1 -3.1186e-16 3.02079e-32 -1 -3.1186e-16 3.02079e-32 -1 -3.1186e-16 3.02079e-32 -1 -3.1186e-16 3.02079e-32 -1 -3.1186e-16 3.02079e-32 -1 -3.1186e-16 3.02079e-32 -1 -3.1186e-16 3.02079e-32 -1 -3.1186e-16 3.02079e-32 -1 -3.1186e-16 3.02079e-32 -1 -3.1186e-16 3.02079e-32 -1 -3.1186e-16 3.02079e-32 -1 -3.1186e-16 3.02079e-32 -1 -3.1186e-16 3.02079e-32 -1 -3.1186e-16 3.02079e-32 -1 -3.1186e-16 3.02079e-32 -1 -3.1186e-16 3.02079e-32 -1 -3.1186e-16 3.02079e-32 -3.1186e-16 1 6.12323e-17 -3.1186e-16 1 6.12323e-17 -3.1186e-16 1 6.12323e-17 -3.1186e-16 1 6.12323e-17 -3.1186e-16 1 6.12323e-17 -3.1186e-16 1 6.12323e-17 -3.1186e-16 1 6.12323e-17 -3.1186e-16 1 6.12323e-17</float_array>
          <technique_common>
            <accessor count="2114" source="#ID14" stride="3">
              <param name="X" type="float"/>
              <param name="Y" type="float"/>
              <param name="Z" type="float"/>
            </accessor>
          </technique_common>
        </source>
        <vertices id="ID15">
          <input semantic="POSITION" source="#ID11"/>
          <input semantic="NORMAL" source="#ID13"/>
        </vertices>
        <triangles count="2062" material="ID9">
          <input offset="0" semantic="VERTEX" source="#ID15"/>
          <p>0 1 2 0 2 3 4 5 6 7 8 9 10 11 12 10 13 14 15 16 17 18 11 19 20 16 21 21 22 23 22 24 25 21 23 20 24 22 26 24 26 27 22 25 23 27 28 29 20 17 16 17 30 15 18 19 28 31 32 33 15 30 34 35 36 31 37 6 38 13 39 40 41 42 5 43 44 45 42 46 47 43 48 49 50 47 51 48 9 8 52 7 53 54 55 56 52 57 58 56 59 54 59 60 61 62 58 57 63 64 62 65 66 61 67 68 64 69 65 70 71 69 70 72 73 74 75 74 73 76 77 78 79 76 80 81 82 83 72 84 78 82 85 86 79 80 83 87 85 88 75 71 89 67 87 88 44 40 39 36 90 38 51 55 50 27 26 28 19 29 28 11 18 12 10 12 13 40 14 13 44 39 45 43 45 48 8 49 48 7 9 53 52 53 57 62 57 63 64 63 67 88 68 67 85 87 86 82 86 83 80 81 83 76 79 77 78 77 72 74 84 72 75 73 71 70 89 71 65 69 66 61 66 59 56 60 59 55 54 50 51 47 91 41 46 42 46 91 47 4 41 5 92 4 6 38 90 37 6 37 92 36 93 90 35 31 33 93 36 35 33 32 34 15 34 32 94 95 96 97 98 99 100 101 102 101 103 102 104 105 106 107 100 108 109 110 111 112 113 114 115 116 117 114 110 118 115 119 120 119 121 122 112 117 116 121 123 122 111 106 109 124 105 125 123 126 107 127 128 129 124 125 127 129 130 131 94 96 130 103 132 133 134 95 135 136 137 132 138 139 134 140 136 141 142 139 138 143 141 97 144 145 146 147 148 142 149 150 151 150 152 148 151 153 149 154 155 156 155 157 158 159 153 160 161 162 163 159 164 165 166 165 164 167 168 169 140 137 136 168 170 171 168 171 172 173 174 172 167 170 168 173 175 174 171 173 172 175 161 174 166 176 177 162 161 175 178 154 179 144 180 181 177 169 166 167 169 177 164 176 166 159 165 153 151 160 153 150 149 152 148 152 142 138 147 142 134 139 95 94 135 95 130 96 131 129 131 127 125 128 127 105 124 106 111 104 106 110 109 118 114 118 112 116 113 112 115 117 119 122 120 119 123 121 126 107 126 100 102 108 100 103 101 132 137 133 132 140 141 182 99 143 97 143 182 141 146 99 98 144 181 145 144 146 98 180 179 181 178 155 154 180 178 179 156 155 158 158 157 163 161 163 157 183 184 185 186 187 188 189 190 191 190 192 191 193 194 195 196 189 197 198 199 200 201 202 203 204 205 206 203 199 207 204 208 209 208 210 211 201 206 205 210 212 211 200 195 198 213 194 214 212 215 196 216 217 218 213 214 216 218 219 220 183 185 219 192 221 222 223 184 224 225 226 221 227 228 223 229 225 230 231 228 227 232 230 186 233 234 235 236 237 231 238 239 240 239 241 237 240 242 238 243 244 245 244 246 247 248 242 249 250 251 252 248 253 254 255 254 253 256 257 258 229 226 225 257 259 260 257 260 261 262 263 261 256 259 257 262 264 263 260 262 261 264 250 263 255 265 266 251 250 264 267 243 268 233 269 270 266 258 255 256 258 266 253 265 255 248 254 242 240 249 242 239 238 241 237 241 231 227 236 231 223 228 184 183 224 184 219 185 220 218 220 216 214 217 216 194 213 195 200 193 195 199 198 207 203 207 201 205 202 201 204 206 208 211 209 208 212 210 215 196 215 189 191 197 189 192 190 221 226 222 221 229 230 271 188 232 186 232 271 230 235 188 187 233 270 234 233 235 187 269 268 270 267 244 243 269 267 268 245 244 247 247 246 252 250 252 246 272 273 274 275 276 277 278 279 280 281 282 283 284 285 286 287 288 289 290 291 292 293 294 295 296 297 298 299 300 301 302 303 304 305 306 307 308 309 310 311 312 313 314 315 316 317 318 319 320 321 322 323 324 325 326 327 328 329 327 330 326 331 332 331 326 328 333 334 332 332 331 333 335 334 336 333 336 334 335 337 338 337 335 336 339 340 338 338 337 339 341 340 342 339 342 340 341 343 344 343 341 342 345 277 344 344 343 345 329 330 322 345 275 277 327 329 328 323 321 320 320 322 330 315 325 324 325 321 323 314 316 319 315 324 316 318 317 308 314 319 318 309 312 310 317 309 308 313 304 311 312 311 310 305 303 302 302 304 313 297 307 306 307 303 305 296 298 301 297 306 298 300 299 290 296 301 300 291 294 292 299 291 290 295 286 293 294 293 292 287 285 284 284 286 295 279 289 288 289 285 287 278 280 281 279 288 280 283 282 274 278 281 283 272 276 273 282 272 274 275 273 276 346 347 348 349 350 351 352 353 354 355 356 357 358 359 360 361 362 363 364 365 366 367 368 369 370 371 372 373 374 375 376 377 378 379 380 381 382 383 384 385 386 387 388 389 390 391 392 393 394 395 396 397 398 399 400 401 402 403 401 404 400 402 405 405 406 407 407 400 405 408 409 406 407 406 409 410 408 411 408 410 409 411 412 413 413 410 411 414 415 412 413 412 415 416 414 417 414 416 415 417 418 419 419 416 417 349 420 418 419 418 420 396 403 404 349 351 420 401 403 402 397 395 394 394 396 404 389 399 398 399 395 397 388 390 393 389 398 390 392 391 382 388 393 392 383 386 384 391 383 382 387 378 385 386 385 384 379 377 376 376 378 387 371 381 380 381 377 379 370 372 375 371 380 372 374 373 364 370 375 374 365 368 366 373 365 364 369 360 367 368 367 366 361 359 358 358 360 369 353 363 362 363 359 361 352 354 355 353 362 354 357 356 348 352 355 357 346 350 347 356 346 348 349 347 350 421 422 423 424 425 426 427 428 429 430 431 432 433 434 435 436 437 438 439 440 441 442 443 444 445 446 447 448 449 450 451 452 453 454 455 456 457 458 459 460 461 462 463 464 465 466 467 468 469 470 471 472 473 474 475 476 477 476 475 478 477 479 480 480 475 477 481 482 479 480 479 482 483 481 484 481 483 482 484 485 486 486 483 484 487 488 485 486 485 488 489 487 490 487 489 488 490 491 492 492 489 490 493 494 491 492 491 494 476 478 471 493 424 494 472 470 469 469 471 478 464 474 473 474 470 472 463 465 468 464 473 465 467 466 457 463 468 467 458 461 459 466 458 457 462 453 460 461 460 459 454 452 451 451 453 462 446 456 455 456 452 454 445 447 450 446 455 447 449 448 439 445 450 449 440 443 441 448 440 439 444 435 442 443 442 441 436 434 433 433 435 444 428 438 437 438 434 436 427 429 430 428 437 429 432 431 423 427 430 432 421 426 422 431 421 423 424 493 425 426 425 422 495 496 497 497 498 495 499 500 501 502 503 504 505 506 507 508 509 510 511 512 513 514 515 516 517 518 519 520 521 522 521 520 515 523 522 524 521 524 522 525 526 523 523 524 525 516 518 514 515 520 516 510 517 519 517 514 518 513 509 508 508 510 519 511 502 512 513 512 509 503 506 504 511 503 502 505 507 499 504 506 505 500 499 507 527 528 529 529 530 527 531 532 533 534 535 532 533 532 535 536 534 537 534 536 535 537 538 539 539 536 537 540 541 538 539 538 541 542 540 543 540 542 541 543 544 545 545 542 543 546 547 544 545 544 547 548 546 549 546 548 547 549 550 551 551 548 549 552 553 550 551 550 553 554 552 555 552 554 553 555 556 557 557 554 555 558 559 556 557 556 559 560 558 561 558 560 559 561 562 563 563 560 561 564 565 562 563 562 565 566 564 567 564 566 565 568 566 567 568 567 569 533 570 531 571 570 572 570 571 531 572 573 574 574 571 572 575 576 573 574 573 576 577 575 578 575 577 576 578 579 580 580 577 578 581 582 579 580 579 582 583 581 584 581 583 582 584 585 586 586 583 584 587 588 585 586 585 588 589 587 590 587 589 588 590 591 592 592 589 590 593 594 591 592 591 594 595 593 596 593 595 594 596 597 598 598 595 596 599 600 597 598 597 600 601 599 602 599 601 600 602 603 604 604 601 602 604 603 605 603 606 605 607 608 609 609 610 607 611 612 613 614 615 616 617 618 619 620 621 622 623 624 625 626 627 628 629 630 631 632 633 631 629 634 635 635 630 629 636 634 637 634 636 635 631 630 632 636 637 638 633 632 624 626 623 625 623 633 624 619 628 627 627 626 625 617 620 618 619 618 628 621 612 622 617 621 620 611 613 616 622 612 611 614 616 613 639 640 641 641 642 639 643 644 645 646 647 648 649 650 651 652 653 654 655 656 657 658 659 660 661 662 663 664 665 666 667 668 669 670 671 672 673 674 675 676 677 678 679 680 681 682 683 684 685 686 687 688 689 690 691 692 693 694 695 696 697 698 699 700 701 702 703 704 705 706 707 708 709 710 711 712 713 714 715 716 717 718 719 720 721 722 723 724 723 722 725 721 726 721 725 722 726 727 728 728 725 726 729 730 727 728 727 730 731 729 732 729 731 730 732 733 734 734 731 732 735 736 733 734 733 736 737 735 738 735 737 736 738 739 740 740 737 738 741 742 739 740 739 742 743 741 744 741 743 742 744 745 746 746 743 744 646 648 745 746 745 648 724 716 715 723 724 715 719 718 717 716 719 717 709 711 720 720 711 718 714 710 712 712 710 709 704 713 705 704 714 713 703 708 707 703 705 708 706 698 697 707 706 697 701 700 699 698 701 699 691 693 702 702 693 700 696 692 694 694 692 691 686 695 687 686 696 695 685 690 689 685 687 690 688 680 679 689 688 679 683 682 681 680 683 681 673 675 684 684 675 682 678 674 676 676 674 673 668 677 669 668 678 677 667 672 671 667 669 672 670 662 661 671 670 661 665 664 663 662 665 663 655 657 666 666 657 664 660 656 658 658 656 655 650 659 651 650 660 659 649 652 654 649 651 652 653 643 645 654 653 645 647 646 644 643 647 644 747 748 749 750 751 752 753 754 755 756 757 758 759 760 761 762 763 764 765 766 767 768 769 770 771 772 773 774 775 776 777 778 779 780 781 782 783 784 785 786 787 788 789 790 791 792 793 794 795 796 797 798 799 800 801 802 803 804 805 806 807 808 809 810 811 812 813 814 815 816 817 818 819 820 821 822 823 824 825 826 827 819 827 826 825 828 829 828 825 827 830 831 829 829 828 830 832 831 833 830 833 831 832 834 835 834 832 833 836 837 835 835 834 836 838 837 839 836 839 837 838 840 841 840 838 839 842 843 841 841 840 842 844 843 845 842 845 843 844 846 847 846 844 845 848 849 847 847 846 848 750 849 850 848 850 849 826 820 819 823 822 821 820 823 821 813 815 824 824 815 822 818 814 816 816 814 813 808 817 809 808 818 817 807 812 811 807 809 812 810 802 801 811 810 801 805 804 803 802 805 803 795 797 806 806 797 804 800 796 798 798 796 795 790 799 791 790 800 799 789 794 793 789 791 794 792 784 783 793 792 783 787 786 785 784 787 785 777 779 788 788 779 786 782 778 780 780 778 777 772 781 773 772 782 781 771 776 775 771 773 776 774 766 765 775 774 765 769 768 767 766 769 767 759 761 770 770 761 768 764 760 762 762 760 759 754 763 755 754 764 763 753 756 758 753 755 756 757 747 749 758 757 749 752 751 748 747 752 748 750 850 751 851 852 853 854 855 856 857 858 859 860 861 862 863 864 865 866 867 868 869 870 871 872 873 874 875 876 877 878 879 880 881 882 883 884 885 886 887 888 889 890 891 892 893 894 895 896 897 898 899 900 901 902 903 904 905 906 907 908 909 910 911 912 913 914 915 916 917 918 919 920 921 922 923 924 925 926 927 928 929 930 931 932 931 930 933 929 934 929 933 930 934 935 936 936 933 934 937 938 935 936 935 938 939 937 940 937 939 938 940 941 942 942 939 940 943 944 941 942 941 944 945 943 946 943 945 944 946 947 948 948 945 946 949 950 947 948 947 950 951 949 952 949 951 950 952 953 954 954 951 952 854 856 953 954 953 856 932 924 923 931 932 923 927 926 925 924 927 925 917 919 928 928 919 926 922 918 920 920 918 917 912 921 913 912 922 921 911 916 915 911 913 916 914 906 905 915 914 905 909 908 907 906 909 907 899 901 910 910 901 908 904 900 902 902 900 899 894 903 895 894 904 903 893 898 897 893 895 898 896 888 887 897 896 887 891 890 889 888 891 889 881 883 892 892 883 890 886 882 884 884 882 881 876 885 877 876 886 885 875 880 879 875 877 880 878 870 869 879 878 869 873 872 871 870 873 871 863 865 874 874 865 872 868 864 866 866 864 863 858 867 859 858 868 867 857 860 862 857 859 860 861 851 853 862 861 853 855 854 852 851 855 852 955 956 957 958 959 960 961 962 963 964 965 966 967 968 969 970 971 972 973 974 975 976 977 978 977 976 971 979 978 980 977 980 978 981 982 979 979 980 981 972 974 970 971 976 972 966 973 975 973 970 974 969 965 964 964 966 975 967 958 968 969 968 965 959 962 960 967 959 958 961 963 955 960 962 961 956 955 963 983 984 985 986 987 988 984 983 989 990 991 992 993 994 985 995 996 992 997 985 994 998 999 1000 995 1001 996 1002 1003 1004 1005 1006 1007 1008 1009 1010 1011 1012 1013 1009 1014 1015 1016 1014 997 993 1017 994 1017 1018 1019 1019 994 1017 1019 1018 1020 1021 1022 1020 1020 1018 1021 1022 1021 1023 1024 1025 1026 1023 1027 1022 1028 1029 1030 1027 1023 1031 1032 1033 1034 1031 1035 1036 1037 1038 1039 1035 1040 1036 1041 1042 1043 1044 1045 1046 1047 1048 1049 1050 1051 1052 1053 1054 1051 1055 1056 1057 1058 1059 1060 1061 1062 1060 1063 1064 1065 1066 1067 1068 1069 1070 1071 1072 1073 1074 1075 1076 1077 1076 1078 1079 1080 1069 1081 1082 1083 1084 1085 1064 1086 1083 1087 1084 1088 1089 1090 1091 1087 1083 1088 1092 1089 1083 1093 1091 1094 1095 1096 1097 1083 1098 1072 1074 1070 1083 1097 1093 988 1099 1100 988 987 1101 1100 1102 988 1103 986 988 988 1104 1099 988 1102 1103 1105 1083 1106 1067 1104 988 1076 1079 1107 1076 1083 1082 1083 1108 1098 1105 1068 988 1109 1110 1111 1112 1113 1114 1115 1116 1117 1118 1119 1120 1121 1117 1116 1120 1122 1118 1123 1124 1125 1126 1119 1127 1114 1127 1112 1096 1113 1094 1128 1066 1068 1072 1129 1073 1130 1092 1131 1132 1085 1086 1133 1086 1128 1090 1134 1095 1135 1130 1136 1137 1059 1058 1134 1096 1095 1138 1139 1140 1141 1142 1143 1144 1145 1141 1057 1050 1055 1146 1147 1148 1046 1045 1149 1150 1033 1151 1152 1153 1154 1011 1155 1012 1156 1004 1011 983 1000 999 991 990 1157 1002 998 1003 1151 1157 1150 1155 1154 1158 1025 1152 1159 1026 1029 1024 1039 1038 1160 1042 1161 1162 1163 1096 1134 1164 1165 1166 1167 1168 1164 1135 1092 1130 1092 1088 1131 1089 1134 1090 1112 1094 1113 1127 1114 1126 1119 1126 1120 1169 1122 1170 1049 1048 1171 1125 1124 1047 1048 1172 1171 1172 1173 1171 1169 1138 1174 1175 1176 1177 1178 1177 1179 1180 1139 1181 1182 1179 1183 1184 1185 1186 1187 1188 1189 1190 1185 1184 1191 1192 1193 1194 1195 1196 1116 1197 1198 1115 1199 1116 1197 1116 1200 1198 1121 1116 1109 1201 1196 1202 1200 1116 1202 1185 1190 1116 1111 1185 1183 1189 1203 1192 1204 1205 1109 1206 1207 1109 1208 1206 1109 1209 1210 1207 1209 1109 1109 1211 1212 1210 1211 1109 1109 1213 1201 1212 1213 1109 1214 1215 1216 1195 1217 1196 1192 1191 1204 1218 1215 1205 1038 1037 1219 1220 1028 1219 1034 1163 1032 1163 1134 1032 1150 1034 1033 1157 1151 991 990 992 996 1005 1001 1221 995 1221 1001 1016 997 994 1007 1006 1008 1005 1221 1006 1015 1010 1009 1010 1007 1008 1015 1014 1016 993 985 984 989 983 999 1000 1003 998 1004 1156 1002 1011 1013 1156 1155 1158 1012 1154 1153 1158 1154 1159 1152 1159 1026 1025 1026 1030 1029 1030 1219 1028 1220 1219 1037 1038 1162 1160 1042 1162 1043 1160 1162 1161 1041 1043 1147 1145 1148 1147 1146 1041 1147 1141 1143 1144 1145 1144 1148 1141 1166 1142 1165 1164 1168 1142 1166 1165 1168 1167 1136 1135 1136 1167 1222 1223 1192 1224 1225 1226 1215 1218 1216 1215 1192 1205 1217 1214 1196 1214 1217 1215 1116 1109 1111 1201 1194 1196 1196 1110 1109 1202 1116 1185 1227 1186 1228 1227 1184 1186 1189 1186 1187 1228 1186 1189 1188 1203 1189 1229 1179 1182 1183 1179 1189 1176 1179 1177 1178 1179 1229 1176 1175 1173 1230 1181 1231 1172 1176 1173 1169 1118 1122 1169 1170 1232 1124 1048 1047 1232 1123 1125 1232 1170 1123 1169 1174 1118 1138 1140 1174 1139 1180 1140 1181 1230 1180 1224 1231 1233 1231 1224 1230 1225 1234 1226 1233 1225 1224 1235 1222 1234 1226 1234 1222 1192 1223 1193 1222 1235 1223 1236 1237 1072 1238 1239 1240 1069 1071 1081 1072 1070 1069 1077 1069 1075 1075 1069 1080 1076 1107 1077 988 1083 1105 1078 1076 1082 1076 1106 1083 1067 988 1068 1241 1128 1242 1241 1066 1128 1242 1128 1086 1133 1132 1086 1243 1065 1064 1243 1064 1085 1064 1063 1053 1051 1054 1052 1051 1064 1053 1050 1052 1244 1245 1062 1061 1036 1137 1027 1050 1244 1055 1056 1149 1045 1045 1057 1056 1036 1027 1031 1044 1040 1246 1040 1044 1046 1246 1040 1035 1036 1059 1137 1060 1062 1058 1245 1247 1248 1247 1245 1061 1238 1248 1239 1247 1239 1248 1240 1249 1238 1237 1236 1249 1238 1249 1236 1072 1237 1129 1250 1251 1252 1253 1254 1255 1256 1257 1258 1259 1260 1261 1262 1263 1264 1265 1266 1267 1268 1269 1270 1270 1271 1268 1269 1272 1273 1272 1269 1268 1274 1273 1275 1272 1275 1273 1270 1263 1271 1274 1275 1276 1265 1262 1264 1262 1271 1263 1258 1267 1266 1266 1265 1264 1256 1259 1257 1258 1257 1267 1260 1251 1261 1256 1260 1259 1250 1252 1254 1261 1251 1250 1253 1255 1277 1254 1252 1255 1278 1279 1280 1278 1281 1282 1281 1278 1280 1283 1284 1282 1282 1281 1283 1285 1284 1286 1283 1286 1284 1285 1287 1288 1287 1285 1286 1288 1287 1289 1290 1280 1279 1291 1292 1290 1290 1279 1291 1293 1292 1294 1291 1294 1292 1293 1295 1296 1295 1293 1294 1297 1298 1296 1296 1295 1297 1297 1299 1298 1300 1301 1302 1300 1303 1301 1304 1305 1306 1304 1307 1308 1307 1304 1306 1309 1310 1308 1308 1307 1309 1311 1310 1312 1309 1312 1310 1311 1313 1314 1313 1311 1312 1314 1313 1315 1316 1306 1305 1317 1318 1316 1316 1305 1317 1319 1318 1320 1317 1320 1318 1319 1321 1322 1321 1319 1320 1323 1324 1322 1322 1321 1323 1323 1325 1324 1326 1327 1328 1326 1329 1330 1329 1326 1328 1331 1332 1330 1330 1329 1331 1333 1332 1334 1331 1334 1332 1333 1335 1336 1335 1333 1334 1336 1335 1337 1338 1328 1327 1339 1340 1338 1338 1327 1339 1341 1340 1342 1339 1342 1340 1341 1343 1344 1343 1341 1342 1345 1346 1344 1344 1343 1345 1345 1347 1346 1348 1349 1350 1348 1351 1349 1352 1353 1354 1352 1355 1356 1355 1352 1354 1357 1358 1356 1356 1355 1357 1359 1358 1360 1357 1360 1358 1359 1361 1362 1361 1359 1360 1362 1361 1363 1364 1354 1353 1365 1366 1364 1364 1353 1365 1367 1366 1368 1365 1368 1366 1367 1369 1370 1369 1367 1368 1371 1372 1370 1370 1369 1371 1371 1373 1372 1374 1375 1376 1375 1377 1378 1377 1375 1374 1379 1378 1380 1377 1380 1378 1381 1382 1379 1379 1380 1381 1382 1383 1384 1383 1382 1381 1385 1384 1386 1383 1386 1384 1387 1388 1385 1385 1386 1387 1388 1389 1390 1389 1388 1387 1391 1390 1392 1389 1392 1390 1393 1394 1391 1391 1392 1393 1394 1395 1396 1395 1394 1393 1397 1396 1398 1395 1398 1396 1399 1400 1397 1397 1398 1399 1400 1401 1402 1401 1400 1399 1403 1402 1404 1401 1404 1402 1405 1406 1403 1403 1404 1405 1406 1407 1408 1407 1406 1405 1409 1408 1410 1407 1410 1408 1411 1412 1409 1409 1410 1411 1412 1413 1414 1413 1412 1411 1415 1414 1416 1413 1416 1414 1417 1418 1415 1415 1416 1417 1418 1419 1420 1419 1418 1417 1421 1420 1422 1419 1422 1420 1423 1424 1421 1421 1422 1423 1424 1425 1426 1425 1424 1423 1427 1426 1428 1425 1428 1426 1429 1430 1427 1427 1428 1429 1430 1431 1432 1431 1430 1429 1433 1432 1434 1431 1434 1432 1435 1436 1433 1433 1434 1435 1374 1376 1437 1438 1439 1437 1437 1376 1438 1439 1440 1441 1440 1439 1438 1442 1441 1443 1440 1443 1441 1444 1445 1442 1442 1443 1444 1445 1446 1447 1446 1445 1444 1448 1447 1449 1446 1449 1447 1450 1451 1448 1448 1449 1450 1451 1452 1453 1452 1451 1450 1454 1453 1455 1452 1455 1453 1456 1457 1454 1454 1455 1456 1457 1458 1459 1458 1457 1456 1460 1459 1461 1458 1461 1459 1462 1463 1460 1460 1461 1462 1463 1464 1465 1464 1463 1462 1466 1465 1467 1464 1467 1465 1468 1469 1466 1466 1467 1468 1469 1470 1471 1470 1469 1468 1472 1471 1473 1470 1473 1471 1474 1475 1472 1472 1473 1474 1475 1476 1477 1476 1475 1474 1478 1477 1479 1476 1479 1477 1480 1481 1478 1478 1479 1480 1481 1482 1483 1482 1481 1480 1484 1483 1485 1482 1485 1483 1486 1487 1484 1484 1485 1486 1487 1488 1489 1488 1487 1486 1490 1489 1491 1488 1491 1489 1492 1493 1490 1490 1491 1492 1493 1494 1495 1494 1493 1492 1494 1496 1495 1495 1496 1497 1498 1499 1500 1498 1501 1499 1502 1503 1504 1502 1505 1503 1506 1507 1508 1506 1509 1507 1510 1511 1512 1510 1513 1511 1514 1515 1516 1514 1517 1518 1517 1514 1516 1519 1520 1518 1518 1517 1519 1521 1520 1522 1519 1522 1520 1521 1523 1524 1523 1521 1522 1524 1523 1525 1526 1516 1515 1527 1528 1526 1526 1515 1527 1529 1528 1530 1527 1530 1528 1529 1531 1532 1531 1529 1530 1533 1534 1532 1532 1531 1533 1533 1535 1534 1536 1537 1538 1536 1539 1540 1539 1536 1538 1541 1542 1540 1540 1539 1541 1543 1542 1544 1541 1544 1542 1543 1545 1546 1545 1543 1544 1546 1545 1547 1548 1538 1537 1549 1550 1548 1548 1537 1549 1551 1550 1552 1549 1552 1550 1551 1553 1554 1553 1551 1552 1555 1556 1554 1554 1553 1555 1555 1557 1556 1558 1559 1560 1558 1561 1562 1561 1558 1560 1563 1564 1562 1562 1561 1563 1565 1564 1566 1563 1566 1564 1565 1567 1568 1567 1565 1566 1568 1567 1569 1570 1560 1559 1571 1572 1570 1570 1559 1571 1573 1572 1574 1571 1574 1572 1573 1575 1576 1575 1573 1574 1577 1578 1576 1576 1575 1577 1577 1579 1578 1580 1581 1582 1580 1583 1584 1583 1580 1582 1585 1586 1584 1584 1583 1585 1587 1586 1588 1585 1588 1586 1587 1589 1590 1589 1587 1588 1590 1589 1591 1592 1582 1581 1593 1594 1592 1592 1581 1593 1595 1594 1596 1593 1596 1594 1595 1597 1598 1597 1595 1596 1599 1600 1598 1598 1597 1599 1599 1601 1600 1602 1603 1604 1605 1606 1607 1608 1603 1609 1608 1604 1603 1610 1603 1611 1610 1609 1603 1603 1612 1613 1611 1603 1613 1614 1603 1615 1612 1603 1616 1617 1618 1619 1620 1603 1621 1622 1617 1623 1624 1625 1626 1627 1628 1629 1630 1631 1632 1633 1634 1635 1630 1636 1631 1637 1638 1639 1640 1641 1642 1643 1644 1645 1643 1646 1644 1647 1648 1649 1650 1651 1648 1652 1653 1654 1653 1652 1655 1656 1657 1658 1654 1653 1659 1606 1660 1607 1661 1662 1663 1664 1665 1666 1605 1607 1665 1666 1667 1664 1668 1669 1670 1670 1671 1672 1672 1668 1670 1673 1674 1671 1672 1671 1674 1675 1673 1676 1673 1675 1674 1676 1677 1678 1678 1675 1676 1678 1677 1679 1680 1661 1658 1669 1668 1681 1606 1663 1660 1667 1682 1681 1669 1681 1682 1667 1666 1682 1664 1605 1665 1680 1662 1661 1662 1660 1663 1683 1684 1685 1680 1658 1657 1656 1654 1659 1657 1656 1659 1638 1637 1686 1644 1687 1645 1639 1638 1646 1688 1689 1690 1647 1645 1687 1691 1692 1693 1688 1690 1694 1689 1650 1690 1695 1691 1693 1691 1695 1685 1650 1689 1651 1685 1696 1697 1698 1685 1699 1685 1697 1699 1700 1701 1685 1700 1685 1698 1702 1703 1685 1704 1705 1685 1706 1685 1707 1706 1691 1685 1708 1707 1685 1685 1709 1710 1685 1711 1712 1709 1685 1712 1685 1713 1714 1711 1685 1714 1685 1715 1716 1713 1685 1716 1685 1717 1718 1715 1685 1718 1717 1685 1719 1685 1701 1704 1710 1708 1685 1720 1636 1633 1721 1646 1643 1722 1723 1685 1685 1723 1702 1724 1725 1685 1685 1725 1722 1685 1705 1726 1685 1726 1724 1685 1695 1683 1696 1685 1684 1727 1692 1728 1692 1727 1693 1728 1729 1730 1730 1727 1728 1729 1688 1694 1730 1729 1694 1649 1648 1651 1645 1647 1649 1637 1655 1686 1646 1721 1639 1655 1652 1731 1731 1686 1655 1642 1731 1640 1652 1640 1731 1641 1732 1642 1732 1632 1631 1632 1732 1641 1631 1636 1720 1635 1634 1733 1633 1636 1634 1626 1625 1733 1635 1733 1625 1628 1624 1734 1624 1626 1734 1735 1627 1629 1629 1628 1734 1735 1617 1622 1622 1627 1735 1603 1736 1619 1617 1619 1623 1736 1603 1620 1618 1603 1619 1621 1603 1737 1738 1603 1618 1739 1603 1738 1740 1737 1603 1603 1741 1742 1740 1603 1742 1614 1741 1603 1743 1603 1739 1744 1615 1603 1743 1745 1603 1745 1746 1603 1603 1747 1744 1603 1748 1749 1749 1747 1603 1603 1750 1751 1748 1603 1751 1603 1752 1753 1750 1603 1753 1603 1746 1616 1754 1755 1756 1756 1755 1757 1756 1757 1758 1756 1759 1754 1760 1761 1762 1760 1762 1763 1762 1764 1765 1762 1765 1763 1766 1767 1768 1769 1770 1771 1772 1767 1773 1772 1768 1767 1774 1767 1775 1774 1773 1767 1767 1776 1777 1775 1767 1777 1767 1778 1779 1776 1767 1779 1780 1781 1782 1783 1784 1780 1785 1786 1787 1788 1789 1790 1791 1792 1793 1794 1795 1796 1797 1798 1799 1800 1801 1802 1803 1804 1805 1806 1795 1807 1808 1809 1810 1811 1810 1812 1813 1814 1815 1813 1816 1814 1817 1818 1819 1818 1817 1820 1821 1822 1823 1819 1818 1824 1785 1787 1825 1826 1827 1828 1829 1830 1831 1786 1785 1830 1831 1832 1829 1833 1834 1835 1835 1836 1837 1837 1833 1835 1838 1839 1836 1837 1836 1839 1840 1838 1841 1838 1840 1839 1841 1842 1843 1843 1840 1841 1843 1842 1844 1845 1826 1823 1834 1833 1846 1787 1828 1825 1832 1847 1846 1834 1846 1847 1832 1831 1847 1829 1786 1830 1845 1827 1826 1827 1825 1828 1848 1849 1850 1845 1823 1822 1821 1819 1824 1822 1821 1824 1851 1852 1853 1854 1855 1856 1853 1852 1857 1858 1859 1860 1861 1862 1863 1804 1864 1865 1866 1801 1867 1810 1804 1812 1805 1795 1803 1868 1796 1795 1810 1869 1870 1871 1872 1873 1874 1875 1876 1859 1872 1871 1877 1878 1879 1880 1881 1882 1813 1883 1816 1884 1850 1885 1884 1848 1850 1886 1885 1850 1850 1887 1888 1850 1889 1890 1887 1850 1890 1850 1891 1892 1889 1850 1892 1850 1893 1894 1891 1850 1894 1850 1895 1896 1893 1850 1896 1895 1850 1897 1898 1799 1899 1888 1886 1850 1871 1900 1859 1873 1872 1901 1859 1900 1902 1901 1872 1874 1903 1875 1874 1872 1903 1874 1801 1874 1867 1876 1904 1874 1898 1905 1906 1902 1907 1859 1908 1909 1910 1911 1912 1913 1914 1915 1916 1917 1918 1915 1919 1914 1916 1920 1921 1922 1923 1788 1790 1909 1856 1924 1925 1926 1927 1910 1928 1908 1929 1820 1817 1930 1931 1932 1933 1934 1935 1936 1850 1937 1810 1809 1816 1938 1937 1850 1911 1939 1919 1810 1811 1869 1850 1940 1938 1849 1941 1942 1922 1921 1918 1923 1943 1944 1923 1944 1788 1945 1946 1931 1857 1947 1948 1949 1950 1951 1952 1953 1954 1935 1930 1955 1956 1957 1958 1959 1960 1961 1962 1963 1964 1965 1966 1967 1965 1964 1963 1968 1791 1793 1965 1969 1966 1970 1971 1792 1970 1972 1971 1791 1970 1792 1973 1972 1974 1975 1780 1976 1977 1978 1979 1980 1771 1981 1982 1771 1980 1771 1781 1981 1770 1781 1771 1983 1984 1985 1986 1987 1988 1989 1990 1991 1985 1984 1992 1993 1994 1995 1996 1993 1997 1993 1995 1998 1991 1999 2000 1990 1994 1993 2001 1984 2002 2000 1999 2002 2003 1987 2004 2005 1987 1984 1990 1989 1994 2006 1780 1784 1770 2007 1781 2008 1771 1982 1782 1976 1780 2007 1782 1781 1975 1783 1780 1996 2009 2010 2011 2012 1977 2009 1979 2013 2014 2015 2016 2017 2018 2019 2020 2021 2022 2022 2023 2024 2025 2026 1767 2025 1767 2027 1767 2028 2029 2026 2028 1767 1767 2029 2030 2030 1778 1767 1967 1964 1965 2016 2031 1974 2032 1978 1977 2033 2034 2006 1780 2006 2034 2035 2036 2034 2035 2034 2033 2036 1987 1986 2034 2036 1986 1987 2003 2037 1988 1987 2037 2005 2004 1987 1983 2005 1984 2001 1992 1984 2001 2002 1999 1991 1990 1999 1996 1997 2038 1993 1998 1997 1996 2039 2040 2038 2039 1996 2041 2009 1996 1996 2040 2041 2010 2009 2013 1979 2009 1977 1977 2017 2011 1977 2012 2032 2018 2014 2019 2017 2019 2011 2031 2016 2015 2015 2014 2018 1973 1974 2031 1971 1972 1973 1793 1967 1968 1966 1969 2042 1967 1793 1964 2043 2042 2044 2045 2046 2047 2048 1961 2049 2047 2050 2051 2022 2024 2052 2051 2053 2023 2054 2052 2055 2054 2022 2052 1767 2055 2027 2055 2052 2027 2056 1767 1771 2057 2058 1767 1767 2058 2055 2059 2060 1767 1767 2060 2057 1767 2056 2059 2061 2062 1771 1771 2062 2056 2008 2063 1771 1771 2063 2061 2064 2065 2066 2067 1801 1800 1795 1806 1868 1874 1904 1867 1801 1866 1802 2068 2067 2069 2067 1800 2069 2070 2068 2071 2068 2070 2067 2070 2066 2065 2070 2071 2066 2064 2072 2073 2065 2064 2073 2064 1794 2074 2072 2064 2074 2064 1795 1794 1864 1804 1803 1805 1807 1795 1797 2075 2076 1804 1865 1812 2077 1913 1912 1913 1939 1911 1870 1808 1810 1936 1813 1850 2078 2079 1813 1810 1816 1883 2080 2081 1813 1813 2081 1883 1813 2079 2082 1813 2082 2080 1813 2083 2084 2078 1813 2084 2083 1813 1936 1850 2085 2086 1940 1850 2086 2087 2088 2089 1942 2085 1849 1850 1849 2085 1941 2090 1942 2091 2092 2093 2094 2090 1941 2095 1906 1905 2096 2093 2097 1916 1911 1919 2088 2087 2077 1899 1905 1898 1798 1899 1799 2075 1797 1799 2076 1881 1880 1881 2076 2075 2098 1880 1882 2099 1879 2098 2098 1882 2099 1877 1858 1878 2099 1877 1879 1859 1907 1860 1858 1860 1878 2100 1962 1934 1963 1962 2100 1854 1862 1855 1933 2100 1934 1955 1933 1935 1932 1955 1930 1945 1931 1930 1910 1946 1928 1928 1946 1945 1856 1909 1908 1856 1855 1924 1863 1921 1861 1854 1863 1862 1943 1947 1944 2094 1789 2090 1921 1920 1861 1915 1914 1917 1918 1917 1922 1789 2101 2090 2102 2090 2101 2103 2087 2089 2088 2077 1912 2091 2102 2101 1906 2095 2103 2103 2089 1906 1905 2096 2095 2091 2101 2092 2096 2097 2095 2092 2097 2093 2094 1790 1789 1954 1851 1952 1948 1947 1943 1851 1853 1952 1857 1948 1853 1953 1950 1954 2104 1950 1949 1951 1950 1953 1820 1929 2104 2104 1949 1820 1929 1817 1958 1956 1927 1957 1817 1956 1958 1925 1960 1926 1927 1926 1957 2105 1961 1960 2105 1960 1925 2048 1959 1961 2045 2048 2049 2047 2046 2050 2045 2049 2046 2051 2050 2053 2023 2053 2024 2023 2022 2021 2020 2043 2021 2042 1969 2044 2043 2044 2021 2106 2107 2108 2107 2106 2109 2110 2111 2112 2111 2110 2113</p>
        </triangles>
      </mesh>
    </geometry>
  </library_geometries>

  <library_visual_scenes>
    <visual_scene id="ID1">
      <node id="ID2" name="678e24cca1f4a720ce385cba">
        <instance_geometry url="#ID3">
          <bind_material>
            <technique_common>
              <instance_material symbol="ID9" target="#ID9"/>
            </technique_common>
          </bind_material>
        </instance_geometry>
        <instance_geometry url="#ID10">
          <bind_material>
            <technique_common>
              <instance_material symbol="ID9" target="#ID9"/>
            </technique_common>
          </bind_material>
        </instance_geometry>
      </node>
    </visual_scene>
  </library_visual_scenes>

  <scene>
    <instance_visual_scene url="#ID1"/>
  </scene>

  <library_nodes/>

</COLLADA>
